planta,dsl,dsl_ruta,modelo,array,origen,fila,columna,valor
Planta_Guanillo,P control model type 3,\VM-PF.IntUser\PDD 30-09-2025.IntPrj\Network Model.IntPrjfolder\Network Data.IntPrjfolder\NORTE 138 kV.ElmNet\Guanillo.ElmSite\Planta_Guanillo.ElmComp\P control model type 3.ElmDsl,P control model type 3,oarray_wp,IntMat:wp,0,0,0.0
Planta_Guanillo,P control model type 3,\VM-PF.IntUser\PDD 30-09-2025.IntPrj\Network Model.IntPrjfolder\Network Data.IntPrjfolder\NORTE 138 kV.ElmNet\Guanillo.ElmSite\Planta_Guanillo.ElmComp\P control model type 3.ElmDsl,P control model type 3,oarray_wp,IntMat:wp,0,1,0.76
Planta_Guanillo,P control model type 3,\VM-PF.IntUser\PDD 30-09-2025.IntPrj\Network Model.IntPrjfolder\Network Data.IntPrjfolder\NORTE 138 kV.ElmNet\Guanillo.ElmSite\Planta_Guanillo.ElmComp\P control model type 3.ElmDsl,P control model type 3,oarray_wp,IntMat:wp,1,0,0.3
Planta_Guanillo,P control model type 3,\VM-PF.IntUser\PDD 30-09-2025.IntPrj\Network Model.IntPrjfolder\Network Data.IntPrjfolder\NORTE 138 kV.ElmNet\Guanillo.ElmSite\Planta_Guanillo.ElmComp\P control model type 3.ElmDsl,P control model type 3,oarray_wp,IntMat:wp,1,1,0.76
Planta_Guanillo,P control model type 3,\VM-PF.IntUser\PDD 30-09-2025.IntPrj\Network Model.IntPrjfolder\Network Data.IntPrjfolder\NORTE 138 kV.ElmNet\Guanillo.ElmSite\Planta_Guanillo.ElmComp\P control model type 3.ElmDsl,P control model type 3,oarray_wp,IntMat:wp,2,0,0.31
Planta_Guanillo,P control model type 3,\VM-PF.IntUser\PDD 30-09-2025.IntPrj\Network Model.IntPrjfolder\Network Data.IntPrjfolder\NORTE 138 kV.ElmNet\Guanillo.ElmSite\Planta_Guanillo.ElmComp\P control model type 3.ElmDsl,P control model type 3,oarray_wp,IntMat:wp,2,1,0.86
Planta_Guanillo,P control model type 3,\VM-PF.IntUser\PDD 30-09-2025.IntPrj\Network Model.IntPrjfolder\Network Data.IntPrjfolder\NORTE 138 kV.ElmNet\Guanillo.ElmSite\Planta_Guanillo.ElmComp\P control model type 3.ElmDsl,P control model type 3,oarray_wp,IntMat:wp,3,0,0.4
Planta_Guanillo,P control model type 3,\VM-PF.IntUser\PDD 30-09-2025.IntPrj\Network Model.IntPrjfolder\Network Data.IntPrjfolder\NORTE 138 kV.ElmNet\Guanillo.ElmSite\Planta_Guanillo.ElmComp\P control model type 3.ElmDsl,P control model type 3,oarray_wp,IntMat:wp,3,1,0.94
Planta_Guanillo,P control model type 3,\VM-PF.IntUser\PDD 30-09-2025.IntPrj\Network Model.IntPrjfolder\Network Data.IntPrjfolder\NORTE 138 kV.ElmNet\Guanillo.ElmSite\Planta_Guanillo.ElmComp\P control model type 3.ElmDsl,P control model type 3,oarray_wp,IntMat:wp,4,0,0.5
Planta_Guanillo,P control model type 3,\VM-PF.IntUser\PDD 30-09-2025.IntPrj\Network Model.IntPrjfolder\Network Data.IntPrjfolder\NORTE 138 kV.ElmNet\Guanillo.ElmSite\Planta_Guanillo.ElmComp\P control model type 3.ElmDsl,P control model type 3,oarray_wp,IntMat:wp,4,1,1.0
Planta_Guanillo,P control model type 3,\VM-PF.IntUser\PDD 30-09-2025.IntPrj\Network Model.IntPrjfolder\Network Data.IntPrjfolder\NORTE 138 kV.ElmNet\Guanillo.ElmSite\Planta_Guanillo.ElmComp\P control model type 3.ElmDsl,P control model type 3,oarray_wp,IntMat:wp,5,0,1.0
Planta_Guanillo,P control model type 3,\VM-PF.IntUser\PDD 30-09-2025.IntPrj\Network Model.IntPrjfolder\Network Data.IntPrjfolder\NORTE 138 kV.ElmNet\Guanillo.ElmSite\Planta_Guanillo.ElmComp\P control model type 3.ElmDsl,P control model type 3,oarray_wp,IntMat:wp,5,1,1.0
Planta_Guanillo,Current limitation model,\VM-PF.IntUser\PDD 30-09-2025.IntPrj\Network Model.IntPrjfolder\Network Data.IntPrjfolder\NORTE 138 kV.ElmNet\Guanillo.ElmSite\Planta_Guanillo.ElmComp\Current limitation model.ElmDsl,Current limitation model,oarray_iqmaxuWT,IntMat:iqmaxuWT,0,0,0.0
Planta_Guanillo,Current limitation model,\VM-PF.IntUser\PDD 30-09-2025.IntPrj\Network Model.IntPrjfolder\Network Data.IntPrjfolder\NORTE 138 kV.ElmNet\Guanillo.ElmSite\Planta_Guanillo.ElmComp\Current limitation model.ElmDsl,Current limitation model,oarray_iqmaxuWT,IntMat:iqmaxuWT,0,1,0.1
Planta_Guanillo,Current limitation model,\VM-PF.IntUser\PDD 30-09-2025.IntPrj\Network Model.IntPrjfolder\Network Data.IntPrjfolder\NORTE 138 kV.ElmNet\Guanillo.ElmSite\Planta_Guanillo.ElmComp\Current limitation model.ElmDsl,Current limitation model,oarray_iqmaxuWT,IntMat:iqmaxuWT,1,0,0.2
Planta_Guanillo,Current limitation model,\VM-PF.IntUser\PDD 30-09-2025.IntPrj\Network Model.IntPrjfolder\Network Data.IntPrjfolder\NORTE 138 kV.ElmNet\Guanillo.ElmSite\Planta_Guanillo.ElmComp\Current limitation model.ElmDsl,Current limitation model,oarray_iqmaxuWT,IntMat:iqmaxuWT,1,1,0.95
Planta_Guanillo,Current limitation model,\VM-PF.IntUser\PDD 30-09-2025.IntPrj\Network Model.IntPrjfolder\Network Data.IntPrjfolder\NORTE 138 kV.ElmNet\Guanillo.ElmSite\Planta_Guanillo.ElmComp\Current limitation model.ElmDsl,Current limitation model,oarray_iqmaxuWT,IntMat:iqmaxuWT,2,0,0.2
Planta_Guanillo,Current limitation model,\VM-PF.IntUser\PDD 30-09-2025.IntPrj\Network Model.IntPrjfolder\Network Data.IntPrjfolder\NORTE 138 kV.ElmNet\Guanillo.ElmSite\Planta_Guanillo.ElmComp\Current limitation model.ElmDsl,Current limitation model,oarray_iqmaxuWT,IntMat:iqmaxuWT,2,1,1.0
Planta_Guanillo,Current limitation model,\VM-PF.IntUser\PDD 30-09-2025.IntPrj\Network Model.IntPrjfolder\Network Data.IntPrjfolder\NORTE 138 kV.ElmNet\Guanillo.ElmSite\Planta_Guanillo.ElmComp\Current limitation model.ElmDsl,Current limitation model,oarray_iqmaxuWT,IntMat:iqmaxuWT,3,0,0.9
Planta_Guanillo,Current limitation model,\VM-PF.IntUser\PDD 30-09-2025.IntPrj\Network Model.IntPrjfolder\Network Data.IntPrjfolder\NORTE 138 kV.ElmNet\Guanillo.ElmSite\Planta_Guanillo.ElmComp\Current limitation model.ElmDsl,Current limitation model,oarray_iqmaxuWT,IntMat:iqmaxuWT,3,1,1.0
Planta_Guanillo,Current limitation model,\VM-PF.IntUser\PDD 30-09-2025.IntPrj\Network Model.IntPrjfolder\Network Data.IntPrjfolder\NORTE 138 kV.ElmNet\Guanillo.ElmSite\Planta_Guanillo.ElmComp\Current limitation model.ElmDsl,Current limitation model,oarray_iqmaxuWT,IntMat:iqmaxuWT,4,0,0.9
Planta_Guanillo,Current limitation model,\VM-PF.IntUser\PDD 30-09-2025.IntPrj\Network Model.IntPrjfolder\Network Data.IntPrjfolder\NORTE 138 kV.ElmNet\Guanillo.ElmSite\Planta_Guanillo.ElmComp\Current limitation model.ElmDsl,Current limitation model,oarray_iqmaxuWT,IntMat:iqmaxuWT,4,1,0.36
Planta_Guanillo,Current limitation model,\VM-PF.IntUser\PDD 30-09-2025.IntPrj\Network Model.IntPrjfolder\Network Data.IntPrjfolder\NORTE 138 kV.ElmNet\Guanillo.ElmSite\Planta_Guanillo.ElmComp\Current limitation model.ElmDsl,Current limitation model,oarray_iqmaxuWT,IntMat:iqmaxuWT,5,0,1.1
Planta_Guanillo,Current limitation model,\VM-PF.IntUser\PDD 30-09-2025.IntPrj\Network Model.IntPrjfolder\Network Data.IntPrjfolder\NORTE 138 kV.ElmNet\Guanillo.ElmSite\Planta_Guanillo.ElmComp\Current limitation model.ElmDsl,Current limitation model,oarray_iqmaxuWT,IntMat:iqmaxuWT,5,1,0.3
Planta_Guanillo,Current limitation model,\VM-PF.IntUser\PDD 30-09-2025.IntPrj\Network Model.IntPrjfolder\Network Data.IntPrjfolder\NORTE 138 kV.ElmNet\Guanillo.ElmSite\Planta_Guanillo.ElmComp\Current limitation model.ElmDsl,Current limitation model,oarray_ipmaxuWT,IntMat:ipmaxuWT,0,0,0.0
Planta_Guanillo,Current limitation model,\VM-PF.IntUser\PDD 30-09-2025.IntPrj\Network Model.IntPrjfolder\Network Data.IntPrjfolder\NORTE 138 kV.ElmNet\Guanillo.ElmSite\Planta_Guanillo.ElmComp\Current limitation model.ElmDsl,Current limitation model,oarray_ipmaxuWT,IntMat:ipmaxuWT,0,1,0.0
Planta_Guanillo,Current limitation model,\VM-PF.IntUser\PDD 30-09-2025.IntPrj\Network Model.IntPrjfolder\Network Data.IntPrjfolder\NORTE 138 kV.ElmNet\Guanillo.ElmSite\Planta_Guanillo.ElmComp\Current limitation model.ElmDsl,Current limitation model,oarray_ipmaxuWT,IntMat:ipmaxuWT,1,0,0.1
Planta_Guanillo,Current limitation model,\VM-PF.IntUser\PDD 30-09-2025.IntPrj\Network Model.IntPrjfolder\Network Data.IntPrjfolder\NORTE 138 kV.ElmNet\Guanillo.ElmSite\Planta_Guanillo.ElmComp\Current limitation model.ElmDsl,Current limitation model,oarray_ipmaxuWT,IntMat:ipmaxuWT,1,1,0.0
Planta_Guanillo,Current limitation model,\VM-PF.IntUser\PDD 30-09-2025.IntPrj\Network Model.IntPrjfolder\Network Data.IntPrjfolder\NORTE 138 kV.ElmNet\Guanillo.ElmSite\Planta_Guanillo.ElmComp\Current limitation model.ElmDsl,Current limitation model,oarray_ipmaxuWT,IntMat:ipmaxuWT,2,0,0.15
Planta_Guanillo,Current limitation model,\VM-PF.IntUser\PDD 30-09-2025.IntPrj\Network Model.IntPrjfolder\Network Data.IntPrjfolder\NORTE 138 kV.ElmNet\Guanillo.ElmSite\Planta_Guanillo.ElmComp\Current limitation model.ElmDsl,Current limitation model,oarray_ipmaxuWT,IntMat:ipmaxuWT,2,1,1.0
Planta_Guanillo,Current limitation model,\VM-PF.IntUser\PDD 30-09-2025.IntPrj\Network Model.IntPrjfolder\Network Data.IntPrjfolder\NORTE 138 kV.ElmNet\Guanillo.ElmSite\Planta_Guanillo.ElmComp\Current limitation model.ElmDsl,Current limitation model,oarray_ipmaxuWT,IntMat:ipmaxuWT,3,0,0.9
Planta_Guanillo,Current limitation model,\VM-PF.IntUser\PDD 30-09-2025.IntPrj\Network Model.IntPrjfolder\Network Data.IntPrjfolder\NORTE 138 kV.ElmNet\Guanillo.ElmSite\Planta_Guanillo.ElmComp\Current limitation model.ElmDsl,Current limitation model,oarray_ipmaxuWT,IntMat:ipmaxuWT,3,1,1.0
Planta_Guanillo,Current limitation model,\VM-PF.IntUser\PDD 30-09-2025.IntPrj\Network Model.IntPrjfolder\Network Data.IntPrjfolder\NORTE 138 kV.ElmNet\Guanillo.ElmSite\Planta_Guanillo.ElmComp\Current limitation model.ElmDsl,Current limitation model,oarray_ipmaxuWT,IntMat:ipmaxuWT,4,0,0.91
Planta_Guanillo,Current limitation model,\VM-PF.IntUser\PDD 30-09-2025.IntPrj\Network Model.IntPrjfolder\Network Data.IntPrjfolder\NORTE 138 kV.ElmNet\Guanillo.ElmSite\Planta_Guanillo.ElmComp\Current limitation model.ElmDsl,Current limitation model,oarray_ipmaxuWT,IntMat:ipmaxuWT,4,1,1.2
Planta_Guanillo,Current limitation model,\VM-PF.IntUser\PDD 30-09-2025.IntPrj\Network Model.IntPrjfolder\Network Data.IntPrjfolder\NORTE 138 kV.ElmNet\Guanillo.ElmSite\Planta_Guanillo.ElmComp\Current limitation model.ElmDsl,Current limitation model,oarray_ipmaxuWT,IntMat:ipmaxuWT,5,0,1.2
Planta_Guanillo,Current limitation model,\VM-PF.IntUser\PDD 30-09-2025.IntPrj\Network Model.IntPrjfolder\Network Data.IntPrjfolder\NORTE 138 kV.ElmNet\Guanillo.ElmSite\Planta_Guanillo.ElmComp\Current limitation model.ElmDsl,Current limitation model,oarray_ipmaxuWT,IntMat:ipmaxuWT,5,1,1.2
Planta_Guanillo,QP and QU limitation model,\VM-PF.IntUser\PDD 30-09-2025.IntPrj\Network Model.IntPrjfolder\Network Data.IntPrjfolder\NORTE 138 kV.ElmNet\Guanillo.ElmSite\Planta_Guanillo.ElmComp\QP and QU limitation model.ElmDsl,QP and QU limitation model,oarray_qmaxuu,IntMat:qmaxuu,0,0,0.0
Planta_Guanillo,QP and QU limitation model,\VM-PF.IntUser\PDD 30-09-2025.IntPrj\Network Model.IntPrjfolder\Network Data.IntPrjfolder\NORTE 138 kV.ElmNet\Guanillo.ElmSite\Planta_Guanillo.ElmComp\QP and QU limitation model.ElmDsl,QP and QU limitation model,oarray_qmaxuu,IntMat:qmaxuu,0,1,0.0
Planta_Guanillo,QP and QU limitation model,\VM-PF.IntUser\PDD 30-09-2025.IntPrj\Network Model.IntPrjfolder\Network Data.IntPrjfolder\NORTE 138 kV.ElmNet\Guanillo.ElmSite\Planta_Guanillo.ElmComp\QP and QU limitation model.ElmDsl,QP and QU limitation model,oarray_qmaxuu,IntMat:qmaxuu,1,0,0.8
Planta_Guanillo,QP and QU limitation model,\VM-PF.IntUser\PDD 30-09-2025.IntPrj\Network Model.IntPrjfolder\Network Data.IntPrjfolder\NORTE 138 kV.ElmNet\Guanillo.ElmSite\Planta_Guanillo.ElmComp\QP and QU limitation model.ElmDsl,QP and QU limitation model,oarray_qmaxuu,IntMat:qmaxuu,1,1,0.33
Planta_Guanillo,QP and QU limitation model,\VM-PF.IntUser\PDD 30-09-2025.IntPrj\Network Model.IntPrjfolder\Network Data.IntPrjfolder\NORTE 138 kV.ElmNet\Guanillo.ElmSite\Planta_Guanillo.ElmComp\QP and QU limitation model.ElmDsl,QP and QU limitation model,oarray_qmaxuu,IntMat:qmaxuu,2,0,0.9
Planta_Guanillo,QP and QU limitation model,\VM-PF.IntUser\PDD 30-09-2025.IntPrj\Network Model.IntPrjfolder\Network Data.IntPrjfolder\NORTE 138 kV.ElmNet\Guanillo.ElmSite\Planta_Guanillo.ElmComp\QP and QU limitation model.ElmDsl,QP and QU limitation model,oarray_qmaxuu,IntMat:qmaxuu,2,1,0.33
Planta_Guanillo,QP and QU limitation model,\VM-PF.IntUser\PDD 30-09-2025.IntPrj\Network Model.IntPrjfolder\Network Data.IntPrjfolder\NORTE 138 kV.ElmNet\Guanillo.ElmSite\Planta_Guanillo.ElmComp\QP and QU limitation model.ElmDsl,QP and QU limitation model,oarray_qminuu,IntMat:qminuu,0,0,0.0
Planta_Guanillo,QP and QU limitation model,\VM-PF.IntUser\PDD 30-09-2025.IntPrj\Network Model.IntPrjfolder\Network Data.IntPrjfolder\NORTE 138 kV.ElmNet\Guanillo.ElmSite\Planta_Guanillo.ElmComp\QP and QU limitation model.ElmDsl,QP and QU limitation model,oarray_qminuu,IntMat:qminuu,0,1,0.0
Planta_Guanillo,QP and QU limitation model,\VM-PF.IntUser\PDD 30-09-2025.IntPrj\Network Model.IntPrjfolder\Network Data.IntPrjfolder\NORTE 138 kV.ElmNet\Guanillo.ElmSite\Planta_Guanillo.ElmComp\QP and QU limitation model.ElmDsl,QP and QU limitation model,oarray_qminuu,IntMat:qminuu,1,0,0.8
Planta_Guanillo,QP and QU limitation model,\VM-PF.IntUser\PDD 30-09-2025.IntPrj\Network Model.IntPrjfolder\Network Data.IntPrjfolder\NORTE 138 kV.ElmNet\Guanillo.ElmSite\Planta_Guanillo.ElmComp\QP and QU limitation model.ElmDsl,QP and QU limitation model,oarray_qminuu,IntMat:qminuu,1,1,-0.33
Planta_Guanillo,QP and QU limitation model,\VM-PF.IntUser\PDD 30-09-2025.IntPrj\Network Model.IntPrjfolder\Network Data.IntPrjfolder\NORTE 138 kV.ElmNet\Guanillo.ElmSite\Planta_Guanillo.ElmComp\QP and QU limitation model.ElmDsl,QP and QU limitation model,oarray_qminuu,IntMat:qminuu,2,0,0.9
Planta_Guanillo,QP and QU limitation model,\VM-PF.IntUser\PDD 30-09-2025.IntPrj\Network Model.IntPrjfolder\Network Data.IntPrjfolder\NORTE 138 kV.ElmNet\Guanillo.ElmSite\Planta_Guanillo.ElmComp\QP and QU limitation model.ElmDsl,QP and QU limitation model,oarray_qminuu,IntMat:qminuu,2,1,-0.33
Planta_Guanillo,QP and QU limitation model,\VM-PF.IntUser\PDD 30-09-2025.IntPrj\Network Model.IntPrjfolder\Network Data.IntPrjfolder\NORTE 138 kV.ElmNet\Guanillo.ElmSite\Planta_Guanillo.ElmComp\QP and QU limitation model.ElmDsl,QP and QU limitation model,oarray_qmaxpp,IntMat:qmaxpp,0,0,0.0
Planta_Guanillo,QP and QU limitation model,\VM-PF.IntUser\PDD 30-09-2025.IntPrj\Network Model.IntPrjfolder\Network Data.IntPrjfolder\NORTE 138 kV.ElmNet\Guanillo.ElmSite\Planta_Guanillo.ElmComp\QP and QU limitation model.ElmDsl,QP and QU limitation model,oarray_qmaxpp,IntMat:qmaxpp,0,1,0.0
Planta_Guanillo,QP and QU limitation model,\VM-PF.IntUser\PDD 30-09-2025.IntPrj\Network Model.IntPrjfolder\Network Data.IntPrjfolder\NORTE 138 kV.ElmNet\Guanillo.ElmSite\Planta_Guanillo.ElmComp\QP and QU limitation model.ElmDsl,QP and QU limitation model,oarray_qmaxpp,IntMat:qmaxpp,1,0,0.3
Planta_Guanillo,QP and QU limitation model,\VM-PF.IntUser\PDD 30-09-2025.IntPrj\Network Model.IntPrjfolder\Network Data.IntPrjfolder\NORTE 138 kV.ElmNet\Guanillo.ElmSite\Planta_Guanillo.ElmComp\QP and QU limitation model.ElmDsl,QP and QU limitation model,oarray_qmaxpp,IntMat:qmaxpp,1,1,0.33
Planta_Guanillo,QP and QU limitation model,\VM-PF.IntUser\PDD 30-09-2025.IntPrj\Network Model.IntPrjfolder\Network Data.IntPrjfolder\NORTE 138 kV.ElmNet\Guanillo.ElmSite\Planta_Guanillo.ElmComp\QP and QU limitation model.ElmDsl,QP and QU limitation model,oarray_qmaxpp,IntMat:qmaxpp,2,0,1.0
Planta_Guanillo,QP and QU limitation model,\VM-PF.IntUser\PDD 30-09-2025.IntPrj\Network Model.IntPrjfolder\Network Data.IntPrjfolder\NORTE 138 kV.ElmNet\Guanillo.ElmSite\Planta_Guanillo.ElmComp\QP and QU limitation model.ElmDsl,QP and QU limitation model,oarray_qmaxpp,IntMat:qmaxpp,2,1,0.33
Planta_Guanillo,QP and QU limitation model,\VM-PF.IntUser\PDD 30-09-2025.IntPrj\Network Model.IntPrjfolder\Network Data.IntPrjfolder\NORTE 138 kV.ElmNet\Guanillo.ElmSite\Planta_Guanillo.ElmComp\QP and QU limitation model.ElmDsl,QP and QU limitation model,oarray_qminpp,IntMat:qminpp,0,0,0.0
Planta_Guanillo,QP and QU limitation model,\VM-PF.IntUser\PDD 30-09-2025.IntPrj\Network Model.IntPrjfolder\Network Data.IntPrjfolder\NORTE 138 kV.ElmNet\Guanillo.ElmSite\Planta_Guanillo.ElmComp\QP and QU limitation model.ElmDsl,QP and QU limitation model,oarray_qminpp,IntMat:qminpp,0,1,0.0
Planta_Guanillo,QP and QU limitation model,\VM-PF.IntUser\PDD 30-09-2025.IntPrj\Network Model.IntPrjfolder\Network Data.IntPrjfolder\NORTE 138 kV.ElmNet\Guanillo.ElmSite\Planta_Guanillo.ElmComp\QP and QU limitation model.ElmDsl,QP and QU limitation model,oarray_qminpp,IntMat:qminpp,1,0,0.3
Planta_Guanillo,QP and QU limitation model,\VM-PF.IntUser\PDD 30-09-2025.IntPrj\Network Model.IntPrjfolder\Network Data.IntPrjfolder\NORTE 138 kV.ElmNet\Guanillo.ElmSite\Planta_Guanillo.ElmComp\QP and QU limitation model.ElmDsl,QP and QU limitation model,oarray_qminpp,IntMat:qminpp,1,1,-0.33
Planta_Guanillo,QP and QU limitation model,\VM-PF.IntUser\PDD 30-09-2025.IntPrj\Network Model.IntPrjfolder\Network Data.IntPrjfolder\NORTE 138 kV.ElmNet\Guanillo.ElmSite\Planta_Guanillo.ElmComp\QP and QU limitation model.ElmDsl,QP and QU limitation model,oarray_qminpp,IntMat:qminpp,2,0,1.0
Planta_Guanillo,QP and QU limitation model,\VM-PF.IntUser\PDD 30-09-2025.IntPrj\Network Model.IntPrjfolder\Network Data.IntPrjfolder\NORTE 138 kV.ElmNet\Guanillo.ElmSite\Planta_Guanillo.ElmComp\QP and QU limitation model.ElmDsl,QP and QU limitation model,oarray_qminpp,IntMat:qminpp,2,1,-0.33
Planta_Guanillo,Protection,\VM-PF.IntUser\PDD 30-09-2025.IntPrj\Network Model.IntPrjfolder\Network Data.IntPrjfolder\NORTE 138 kV.ElmNet\Guanillo.ElmSite\Planta_Guanillo.ElmComp\Protection.ElmDsl,Grid Protection Model,oarray_TuunderuWT,IntMat:TuunderuWT,0,0,0.0
Planta_Guanillo,Protection,\VM-PF.IntUser\PDD 30-09-2025.IntPrj\Network Model.IntPrjfolder\Network Data.IntPrjfolder\NORTE 138 kV.ElmNet\Guanillo.ElmSite\Planta_Guanillo.ElmComp\Protection.ElmDsl,Grid Protection Model,oarray_TuunderuWT,IntMat:TuunderuWT,0,1,0.55
Planta_Guanillo,Protection,\VM-PF.IntUser\PDD 30-09-2025.IntPrj\Network Model.IntPrjfolder\Network Data.IntPrjfolder\NORTE 138 kV.ElmNet\Guanillo.ElmSite\Planta_Guanillo.ElmComp\Protection.ElmDsl,Grid Protection Model,oarray_TuunderuWT,IntMat:TuunderuWT,1,0,0.15
Planta_Guanillo,Protection,\VM-PF.IntUser\PDD 30-09-2025.IntPrj\Network Model.IntPrjfolder\Network Data.IntPrjfolder\NORTE 138 kV.ElmNet\Guanillo.ElmSite\Planta_Guanillo.ElmComp\Protection.ElmDsl,Grid Protection Model,oarray_TuunderuWT,IntMat:TuunderuWT,1,1,0.55
Planta_Guanillo,Protection,\VM-PF.IntUser\PDD 30-09-2025.IntPrj\Network Model.IntPrjfolder\Network Data.IntPrjfolder\NORTE 138 kV.ElmNet\Guanillo.ElmSite\Planta_Guanillo.ElmComp\Protection.ElmDsl,Grid Protection Model,oarray_TuunderuWT,IntMat:TuunderuWT,2,0,0.15
Planta_Guanillo,Protection,\VM-PF.IntUser\PDD 30-09-2025.IntPrj\Network Model.IntPrjfolder\Network Data.IntPrjfolder\NORTE 138 kV.ElmNet\Guanillo.ElmSite\Planta_Guanillo.ElmComp\Protection.ElmDsl,Grid Protection Model,oarray_TuunderuWT,IntMat:TuunderuWT,2,1,0.75
Planta_Guanillo,Protection,\VM-PF.IntUser\PDD 30-09-2025.IntPrj\Network Model.IntPrjfolder\Network Data.IntPrjfolder\NORTE 138 kV.ElmNet\Guanillo.ElmSite\Planta_Guanillo.ElmComp\Protection.ElmDsl,Grid Protection Model,oarray_TuunderuWT,IntMat:TuunderuWT,3,0,0.8
Planta_Guanillo,Protection,\VM-PF.IntUser\PDD 30-09-2025.IntPrj\Network Model.IntPrjfolder\Network Data.IntPrjfolder\NORTE 138 kV.ElmNet\Guanillo.ElmSite\Planta_Guanillo.ElmComp\Protection.ElmDsl,Grid Protection Model,oarray_TuunderuWT,IntMat:TuunderuWT,3,1,3.05
Planta_Guanillo,Protection,\VM-PF.IntUser\PDD 30-09-2025.IntPrj\Network Model.IntPrjfolder\Network Data.IntPrjfolder\NORTE 138 kV.ElmNet\Guanillo.ElmSite\Planta_Guanillo.ElmComp\Protection.ElmDsl,Grid Protection Model,oarray_TuunderuWT,IntMat:TuunderuWT,4,0,0.8
Planta_Guanillo,Protection,\VM-PF.IntUser\PDD 30-09-2025.IntPrj\Network Model.IntPrjfolder\Network Data.IntPrjfolder\NORTE 138 kV.ElmNet\Guanillo.ElmSite\Planta_Guanillo.ElmComp\Protection.ElmDsl,Grid Protection Model,oarray_TuunderuWT,IntMat:TuunderuWT,4,1,120.5
Planta_Guanillo,Protection,\VM-PF.IntUser\PDD 30-09-2025.IntPrj\Network Model.IntPrjfolder\Network Data.IntPrjfolder\NORTE 138 kV.ElmNet\Guanillo.ElmSite\Planta_Guanillo.ElmComp\Protection.ElmDsl,Grid Protection Model,oarray_TuunderuWT,IntMat:TuunderuWT,5,0,0.85
Planta_Guanillo,Protection,\VM-PF.IntUser\PDD 30-09-2025.IntPrj\Network Model.IntPrjfolder\Network Data.IntPrjfolder\NORTE 138 kV.ElmNet\Guanillo.ElmSite\Planta_Guanillo.ElmComp\Protection.ElmDsl,Grid Protection Model,oarray_TuunderuWT,IntMat:TuunderuWT,5,1,120.5
Planta_Guanillo,Protection,\VM-PF.IntUser\PDD 30-09-2025.IntPrj\Network Model.IntPrjfolder\Network Data.IntPrjfolder\NORTE 138 kV.ElmNet\Guanillo.ElmSite\Planta_Guanillo.ElmComp\Protection.ElmDsl,Grid Protection Model,oarray_TuunderuWT,IntMat:TuunderuWT,6,0,0.85
Planta_Guanillo,Protection,\VM-PF.IntUser\PDD 30-09-2025.IntPrj\Network Model.IntPrjfolder\Network Data.IntPrjfolder\NORTE 138 kV.ElmNet\Guanillo.ElmSite\Planta_Guanillo.ElmComp\Protection.ElmDsl,Grid Protection Model,oarray_TuunderuWT,IntMat:TuunderuWT,6,1,180.0
Planta_Guanillo,Protection,\VM-PF.IntUser\PDD 30-09-2025.IntPrj\Network Model.IntPrjfolder\Network Data.IntPrjfolder\NORTE 138 kV.ElmNet\Guanillo.ElmSite\Planta_Guanillo.ElmComp\Protection.ElmDsl,Grid Protection Model,oarray_TuunderuWT,IntMat:TuunderuWT,7,0,0.9
Planta_Guanillo,Protection,\VM-PF.IntUser\PDD 30-09-2025.IntPrj\Network Model.IntPrjfolder\Network Data.IntPrjfolder\NORTE 138 kV.ElmNet\Guanillo.ElmSite\Planta_Guanillo.ElmComp\Protection.ElmDsl,Grid Protection Model,oarray_TuunderuWT,IntMat:TuunderuWT,7,1,180.0
Planta_Guanillo,Protection,\VM-PF.IntUser\PDD 30-09-2025.IntPrj\Network Model.IntPrjfolder\Network Data.IntPrjfolder\NORTE 138 kV.ElmNet\Guanillo.ElmSite\Planta_Guanillo.ElmComp\Protection.ElmDsl,Grid Protection Model,oarray_TfunderfWT,IntMat:TfunderfWT,0,0,0.95
Planta_Guanillo,Protection,\VM-PF.IntUser\PDD 30-09-2025.IntPrj\Network Model.IntPrjfolder\Network Data.IntPrjfolder\NORTE 138 kV.ElmNet\Guanillo.ElmSite\Planta_Guanillo.ElmComp\Protection.ElmDsl,Grid Protection Model,oarray_TfunderfWT,IntMat:TfunderfWT,0,1,0.1
Planta_Guanillo,Protection,\VM-PF.IntUser\PDD 30-09-2025.IntPrj\Network Model.IntPrjfolder\Network Data.IntPrjfolder\NORTE 138 kV.ElmNet\Guanillo.ElmSite\Planta_Guanillo.ElmComp\Protection.ElmDsl,Grid Protection Model,oarray_TfunderfWT,IntMat:TfunderfWT,1,0,0.95
Planta_Guanillo,Protection,\VM-PF.IntUser\PDD 30-09-2025.IntPrj\Network Model.IntPrjfolder\Network Data.IntPrjfolder\NORTE 138 kV.ElmNet\Guanillo.ElmSite\Planta_Guanillo.ElmComp\Protection.ElmDsl,Grid Protection Model,oarray_TfunderfWT,IntMat:TfunderfWT,1,1,0.1
Planta_Guanillo,Protection,\VM-PF.IntUser\PDD 30-09-2025.IntPrj\Network Model.IntPrjfolder\Network Data.IntPrjfolder\NORTE 138 kV.ElmNet\Guanillo.ElmSite\Planta_Guanillo.ElmComp\Protection.ElmDsl,Grid Protection Model,oarray_TuoveruWT,IntMat:TuoveruWT,0,0,1.2
Planta_Guanillo,Protection,\VM-PF.IntUser\PDD 30-09-2025.IntPrj\Network Model.IntPrjfolder\Network Data.IntPrjfolder\NORTE 138 kV.ElmNet\Guanillo.ElmSite\Planta_Guanillo.ElmComp\Protection.ElmDsl,Grid Protection Model,oarray_TuoveruWT,IntMat:TuoveruWT,0,1,0.1
Planta_Guanillo,Protection,\VM-PF.IntUser\PDD 30-09-2025.IntPrj\Network Model.IntPrjfolder\Network Data.IntPrjfolder\NORTE 138 kV.ElmNet\Guanillo.ElmSite\Planta_Guanillo.ElmComp\Protection.ElmDsl,Grid Protection Model,oarray_TuoveruWT,IntMat:TuoveruWT,1,0,1.15
Planta_Guanillo,Protection,\VM-PF.IntUser\PDD 30-09-2025.IntPrj\Network Model.IntPrjfolder\Network Data.IntPrjfolder\NORTE 138 kV.ElmNet\Guanillo.ElmSite\Planta_Guanillo.ElmComp\Protection.ElmDsl,Grid Protection Model,oarray_TuoveruWT,IntMat:TuoveruWT,1,1,0.1
Planta_Guanillo,Protection,\VM-PF.IntUser\PDD 30-09-2025.IntPrj\Network Model.IntPrjfolder\Network Data.IntPrjfolder\NORTE 138 kV.ElmNet\Guanillo.ElmSite\Planta_Guanillo.ElmComp\Protection.ElmDsl,Grid Protection Model,oarray_TuoveruWT,IntMat:TuoveruWT,2,0,1.15
Planta_Guanillo,Protection,\VM-PF.IntUser\PDD 30-09-2025.IntPrj\Network Model.IntPrjfolder\Network Data.IntPrjfolder\NORTE 138 kV.ElmNet\Guanillo.ElmSite\Planta_Guanillo.ElmComp\Protection.ElmDsl,Grid Protection Model,oarray_TuoveruWT,IntMat:TuoveruWT,2,1,1.0
Planta_Guanillo,Protection,\VM-PF.IntUser\PDD 30-09-2025.IntPrj\Network Model.IntPrjfolder\Network Data.IntPrjfolder\NORTE 138 kV.ElmNet\Guanillo.ElmSite\Planta_Guanillo.ElmComp\Protection.ElmDsl,Grid Protection Model,oarray_TuoveruWT,IntMat:TuoveruWT,3,0,1.1
Planta_Guanillo,Protection,\VM-PF.IntUser\PDD 30-09-2025.IntPrj\Network Model.IntPrjfolder\Network Data.IntPrjfolder\NORTE 138 kV.ElmNet\Guanillo.ElmSite\Planta_Guanillo.ElmComp\Protection.ElmDsl,Grid Protection Model,oarray_TuoveruWT,IntMat:TuoveruWT,3,1,1.0
Planta_Guanillo,Protection,\VM-PF.IntUser\PDD 30-09-2025.IntPrj\Network Model.IntPrjfolder\Network Data.IntPrjfolder\NORTE 138 kV.ElmNet\Guanillo.ElmSite\Planta_Guanillo.ElmComp\Protection.ElmDsl,Grid Protection Model,oarray_TfoverfWT,IntMat:TfoverfWT,0,0,1.03
Planta_Guanillo,Protection,\VM-PF.IntUser\PDD 30-09-2025.IntPrj\Network Model.IntPrjfolder\Network Data.IntPrjfolder\NORTE 138 kV.ElmNet\Guanillo.ElmSite\Planta_Guanillo.ElmComp\Protection.ElmDsl,Grid Protection Model,oarray_TfoverfWT,IntMat:TfoverfWT,0,1,0.1
Planta_Guanillo,Protection,\VM-PF.IntUser\PDD 30-09-2025.IntPrj\Network Model.IntPrjfolder\Network Data.IntPrjfolder\NORTE 138 kV.ElmNet\Guanillo.ElmSite\Planta_Guanillo.ElmComp\Protection.ElmDsl,Grid Protection Model,oarray_TfoverfWT,IntMat:TfoverfWT,1,0,1.03
Planta_Guanillo,Protection,\VM-PF.IntUser\PDD 30-09-2025.IntPrj\Network Model.IntPrjfolder\Network Data.IntPrjfolder\NORTE 138 kV.ElmNet\Guanillo.ElmSite\Planta_Guanillo.ElmComp\Protection.ElmDsl,Grid Protection Model,oarray_TfoverfWT,IntMat:TfoverfWT,1,1,0.1
Planta_Los Guzmancito,Current limitation model,\VM-PF.IntUser\PDD 30-09-2025.IntPrj\Network Model.IntPrjfolder\Network Data.IntPrjfolder\NORTE 138 kV.ElmNet\Los Guzmancito.ElmSite\Planta_Los Guzmancito.ElmComp\Current limitation model.ElmDsl,Current limitation model,oarray_iqmaxuWT,IntMat:iqmaxuWT,0,0,0.0
Planta_Los Guzmancito,Current limitation model,\VM-PF.IntUser\PDD 30-09-2025.IntPrj\Network Model.IntPrjfolder\Network Data.IntPrjfolder\NORTE 138 kV.ElmNet\Los Guzmancito.ElmSite\Planta_Los Guzmancito.ElmComp\Current limitation model.ElmDsl,Current limitation model,oarray_iqmaxuWT,IntMat:iqmaxuWT,0,1,0.1
Planta_Los Guzmancito,Current limitation model,\VM-PF.IntUser\PDD 30-09-2025.IntPrj\Network Model.IntPrjfolder\Network Data.IntPrjfolder\NORTE 138 kV.ElmNet\Los Guzmancito.ElmSite\Planta_Los Guzmancito.ElmComp\Current limitation model.ElmDsl,Current limitation model,oarray_iqmaxuWT,IntMat:iqmaxuWT,1,0,0.2
Planta_Los Guzmancito,Current limitation model,\VM-PF.IntUser\PDD 30-09-2025.IntPrj\Network Model.IntPrjfolder\Network Data.IntPrjfolder\NORTE 138 kV.ElmNet\Los Guzmancito.ElmSite\Planta_Los Guzmancito.ElmComp\Current limitation model.ElmDsl,Current limitation model,oarray_iqmaxuWT,IntMat:iqmaxuWT,1,1,0.95
Planta_Los Guzmancito,Current limitation model,\VM-PF.IntUser\PDD 30-09-2025.IntPrj\Network Model.IntPrjfolder\Network Data.IntPrjfolder\NORTE 138 kV.ElmNet\Los Guzmancito.ElmSite\Planta_Los Guzmancito.ElmComp\Current limitation model.ElmDsl,Current limitation model,oarray_iqmaxuWT,IntMat:iqmaxuWT,2,0,0.2
Planta_Los Guzmancito,Current limitation model,\VM-PF.IntUser\PDD 30-09-2025.IntPrj\Network Model.IntPrjfolder\Network Data.IntPrjfolder\NORTE 138 kV.ElmNet\Los Guzmancito.ElmSite\Planta_Los Guzmancito.ElmComp\Current limitation model.ElmDsl,Current limitation model,oarray_iqmaxuWT,IntMat:iqmaxuWT,2,1,1.0
Planta_Los Guzmancito,Current limitation model,\VM-PF.IntUser\PDD 30-09-2025.IntPrj\Network Model.IntPrjfolder\Network Data.IntPrjfolder\NORTE 138 kV.ElmNet\Los Guzmancito.ElmSite\Planta_Los Guzmancito.ElmComp\Current limitation model.ElmDsl,Current limitation model,oarray_iqmaxuWT,IntMat:iqmaxuWT,3,0,0.9
Planta_Los Guzmancito,Current limitation model,\VM-PF.IntUser\PDD 30-09-2025.IntPrj\Network Model.IntPrjfolder\Network Data.IntPrjfolder\NORTE 138 kV.ElmNet\Los Guzmancito.ElmSite\Planta_Los Guzmancito.ElmComp\Current limitation model.ElmDsl,Current limitation model,oarray_iqmaxuWT,IntMat:iqmaxuWT,3,1,1.0
Planta_Los Guzmancito,Current limitation model,\VM-PF.IntUser\PDD 30-09-2025.IntPrj\Network Model.IntPrjfolder\Network Data.IntPrjfolder\NORTE 138 kV.ElmNet\Los Guzmancito.ElmSite\Planta_Los Guzmancito.ElmComp\Current limitation model.ElmDsl,Current limitation model,oarray_iqmaxuWT,IntMat:iqmaxuWT,4,0,0.9
Planta_Los Guzmancito,Current limitation model,\VM-PF.IntUser\PDD 30-09-2025.IntPrj\Network Model.IntPrjfolder\Network Data.IntPrjfolder\NORTE 138 kV.ElmNet\Los Guzmancito.ElmSite\Planta_Los Guzmancito.ElmComp\Current limitation model.ElmDsl,Current limitation model,oarray_iqmaxuWT,IntMat:iqmaxuWT,4,1,0.36
Planta_Los Guzmancito,Current limitation model,\VM-PF.IntUser\PDD 30-09-2025.IntPrj\Network Model.IntPrjfolder\Network Data.IntPrjfolder\NORTE 138 kV.ElmNet\Los Guzmancito.ElmSite\Planta_Los Guzmancito.ElmComp\Current limitation model.ElmDsl,Current limitation model,oarray_iqmaxuWT,IntMat:iqmaxuWT,5,0,1.1
Planta_Los Guzmancito,Current limitation model,\VM-PF.IntUser\PDD 30-09-2025.IntPrj\Network Model.IntPrjfolder\Network Data.IntPrjfolder\NORTE 138 kV.ElmNet\Los Guzmancito.ElmSite\Planta_Los Guzmancito.ElmComp\Current limitation model.ElmDsl,Current limitation model,oarray_iqmaxuWT,IntMat:iqmaxuWT,5,1,0.3
Planta_Los Guzmancito,Current limitation model,\VM-PF.IntUser\PDD 30-09-2025.IntPrj\Network Model.IntPrjfolder\Network Data.IntPrjfolder\NORTE 138 kV.ElmNet\Los Guzmancito.ElmSite\Planta_Los Guzmancito.ElmComp\Current limitation model.ElmDsl,Current limitation model,oarray_ipmaxuWT,IntMat:ipmaxuWT,0,0,0.0
Planta_Los Guzmancito,Current limitation model,\VM-PF.IntUser\PDD 30-09-2025.IntPrj\Network Model.IntPrjfolder\Network Data.IntPrjfolder\NORTE 138 kV.ElmNet\Los Guzmancito.ElmSite\Planta_Los Guzmancito.ElmComp\Current limitation model.ElmDsl,Current limitation model,oarray_ipmaxuWT,IntMat:ipmaxuWT,0,1,0.0
Planta_Los Guzmancito,Current limitation model,\VM-PF.IntUser\PDD 30-09-2025.IntPrj\Network Model.IntPrjfolder\Network Data.IntPrjfolder\NORTE 138 kV.ElmNet\Los Guzmancito.ElmSite\Planta_Los Guzmancito.ElmComp\Current limitation model.ElmDsl,Current limitation model,oarray_ipmaxuWT,IntMat:ipmaxuWT,1,0,0.1
Planta_Los Guzmancito,Current limitation model,\VM-PF.IntUser\PDD 30-09-2025.IntPrj\Network Model.IntPrjfolder\Network Data.IntPrjfolder\NORTE 138 kV.ElmNet\Los Guzmancito.ElmSite\Planta_Los Guzmancito.ElmComp\Current limitation model.ElmDsl,Current limitation model,oarray_ipmaxuWT,IntMat:ipmaxuWT,1,1,0.0
Planta_Los Guzmancito,Current limitation model,\VM-PF.IntUser\PDD 30-09-2025.IntPrj\Network Model.IntPrjfolder\Network Data.IntPrjfolder\NORTE 138 kV.ElmNet\Los Guzmancito.ElmSite\Planta_Los Guzmancito.ElmComp\Current limitation model.ElmDsl,Current limitation model,oarray_ipmaxuWT,IntMat:ipmaxuWT,2,0,0.15
Planta_Los Guzmancito,Current limitation model,\VM-PF.IntUser\PDD 30-09-2025.IntPrj\Network Model.IntPrjfolder\Network Data.IntPrjfolder\NORTE 138 kV.ElmNet\Los Guzmancito.ElmSite\Planta_Los Guzmancito.ElmComp\Current limitation model.ElmDsl,Current limitation model,oarray_ipmaxuWT,IntMat:ipmaxuWT,2,1,1.0
Planta_Los Guzmancito,Current limitation model,\VM-PF.IntUser\PDD 30-09-2025.IntPrj\Network Model.IntPrjfolder\Network Data.IntPrjfolder\NORTE 138 kV.ElmNet\Los Guzmancito.ElmSite\Planta_Los Guzmancito.ElmComp\Current limitation model.ElmDsl,Current limitation model,oarray_ipmaxuWT,IntMat:ipmaxuWT,3,0,0.9
Planta_Los Guzmancito,Current limitation model,\VM-PF.IntUser\PDD 30-09-2025.IntPrj\Network Model.IntPrjfolder\Network Data.IntPrjfolder\NORTE 138 kV.ElmNet\Los Guzmancito.ElmSite\Planta_Los Guzmancito.ElmComp\Current limitation model.ElmDsl,Current limitation model,oarray_ipmaxuWT,IntMat:ipmaxuWT,3,1,1.0
Planta_Los Guzmancito,Current limitation model,\VM-PF.IntUser\PDD 30-09-2025.IntPrj\Network Model.IntPrjfolder\Network Data.IntPrjfolder\NORTE 138 kV.ElmNet\Los Guzmancito.ElmSite\Planta_Los Guzmancito.ElmComp\Current limitation model.ElmDsl,Current limitation model,oarray_ipmaxuWT,IntMat:ipmaxuWT,4,0,0.91
Planta_Los Guzmancito,Current limitation model,\VM-PF.IntUser\PDD 30-09-2025.IntPrj\Network Model.IntPrjfolder\Network Data.IntPrjfolder\NORTE 138 kV.ElmNet\Los Guzmancito.ElmSite\Planta_Los Guzmancito.ElmComp\Current limitation model.ElmDsl,Current limitation model,oarray_ipmaxuWT,IntMat:ipmaxuWT,4,1,1.2
Planta_Los Guzmancito,Current limitation model,\VM-PF.IntUser\PDD 30-09-2025.IntPrj\Network Model.IntPrjfolder\Network Data.IntPrjfolder\NORTE 138 kV.ElmNet\Los Guzmancito.ElmSite\Planta_Los Guzmancito.ElmComp\Current limitation model.ElmDsl,Current limitation model,oarray_ipmaxuWT,IntMat:ipmaxuWT,5,0,1.2
Planta_Los Guzmancito,Current limitation model,\VM-PF.IntUser\PDD 30-09-2025.IntPrj\Network Model.IntPrjfolder\Network Data.IntPrjfolder\NORTE 138 kV.ElmNet\Los Guzmancito.ElmSite\Planta_Los Guzmancito.ElmComp\Current limitation model.ElmDsl,Current limitation model,oarray_ipmaxuWT,IntMat:ipmaxuWT,5,1,1.2
Planta_Los Guzmancito,P control model type 3,\VM-PF.IntUser\PDD 30-09-2025.IntPrj\Network Model.IntPrjfolder\Network Data.IntPrjfolder\NORTE 138 kV.ElmNet\Los Guzmancito.ElmSite\Planta_Los Guzmancito.ElmComp\P control model type 3.ElmDsl,P control model type 3,oarray_wp,IntMat:wp,0,0,0.0
Planta_Los Guzmancito,P control model type 3,\VM-PF.IntUser\PDD 30-09-2025.IntPrj\Network Model.IntPrjfolder\Network Data.IntPrjfolder\NORTE 138 kV.ElmNet\Los Guzmancito.ElmSite\Planta_Los Guzmancito.ElmComp\P control model type 3.ElmDsl,P control model type 3,oarray_wp,IntMat:wp,0,1,0.76
Planta_Los Guzmancito,P control model type 3,\VM-PF.IntUser\PDD 30-09-2025.IntPrj\Network Model.IntPrjfolder\Network Data.IntPrjfolder\NORTE 138 kV.ElmNet\Los Guzmancito.ElmSite\Planta_Los Guzmancito.ElmComp\P control model type 3.ElmDsl,P control model type 3,oarray_wp,IntMat:wp,1,0,0.3
Planta_Los Guzmancito,P control model type 3,\VM-PF.IntUser\PDD 30-09-2025.IntPrj\Network Model.IntPrjfolder\Network Data.IntPrjfolder\NORTE 138 kV.ElmNet\Los Guzmancito.ElmSite\Planta_Los Guzmancito.ElmComp\P control model type 3.ElmDsl,P control model type 3,oarray_wp,IntMat:wp,1,1,0.76
Planta_Los Guzmancito,P control model type 3,\VM-PF.IntUser\PDD 30-09-2025.IntPrj\Network Model.IntPrjfolder\Network Data.IntPrjfolder\NORTE 138 kV.ElmNet\Los Guzmancito.ElmSite\Planta_Los Guzmancito.ElmComp\P control model type 3.ElmDsl,P control model type 3,oarray_wp,IntMat:wp,2,0,0.31
Planta_Los Guzmancito,P control model type 3,\VM-PF.IntUser\PDD 30-09-2025.IntPrj\Network Model.IntPrjfolder\Network Data.IntPrjfolder\NORTE 138 kV.ElmNet\Los Guzmancito.ElmSite\Planta_Los Guzmancito.ElmComp\P control model type 3.ElmDsl,P control model type 3,oarray_wp,IntMat:wp,2,1,0.86
Planta_Los Guzmancito,P control model type 3,\VM-PF.IntUser\PDD 30-09-2025.IntPrj\Network Model.IntPrjfolder\Network Data.IntPrjfolder\NORTE 138 kV.ElmNet\Los Guzmancito.ElmSite\Planta_Los Guzmancito.ElmComp\P control model type 3.ElmDsl,P control model type 3,oarray_wp,IntMat:wp,3,0,0.4
Planta_Los Guzmancito,P control model type 3,\VM-PF.IntUser\PDD 30-09-2025.IntPrj\Network Model.IntPrjfolder\Network Data.IntPrjfolder\NORTE 138 kV.ElmNet\Los Guzmancito.ElmSite\Planta_Los Guzmancito.ElmComp\P control model type 3.ElmDsl,P control model type 3,oarray_wp,IntMat:wp,3,1,0.94
Planta_Los Guzmancito,P control model type 3,\VM-PF.IntUser\PDD 30-09-2025.IntPrj\Network Model.IntPrjfolder\Network Data.IntPrjfolder\NORTE 138 kV.ElmNet\Los Guzmancito.ElmSite\Planta_Los Guzmancito.ElmComp\P control model type 3.ElmDsl,P control model type 3,oarray_wp,IntMat:wp,4,0,0.5
Planta_Los Guzmancito,P control model type 3,\VM-PF.IntUser\PDD 30-09-2025.IntPrj\Network Model.IntPrjfolder\Network Data.IntPrjfolder\NORTE 138 kV.ElmNet\Los Guzmancito.ElmSite\Planta_Los Guzmancito.ElmComp\P control model type 3.ElmDsl,P control model type 3,oarray_wp,IntMat:wp,4,1,1.0
Planta_Los Guzmancito,P control model type 3,\VM-PF.IntUser\PDD 30-09-2025.IntPrj\Network Model.IntPrjfolder\Network Data.IntPrjfolder\NORTE 138 kV.ElmNet\Los Guzmancito.ElmSite\Planta_Los Guzmancito.ElmComp\P control model type 3.ElmDsl,P control model type 3,oarray_wp,IntMat:wp,5,0,1.0
Planta_Los Guzmancito,P control model type 3,\VM-PF.IntUser\PDD 30-09-2025.IntPrj\Network Model.IntPrjfolder\Network Data.IntPrjfolder\NORTE 138 kV.ElmNet\Los Guzmancito.ElmSite\Planta_Los Guzmancito.ElmComp\P control model type 3.ElmDsl,P control model type 3,oarray_wp,IntMat:wp,5,1,1.0
Planta_Los Guzmancito,Protection,\VM-PF.IntUser\PDD 30-09-2025.IntPrj\Network Model.IntPrjfolder\Network Data.IntPrjfolder\NORTE 138 kV.ElmNet\Los Guzmancito.ElmSite\Planta_Los Guzmancito.ElmComp\Protection.ElmDsl,Grid Protection Model,oarray_TuunderuWT,IntMat:TuunderuWT,0,0,0.0
Planta_Los Guzmancito,Protection,\VM-PF.IntUser\PDD 30-09-2025.IntPrj\Network Model.IntPrjfolder\Network Data.IntPrjfolder\NORTE 138 kV.ElmNet\Los Guzmancito.ElmSite\Planta_Los Guzmancito.ElmComp\Protection.ElmDsl,Grid Protection Model,oarray_TuunderuWT,IntMat:TuunderuWT,0,1,0.55
Planta_Los Guzmancito,Protection,\VM-PF.IntUser\PDD 30-09-2025.IntPrj\Network Model.IntPrjfolder\Network Data.IntPrjfolder\NORTE 138 kV.ElmNet\Los Guzmancito.ElmSite\Planta_Los Guzmancito.ElmComp\Protection.ElmDsl,Grid Protection Model,oarray_TuunderuWT,IntMat:TuunderuWT,1,0,0.15
Planta_Los Guzmancito,Protection,\VM-PF.IntUser\PDD 30-09-2025.IntPrj\Network Model.IntPrjfolder\Network Data.IntPrjfolder\NORTE 138 kV.ElmNet\Los Guzmancito.ElmSite\Planta_Los Guzmancito.ElmComp\Protection.ElmDsl,Grid Protection Model,oarray_TuunderuWT,IntMat:TuunderuWT,1,1,0.55
Planta_Los Guzmancito,Protection,\VM-PF.IntUser\PDD 30-09-2025.IntPrj\Network Model.IntPrjfolder\Network Data.IntPrjfolder\NORTE 138 kV.ElmNet\Los Guzmancito.ElmSite\Planta_Los Guzmancito.ElmComp\Protection.ElmDsl,Grid Protection Model,oarray_TuunderuWT,IntMat:TuunderuWT,2,0,0.15
Planta_Los Guzmancito,Protection,\VM-PF.IntUser\PDD 30-09-2025.IntPrj\Network Model.IntPrjfolder\Network Data.IntPrjfolder\NORTE 138 kV.ElmNet\Los Guzmancito.ElmSite\Planta_Los Guzmancito.ElmComp\Protection.ElmDsl,Grid Protection Model,oarray_TuunderuWT,IntMat:TuunderuWT,2,1,0.75
Planta_Los Guzmancito,Protection,\VM-PF.IntUser\PDD 30-09-2025.IntPrj\Network Model.IntPrjfolder\Network Data.IntPrjfolder\NORTE 138 kV.ElmNet\Los Guzmancito.ElmSite\Planta_Los Guzmancito.ElmComp\Protection.ElmDsl,Grid Protection Model,oarray_TuunderuWT,IntMat:TuunderuWT,3,0,0.8
Planta_Los Guzmancito,Protection,\VM-PF.IntUser\PDD 30-09-2025.IntPrj\Network Model.IntPrjfolder\Network Data.IntPrjfolder\NORTE 138 kV.ElmNet\Los Guzmancito.ElmSite\Planta_Los Guzmancito.ElmComp\Protection.ElmDsl,Grid Protection Model,oarray_TuunderuWT,IntMat:TuunderuWT,3,1,3.05
Planta_Los Guzmancito,Protection,\VM-PF.IntUser\PDD 30-09-2025.IntPrj\Network Model.IntPrjfolder\Network Data.IntPrjfolder\NORTE 138 kV.ElmNet\Los Guzmancito.ElmSite\Planta_Los Guzmancito.ElmComp\Protection.ElmDsl,Grid Protection Model,oarray_TuunderuWT,IntMat:TuunderuWT,4,0,0.8
Planta_Los Guzmancito,Protection,\VM-PF.IntUser\PDD 30-09-2025.IntPrj\Network Model.IntPrjfolder\Network Data.IntPrjfolder\NORTE 138 kV.ElmNet\Los Guzmancito.ElmSite\Planta_Los Guzmancito.ElmComp\Protection.ElmDsl,Grid Protection Model,oarray_TuunderuWT,IntMat:TuunderuWT,4,1,120.5
Planta_Los Guzmancito,Protection,\VM-PF.IntUser\PDD 30-09-2025.IntPrj\Network Model.IntPrjfolder\Network Data.IntPrjfolder\NORTE 138 kV.ElmNet\Los Guzmancito.ElmSite\Planta_Los Guzmancito.ElmComp\Protection.ElmDsl,Grid Protection Model,oarray_TuunderuWT,IntMat:TuunderuWT,5,0,0.85
Planta_Los Guzmancito,Protection,\VM-PF.IntUser\PDD 30-09-2025.IntPrj\Network Model.IntPrjfolder\Network Data.IntPrjfolder\NORTE 138 kV.ElmNet\Los Guzmancito.ElmSite\Planta_Los Guzmancito.ElmComp\Protection.ElmDsl,Grid Protection Model,oarray_TuunderuWT,IntMat:TuunderuWT,5,1,120.5
Planta_Los Guzmancito,Protection,\VM-PF.IntUser\PDD 30-09-2025.IntPrj\Network Model.IntPrjfolder\Network Data.IntPrjfolder\NORTE 138 kV.ElmNet\Los Guzmancito.ElmSite\Planta_Los Guzmancito.ElmComp\Protection.ElmDsl,Grid Protection Model,oarray_TuunderuWT,IntMat:TuunderuWT,6,0,0.85
Planta_Los Guzmancito,Protection,\VM-PF.IntUser\PDD 30-09-2025.IntPrj\Network Model.IntPrjfolder\Network Data.IntPrjfolder\NORTE 138 kV.ElmNet\Los Guzmancito.ElmSite\Planta_Los Guzmancito.ElmComp\Protection.ElmDsl,Grid Protection Model,oarray_TuunderuWT,IntMat:TuunderuWT,6,1,180.0
Planta_Los Guzmancito,Protection,\VM-PF.IntUser\PDD 30-09-2025.IntPrj\Network Model.IntPrjfolder\Network Data.IntPrjfolder\NORTE 138 kV.ElmNet\Los Guzmancito.ElmSite\Planta_Los Guzmancito.ElmComp\Protection.ElmDsl,Grid Protection Model,oarray_TuunderuWT,IntMat:TuunderuWT,7,0,0.9
Planta_Los Guzmancito,Protection,\VM-PF.IntUser\PDD 30-09-2025.IntPrj\Network Model.IntPrjfolder\Network Data.IntPrjfolder\NORTE 138 kV.ElmNet\Los Guzmancito.ElmSite\Planta_Los Guzmancito.ElmComp\Protection.ElmDsl,Grid Protection Model,oarray_TuunderuWT,IntMat:TuunderuWT,7,1,180.0
Planta_Los Guzmancito,Protection,\VM-PF.IntUser\PDD 30-09-2025.IntPrj\Network Model.IntPrjfolder\Network Data.IntPrjfolder\NORTE 138 kV.ElmNet\Los Guzmancito.ElmSite\Planta_Los Guzmancito.ElmComp\Protection.ElmDsl,Grid Protection Model,oarray_TfunderfWT,IntMat:TfunderfWT,0,0,0.95
Planta_Los Guzmancito,Protection,\VM-PF.IntUser\PDD 30-09-2025.IntPrj\Network Model.IntPrjfolder\Network Data.IntPrjfolder\NORTE 138 kV.ElmNet\Los Guzmancito.ElmSite\Planta_Los Guzmancito.ElmComp\Protection.ElmDsl,Grid Protection Model,oarray_TfunderfWT,IntMat:TfunderfWT,0,1,0.1
Planta_Los Guzmancito,Protection,\VM-PF.IntUser\PDD 30-09-2025.IntPrj\Network Model.IntPrjfolder\Network Data.IntPrjfolder\NORTE 138 kV.ElmNet\Los Guzmancito.ElmSite\Planta_Los Guzmancito.ElmComp\Protection.ElmDsl,Grid Protection Model,oarray_TfunderfWT,IntMat:TfunderfWT,1,0,0.95
Planta_Los Guzmancito,Protection,\VM-PF.IntUser\PDD 30-09-2025.IntPrj\Network Model.IntPrjfolder\Network Data.IntPrjfolder\NORTE 138 kV.ElmNet\Los Guzmancito.ElmSite\Planta_Los Guzmancito.ElmComp\Protection.ElmDsl,Grid Protection Model,oarray_TfunderfWT,IntMat:TfunderfWT,1,1,0.1
Planta_Los Guzmancito,Protection,\VM-PF.IntUser\PDD 30-09-2025.IntPrj\Network Model.IntPrjfolder\Network Data.IntPrjfolder\NORTE 138 kV.ElmNet\Los Guzmancito.ElmSite\Planta_Los Guzmancito.ElmComp\Protection.ElmDsl,Grid Protection Model,oarray_TuoveruWT,IntMat:TuoveruWT,0,0,1.2
Planta_Los Guzmancito,Protection,\VM-PF.IntUser\PDD 30-09-2025.IntPrj\Network Model.IntPrjfolder\Network Data.IntPrjfolder\NORTE 138 kV.ElmNet\Los Guzmancito.ElmSite\Planta_Los Guzmancito.ElmComp\Protection.ElmDsl,Grid Protection Model,oarray_TuoveruWT,IntMat:TuoveruWT,0,1,0.1
Planta_Los Guzmancito,Protection,\VM-PF.IntUser\PDD 30-09-2025.IntPrj\Network Model.IntPrjfolder\Network Data.IntPrjfolder\NORTE 138 kV.ElmNet\Los Guzmancito.ElmSite\Planta_Los Guzmancito.ElmComp\Protection.ElmDsl,Grid Protection Model,oarray_TuoveruWT,IntMat:TuoveruWT,1,0,1.15
Planta_Los Guzmancito,Protection,\VM-PF.IntUser\PDD 30-09-2025.IntPrj\Network Model.IntPrjfolder\Network Data.IntPrjfolder\NORTE 138 kV.ElmNet\Los Guzmancito.ElmSite\Planta_Los Guzmancito.ElmComp\Protection.ElmDsl,Grid Protection Model,oarray_TuoveruWT,IntMat:TuoveruWT,1,1,0.1
Planta_Los Guzmancito,Protection,\VM-PF.IntUser\PDD 30-09-2025.IntPrj\Network Model.IntPrjfolder\Network Data.IntPrjfolder\NORTE 138 kV.ElmNet\Los Guzmancito.ElmSite\Planta_Los Guzmancito.ElmComp\Protection.ElmDsl,Grid Protection Model,oarray_TuoveruWT,IntMat:TuoveruWT,2,0,1.15
Planta_Los Guzmancito,Protection,\VM-PF.IntUser\PDD 30-09-2025.IntPrj\Network Model.IntPrjfolder\Network Data.IntPrjfolder\NORTE 138 kV.ElmNet\Los Guzmancito.ElmSite\Planta_Los Guzmancito.ElmComp\Protection.ElmDsl,Grid Protection Model,oarray_TuoveruWT,IntMat:TuoveruWT,2,1,1.0
Planta_Los Guzmancito,Protection,\VM-PF.IntUser\PDD 30-09-2025.IntPrj\Network Model.IntPrjfolder\Network Data.IntPrjfolder\NORTE 138 kV.ElmNet\Los Guzmancito.ElmSite\Planta_Los Guzmancito.ElmComp\Protection.ElmDsl,Grid Protection Model,oarray_TuoveruWT,IntMat:TuoveruWT,3,0,1.1
Planta_Los Guzmancito,Protection,\VM-PF.IntUser\PDD 30-09-2025.IntPrj\Network Model.IntPrjfolder\Network Data.IntPrjfolder\NORTE 138 kV.ElmNet\Los Guzmancito.ElmSite\Planta_Los Guzmancito.ElmComp\Protection.ElmDsl,Grid Protection Model,oarray_TuoveruWT,IntMat:TuoveruWT,3,1,1.0
Planta_Los Guzmancito,Protection,\VM-PF.IntUser\PDD 30-09-2025.IntPrj\Network Model.IntPrjfolder\Network Data.IntPrjfolder\NORTE 138 kV.ElmNet\Los Guzmancito.ElmSite\Planta_Los Guzmancito.ElmComp\Protection.ElmDsl,Grid Protection Model,oarray_TfoverfWT,IntMat:TfoverfWT,0,0,1.03
Planta_Los Guzmancito,Protection,\VM-PF.IntUser\PDD 30-09-2025.IntPrj\Network Model.IntPrjfolder\Network Data.IntPrjfolder\NORTE 138 kV.ElmNet\Los Guzmancito.ElmSite\Planta_Los Guzmancito.ElmComp\Protection.ElmDsl,Grid Protection Model,oarray_TfoverfWT,IntMat:TfoverfWT,0,1,0.1
Planta_Los Guzmancito,Protection,\VM-PF.IntUser\PDD 30-09-2025.IntPrj\Network Model.IntPrjfolder\Network Data.IntPrjfolder\NORTE 138 kV.ElmNet\Los Guzmancito.ElmSite\Planta_Los Guzmancito.ElmComp\Protection.ElmDsl,Grid Protection Model,oarray_TfoverfWT,IntMat:TfoverfWT,1,0,1.03
Planta_Los Guzmancito,Protection,\VM-PF.IntUser\PDD 30-09-2025.IntPrj\Network Model.IntPrjfolder\Network Data.IntPrjfolder\NORTE 138 kV.ElmNet\Los Guzmancito.ElmSite\Planta_Los Guzmancito.ElmComp\Protection.ElmDsl,Grid Protection Model,oarray_TfoverfWT,IntMat:TfoverfWT,1,1,0.1
Planta_Los Guzmancito,QP and QU limitation model,\VM-PF.IntUser\PDD 30-09-2025.IntPrj\Network Model.IntPrjfolder\Network Data.IntPrjfolder\NORTE 138 kV.ElmNet\Los Guzmancito.ElmSite\Planta_Los Guzmancito.ElmComp\QP and QU limitation model.ElmDsl,QP and QU limitation model,oarray_qmaxuu,IntMat:qmaxuu,0,0,0.0
Planta_Los Guzmancito,QP and QU limitation model,\VM-PF.IntUser\PDD 30-09-2025.IntPrj\Network Model.IntPrjfolder\Network Data.IntPrjfolder\NORTE 138 kV.ElmNet\Los Guzmancito.ElmSite\Planta_Los Guzmancito.ElmComp\QP and QU limitation model.ElmDsl,QP and QU limitation model,oarray_qmaxuu,IntMat:qmaxuu,0,1,0.0
Planta_Los Guzmancito,QP and QU limitation model,\VM-PF.IntUser\PDD 30-09-2025.IntPrj\Network Model.IntPrjfolder\Network Data.IntPrjfolder\NORTE 138 kV.ElmNet\Los Guzmancito.ElmSite\Planta_Los Guzmancito.ElmComp\QP and QU limitation model.ElmDsl,QP and QU limitation model,oarray_qmaxuu,IntMat:qmaxuu,1,0,0.8
Planta_Los Guzmancito,QP and QU limitation model,\VM-PF.IntUser\PDD 30-09-2025.IntPrj\Network Model.IntPrjfolder\Network Data.IntPrjfolder\NORTE 138 kV.ElmNet\Los Guzmancito.ElmSite\Planta_Los Guzmancito.ElmComp\QP and QU limitation model.ElmDsl,QP and QU limitation model,oarray_qmaxuu,IntMat:qmaxuu,1,1,0.33
Planta_Los Guzmancito,QP and QU limitation model,\VM-PF.IntUser\PDD 30-09-2025.IntPrj\Network Model.IntPrjfolder\Network Data.IntPrjfolder\NORTE 138 kV.ElmNet\Los Guzmancito.ElmSite\Planta_Los Guzmancito.ElmComp\QP and QU limitation model.ElmDsl,QP and QU limitation model,oarray_qmaxuu,IntMat:qmaxuu,2,0,0.9
Planta_Los Guzmancito,QP and QU limitation model,\VM-PF.IntUser\PDD 30-09-2025.IntPrj\Network Model.IntPrjfolder\Network Data.IntPrjfolder\NORTE 138 kV.ElmNet\Los Guzmancito.ElmSite\Planta_Los Guzmancito.ElmComp\QP and QU limitation model.ElmDsl,QP and QU limitation model,oarray_qmaxuu,IntMat:qmaxuu,2,1,0.33
Planta_Los Guzmancito,QP and QU limitation model,\VM-PF.IntUser\PDD 30-09-2025.IntPrj\Network Model.IntPrjfolder\Network Data.IntPrjfolder\NORTE 138 kV.ElmNet\Los Guzmancito.ElmSite\Planta_Los Guzmancito.ElmComp\QP and QU limitation model.ElmDsl,QP and QU limitation model,oarray_qminuu,IntMat:qminuu,0,0,0.0
Planta_Los Guzmancito,QP and QU limitation model,\VM-PF.IntUser\PDD 30-09-2025.IntPrj\Network Model.IntPrjfolder\Network Data.IntPrjfolder\NORTE 138 kV.ElmNet\Los Guzmancito.ElmSite\Planta_Los Guzmancito.ElmComp\QP and QU limitation model.ElmDsl,QP and QU limitation model,oarray_qminuu,IntMat:qminuu,0,1,0.0
Planta_Los Guzmancito,QP and QU limitation model,\VM-PF.IntUser\PDD 30-09-2025.IntPrj\Network Model.IntPrjfolder\Network Data.IntPrjfolder\NORTE 138 kV.ElmNet\Los Guzmancito.ElmSite\Planta_Los Guzmancito.ElmComp\QP and QU limitation model.ElmDsl,QP and QU limitation model,oarray_qminuu,IntMat:qminuu,1,0,0.8
Planta_Los Guzmancito,QP and QU limitation model,\VM-PF.IntUser\PDD 30-09-2025.IntPrj\Network Model.IntPrjfolder\Network Data.IntPrjfolder\NORTE 138 kV.ElmNet\Los Guzmancito.ElmSite\Planta_Los Guzmancito.ElmComp\QP and QU limitation model.ElmDsl,QP and QU limitation model,oarray_qminuu,IntMat:qminuu,1,1,-0.33
Planta_Los Guzmancito,QP and QU limitation model,\VM-PF.IntUser\PDD 30-09-2025.IntPrj\Network Model.IntPrjfolder\Network Data.IntPrjfolder\NORTE 138 kV.ElmNet\Los Guzmancito.ElmSite\Planta_Los Guzmancito.ElmComp\QP and QU limitation model.ElmDsl,QP and QU limitation model,oarray_qminuu,IntMat:qminuu,2,0,0.9
Planta_Los Guzmancito,QP and QU limitation model,\VM-PF.IntUser\PDD 30-09-2025.IntPrj\Network Model.IntPrjfolder\Network Data.IntPrjfolder\NORTE 138 kV.ElmNet\Los Guzmancito.ElmSite\Planta_Los Guzmancito.ElmComp\QP and QU limitation model.ElmDsl,QP and QU limitation model,oarray_qminuu,IntMat:qminuu,2,1,-0.33
Planta_Los Guzmancito,QP and QU limitation model,\VM-PF.IntUser\PDD 30-09-2025.IntPrj\Network Model.IntPrjfolder\Network Data.IntPrjfolder\NORTE 138 kV.ElmNet\Los Guzmancito.ElmSite\Planta_Los Guzmancito.ElmComp\QP and QU limitation model.ElmDsl,QP and QU limitation model,oarray_qmaxpp,IntMat:qmaxpp,0,0,0.0
Planta_Los Guzmancito,QP and QU limitation model,\VM-PF.IntUser\PDD 30-09-2025.IntPrj\Network Model.IntPrjfolder\Network Data.IntPrjfolder\NORTE 138 kV.ElmNet\Los Guzmancito.ElmSite\Planta_Los Guzmancito.ElmComp\QP and QU limitation model.ElmDsl,QP and QU limitation model,oarray_qmaxpp,IntMat:qmaxpp,0,1,0.0
Planta_Los Guzmancito,QP and QU limitation model,\VM-PF.IntUser\PDD 30-09-2025.IntPrj\Network Model.IntPrjfolder\Network Data.IntPrjfolder\NORTE 138 kV.ElmNet\Los Guzmancito.ElmSite\Planta_Los Guzmancito.ElmComp\QP and QU limitation model.ElmDsl,QP and QU limitation model,oarray_qmaxpp,IntMat:qmaxpp,1,0,0.3
Planta_Los Guzmancito,QP and QU limitation model,\VM-PF.IntUser\PDD 30-09-2025.IntPrj\Network Model.IntPrjfolder\Network Data.IntPrjfolder\NORTE 138 kV.ElmNet\Los Guzmancito.ElmSite\Planta_Los Guzmancito.ElmComp\QP and QU limitation model.ElmDsl,QP and QU limitation model,oarray_qmaxpp,IntMat:qmaxpp,1,1,0.33
Planta_Los Guzmancito,QP and QU limitation model,\VM-PF.IntUser\PDD 30-09-2025.IntPrj\Network Model.IntPrjfolder\Network Data.IntPrjfolder\NORTE 138 kV.ElmNet\Los Guzmancito.ElmSite\Planta_Los Guzmancito.ElmComp\QP and QU limitation model.ElmDsl,QP and QU limitation model,oarray_qmaxpp,IntMat:qmaxpp,2,0,1.0
Planta_Los Guzmancito,QP and QU limitation model,\VM-PF.IntUser\PDD 30-09-2025.IntPrj\Network Model.IntPrjfolder\Network Data.IntPrjfolder\NORTE 138 kV.ElmNet\Los Guzmancito.ElmSite\Planta_Los Guzmancito.ElmComp\QP and QU limitation model.ElmDsl,QP and QU limitation model,oarray_qmaxpp,IntMat:qmaxpp,2,1,0.33
Planta_Los Guzmancito,QP and QU limitation model,\VM-PF.IntUser\PDD 30-09-2025.IntPrj\Network Model.IntPrjfolder\Network Data.IntPrjfolder\NORTE 138 kV.ElmNet\Los Guzmancito.ElmSite\Planta_Los Guzmancito.ElmComp\QP and QU limitation model.ElmDsl,QP and QU limitation model,oarray_qminpp,IntMat:qminpp,0,0,0.0
Planta_Los Guzmancito,QP and QU limitation model,\VM-PF.IntUser\PDD 30-09-2025.IntPrj\Network Model.IntPrjfolder\Network Data.IntPrjfolder\NORTE 138 kV.ElmNet\Los Guzmancito.ElmSite\Planta_Los Guzmancito.ElmComp\QP and QU limitation model.ElmDsl,QP and QU limitation model,oarray_qminpp,IntMat:qminpp,0,1,0.0
Planta_Los Guzmancito,QP and QU limitation model,\VM-PF.IntUser\PDD 30-09-2025.IntPrj\Network Model.IntPrjfolder\Network Data.IntPrjfolder\NORTE 138 kV.ElmNet\Los Guzmancito.ElmSite\Planta_Los Guzmancito.ElmComp\QP and QU limitation model.ElmDsl,QP and QU limitation model,oarray_qminpp,IntMat:qminpp,1,0,0.3
Planta_Los Guzmancito,QP and QU limitation model,\VM-PF.IntUser\PDD 30-09-2025.IntPrj\Network Model.IntPrjfolder\Network Data.IntPrjfolder\NORTE 138 kV.ElmNet\Los Guzmancito.ElmSite\Planta_Los Guzmancito.ElmComp\QP and QU limitation model.ElmDsl,QP and QU limitation model,oarray_qminpp,IntMat:qminpp,1,1,-0.33
Planta_Los Guzmancito,QP and QU limitation model,\VM-PF.IntUser\PDD 30-09-2025.IntPrj\Network Model.IntPrjfolder\Network Data.IntPrjfolder\NORTE 138 kV.ElmNet\Los Guzmancito.ElmSite\Planta_Los Guzmancito.ElmComp\QP and QU limitation model.ElmDsl,QP and QU limitation model,oarray_qminpp,IntMat:qminpp,2,0,1.0
Planta_Los Guzmancito,QP and QU limitation model,\VM-PF.IntUser\PDD 30-09-2025.IntPrj\Network Model.IntPrjfolder\Network Data.IntPrjfolder\NORTE 138 kV.ElmNet\Los Guzmancito.ElmSite\Planta_Los Guzmancito.ElmComp\QP and QU limitation model.ElmDsl,QP and QU limitation model,oarray_qminpp,IntMat:qminpp,2,1,-0.33
Planta_Los Guzmancito 2,Current limitation model,\VM-PF.IntUser\PDD 30-09-2025.IntPrj\Network Model.IntPrjfolder\Network Data.IntPrjfolder\NORTE 138 kV.ElmNet\Los Guzmancito.ElmSite\Planta_Los Guzmancito 2.ElmComp\Current limitation model.ElmDsl,Current limitation model,oarray_iqmaxuWT,IntMat:iqmaxuWT,0,0,0.0
Planta_Los Guzmancito 2,Current limitation model,\VM-PF.IntUser\PDD 30-09-2025.IntPrj\Network Model.IntPrjfolder\Network Data.IntPrjfolder\NORTE 138 kV.ElmNet\Los Guzmancito.ElmSite\Planta_Los Guzmancito 2.ElmComp\Current limitation model.ElmDsl,Current limitation model,oarray_iqmaxuWT,IntMat:iqmaxuWT,0,1,0.1
Planta_Los Guzmancito 2,Current limitation model,\VM-PF.IntUser\PDD 30-09-2025.IntPrj\Network Model.IntPrjfolder\Network Data.IntPrjfolder\NORTE 138 kV.ElmNet\Los Guzmancito.ElmSite\Planta_Los Guzmancito 2.ElmComp\Current limitation model.ElmDsl,Current limitation model,oarray_iqmaxuWT,IntMat:iqmaxuWT,1,0,0.2
Planta_Los Guzmancito 2,Current limitation model,\VM-PF.IntUser\PDD 30-09-2025.IntPrj\Network Model.IntPrjfolder\Network Data.IntPrjfolder\NORTE 138 kV.ElmNet\Los Guzmancito.ElmSite\Planta_Los Guzmancito 2.ElmComp\Current limitation model.ElmDsl,Current limitation model,oarray_iqmaxuWT,IntMat:iqmaxuWT,1,1,0.95
Planta_Los Guzmancito 2,Current limitation model,\VM-PF.IntUser\PDD 30-09-2025.IntPrj\Network Model.IntPrjfolder\Network Data.IntPrjfolder\NORTE 138 kV.ElmNet\Los Guzmancito.ElmSite\Planta_Los Guzmancito 2.ElmComp\Current limitation model.ElmDsl,Current limitation model,oarray_iqmaxuWT,IntMat:iqmaxuWT,2,0,0.2
Planta_Los Guzmancito 2,Current limitation model,\VM-PF.IntUser\PDD 30-09-2025.IntPrj\Network Model.IntPrjfolder\Network Data.IntPrjfolder\NORTE 138 kV.ElmNet\Los Guzmancito.ElmSite\Planta_Los Guzmancito 2.ElmComp\Current limitation model.ElmDsl,Current limitation model,oarray_iqmaxuWT,IntMat:iqmaxuWT,2,1,1.0
Planta_Los Guzmancito 2,Current limitation model,\VM-PF.IntUser\PDD 30-09-2025.IntPrj\Network Model.IntPrjfolder\Network Data.IntPrjfolder\NORTE 138 kV.ElmNet\Los Guzmancito.ElmSite\Planta_Los Guzmancito 2.ElmComp\Current limitation model.ElmDsl,Current limitation model,oarray_iqmaxuWT,IntMat:iqmaxuWT,3,0,0.9
Planta_Los Guzmancito 2,Current limitation model,\VM-PF.IntUser\PDD 30-09-2025.IntPrj\Network Model.IntPrjfolder\Network Data.IntPrjfolder\NORTE 138 kV.ElmNet\Los Guzmancito.ElmSite\Planta_Los Guzmancito 2.ElmComp\Current limitation model.ElmDsl,Current limitation model,oarray_iqmaxuWT,IntMat:iqmaxuWT,3,1,1.0
Planta_Los Guzmancito 2,Current limitation model,\VM-PF.IntUser\PDD 30-09-2025.IntPrj\Network Model.IntPrjfolder\Network Data.IntPrjfolder\NORTE 138 kV.ElmNet\Los Guzmancito.ElmSite\Planta_Los Guzmancito 2.ElmComp\Current limitation model.ElmDsl,Current limitation model,oarray_iqmaxuWT,IntMat:iqmaxuWT,4,0,0.9
Planta_Los Guzmancito 2,Current limitation model,\VM-PF.IntUser\PDD 30-09-2025.IntPrj\Network Model.IntPrjfolder\Network Data.IntPrjfolder\NORTE 138 kV.ElmNet\Los Guzmancito.ElmSite\Planta_Los Guzmancito 2.ElmComp\Current limitation model.ElmDsl,Current limitation model,oarray_iqmaxuWT,IntMat:iqmaxuWT,4,1,0.36
Planta_Los Guzmancito 2,Current limitation model,\VM-PF.IntUser\PDD 30-09-2025.IntPrj\Network Model.IntPrjfolder\Network Data.IntPrjfolder\NORTE 138 kV.ElmNet\Los Guzmancito.ElmSite\Planta_Los Guzmancito 2.ElmComp\Current limitation model.ElmDsl,Current limitation model,oarray_iqmaxuWT,IntMat:iqmaxuWT,5,0,1.1
Planta_Los Guzmancito 2,Current limitation model,\VM-PF.IntUser\PDD 30-09-2025.IntPrj\Network Model.IntPrjfolder\Network Data.IntPrjfolder\NORTE 138 kV.ElmNet\Los Guzmancito.ElmSite\Planta_Los Guzmancito 2.ElmComp\Current limitation model.ElmDsl,Current limitation model,oarray_iqmaxuWT,IntMat:iqmaxuWT,5,1,0.3
Planta_Los Guzmancito 2,Current limitation model,\VM-PF.IntUser\PDD 30-09-2025.IntPrj\Network Model.IntPrjfolder\Network Data.IntPrjfolder\NORTE 138 kV.ElmNet\Los Guzmancito.ElmSite\Planta_Los Guzmancito 2.ElmComp\Current limitation model.ElmDsl,Current limitation model,oarray_ipmaxuWT,IntMat:ipmaxuWT,0,0,0.0
Planta_Los Guzmancito 2,Current limitation model,\VM-PF.IntUser\PDD 30-09-2025.IntPrj\Network Model.IntPrjfolder\Network Data.IntPrjfolder\NORTE 138 kV.ElmNet\Los Guzmancito.ElmSite\Planta_Los Guzmancito 2.ElmComp\Current limitation model.ElmDsl,Current limitation model,oarray_ipmaxuWT,IntMat:ipmaxuWT,0,1,0.0
Planta_Los Guzmancito 2,Current limitation model,\VM-PF.IntUser\PDD 30-09-2025.IntPrj\Network Model.IntPrjfolder\Network Data.IntPrjfolder\NORTE 138 kV.ElmNet\Los Guzmancito.ElmSite\Planta_Los Guzmancito 2.ElmComp\Current limitation model.ElmDsl,Current limitation model,oarray_ipmaxuWT,IntMat:ipmaxuWT,1,0,0.1
Planta_Los Guzmancito 2,Current limitation model,\VM-PF.IntUser\PDD 30-09-2025.IntPrj\Network Model.IntPrjfolder\Network Data.IntPrjfolder\NORTE 138 kV.ElmNet\Los Guzmancito.ElmSite\Planta_Los Guzmancito 2.ElmComp\Current limitation model.ElmDsl,Current limitation model,oarray_ipmaxuWT,IntMat:ipmaxuWT,1,1,0.0
Planta_Los Guzmancito 2,Current limitation model,\VM-PF.IntUser\PDD 30-09-2025.IntPrj\Network Model.IntPrjfolder\Network Data.IntPrjfolder\NORTE 138 kV.ElmNet\Los Guzmancito.ElmSite\Planta_Los Guzmancito 2.ElmComp\Current limitation model.ElmDsl,Current limitation model,oarray_ipmaxuWT,IntMat:ipmaxuWT,2,0,0.15
Planta_Los Guzmancito 2,Current limitation model,\VM-PF.IntUser\PDD 30-09-2025.IntPrj\Network Model.IntPrjfolder\Network Data.IntPrjfolder\NORTE 138 kV.ElmNet\Los Guzmancito.ElmSite\Planta_Los Guzmancito 2.ElmComp\Current limitation model.ElmDsl,Current limitation model,oarray_ipmaxuWT,IntMat:ipmaxuWT,2,1,1.0
Planta_Los Guzmancito 2,Current limitation model,\VM-PF.IntUser\PDD 30-09-2025.IntPrj\Network Model.IntPrjfolder\Network Data.IntPrjfolder\NORTE 138 kV.ElmNet\Los Guzmancito.ElmSite\Planta_Los Guzmancito 2.ElmComp\Current limitation model.ElmDsl,Current limitation model,oarray_ipmaxuWT,IntMat:ipmaxuWT,3,0,0.9
Planta_Los Guzmancito 2,Current limitation model,\VM-PF.IntUser\PDD 30-09-2025.IntPrj\Network Model.IntPrjfolder\Network Data.IntPrjfolder\NORTE 138 kV.ElmNet\Los Guzmancito.ElmSite\Planta_Los Guzmancito 2.ElmComp\Current limitation model.ElmDsl,Current limitation model,oarray_ipmaxuWT,IntMat:ipmaxuWT,3,1,1.0
Planta_Los Guzmancito 2,Current limitation model,\VM-PF.IntUser\PDD 30-09-2025.IntPrj\Network Model.IntPrjfolder\Network Data.IntPrjfolder\NORTE 138 kV.ElmNet\Los Guzmancito.ElmSite\Planta_Los Guzmancito 2.ElmComp\Current limitation model.ElmDsl,Current limitation model,oarray_ipmaxuWT,IntMat:ipmaxuWT,4,0,0.91
Planta_Los Guzmancito 2,Current limitation model,\VM-PF.IntUser\PDD 30-09-2025.IntPrj\Network Model.IntPrjfolder\Network Data.IntPrjfolder\NORTE 138 kV.ElmNet\Los Guzmancito.ElmSite\Planta_Los Guzmancito 2.ElmComp\Current limitation model.ElmDsl,Current limitation model,oarray_ipmaxuWT,IntMat:ipmaxuWT,4,1,1.2
Planta_Los Guzmancito 2,Current limitation model,\VM-PF.IntUser\PDD 30-09-2025.IntPrj\Network Model.IntPrjfolder\Network Data.IntPrjfolder\NORTE 138 kV.ElmNet\Los Guzmancito.ElmSite\Planta_Los Guzmancito 2.ElmComp\Current limitation model.ElmDsl,Current limitation model,oarray_ipmaxuWT,IntMat:ipmaxuWT,5,0,1.2
Planta_Los Guzmancito 2,Current limitation model,\VM-PF.IntUser\PDD 30-09-2025.IntPrj\Network Model.IntPrjfolder\Network Data.IntPrjfolder\NORTE 138 kV.ElmNet\Los Guzmancito.ElmSite\Planta_Los Guzmancito 2.ElmComp\Current limitation model.ElmDsl,Current limitation model,oarray_ipmaxuWT,IntMat:ipmaxuWT,5,1,1.2
Planta_Los Guzmancito 2,P control model type 3,\VM-PF.IntUser\PDD 30-09-2025.IntPrj\Network Model.IntPrjfolder\Network Data.IntPrjfolder\NORTE 138 kV.ElmNet\Los Guzmancito.ElmSite\Planta_Los Guzmancito 2.ElmComp\P control model type 3.ElmDsl,P control model type 3,oarray_wp,IntMat:wp,0,0,0.0
Planta_Los Guzmancito 2,P control model type 3,\VM-PF.IntUser\PDD 30-09-2025.IntPrj\Network Model.IntPrjfolder\Network Data.IntPrjfolder\NORTE 138 kV.ElmNet\Los Guzmancito.ElmSite\Planta_Los Guzmancito 2.ElmComp\P control model type 3.ElmDsl,P control model type 3,oarray_wp,IntMat:wp,0,1,0.76
Planta_Los Guzmancito 2,P control model type 3,\VM-PF.IntUser\PDD 30-09-2025.IntPrj\Network Model.IntPrjfolder\Network Data.IntPrjfolder\NORTE 138 kV.ElmNet\Los Guzmancito.ElmSite\Planta_Los Guzmancito 2.ElmComp\P control model type 3.ElmDsl,P control model type 3,oarray_wp,IntMat:wp,1,0,0.3
Planta_Los Guzmancito 2,P control model type 3,\VM-PF.IntUser\PDD 30-09-2025.IntPrj\Network Model.IntPrjfolder\Network Data.IntPrjfolder\NORTE 138 kV.ElmNet\Los Guzmancito.ElmSite\Planta_Los Guzmancito 2.ElmComp\P control model type 3.ElmDsl,P control model type 3,oarray_wp,IntMat:wp,1,1,0.76
Planta_Los Guzmancito 2,P control model type 3,\VM-PF.IntUser\PDD 30-09-2025.IntPrj\Network Model.IntPrjfolder\Network Data.IntPrjfolder\NORTE 138 kV.ElmNet\Los Guzmancito.ElmSite\Planta_Los Guzmancito 2.ElmComp\P control model type 3.ElmDsl,P control model type 3,oarray_wp,IntMat:wp,2,0,0.31
Planta_Los Guzmancito 2,P control model type 3,\VM-PF.IntUser\PDD 30-09-2025.IntPrj\Network Model.IntPrjfolder\Network Data.IntPrjfolder\NORTE 138 kV.ElmNet\Los Guzmancito.ElmSite\Planta_Los Guzmancito 2.ElmComp\P control model type 3.ElmDsl,P control model type 3,oarray_wp,IntMat:wp,2,1,0.86
Planta_Los Guzmancito 2,P control model type 3,\VM-PF.IntUser\PDD 30-09-2025.IntPrj\Network Model.IntPrjfolder\Network Data.IntPrjfolder\NORTE 138 kV.ElmNet\Los Guzmancito.ElmSite\Planta_Los Guzmancito 2.ElmComp\P control model type 3.ElmDsl,P control model type 3,oarray_wp,IntMat:wp,3,0,0.4
Planta_Los Guzmancito 2,P control model type 3,\VM-PF.IntUser\PDD 30-09-2025.IntPrj\Network Model.IntPrjfolder\Network Data.IntPrjfolder\NORTE 138 kV.ElmNet\Los Guzmancito.ElmSite\Planta_Los Guzmancito 2.ElmComp\P control model type 3.ElmDsl,P control model type 3,oarray_wp,IntMat:wp,3,1,0.94
Planta_Los Guzmancito 2,P control model type 3,\VM-PF.IntUser\PDD 30-09-2025.IntPrj\Network Model.IntPrjfolder\Network Data.IntPrjfolder\NORTE 138 kV.ElmNet\Los Guzmancito.ElmSite\Planta_Los Guzmancito 2.ElmComp\P control model type 3.ElmDsl,P control model type 3,oarray_wp,IntMat:wp,4,0,0.5
Planta_Los Guzmancito 2,P control model type 3,\VM-PF.IntUser\PDD 30-09-2025.IntPrj\Network Model.IntPrjfolder\Network Data.IntPrjfolder\NORTE 138 kV.ElmNet\Los Guzmancito.ElmSite\Planta_Los Guzmancito 2.ElmComp\P control model type 3.ElmDsl,P control model type 3,oarray_wp,IntMat:wp,4,1,1.0
Planta_Los Guzmancito 2,P control model type 3,\VM-PF.IntUser\PDD 30-09-2025.IntPrj\Network Model.IntPrjfolder\Network Data.IntPrjfolder\NORTE 138 kV.ElmNet\Los Guzmancito.ElmSite\Planta_Los Guzmancito 2.ElmComp\P control model type 3.ElmDsl,P control model type 3,oarray_wp,IntMat:wp,5,0,1.0
Planta_Los Guzmancito 2,P control model type 3,\VM-PF.IntUser\PDD 30-09-2025.IntPrj\Network Model.IntPrjfolder\Network Data.IntPrjfolder\NORTE 138 kV.ElmNet\Los Guzmancito.ElmSite\Planta_Los Guzmancito 2.ElmComp\P control model type 3.ElmDsl,P control model type 3,oarray_wp,IntMat:wp,5,1,1.0
Planta_Los Guzmancito 2,Protection,\VM-PF.IntUser\PDD 30-09-2025.IntPrj\Network Model.IntPrjfolder\Network Data.IntPrjfolder\NORTE 138 kV.ElmNet\Los Guzmancito.ElmSite\Planta_Los Guzmancito 2.ElmComp\Protection.ElmDsl,Grid Protection Model,oarray_TuunderuWT,IntMat:TuunderuWT,0,0,0.0
Planta_Los Guzmancito 2,Protection,\VM-PF.IntUser\PDD 30-09-2025.IntPrj\Network Model.IntPrjfolder\Network Data.IntPrjfolder\NORTE 138 kV.ElmNet\Los Guzmancito.ElmSite\Planta_Los Guzmancito 2.ElmComp\Protection.ElmDsl,Grid Protection Model,oarray_TuunderuWT,IntMat:TuunderuWT,0,1,0.55
Planta_Los Guzmancito 2,Protection,\VM-PF.IntUser\PDD 30-09-2025.IntPrj\Network Model.IntPrjfolder\Network Data.IntPrjfolder\NORTE 138 kV.ElmNet\Los Guzmancito.ElmSite\Planta_Los Guzmancito 2.ElmComp\Protection.ElmDsl,Grid Protection Model,oarray_TuunderuWT,IntMat:TuunderuWT,1,0,0.15
Planta_Los Guzmancito 2,Protection,\VM-PF.IntUser\PDD 30-09-2025.IntPrj\Network Model.IntPrjfolder\Network Data.IntPrjfolder\NORTE 138 kV.ElmNet\Los Guzmancito.ElmSite\Planta_Los Guzmancito 2.ElmComp\Protection.ElmDsl,Grid Protection Model,oarray_TuunderuWT,IntMat:TuunderuWT,1,1,0.55
Planta_Los Guzmancito 2,Protection,\VM-PF.IntUser\PDD 30-09-2025.IntPrj\Network Model.IntPrjfolder\Network Data.IntPrjfolder\NORTE 138 kV.ElmNet\Los Guzmancito.ElmSite\Planta_Los Guzmancito 2.ElmComp\Protection.ElmDsl,Grid Protection Model,oarray_TuunderuWT,IntMat:TuunderuWT,2,0,0.15
Planta_Los Guzmancito 2,Protection,\VM-PF.IntUser\PDD 30-09-2025.IntPrj\Network Model.IntPrjfolder\Network Data.IntPrjfolder\NORTE 138 kV.ElmNet\Los Guzmancito.ElmSite\Planta_Los Guzmancito 2.ElmComp\Protection.ElmDsl,Grid Protection Model,oarray_TuunderuWT,IntMat:TuunderuWT,2,1,0.75
Planta_Los Guzmancito 2,Protection,\VM-PF.IntUser\PDD 30-09-2025.IntPrj\Network Model.IntPrjfolder\Network Data.IntPrjfolder\NORTE 138 kV.ElmNet\Los Guzmancito.ElmSite\Planta_Los Guzmancito 2.ElmComp\Protection.ElmDsl,Grid Protection Model,oarray_TuunderuWT,IntMat:TuunderuWT,3,0,0.8
Planta_Los Guzmancito 2,Protection,\VM-PF.IntUser\PDD 30-09-2025.IntPrj\Network Model.IntPrjfolder\Network Data.IntPrjfolder\NORTE 138 kV.ElmNet\Los Guzmancito.ElmSite\Planta_Los Guzmancito 2.ElmComp\Protection.ElmDsl,Grid Protection Model,oarray_TuunderuWT,IntMat:TuunderuWT,3,1,3.05
Planta_Los Guzmancito 2,Protection,\VM-PF.IntUser\PDD 30-09-2025.IntPrj\Network Model.IntPrjfolder\Network Data.IntPrjfolder\NORTE 138 kV.ElmNet\Los Guzmancito.ElmSite\Planta_Los Guzmancito 2.ElmComp\Protection.ElmDsl,Grid Protection Model,oarray_TuunderuWT,IntMat:TuunderuWT,4,0,0.8
Planta_Los Guzmancito 2,Protection,\VM-PF.IntUser\PDD 30-09-2025.IntPrj\Network Model.IntPrjfolder\Network Data.IntPrjfolder\NORTE 138 kV.ElmNet\Los Guzmancito.ElmSite\Planta_Los Guzmancito 2.ElmComp\Protection.ElmDsl,Grid Protection Model,oarray_TuunderuWT,IntMat:TuunderuWT,4,1,120.5
Planta_Los Guzmancito 2,Protection,\VM-PF.IntUser\PDD 30-09-2025.IntPrj\Network Model.IntPrjfolder\Network Data.IntPrjfolder\NORTE 138 kV.ElmNet\Los Guzmancito.ElmSite\Planta_Los Guzmancito 2.ElmComp\Protection.ElmDsl,Grid Protection Model,oarray_TuunderuWT,IntMat:TuunderuWT,5,0,0.85
Planta_Los Guzmancito 2,Protection,\VM-PF.IntUser\PDD 30-09-2025.IntPrj\Network Model.IntPrjfolder\Network Data.IntPrjfolder\NORTE 138 kV.ElmNet\Los Guzmancito.ElmSite\Planta_Los Guzmancito 2.ElmComp\Protection.ElmDsl,Grid Protection Model,oarray_TuunderuWT,IntMat:TuunderuWT,5,1,120.5
Planta_Los Guzmancito 2,Protection,\VM-PF.IntUser\PDD 30-09-2025.IntPrj\Network Model.IntPrjfolder\Network Data.IntPrjfolder\NORTE 138 kV.ElmNet\Los Guzmancito.ElmSite\Planta_Los Guzmancito 2.ElmComp\Protection.ElmDsl,Grid Protection Model,oarray_TuunderuWT,IntMat:TuunderuWT,6,0,0.85
Planta_Los Guzmancito 2,Protection,\VM-PF.IntUser\PDD 30-09-2025.IntPrj\Network Model.IntPrjfolder\Network Data.IntPrjfolder\NORTE 138 kV.ElmNet\Los Guzmancito.ElmSite\Planta_Los Guzmancito 2.ElmComp\Protection.ElmDsl,Grid Protection Model,oarray_TuunderuWT,IntMat:TuunderuWT,6,1,180.0
Planta_Los Guzmancito 2,Protection,\VM-PF.IntUser\PDD 30-09-2025.IntPrj\Network Model.IntPrjfolder\Network Data.IntPrjfolder\NORTE 138 kV.ElmNet\Los Guzmancito.ElmSite\Planta_Los Guzmancito 2.ElmComp\Protection.ElmDsl,Grid Protection Model,oarray_TuunderuWT,IntMat:TuunderuWT,7,0,0.9
Planta_Los Guzmancito 2,Protection,\VM-PF.IntUser\PDD 30-09-2025.IntPrj\Network Model.IntPrjfolder\Network Data.IntPrjfolder\NORTE 138 kV.ElmNet\Los Guzmancito.ElmSite\Planta_Los Guzmancito 2.ElmComp\Protection.ElmDsl,Grid Protection Model,oarray_TuunderuWT,IntMat:TuunderuWT,7,1,180.0
Planta_Los Guzmancito 2,Protection,\VM-PF.IntUser\PDD 30-09-2025.IntPrj\Network Model.IntPrjfolder\Network Data.IntPrjfolder\NORTE 138 kV.ElmNet\Los Guzmancito.ElmSite\Planta_Los Guzmancito 2.ElmComp\Protection.ElmDsl,Grid Protection Model,oarray_TfunderfWT,IntMat:TfunderfWT,0,0,0.95
Planta_Los Guzmancito 2,Protection,\VM-PF.IntUser\PDD 30-09-2025.IntPrj\Network Model.IntPrjfolder\Network Data.IntPrjfolder\NORTE 138 kV.ElmNet\Los Guzmancito.ElmSite\Planta_Los Guzmancito 2.ElmComp\Protection.ElmDsl,Grid Protection Model,oarray_TfunderfWT,IntMat:TfunderfWT,0,1,0.1
Planta_Los Guzmancito 2,Protection,\VM-PF.IntUser\PDD 30-09-2025.IntPrj\Network Model.IntPrjfolder\Network Data.IntPrjfolder\NORTE 138 kV.ElmNet\Los Guzmancito.ElmSite\Planta_Los Guzmancito 2.ElmComp\Protection.ElmDsl,Grid Protection Model,oarray_TfunderfWT,IntMat:TfunderfWT,1,0,0.95
Planta_Los Guzmancito 2,Protection,\VM-PF.IntUser\PDD 30-09-2025.IntPrj\Network Model.IntPrjfolder\Network Data.IntPrjfolder\NORTE 138 kV.ElmNet\Los Guzmancito.ElmSite\Planta_Los Guzmancito 2.ElmComp\Protection.ElmDsl,Grid Protection Model,oarray_TfunderfWT,IntMat:TfunderfWT,1,1,0.1
Planta_Los Guzmancito 2,Protection,\VM-PF.IntUser\PDD 30-09-2025.IntPrj\Network Model.IntPrjfolder\Network Data.IntPrjfolder\NORTE 138 kV.ElmNet\Los Guzmancito.ElmSite\Planta_Los Guzmancito 2.ElmComp\Protection.ElmDsl,Grid Protection Model,oarray_TuoveruWT,IntMat:TuoveruWT,0,0,1.2
Planta_Los Guzmancito 2,Protection,\VM-PF.IntUser\PDD 30-09-2025.IntPrj\Network Model.IntPrjfolder\Network Data.IntPrjfolder\NORTE 138 kV.ElmNet\Los Guzmancito.ElmSite\Planta_Los Guzmancito 2.ElmComp\Protection.ElmDsl,Grid Protection Model,oarray_TuoveruWT,IntMat:TuoveruWT,0,1,0.1
Planta_Los Guzmancito 2,Protection,\VM-PF.IntUser\PDD 30-09-2025.IntPrj\Network Model.IntPrjfolder\Network Data.IntPrjfolder\NORTE 138 kV.ElmNet\Los Guzmancito.ElmSite\Planta_Los Guzmancito 2.ElmComp\Protection.ElmDsl,Grid Protection Model,oarray_TuoveruWT,IntMat:TuoveruWT,1,0,1.15
Planta_Los Guzmancito 2,Protection,\VM-PF.IntUser\PDD 30-09-2025.IntPrj\Network Model.IntPrjfolder\Network Data.IntPrjfolder\NORTE 138 kV.ElmNet\Los Guzmancito.ElmSite\Planta_Los Guzmancito 2.ElmComp\Protection.ElmDsl,Grid Protection Model,oarray_TuoveruWT,IntMat:TuoveruWT,1,1,0.1
Planta_Los Guzmancito 2,Protection,\VM-PF.IntUser\PDD 30-09-2025.IntPrj\Network Model.IntPrjfolder\Network Data.IntPrjfolder\NORTE 138 kV.ElmNet\Los Guzmancito.ElmSite\Planta_Los Guzmancito 2.ElmComp\Protection.ElmDsl,Grid Protection Model,oarray_TuoveruWT,IntMat:TuoveruWT,2,0,1.15
Planta_Los Guzmancito 2,Protection,\VM-PF.IntUser\PDD 30-09-2025.IntPrj\Network Model.IntPrjfolder\Network Data.IntPrjfolder\NORTE 138 kV.ElmNet\Los Guzmancito.ElmSite\Planta_Los Guzmancito 2.ElmComp\Protection.ElmDsl,Grid Protection Model,oarray_TuoveruWT,IntMat:TuoveruWT,2,1,1.0
Planta_Los Guzmancito 2,Protection,\VM-PF.IntUser\PDD 30-09-2025.IntPrj\Network Model.IntPrjfolder\Network Data.IntPrjfolder\NORTE 138 kV.ElmNet\Los Guzmancito.ElmSite\Planta_Los Guzmancito 2.ElmComp\Protection.ElmDsl,Grid Protection Model,oarray_TuoveruWT,IntMat:TuoveruWT,3,0,1.1
Planta_Los Guzmancito 2,Protection,\VM-PF.IntUser\PDD 30-09-2025.IntPrj\Network Model.IntPrjfolder\Network Data.IntPrjfolder\NORTE 138 kV.ElmNet\Los Guzmancito.ElmSite\Planta_Los Guzmancito 2.ElmComp\Protection.ElmDsl,Grid Protection Model,oarray_TuoveruWT,IntMat:TuoveruWT,3,1,1.0
Planta_Los Guzmancito 2,Protection,\VM-PF.IntUser\PDD 30-09-2025.IntPrj\Network Model.IntPrjfolder\Network Data.IntPrjfolder\NORTE 138 kV.ElmNet\Los Guzmancito.ElmSite\Planta_Los Guzmancito 2.ElmComp\Protection.ElmDsl,Grid Protection Model,oarray_TfoverfWT,IntMat:TfoverfWT,0,0,1.03
Planta_Los Guzmancito 2,Protection,\VM-PF.IntUser\PDD 30-09-2025.IntPrj\Network Model.IntPrjfolder\Network Data.IntPrjfolder\NORTE 138 kV.ElmNet\Los Guzmancito.ElmSite\Planta_Los Guzmancito 2.ElmComp\Protection.ElmDsl,Grid Protection Model,oarray_TfoverfWT,IntMat:TfoverfWT,0,1,0.1
Planta_Los Guzmancito 2,Protection,\VM-PF.IntUser\PDD 30-09-2025.IntPrj\Network Model.IntPrjfolder\Network Data.IntPrjfolder\NORTE 138 kV.ElmNet\Los Guzmancito.ElmSite\Planta_Los Guzmancito 2.ElmComp\Protection.ElmDsl,Grid Protection Model,oarray_TfoverfWT,IntMat:TfoverfWT,1,0,1.03
Planta_Los Guzmancito 2,Protection,\VM-PF.IntUser\PDD 30-09-2025.IntPrj\Network Model.IntPrjfolder\Network Data.IntPrjfolder\NORTE 138 kV.ElmNet\Los Guzmancito.ElmSite\Planta_Los Guzmancito 2.ElmComp\Protection.ElmDsl,Grid Protection Model,oarray_TfoverfWT,IntMat:TfoverfWT,1,1,0.1
Planta_Los Guzmancito 2,QP and QU limitation model,\VM-PF.IntUser\PDD 30-09-2025.IntPrj\Network Model.IntPrjfolder\Network Data.IntPrjfolder\NORTE 138 kV.ElmNet\Los Guzmancito.ElmSite\Planta_Los Guzmancito 2.ElmComp\QP and QU limitation model.ElmDsl,QP and QU limitation model,oarray_qmaxuu,IntMat:qmaxuu,0,0,0.0
Planta_Los Guzmancito 2,QP and QU limitation model,\VM-PF.IntUser\PDD 30-09-2025.IntPrj\Network Model.IntPrjfolder\Network Data.IntPrjfolder\NORTE 138 kV.ElmNet\Los Guzmancito.ElmSite\Planta_Los Guzmancito 2.ElmComp\QP and QU limitation model.ElmDsl,QP and QU limitation model,oarray_qmaxuu,IntMat:qmaxuu,0,1,0.0
Planta_Los Guzmancito 2,QP and QU limitation model,\VM-PF.IntUser\PDD 30-09-2025.IntPrj\Network Model.IntPrjfolder\Network Data.IntPrjfolder\NORTE 138 kV.ElmNet\Los Guzmancito.ElmSite\Planta_Los Guzmancito 2.ElmComp\QP and QU limitation model.ElmDsl,QP and QU limitation model,oarray_qmaxuu,IntMat:qmaxuu,1,0,0.8
Planta_Los Guzmancito 2,QP and QU limitation model,\VM-PF.IntUser\PDD 30-09-2025.IntPrj\Network Model.IntPrjfolder\Network Data.IntPrjfolder\NORTE 138 kV.ElmNet\Los Guzmancito.ElmSite\Planta_Los Guzmancito 2.ElmComp\QP and QU limitation model.ElmDsl,QP and QU limitation model,oarray_qmaxuu,IntMat:qmaxuu,1,1,0.33
Planta_Los Guzmancito 2,QP and QU limitation model,\VM-PF.IntUser\PDD 30-09-2025.IntPrj\Network Model.IntPrjfolder\Network Data.IntPrjfolder\NORTE 138 kV.ElmNet\Los Guzmancito.ElmSite\Planta_Los Guzmancito 2.ElmComp\QP and QU limitation model.ElmDsl,QP and QU limitation model,oarray_qmaxuu,IntMat:qmaxuu,2,0,0.9
Planta_Los Guzmancito 2,QP and QU limitation model,\VM-PF.IntUser\PDD 30-09-2025.IntPrj\Network Model.IntPrjfolder\Network Data.IntPrjfolder\NORTE 138 kV.ElmNet\Los Guzmancito.ElmSite\Planta_Los Guzmancito 2.ElmComp\QP and QU limitation model.ElmDsl,QP and QU limitation model,oarray_qmaxuu,IntMat:qmaxuu,2,1,0.33
Planta_Los Guzmancito 2,QP and QU limitation model,\VM-PF.IntUser\PDD 30-09-2025.IntPrj\Network Model.IntPrjfolder\Network Data.IntPrjfolder\NORTE 138 kV.ElmNet\Los Guzmancito.ElmSite\Planta_Los Guzmancito 2.ElmComp\QP and QU limitation model.ElmDsl,QP and QU limitation model,oarray_qminuu,IntMat:qminuu,0,0,0.0
Planta_Los Guzmancito 2,QP and QU limitation model,\VM-PF.IntUser\PDD 30-09-2025.IntPrj\Network Model.IntPrjfolder\Network Data.IntPrjfolder\NORTE 138 kV.ElmNet\Los Guzmancito.ElmSite\Planta_Los Guzmancito 2.ElmComp\QP and QU limitation model.ElmDsl,QP and QU limitation model,oarray_qminuu,IntMat:qminuu,0,1,0.0
Planta_Los Guzmancito 2,QP and QU limitation model,\VM-PF.IntUser\PDD 30-09-2025.IntPrj\Network Model.IntPrjfolder\Network Data.IntPrjfolder\NORTE 138 kV.ElmNet\Los Guzmancito.ElmSite\Planta_Los Guzmancito 2.ElmComp\QP and QU limitation model.ElmDsl,QP and QU limitation model,oarray_qminuu,IntMat:qminuu,1,0,0.8
Planta_Los Guzmancito 2,QP and QU limitation model,\VM-PF.IntUser\PDD 30-09-2025.IntPrj\Network Model.IntPrjfolder\Network Data.IntPrjfolder\NORTE 138 kV.ElmNet\Los Guzmancito.ElmSite\Planta_Los Guzmancito 2.ElmComp\QP and QU limitation model.ElmDsl,QP and QU limitation model,oarray_qminuu,IntMat:qminuu,1,1,-0.33
Planta_Los Guzmancito 2,QP and QU limitation model,\VM-PF.IntUser\PDD 30-09-2025.IntPrj\Network Model.IntPrjfolder\Network Data.IntPrjfolder\NORTE 138 kV.ElmNet\Los Guzmancito.ElmSite\Planta_Los Guzmancito 2.ElmComp\QP and QU limitation model.ElmDsl,QP and QU limitation model,oarray_qminuu,IntMat:qminuu,2,0,0.9
Planta_Los Guzmancito 2,QP and QU limitation model,\VM-PF.IntUser\PDD 30-09-2025.IntPrj\Network Model.IntPrjfolder\Network Data.IntPrjfolder\NORTE 138 kV.ElmNet\Los Guzmancito.ElmSite\Planta_Los Guzmancito 2.ElmComp\QP and QU limitation model.ElmDsl,QP and QU limitation model,oarray_qminuu,IntMat:qminuu,2,1,-0.33
Planta_Los Guzmancito 2,QP and QU limitation model,\VM-PF.IntUser\PDD 30-09-2025.IntPrj\Network Model.IntPrjfolder\Network Data.IntPrjfolder\NORTE 138 kV.ElmNet\Los Guzmancito.ElmSite\Planta_Los Guzmancito 2.ElmComp\QP and QU limitation model.ElmDsl,QP and QU limitation model,oarray_qmaxpp,IntMat:qmaxpp,0,0,0.0
Planta_Los Guzmancito 2,QP and QU limitation model,\VM-PF.IntUser\PDD 30-09-2025.IntPrj\Network Model.IntPrjfolder\Network Data.IntPrjfolder\NORTE 138 kV.ElmNet\Los Guzmancito.ElmSite\Planta_Los Guzmancito 2.ElmComp\QP and QU limitation model.ElmDsl,QP and QU limitation model,oarray_qmaxpp,IntMat:qmaxpp,0,1,0.0
Planta_Los Guzmancito 2,QP and QU limitation model,\VM-PF.IntUser\PDD 30-09-2025.IntPrj\Network Model.IntPrjfolder\Network Data.IntPrjfolder\NORTE 138 kV.ElmNet\Los Guzmancito.ElmSite\Planta_Los Guzmancito 2.ElmComp\QP and QU limitation model.ElmDsl,QP and QU limitation model,oarray_qmaxpp,IntMat:qmaxpp,1,0,0.3
Planta_Los Guzmancito 2,QP and QU limitation model,\VM-PF.IntUser\PDD 30-09-2025.IntPrj\Network Model.IntPrjfolder\Network Data.IntPrjfolder\NORTE 138 kV.ElmNet\Los Guzmancito.ElmSite\Planta_Los Guzmancito 2.ElmComp\QP and QU limitation model.ElmDsl,QP and QU limitation model,oarray_qmaxpp,IntMat:qmaxpp,1,1,0.33
Planta_Los Guzmancito 2,QP and QU limitation model,\VM-PF.IntUser\PDD 30-09-2025.IntPrj\Network Model.IntPrjfolder\Network Data.IntPrjfolder\NORTE 138 kV.ElmNet\Los Guzmancito.ElmSite\Planta_Los Guzmancito 2.ElmComp\QP and QU limitation model.ElmDsl,QP and QU limitation model,oarray_qmaxpp,IntMat:qmaxpp,2,0,1.0
Planta_Los Guzmancito 2,QP and QU limitation model,\VM-PF.IntUser\PDD 30-09-2025.IntPrj\Network Model.IntPrjfolder\Network Data.IntPrjfolder\NORTE 138 kV.ElmNet\Los Guzmancito.ElmSite\Planta_Los Guzmancito 2.ElmComp\QP and QU limitation model.ElmDsl,QP and QU limitation model,oarray_qmaxpp,IntMat:qmaxpp,2,1,0.33
Planta_Los Guzmancito 2,QP and QU limitation model,\VM-PF.IntUser\PDD 30-09-2025.IntPrj\Network Model.IntPrjfolder\Network Data.IntPrjfolder\NORTE 138 kV.ElmNet\Los Guzmancito.ElmSite\Planta_Los Guzmancito 2.ElmComp\QP and QU limitation model.ElmDsl,QP and QU limitation model,oarray_qminpp,IntMat:qminpp,0,0,0.0
Planta_Los Guzmancito 2,QP and QU limitation model,\VM-PF.IntUser\PDD 30-09-2025.IntPrj\Network Model.IntPrjfolder\Network Data.IntPrjfolder\NORTE 138 kV.ElmNet\Los Guzmancito.ElmSite\Planta_Los Guzmancito 2.ElmComp\QP and QU limitation model.ElmDsl,QP and QU limitation model,oarray_qminpp,IntMat:qminpp,0,1,0.0
Planta_Los Guzmancito 2,QP and QU limitation model,\VM-PF.IntUser\PDD 30-09-2025.IntPrj\Network Model.IntPrjfolder\Network Data.IntPrjfolder\NORTE 138 kV.ElmNet\Los Guzmancito.ElmSite\Planta_Los Guzmancito 2.ElmComp\QP and QU limitation model.ElmDsl,QP and QU limitation model,oarray_qminpp,IntMat:qminpp,1,0,0.3
Planta_Los Guzmancito 2,QP and QU limitation model,\VM-PF.IntUser\PDD 30-09-2025.IntPrj\Network Model.IntPrjfolder\Network Data.IntPrjfolder\NORTE 138 kV.ElmNet\Los Guzmancito.ElmSite\Planta_Los Guzmancito 2.ElmComp\QP and QU limitation model.ElmDsl,QP and QU limitation model,oarray_qminpp,IntMat:qminpp,1,1,-0.33
Planta_Los Guzmancito 2,QP and QU limitation model,\VM-PF.IntUser\PDD 30-09-2025.IntPrj\Network Model.IntPrjfolder\Network Data.IntPrjfolder\NORTE 138 kV.ElmNet\Los Guzmancito.ElmSite\Planta_Los Guzmancito 2.ElmComp\QP and QU limitation model.ElmDsl,QP and QU limitation model,oarray_qminpp,IntMat:qminpp,2,0,1.0
Planta_Los Guzmancito 2,QP and QU limitation model,\VM-PF.IntUser\PDD 30-09-2025.IntPrj\Network Model.IntPrjfolder\Network Data.IntPrjfolder\NORTE 138 kV.ElmNet\Los Guzmancito.ElmSite\Planta_Los Guzmancito 2.ElmComp\QP and QU limitation model.ElmDsl,QP and QU limitation model,oarray_qminpp,IntMat:qminpp,2,1,-0.33
MAN 18V/51/60DDF,Engine,\VM-PF.IntUser\PDD 30-09-2025.IntPrj\Network Model.IntPrjfolder\Network Data.IntPrjfolder\SUR 138 kV.ElmNet\POWERSHIP AZUA KPS 26.ElmSite\Planta_POWERSHIP AZUA KPS26 1.ElmComp\MAN 18V/51/60DDF.ElmComp\Engine.ElmDsl,eng_MAN Diesel Engine_v2,oarray_NRGM,IntMat:NRGM,0,0,0.0
MAN 18V/51/60DDF,Engine,\VM-PF.IntUser\PDD 30-09-2025.IntPrj\Network Model.IntPrjfolder\Network Data.IntPrjfolder\SUR 138 kV.ElmNet\POWERSHIP AZUA KPS 26.ElmSite\Planta_POWERSHIP AZUA KPS26 1.ElmComp\MAN 18V/51/60DDF.ElmComp\Engine.ElmDsl,eng_MAN Diesel Engine_v2,oarray_NRGM,IntMat:NRGM,0,1,0.01
MAN 18V/51/60DDF,Engine,\VM-PF.IntUser\PDD 30-09-2025.IntPrj\Network Model.IntPrjfolder\Network Data.IntPrjfolder\SUR 138 kV.ElmNet\POWERSHIP AZUA KPS 26.ElmSite\Planta_POWERSHIP AZUA KPS26 1.ElmComp\MAN 18V/51/60DDF.ElmComp\Engine.ElmDsl,eng_MAN Diesel Engine_v2,oarray_NRGM,IntMat:NRGM,1,0,0.82
MAN 18V/51/60DDF,Engine,\VM-PF.IntUser\PDD 30-09-2025.IntPrj\Network Model.IntPrjfolder\Network Data.IntPrjfolder\SUR 138 kV.ElmNet\POWERSHIP AZUA KPS 26.ElmSite\Planta_POWERSHIP AZUA KPS26 1.ElmComp\MAN 18V/51/60DDF.ElmComp\Engine.ElmDsl,eng_MAN Diesel Engine_v2,oarray_NRGM,IntMat:NRGM,1,1,0.01
MAN 18V/51/60DDF,Engine,\VM-PF.IntUser\PDD 30-09-2025.IntPrj\Network Model.IntPrjfolder\Network Data.IntPrjfolder\SUR 138 kV.ElmNet\POWERSHIP AZUA KPS 26.ElmSite\Planta_POWERSHIP AZUA KPS26 1.ElmComp\MAN 18V/51/60DDF.ElmComp\Engine.ElmDsl,eng_MAN Diesel Engine_v2,oarray_NRGM,IntMat:NRGM,2,0,6.0
MAN 18V/51/60DDF,Engine,\VM-PF.IntUser\PDD 30-09-2025.IntPrj\Network Model.IntPrjfolder\Network Data.IntPrjfolder\SUR 138 kV.ElmNet\POWERSHIP AZUA KPS 26.ElmSite\Planta_POWERSHIP AZUA KPS26 1.ElmComp\MAN 18V/51/60DDF.ElmComp\Engine.ElmDsl,eng_MAN Diesel Engine_v2,oarray_NRGM,IntMat:NRGM,2,1,0.08
MAN 18V/51/60DDF,Engine,\VM-PF.IntUser\PDD 30-09-2025.IntPrj\Network Model.IntPrjfolder\Network Data.IntPrjfolder\SUR 138 kV.ElmNet\POWERSHIP AZUA KPS 26.ElmSite\Planta_POWERSHIP AZUA KPS26 1.ElmComp\MAN 18V/51/60DDF.ElmComp\Engine.ElmDsl,eng_MAN Diesel Engine_v2,oarray_NRGM,IntMat:NRGM,3,0,80.0
MAN 18V/51/60DDF,Engine,\VM-PF.IntUser\PDD 30-09-2025.IntPrj\Network Model.IntPrjfolder\Network Data.IntPrjfolder\SUR 138 kV.ElmNet\POWERSHIP AZUA KPS 26.ElmSite\Planta_POWERSHIP AZUA KPS26 1.ElmComp\MAN 18V/51/60DDF.ElmComp\Engine.ElmDsl,eng_MAN Diesel Engine_v2,oarray_NRGM,IntMat:NRGM,3,1,1.08
MAN 18V/51/60DDF,Engine,\VM-PF.IntUser\PDD 30-09-2025.IntPrj\Network Model.IntPrjfolder\Network Data.IntPrjfolder\SUR 138 kV.ElmNet\POWERSHIP AZUA KPS 26.ElmSite\Planta_POWERSHIP AZUA KPS26 1.ElmComp\MAN 18V/51/60DDF.ElmComp\Engine.ElmDsl,eng_MAN Diesel Engine_v2,oarray_NRGM,IntMat:NRGM,4,0,100.0
MAN 18V/51/60DDF,Engine,\VM-PF.IntUser\PDD 30-09-2025.IntPrj\Network Model.IntPrjfolder\Network Data.IntPrjfolder\SUR 138 kV.ElmNet\POWERSHIP AZUA KPS 26.ElmSite\Planta_POWERSHIP AZUA KPS26 1.ElmComp\MAN 18V/51/60DDF.ElmComp\Engine.ElmDsl,eng_MAN Diesel Engine_v2,oarray_NRGM,IntMat:NRGM,4,1,1.35027
MAN 18V/51/60DDF,Engine,\VM-PF.IntUser\PDD 30-09-2025.IntPrj\Network Model.IntPrjfolder\Network Data.IntPrjfolder\SUR 138 kV.ElmNet\POWERSHIP AZUA KPS 26.ElmSite\Planta_POWERSHIP AZUA KPS26 1.ElmComp\MAN 18V/51/60DDF.ElmComp\Engine.ElmDsl,eng_MAN Diesel Engine_v2,oarray_NRGM,IntMat:NRGM,5,0,110.0
MAN 18V/51/60DDF,Engine,\VM-PF.IntUser\PDD 30-09-2025.IntPrj\Network Model.IntPrjfolder\Network Data.IntPrjfolder\SUR 138 kV.ElmNet\POWERSHIP AZUA KPS 26.ElmSite\Planta_POWERSHIP AZUA KPS26 1.ElmComp\MAN 18V/51/60DDF.ElmComp\Engine.ElmDsl,eng_MAN Diesel Engine_v2,oarray_NRGM,IntMat:NRGM,5,1,1.35027
MAN 18V/51/60DDF,Governor,\VM-PF.IntUser\PDD 30-09-2025.IntPrj\Network Model.IntPrjfolder\Network Data.IntPrjfolder\SUR 138 kV.ElmNet\POWERSHIP AZUA KPS 26.ElmSite\Planta_POWERSHIP AZUA KPS26 1.ElmComp\MAN 18V/51/60DDF.ElmComp\Governor.ElmDsl,gov_MAN Governor/Actuator_v3,oarray_Ptable,IntMat:Ptable,0,0,-30.0
MAN 18V/51/60DDF,Governor,\VM-PF.IntUser\PDD 30-09-2025.IntPrj\Network Model.IntPrjfolder\Network Data.IntPrjfolder\SUR 138 kV.ElmNet\POWERSHIP AZUA KPS 26.ElmSite\Planta_POWERSHIP AZUA KPS26 1.ElmComp\MAN 18V/51/60DDF.ElmComp\Governor.ElmDsl,gov_MAN Governor/Actuator_v3,oarray_Ptable,IntMat:Ptable,0,1,37.0
MAN 18V/51/60DDF,Governor,\VM-PF.IntUser\PDD 30-09-2025.IntPrj\Network Model.IntPrjfolder\Network Data.IntPrjfolder\SUR 138 kV.ElmNet\POWERSHIP AZUA KPS 26.ElmSite\Planta_POWERSHIP AZUA KPS26 1.ElmComp\MAN 18V/51/60DDF.ElmComp\Governor.ElmDsl,gov_MAN Governor/Actuator_v3,oarray_Ptable,IntMat:Ptable,1,0,-20.0
MAN 18V/51/60DDF,Governor,\VM-PF.IntUser\PDD 30-09-2025.IntPrj\Network Model.IntPrjfolder\Network Data.IntPrjfolder\SUR 138 kV.ElmNet\POWERSHIP AZUA KPS 26.ElmSite\Planta_POWERSHIP AZUA KPS26 1.ElmComp\MAN 18V/51/60DDF.ElmComp\Governor.ElmDsl,gov_MAN Governor/Actuator_v3,oarray_Ptable,IntMat:Ptable,1,1,37.0
MAN 18V/51/60DDF,Governor,\VM-PF.IntUser\PDD 30-09-2025.IntPrj\Network Model.IntPrjfolder\Network Data.IntPrjfolder\SUR 138 kV.ElmNet\POWERSHIP AZUA KPS 26.ElmSite\Planta_POWERSHIP AZUA KPS26 1.ElmComp\MAN 18V/51/60DDF.ElmComp\Governor.ElmDsl,gov_MAN Governor/Actuator_v3,oarray_Ptable,IntMat:Ptable,2,0,-15.0
MAN 18V/51/60DDF,Governor,\VM-PF.IntUser\PDD 30-09-2025.IntPrj\Network Model.IntPrjfolder\Network Data.IntPrjfolder\SUR 138 kV.ElmNet\POWERSHIP AZUA KPS 26.ElmSite\Planta_POWERSHIP AZUA KPS26 1.ElmComp\MAN 18V/51/60DDF.ElmComp\Governor.ElmDsl,gov_MAN Governor/Actuator_v3,oarray_Ptable,IntMat:Ptable,2,1,37.0
MAN 18V/51/60DDF,Governor,\VM-PF.IntUser\PDD 30-09-2025.IntPrj\Network Model.IntPrjfolder\Network Data.IntPrjfolder\SUR 138 kV.ElmNet\POWERSHIP AZUA KPS 26.ElmSite\Planta_POWERSHIP AZUA KPS26 1.ElmComp\MAN 18V/51/60DDF.ElmComp\Governor.ElmDsl,gov_MAN Governor/Actuator_v3,oarray_Ptable,IntMat:Ptable,3,0,-10.0
MAN 18V/51/60DDF,Governor,\VM-PF.IntUser\PDD 30-09-2025.IntPrj\Network Model.IntPrjfolder\Network Data.IntPrjfolder\SUR 138 kV.ElmNet\POWERSHIP AZUA KPS 26.ElmSite\Planta_POWERSHIP AZUA KPS26 1.ElmComp\MAN 18V/51/60DDF.ElmComp\Governor.ElmDsl,gov_MAN Governor/Actuator_v3,oarray_Ptable,IntMat:Ptable,3,1,37.0
MAN 18V/51/60DDF,Governor,\VM-PF.IntUser\PDD 30-09-2025.IntPrj\Network Model.IntPrjfolder\Network Data.IntPrjfolder\SUR 138 kV.ElmNet\POWERSHIP AZUA KPS 26.ElmSite\Planta_POWERSHIP AZUA KPS26 1.ElmComp\MAN 18V/51/60DDF.ElmComp\Governor.ElmDsl,gov_MAN Governor/Actuator_v3,oarray_Ptable,IntMat:Ptable,4,0,-5.0
MAN 18V/51/60DDF,Governor,\VM-PF.IntUser\PDD 30-09-2025.IntPrj\Network Model.IntPrjfolder\Network Data.IntPrjfolder\SUR 138 kV.ElmNet\POWERSHIP AZUA KPS 26.ElmSite\Planta_POWERSHIP AZUA KPS26 1.ElmComp\MAN 18V/51/60DDF.ElmComp\Governor.ElmDsl,gov_MAN Governor/Actuator_v3,oarray_Ptable,IntMat:Ptable,4,1,37.0
MAN 18V/51/60DDF,Governor,\VM-PF.IntUser\PDD 30-09-2025.IntPrj\Network Model.IntPrjfolder\Network Data.IntPrjfolder\SUR 138 kV.ElmNet\POWERSHIP AZUA KPS 26.ElmSite\Planta_POWERSHIP AZUA KPS26 1.ElmComp\MAN 18V/51/60DDF.ElmComp\Governor.ElmDsl,gov_MAN Governor/Actuator_v3,oarray_Ptable,IntMat:Ptable,5,0,5.0
MAN 18V/51/60DDF,Governor,\VM-PF.IntUser\PDD 30-09-2025.IntPrj\Network Model.IntPrjfolder\Network Data.IntPrjfolder\SUR 138 kV.ElmNet\POWERSHIP AZUA KPS 26.ElmSite\Planta_POWERSHIP AZUA KPS26 1.ElmComp\MAN 18V/51/60DDF.ElmComp\Governor.ElmDsl,gov_MAN Governor/Actuator_v3,oarray_Ptable,IntMat:Ptable,5,1,37.0
MAN 18V/51/60DDF,Governor,\VM-PF.IntUser\PDD 30-09-2025.IntPrj\Network Model.IntPrjfolder\Network Data.IntPrjfolder\SUR 138 kV.ElmNet\POWERSHIP AZUA KPS 26.ElmSite\Planta_POWERSHIP AZUA KPS26 1.ElmComp\MAN 18V/51/60DDF.ElmComp\Governor.ElmDsl,gov_MAN Governor/Actuator_v3,oarray_Ptable,IntMat:Ptable,6,0,10.0
MAN 18V/51/60DDF,Governor,\VM-PF.IntUser\PDD 30-09-2025.IntPrj\Network Model.IntPrjfolder\Network Data.IntPrjfolder\SUR 138 kV.ElmNet\POWERSHIP AZUA KPS 26.ElmSite\Planta_POWERSHIP AZUA KPS26 1.ElmComp\MAN 18V/51/60DDF.ElmComp\Governor.ElmDsl,gov_MAN Governor/Actuator_v3,oarray_Ptable,IntMat:Ptable,6,1,37.0
MAN 18V/51/60DDF,Governor,\VM-PF.IntUser\PDD 30-09-2025.IntPrj\Network Model.IntPrjfolder\Network Data.IntPrjfolder\SUR 138 kV.ElmNet\POWERSHIP AZUA KPS 26.ElmSite\Planta_POWERSHIP AZUA KPS26 1.ElmComp\MAN 18V/51/60DDF.ElmComp\Governor.ElmDsl,gov_MAN Governor/Actuator_v3,oarray_Ptable,IntMat:Ptable,7,0,15.0
MAN 18V/51/60DDF,Governor,\VM-PF.IntUser\PDD 30-09-2025.IntPrj\Network Model.IntPrjfolder\Network Data.IntPrjfolder\SUR 138 kV.ElmNet\POWERSHIP AZUA KPS 26.ElmSite\Planta_POWERSHIP AZUA KPS26 1.ElmComp\MAN 18V/51/60DDF.ElmComp\Governor.ElmDsl,gov_MAN Governor/Actuator_v3,oarray_Ptable,IntMat:Ptable,7,1,37.0
MAN 18V/51/60DDF,Governor,\VM-PF.IntUser\PDD 30-09-2025.IntPrj\Network Model.IntPrjfolder\Network Data.IntPrjfolder\SUR 138 kV.ElmNet\POWERSHIP AZUA KPS 26.ElmSite\Planta_POWERSHIP AZUA KPS26 1.ElmComp\MAN 18V/51/60DDF.ElmComp\Governor.ElmDsl,gov_MAN Governor/Actuator_v3,oarray_Ptable,IntMat:Ptable,8,0,20.0
MAN 18V/51/60DDF,Governor,\VM-PF.IntUser\PDD 30-09-2025.IntPrj\Network Model.IntPrjfolder\Network Data.IntPrjfolder\SUR 138 kV.ElmNet\POWERSHIP AZUA KPS 26.ElmSite\Planta_POWERSHIP AZUA KPS26 1.ElmComp\MAN 18V/51/60DDF.ElmComp\Governor.ElmDsl,gov_MAN Governor/Actuator_v3,oarray_Ptable,IntMat:Ptable,8,1,37.0
MAN 18V/51/60DDF,Governor,\VM-PF.IntUser\PDD 30-09-2025.IntPrj\Network Model.IntPrjfolder\Network Data.IntPrjfolder\SUR 138 kV.ElmNet\POWERSHIP AZUA KPS 26.ElmSite\Planta_POWERSHIP AZUA KPS26 1.ElmComp\MAN 18V/51/60DDF.ElmComp\Governor.ElmDsl,gov_MAN Governor/Actuator_v3,oarray_Ptable,IntMat:Ptable,9,0,30.0
MAN 18V/51/60DDF,Governor,\VM-PF.IntUser\PDD 30-09-2025.IntPrj\Network Model.IntPrjfolder\Network Data.IntPrjfolder\SUR 138 kV.ElmNet\POWERSHIP AZUA KPS 26.ElmSite\Planta_POWERSHIP AZUA KPS26 1.ElmComp\MAN 18V/51/60DDF.ElmComp\Governor.ElmDsl,gov_MAN Governor/Actuator_v3,oarray_Ptable,IntMat:Ptable,9,1,37.0
MAN 18V/51/60DDF,Governor,\VM-PF.IntUser\PDD 30-09-2025.IntPrj\Network Model.IntPrjfolder\Network Data.IntPrjfolder\SUR 138 kV.ElmNet\POWERSHIP AZUA KPS 26.ElmSite\Planta_POWERSHIP AZUA KPS26 1.ElmComp\MAN 18V/51/60DDF.ElmComp\Governor.ElmDsl,gov_MAN Governor/Actuator_v3,oarray_Itable,IntMat:Itable,0,0,-30.0
MAN 18V/51/60DDF,Governor,\VM-PF.IntUser\PDD 30-09-2025.IntPrj\Network Model.IntPrjfolder\Network Data.IntPrjfolder\SUR 138 kV.ElmNet\POWERSHIP AZUA KPS 26.ElmSite\Planta_POWERSHIP AZUA KPS26 1.ElmComp\MAN 18V/51/60DDF.ElmComp\Governor.ElmDsl,gov_MAN Governor/Actuator_v3,oarray_Itable,IntMat:Itable,0,1,20.0
MAN 18V/51/60DDF,Governor,\VM-PF.IntUser\PDD 30-09-2025.IntPrj\Network Model.IntPrjfolder\Network Data.IntPrjfolder\SUR 138 kV.ElmNet\POWERSHIP AZUA KPS 26.ElmSite\Planta_POWERSHIP AZUA KPS26 1.ElmComp\MAN 18V/51/60DDF.ElmComp\Governor.ElmDsl,gov_MAN Governor/Actuator_v3,oarray_Itable,IntMat:Itable,1,0,-20.0
MAN 18V/51/60DDF,Governor,\VM-PF.IntUser\PDD 30-09-2025.IntPrj\Network Model.IntPrjfolder\Network Data.IntPrjfolder\SUR 138 kV.ElmNet\POWERSHIP AZUA KPS 26.ElmSite\Planta_POWERSHIP AZUA KPS26 1.ElmComp\MAN 18V/51/60DDF.ElmComp\Governor.ElmDsl,gov_MAN Governor/Actuator_v3,oarray_Itable,IntMat:Itable,1,1,20.0
MAN 18V/51/60DDF,Governor,\VM-PF.IntUser\PDD 30-09-2025.IntPrj\Network Model.IntPrjfolder\Network Data.IntPrjfolder\SUR 138 kV.ElmNet\POWERSHIP AZUA KPS 26.ElmSite\Planta_POWERSHIP AZUA KPS26 1.ElmComp\MAN 18V/51/60DDF.ElmComp\Governor.ElmDsl,gov_MAN Governor/Actuator_v3,oarray_Itable,IntMat:Itable,2,0,-15.0
MAN 18V/51/60DDF,Governor,\VM-PF.IntUser\PDD 30-09-2025.IntPrj\Network Model.IntPrjfolder\Network Data.IntPrjfolder\SUR 138 kV.ElmNet\POWERSHIP AZUA KPS 26.ElmSite\Planta_POWERSHIP AZUA KPS26 1.ElmComp\MAN 18V/51/60DDF.ElmComp\Governor.ElmDsl,gov_MAN Governor/Actuator_v3,oarray_Itable,IntMat:Itable,2,1,20.0
MAN 18V/51/60DDF,Governor,\VM-PF.IntUser\PDD 30-09-2025.IntPrj\Network Model.IntPrjfolder\Network Data.IntPrjfolder\SUR 138 kV.ElmNet\POWERSHIP AZUA KPS 26.ElmSite\Planta_POWERSHIP AZUA KPS26 1.ElmComp\MAN 18V/51/60DDF.ElmComp\Governor.ElmDsl,gov_MAN Governor/Actuator_v3,oarray_Itable,IntMat:Itable,3,0,-10.0
MAN 18V/51/60DDF,Governor,\VM-PF.IntUser\PDD 30-09-2025.IntPrj\Network Model.IntPrjfolder\Network Data.IntPrjfolder\SUR 138 kV.ElmNet\POWERSHIP AZUA KPS 26.ElmSite\Planta_POWERSHIP AZUA KPS26 1.ElmComp\MAN 18V/51/60DDF.ElmComp\Governor.ElmDsl,gov_MAN Governor/Actuator_v3,oarray_Itable,IntMat:Itable,3,1,20.0
MAN 18V/51/60DDF,Governor,\VM-PF.IntUser\PDD 30-09-2025.IntPrj\Network Model.IntPrjfolder\Network Data.IntPrjfolder\SUR 138 kV.ElmNet\POWERSHIP AZUA KPS 26.ElmSite\Planta_POWERSHIP AZUA KPS26 1.ElmComp\MAN 18V/51/60DDF.ElmComp\Governor.ElmDsl,gov_MAN Governor/Actuator_v3,oarray_Itable,IntMat:Itable,4,0,-5.0
MAN 18V/51/60DDF,Governor,\VM-PF.IntUser\PDD 30-09-2025.IntPrj\Network Model.IntPrjfolder\Network Data.IntPrjfolder\SUR 138 kV.ElmNet\POWERSHIP AZUA KPS 26.ElmSite\Planta_POWERSHIP AZUA KPS26 1.ElmComp\MAN 18V/51/60DDF.ElmComp\Governor.ElmDsl,gov_MAN Governor/Actuator_v3,oarray_Itable,IntMat:Itable,4,1,20.0
MAN 18V/51/60DDF,Governor,\VM-PF.IntUser\PDD 30-09-2025.IntPrj\Network Model.IntPrjfolder\Network Data.IntPrjfolder\SUR 138 kV.ElmNet\POWERSHIP AZUA KPS 26.ElmSite\Planta_POWERSHIP AZUA KPS26 1.ElmComp\MAN 18V/51/60DDF.ElmComp\Governor.ElmDsl,gov_MAN Governor/Actuator_v3,oarray_Itable,IntMat:Itable,5,0,5.0
MAN 18V/51/60DDF,Governor,\VM-PF.IntUser\PDD 30-09-2025.IntPrj\Network Model.IntPrjfolder\Network Data.IntPrjfolder\SUR 138 kV.ElmNet\POWERSHIP AZUA KPS 26.ElmSite\Planta_POWERSHIP AZUA KPS26 1.ElmComp\MAN 18V/51/60DDF.ElmComp\Governor.ElmDsl,gov_MAN Governor/Actuator_v3,oarray_Itable,IntMat:Itable,5,1,20.0
MAN 18V/51/60DDF,Governor,\VM-PF.IntUser\PDD 30-09-2025.IntPrj\Network Model.IntPrjfolder\Network Data.IntPrjfolder\SUR 138 kV.ElmNet\POWERSHIP AZUA KPS 26.ElmSite\Planta_POWERSHIP AZUA KPS26 1.ElmComp\MAN 18V/51/60DDF.ElmComp\Governor.ElmDsl,gov_MAN Governor/Actuator_v3,oarray_Itable,IntMat:Itable,6,0,10.0
MAN 18V/51/60DDF,Governor,\VM-PF.IntUser\PDD 30-09-2025.IntPrj\Network Model.IntPrjfolder\Network Data.IntPrjfolder\SUR 138 kV.ElmNet\POWERSHIP AZUA KPS 26.ElmSite\Planta_POWERSHIP AZUA KPS26 1.ElmComp\MAN 18V/51/60DDF.ElmComp\Governor.ElmDsl,gov_MAN Governor/Actuator_v3,oarray_Itable,IntMat:Itable,6,1,20.0
MAN 18V/51/60DDF,Governor,\VM-PF.IntUser\PDD 30-09-2025.IntPrj\Network Model.IntPrjfolder\Network Data.IntPrjfolder\SUR 138 kV.ElmNet\POWERSHIP AZUA KPS 26.ElmSite\Planta_POWERSHIP AZUA KPS26 1.ElmComp\MAN 18V/51/60DDF.ElmComp\Governor.ElmDsl,gov_MAN Governor/Actuator_v3,oarray_Itable,IntMat:Itable,7,0,15.0
MAN 18V/51/60DDF,Governor,\VM-PF.IntUser\PDD 30-09-2025.IntPrj\Network Model.IntPrjfolder\Network Data.IntPrjfolder\SUR 138 kV.ElmNet\POWERSHIP AZUA KPS 26.ElmSite\Planta_POWERSHIP AZUA KPS26 1.ElmComp\MAN 18V/51/60DDF.ElmComp\Governor.ElmDsl,gov_MAN Governor/Actuator_v3,oarray_Itable,IntMat:Itable,7,1,20.0
MAN 18V/51/60DDF,Governor,\VM-PF.IntUser\PDD 30-09-2025.IntPrj\Network Model.IntPrjfolder\Network Data.IntPrjfolder\SUR 138 kV.ElmNet\POWERSHIP AZUA KPS 26.ElmSite\Planta_POWERSHIP AZUA KPS26 1.ElmComp\MAN 18V/51/60DDF.ElmComp\Governor.ElmDsl,gov_MAN Governor/Actuator_v3,oarray_Itable,IntMat:Itable,8,0,20.0
MAN 18V/51/60DDF,Governor,\VM-PF.IntUser\PDD 30-09-2025.IntPrj\Network Model.IntPrjfolder\Network Data.IntPrjfolder\SUR 138 kV.ElmNet\POWERSHIP AZUA KPS 26.ElmSite\Planta_POWERSHIP AZUA KPS26 1.ElmComp\MAN 18V/51/60DDF.ElmComp\Governor.ElmDsl,gov_MAN Governor/Actuator_v3,oarray_Itable,IntMat:Itable,8,1,20.0
MAN 18V/51/60DDF,Governor,\VM-PF.IntUser\PDD 30-09-2025.IntPrj\Network Model.IntPrjfolder\Network Data.IntPrjfolder\SUR 138 kV.ElmNet\POWERSHIP AZUA KPS 26.ElmSite\Planta_POWERSHIP AZUA KPS26 1.ElmComp\MAN 18V/51/60DDF.ElmComp\Governor.ElmDsl,gov_MAN Governor/Actuator_v3,oarray_Itable,IntMat:Itable,9,0,30.0
MAN 18V/51/60DDF,Governor,\VM-PF.IntUser\PDD 30-09-2025.IntPrj\Network Model.IntPrjfolder\Network Data.IntPrjfolder\SUR 138 kV.ElmNet\POWERSHIP AZUA KPS 26.ElmSite\Planta_POWERSHIP AZUA KPS26 1.ElmComp\MAN 18V/51/60DDF.ElmComp\Governor.ElmDsl,gov_MAN Governor/Actuator_v3,oarray_Itable,IntMat:Itable,9,1,20.0
MAN 18V/51/60DDF,Governor,\VM-PF.IntUser\PDD 30-09-2025.IntPrj\Network Model.IntPrjfolder\Network Data.IntPrjfolder\SUR 138 kV.ElmNet\POWERSHIP AZUA KPS 26.ElmSite\Planta_POWERSHIP AZUA KPS26 1.ElmComp\MAN 18V/51/60DDF.ElmComp\Governor.ElmDsl,gov_MAN Governor/Actuator_v3,oarray_NRGME,IntMat:NRGME,0,0,0.0
MAN 18V/51/60DDF,Governor,\VM-PF.IntUser\PDD 30-09-2025.IntPrj\Network Model.IntPrjfolder\Network Data.IntPrjfolder\SUR 138 kV.ElmNet\POWERSHIP AZUA KPS 26.ElmSite\Planta_POWERSHIP AZUA KPS26 1.ElmComp\MAN 18V/51/60DDF.ElmComp\Governor.ElmDsl,gov_MAN Governor/Actuator_v3,oarray_NRGME,IntMat:NRGME,0,1,21.71814
MAN 18V/51/60DDF,Governor,\VM-PF.IntUser\PDD 30-09-2025.IntPrj\Network Model.IntPrjfolder\Network Data.IntPrjfolder\SUR 138 kV.ElmNet\POWERSHIP AZUA KPS 26.ElmSite\Planta_POWERSHIP AZUA KPS26 1.ElmComp\MAN 18V/51/60DDF.ElmComp\Governor.ElmDsl,gov_MAN Governor/Actuator_v3,oarray_NRGME,IntMat:NRGME,1,0,0.05
MAN 18V/51/60DDF,Governor,\VM-PF.IntUser\PDD 30-09-2025.IntPrj\Network Model.IntPrjfolder\Network Data.IntPrjfolder\SUR 138 kV.ElmNet\POWERSHIP AZUA KPS 26.ElmSite\Planta_POWERSHIP AZUA KPS26 1.ElmComp\MAN 18V/51/60DDF.ElmComp\Governor.ElmDsl,gov_MAN Governor/Actuator_v3,oarray_NRGME,IntMat:NRGME,1,1,25.196228
MAN 18V/51/60DDF,Governor,\VM-PF.IntUser\PDD 30-09-2025.IntPrj\Network Model.IntPrjfolder\Network Data.IntPrjfolder\SUR 138 kV.ElmNet\POWERSHIP AZUA KPS 26.ElmSite\Planta_POWERSHIP AZUA KPS26 1.ElmComp\MAN 18V/51/60DDF.ElmComp\Governor.ElmDsl,gov_MAN Governor/Actuator_v3,oarray_NRGME,IntMat:NRGME,2,0,0.1
MAN 18V/51/60DDF,Governor,\VM-PF.IntUser\PDD 30-09-2025.IntPrj\Network Model.IntPrjfolder\Network Data.IntPrjfolder\SUR 138 kV.ElmNet\POWERSHIP AZUA KPS 26.ElmSite\Planta_POWERSHIP AZUA KPS26 1.ElmComp\MAN 18V/51/60DDF.ElmComp\Governor.ElmDsl,gov_MAN Governor/Actuator_v3,oarray_NRGME,IntMat:NRGME,2,1,28.748657
MAN 18V/51/60DDF,Governor,\VM-PF.IntUser\PDD 30-09-2025.IntPrj\Network Model.IntPrjfolder\Network Data.IntPrjfolder\SUR 138 kV.ElmNet\POWERSHIP AZUA KPS 26.ElmSite\Planta_POWERSHIP AZUA KPS26 1.ElmComp\MAN 18V/51/60DDF.ElmComp\Governor.ElmDsl,gov_MAN Governor/Actuator_v3,oarray_NRGME,IntMat:NRGME,3,0,0.15
MAN 18V/51/60DDF,Governor,\VM-PF.IntUser\PDD 30-09-2025.IntPrj\Network Model.IntPrjfolder\Network Data.IntPrjfolder\SUR 138 kV.ElmNet\POWERSHIP AZUA KPS 26.ElmSite\Planta_POWERSHIP AZUA KPS26 1.ElmComp\MAN 18V/51/60DDF.ElmComp\Governor.ElmDsl,gov_MAN Governor/Actuator_v3,oarray_NRGME,IntMat:NRGME,3,1,32.542694
MAN 18V/51/60DDF,Governor,\VM-PF.IntUser\PDD 30-09-2025.IntPrj\Network Model.IntPrjfolder\Network Data.IntPrjfolder\SUR 138 kV.ElmNet\POWERSHIP AZUA KPS 26.ElmSite\Planta_POWERSHIP AZUA KPS26 1.ElmComp\MAN 18V/51/60DDF.ElmComp\Governor.ElmDsl,gov_MAN Governor/Actuator_v3,oarray_NRGME,IntMat:NRGME,4,0,0.2
MAN 18V/51/60DDF,Governor,\VM-PF.IntUser\PDD 30-09-2025.IntPrj\Network Model.IntPrjfolder\Network Data.IntPrjfolder\SUR 138 kV.ElmNet\POWERSHIP AZUA KPS 26.ElmSite\Planta_POWERSHIP AZUA KPS26 1.ElmComp\MAN 18V/51/60DDF.ElmComp\Governor.ElmDsl,gov_MAN Governor/Actuator_v3,oarray_NRGME,IntMat:NRGME,4,1,36.315491
MAN 18V/51/60DDF,Governor,\VM-PF.IntUser\PDD 30-09-2025.IntPrj\Network Model.IntPrjfolder\Network Data.IntPrjfolder\SUR 138 kV.ElmNet\POWERSHIP AZUA KPS 26.ElmSite\Planta_POWERSHIP AZUA KPS26 1.ElmComp\MAN 18V/51/60DDF.ElmComp\Governor.ElmDsl,gov_MAN Governor/Actuator_v3,oarray_NRGME,IntMat:NRGME,5,0,0.25
MAN 18V/51/60DDF,Governor,\VM-PF.IntUser\PDD 30-09-2025.IntPrj\Network Model.IntPrjfolder\Network Data.IntPrjfolder\SUR 138 kV.ElmNet\POWERSHIP AZUA KPS 26.ElmSite\Planta_POWERSHIP AZUA KPS26 1.ElmComp\MAN 18V/51/60DDF.ElmComp\Governor.ElmDsl,gov_MAN Governor/Actuator_v3,oarray_NRGME,IntMat:NRGME,5,1,40.064392
MAN 18V/51/60DDF,Governor,\VM-PF.IntUser\PDD 30-09-2025.IntPrj\Network Model.IntPrjfolder\Network Data.IntPrjfolder\SUR 138 kV.ElmNet\POWERSHIP AZUA KPS 26.ElmSite\Planta_POWERSHIP AZUA KPS26 1.ElmComp\MAN 18V/51/60DDF.ElmComp\Governor.ElmDsl,gov_MAN Governor/Actuator_v3,oarray_NRGME,IntMat:NRGME,6,0,0.3
MAN 18V/51/60DDF,Governor,\VM-PF.IntUser\PDD 30-09-2025.IntPrj\Network Model.IntPrjfolder\Network Data.IntPrjfolder\SUR 138 kV.ElmNet\POWERSHIP AZUA KPS 26.ElmSite\Planta_POWERSHIP AZUA KPS26 1.ElmComp\MAN 18V/51/60DDF.ElmComp\Governor.ElmDsl,gov_MAN Governor/Actuator_v3,oarray_NRGME,IntMat:NRGME,6,1,43.669922
MAN 18V/51/60DDF,Governor,\VM-PF.IntUser\PDD 30-09-2025.IntPrj\Network Model.IntPrjfolder\Network Data.IntPrjfolder\SUR 138 kV.ElmNet\POWERSHIP AZUA KPS 26.ElmSite\Planta_POWERSHIP AZUA KPS26 1.ElmComp\MAN 18V/51/60DDF.ElmComp\Governor.ElmDsl,gov_MAN Governor/Actuator_v3,oarray_NRGME,IntMat:NRGME,7,0,0.35
MAN 18V/51/60DDF,Governor,\VM-PF.IntUser\PDD 30-09-2025.IntPrj\Network Model.IntPrjfolder\Network Data.IntPrjfolder\SUR 138 kV.ElmNet\POWERSHIP AZUA KPS 26.ElmSite\Planta_POWERSHIP AZUA KPS26 1.ElmComp\MAN 18V/51/60DDF.ElmComp\Governor.ElmDsl,gov_MAN Governor/Actuator_v3,oarray_NRGME,IntMat:NRGME,7,1,47.248901
MAN 18V/51/60DDF,Governor,\VM-PF.IntUser\PDD 30-09-2025.IntPrj\Network Model.IntPrjfolder\Network Data.IntPrjfolder\SUR 138 kV.ElmNet\POWERSHIP AZUA KPS 26.ElmSite\Planta_POWERSHIP AZUA KPS26 1.ElmComp\MAN 18V/51/60DDF.ElmComp\Governor.ElmDsl,gov_MAN Governor/Actuator_v3,oarray_NRGME,IntMat:NRGME,8,0,0.4
MAN 18V/51/60DDF,Governor,\VM-PF.IntUser\PDD 30-09-2025.IntPrj\Network Model.IntPrjfolder\Network Data.IntPrjfolder\SUR 138 kV.ElmNet\POWERSHIP AZUA KPS 26.ElmSite\Planta_POWERSHIP AZUA KPS26 1.ElmComp\MAN 18V/51/60DDF.ElmComp\Governor.ElmDsl,gov_MAN Governor/Actuator_v3,oarray_NRGME,IntMat:NRGME,8,1,50.862396
MAN 18V/51/60DDF,Governor,\VM-PF.IntUser\PDD 30-09-2025.IntPrj\Network Model.IntPrjfolder\Network Data.IntPrjfolder\SUR 138 kV.ElmNet\POWERSHIP AZUA KPS 26.ElmSite\Planta_POWERSHIP AZUA KPS26 1.ElmComp\MAN 18V/51/60DDF.ElmComp\Governor.ElmDsl,gov_MAN Governor/Actuator_v3,oarray_NRGME,IntMat:NRGME,9,0,0.45
MAN 18V/51/60DDF,Governor,\VM-PF.IntUser\PDD 30-09-2025.IntPrj\Network Model.IntPrjfolder\Network Data.IntPrjfolder\SUR 138 kV.ElmNet\POWERSHIP AZUA KPS 26.ElmSite\Planta_POWERSHIP AZUA KPS26 1.ElmComp\MAN 18V/51/60DDF.ElmComp\Governor.ElmDsl,gov_MAN Governor/Actuator_v3,oarray_NRGME,IntMat:NRGME,9,1,54.521027
MAN 18V/51/60DDF,Governor,\VM-PF.IntUser\PDD 30-09-2025.IntPrj\Network Model.IntPrjfolder\Network Data.IntPrjfolder\SUR 138 kV.ElmNet\POWERSHIP AZUA KPS 26.ElmSite\Planta_POWERSHIP AZUA KPS26 1.ElmComp\MAN 18V/51/60DDF.ElmComp\Governor.ElmDsl,gov_MAN Governor/Actuator_v3,oarray_NRGME,IntMat:NRGME,10,0,0.5
MAN 18V/51/60DDF,Governor,\VM-PF.IntUser\PDD 30-09-2025.IntPrj\Network Model.IntPrjfolder\Network Data.IntPrjfolder\SUR 138 kV.ElmNet\POWERSHIP AZUA KPS 26.ElmSite\Planta_POWERSHIP AZUA KPS26 1.ElmComp\MAN 18V/51/60DDF.ElmComp\Governor.ElmDsl,gov_MAN Governor/Actuator_v3,oarray_NRGME,IntMat:NRGME,10,1,58.200897
MAN 18V/51/60DDF,Governor,\VM-PF.IntUser\PDD 30-09-2025.IntPrj\Network Model.IntPrjfolder\Network Data.IntPrjfolder\SUR 138 kV.ElmNet\POWERSHIP AZUA KPS 26.ElmSite\Planta_POWERSHIP AZUA KPS26 1.ElmComp\MAN 18V/51/60DDF.ElmComp\Governor.ElmDsl,gov_MAN Governor/Actuator_v3,oarray_NRGME,IntMat:NRGME,11,0,0.55
MAN 18V/51/60DDF,Governor,\VM-PF.IntUser\PDD 30-09-2025.IntPrj\Network Model.IntPrjfolder\Network Data.IntPrjfolder\SUR 138 kV.ElmNet\POWERSHIP AZUA KPS 26.ElmSite\Planta_POWERSHIP AZUA KPS26 1.ElmComp\MAN 18V/51/60DDF.ElmComp\Governor.ElmDsl,gov_MAN Governor/Actuator_v3,oarray_NRGME,IntMat:NRGME,11,1,61.862183
MAN 18V/51/60DDF,Governor,\VM-PF.IntUser\PDD 30-09-2025.IntPrj\Network Model.IntPrjfolder\Network Data.IntPrjfolder\SUR 138 kV.ElmNet\POWERSHIP AZUA KPS 26.ElmSite\Planta_POWERSHIP AZUA KPS26 1.ElmComp\MAN 18V/51/60DDF.ElmComp\Governor.ElmDsl,gov_MAN Governor/Actuator_v3,oarray_NRGME,IntMat:NRGME,12,0,0.6
MAN 18V/51/60DDF,Governor,\VM-PF.IntUser\PDD 30-09-2025.IntPrj\Network Model.IntPrjfolder\Network Data.IntPrjfolder\SUR 138 kV.ElmNet\POWERSHIP AZUA KPS 26.ElmSite\Planta_POWERSHIP AZUA KPS26 1.ElmComp\MAN 18V/51/60DDF.ElmComp\Governor.ElmDsl,gov_MAN Governor/Actuator_v3,oarray_NRGME,IntMat:NRGME,12,1,65.518158
MAN 18V/51/60DDF,Governor,\VM-PF.IntUser\PDD 30-09-2025.IntPrj\Network Model.IntPrjfolder\Network Data.IntPrjfolder\SUR 138 kV.ElmNet\POWERSHIP AZUA KPS 26.ElmSite\Planta_POWERSHIP AZUA KPS26 1.ElmComp\MAN 18V/51/60DDF.ElmComp\Governor.ElmDsl,gov_MAN Governor/Actuator_v3,oarray_NRGME,IntMat:NRGME,13,0,0.65
MAN 18V/51/60DDF,Governor,\VM-PF.IntUser\PDD 30-09-2025.IntPrj\Network Model.IntPrjfolder\Network Data.IntPrjfolder\SUR 138 kV.ElmNet\POWERSHIP AZUA KPS 26.ElmSite\Planta_POWERSHIP AZUA KPS26 1.ElmComp\MAN 18V/51/60DDF.ElmComp\Governor.ElmDsl,gov_MAN Governor/Actuator_v3,oarray_NRGME,IntMat:NRGME,13,1,69.179443
MAN 18V/51/60DDF,Governor,\VM-PF.IntUser\PDD 30-09-2025.IntPrj\Network Model.IntPrjfolder\Network Data.IntPrjfolder\SUR 138 kV.ElmNet\POWERSHIP AZUA KPS 26.ElmSite\Planta_POWERSHIP AZUA KPS26 1.ElmComp\MAN 18V/51/60DDF.ElmComp\Governor.ElmDsl,gov_MAN Governor/Actuator_v3,oarray_NRGME,IntMat:NRGME,14,0,0.7
MAN 18V/51/60DDF,Governor,\VM-PF.IntUser\PDD 30-09-2025.IntPrj\Network Model.IntPrjfolder\Network Data.IntPrjfolder\SUR 138 kV.ElmNet\POWERSHIP AZUA KPS 26.ElmSite\Planta_POWERSHIP AZUA KPS26 1.ElmComp\MAN 18V/51/60DDF.ElmComp\Governor.ElmDsl,gov_MAN Governor/Actuator_v3,oarray_NRGME,IntMat:NRGME,14,1,72.816833
MAN 18V/51/60DDF,Governor,\VM-PF.IntUser\PDD 30-09-2025.IntPrj\Network Model.IntPrjfolder\Network Data.IntPrjfolder\SUR 138 kV.ElmNet\POWERSHIP AZUA KPS 26.ElmSite\Planta_POWERSHIP AZUA KPS26 1.ElmComp\MAN 18V/51/60DDF.ElmComp\Governor.ElmDsl,gov_MAN Governor/Actuator_v3,oarray_NRGME,IntMat:NRGME,15,0,0.75
MAN 18V/51/60DDF,Governor,\VM-PF.IntUser\PDD 30-09-2025.IntPrj\Network Model.IntPrjfolder\Network Data.IntPrjfolder\SUR 138 kV.ElmNet\POWERSHIP AZUA KPS 26.ElmSite\Planta_POWERSHIP AZUA KPS26 1.ElmComp\MAN 18V/51/60DDF.ElmComp\Governor.ElmDsl,gov_MAN Governor/Actuator_v3,oarray_NRGME,IntMat:NRGME,15,1,76.528564
MAN 18V/51/60DDF,Governor,\VM-PF.IntUser\PDD 30-09-2025.IntPrj\Network Model.IntPrjfolder\Network Data.IntPrjfolder\SUR 138 kV.ElmNet\POWERSHIP AZUA KPS 26.ElmSite\Planta_POWERSHIP AZUA KPS26 1.ElmComp\MAN 18V/51/60DDF.ElmComp\Governor.ElmDsl,gov_MAN Governor/Actuator_v3,oarray_NRGME,IntMat:NRGME,16,0,0.8
MAN 18V/51/60DDF,Governor,\VM-PF.IntUser\PDD 30-09-2025.IntPrj\Network Model.IntPrjfolder\Network Data.IntPrjfolder\SUR 138 kV.ElmNet\POWERSHIP AZUA KPS 26.ElmSite\Planta_POWERSHIP AZUA KPS26 1.ElmComp\MAN 18V/51/60DDF.ElmComp\Governor.ElmDsl,gov_MAN Governor/Actuator_v3,oarray_NRGME,IntMat:NRGME,16,1,80.24826
MAN 18V/51/60DDF,Governor,\VM-PF.IntUser\PDD 30-09-2025.IntPrj\Network Model.IntPrjfolder\Network Data.IntPrjfolder\SUR 138 kV.ElmNet\POWERSHIP AZUA KPS 26.ElmSite\Planta_POWERSHIP AZUA KPS26 1.ElmComp\MAN 18V/51/60DDF.ElmComp\Governor.ElmDsl,gov_MAN Governor/Actuator_v3,oarray_NRGME,IntMat:NRGME,17,0,0.85
MAN 18V/51/60DDF,Governor,\VM-PF.IntUser\PDD 30-09-2025.IntPrj\Network Model.IntPrjfolder\Network Data.IntPrjfolder\SUR 138 kV.ElmNet\POWERSHIP AZUA KPS 26.ElmSite\Planta_POWERSHIP AZUA KPS26 1.ElmComp\MAN 18V/51/60DDF.ElmComp\Governor.ElmDsl,gov_MAN Governor/Actuator_v3,oarray_NRGME,IntMat:NRGME,17,1,83.967957
MAN 18V/51/60DDF,Governor,\VM-PF.IntUser\PDD 30-09-2025.IntPrj\Network Model.IntPrjfolder\Network Data.IntPrjfolder\SUR 138 kV.ElmNet\POWERSHIP AZUA KPS 26.ElmSite\Planta_POWERSHIP AZUA KPS26 1.ElmComp\MAN 18V/51/60DDF.ElmComp\Governor.ElmDsl,gov_MAN Governor/Actuator_v3,oarray_NRGME,IntMat:NRGME,18,0,0.9
MAN 18V/51/60DDF,Governor,\VM-PF.IntUser\PDD 30-09-2025.IntPrj\Network Model.IntPrjfolder\Network Data.IntPrjfolder\SUR 138 kV.ElmNet\POWERSHIP AZUA KPS 26.ElmSite\Planta_POWERSHIP AZUA KPS26 1.ElmComp\MAN 18V/51/60DDF.ElmComp\Governor.ElmDsl,gov_MAN Governor/Actuator_v3,oarray_NRGME,IntMat:NRGME,18,1,87.687653
MAN 18V/51/60DDF,Governor,\VM-PF.IntUser\PDD 30-09-2025.IntPrj\Network Model.IntPrjfolder\Network Data.IntPrjfolder\SUR 138 kV.ElmNet\POWERSHIP AZUA KPS 26.ElmSite\Planta_POWERSHIP AZUA KPS26 1.ElmComp\MAN 18V/51/60DDF.ElmComp\Governor.ElmDsl,gov_MAN Governor/Actuator_v3,oarray_NRGME,IntMat:NRGME,19,0,0.95
MAN 18V/51/60DDF,Governor,\VM-PF.IntUser\PDD 30-09-2025.IntPrj\Network Model.IntPrjfolder\Network Data.IntPrjfolder\SUR 138 kV.ElmNet\POWERSHIP AZUA KPS 26.ElmSite\Planta_POWERSHIP AZUA KPS26 1.ElmComp\MAN 18V/51/60DDF.ElmComp\Governor.ElmDsl,gov_MAN Governor/Actuator_v3,oarray_NRGME,IntMat:NRGME,19,1,91.407349
MAN 18V/51/60DDF,Governor,\VM-PF.IntUser\PDD 30-09-2025.IntPrj\Network Model.IntPrjfolder\Network Data.IntPrjfolder\SUR 138 kV.ElmNet\POWERSHIP AZUA KPS 26.ElmSite\Planta_POWERSHIP AZUA KPS26 1.ElmComp\MAN 18V/51/60DDF.ElmComp\Governor.ElmDsl,gov_MAN Governor/Actuator_v3,oarray_NRGME,IntMat:NRGME,20,0,1.0
MAN 18V/51/60DDF,Governor,\VM-PF.IntUser\PDD 30-09-2025.IntPrj\Network Model.IntPrjfolder\Network Data.IntPrjfolder\SUR 138 kV.ElmNet\POWERSHIP AZUA KPS 26.ElmSite\Planta_POWERSHIP AZUA KPS26 1.ElmComp\MAN 18V/51/60DDF.ElmComp\Governor.ElmDsl,gov_MAN Governor/Actuator_v3,oarray_NRGME,IntMat:NRGME,20,1,95.12704
MAN 18V/51/60DDF,Governor,\VM-PF.IntUser\PDD 30-09-2025.IntPrj\Network Model.IntPrjfolder\Network Data.IntPrjfolder\SUR 138 kV.ElmNet\POWERSHIP AZUA KPS 26.ElmSite\Planta_POWERSHIP AZUA KPS26 1.ElmComp\MAN 18V/51/60DDF.ElmComp\Governor.ElmDsl,gov_MAN Governor/Actuator_v3,oarray_deltaME,IntMat:deltaME,0,0,0.0
MAN 18V/51/60DDF,Governor,\VM-PF.IntUser\PDD 30-09-2025.IntPrj\Network Model.IntPrjfolder\Network Data.IntPrjfolder\SUR 138 kV.ElmNet\POWERSHIP AZUA KPS 26.ElmSite\Planta_POWERSHIP AZUA KPS26 1.ElmComp\MAN 18V/51/60DDF.ElmComp\Governor.ElmDsl,gov_MAN Governor/Actuator_v3,oarray_deltaME,IntMat:deltaME,0,1,0.0
MAN 18V/51/60DDF,Governor,\VM-PF.IntUser\PDD 30-09-2025.IntPrj\Network Model.IntPrjfolder\Network Data.IntPrjfolder\SUR 138 kV.ElmNet\POWERSHIP AZUA KPS 26.ElmSite\Planta_POWERSHIP AZUA KPS26 1.ElmComp\MAN 18V/51/60DDF.ElmComp\Governor.ElmDsl,gov_MAN Governor/Actuator_v3,oarray_deltaME,IntMat:deltaME,1,0,0.05
MAN 18V/51/60DDF,Governor,\VM-PF.IntUser\PDD 30-09-2025.IntPrj\Network Model.IntPrjfolder\Network Data.IntPrjfolder\SUR 138 kV.ElmNet\POWERSHIP AZUA KPS 26.ElmSite\Planta_POWERSHIP AZUA KPS26 1.ElmComp\MAN 18V/51/60DDF.ElmComp\Governor.ElmDsl,gov_MAN Governor/Actuator_v3,oarray_deltaME,IntMat:deltaME,1,1,0.0
MAN 18V/51/60DDF,Governor,\VM-PF.IntUser\PDD 30-09-2025.IntPrj\Network Model.IntPrjfolder\Network Data.IntPrjfolder\SUR 138 kV.ElmNet\POWERSHIP AZUA KPS 26.ElmSite\Planta_POWERSHIP AZUA KPS26 1.ElmComp\MAN 18V/51/60DDF.ElmComp\Governor.ElmDsl,gov_MAN Governor/Actuator_v3,oarray_deltaME,IntMat:deltaME,2,0,0.1
MAN 18V/51/60DDF,Governor,\VM-PF.IntUser\PDD 30-09-2025.IntPrj\Network Model.IntPrjfolder\Network Data.IntPrjfolder\SUR 138 kV.ElmNet\POWERSHIP AZUA KPS 26.ElmSite\Planta_POWERSHIP AZUA KPS26 1.ElmComp\MAN 18V/51/60DDF.ElmComp\Governor.ElmDsl,gov_MAN Governor/Actuator_v3,oarray_deltaME,IntMat:deltaME,2,1,0.0
MAN 18V/51/60DDF,Governor,\VM-PF.IntUser\PDD 30-09-2025.IntPrj\Network Model.IntPrjfolder\Network Data.IntPrjfolder\SUR 138 kV.ElmNet\POWERSHIP AZUA KPS 26.ElmSite\Planta_POWERSHIP AZUA KPS26 1.ElmComp\MAN 18V/51/60DDF.ElmComp\Governor.ElmDsl,gov_MAN Governor/Actuator_v3,oarray_deltaME,IntMat:deltaME,3,0,0.15
MAN 18V/51/60DDF,Governor,\VM-PF.IntUser\PDD 30-09-2025.IntPrj\Network Model.IntPrjfolder\Network Data.IntPrjfolder\SUR 138 kV.ElmNet\POWERSHIP AZUA KPS 26.ElmSite\Planta_POWERSHIP AZUA KPS26 1.ElmComp\MAN 18V/51/60DDF.ElmComp\Governor.ElmDsl,gov_MAN Governor/Actuator_v3,oarray_deltaME,IntMat:deltaME,3,1,0.0
MAN 18V/51/60DDF,Governor,\VM-PF.IntUser\PDD 30-09-2025.IntPrj\Network Model.IntPrjfolder\Network Data.IntPrjfolder\SUR 138 kV.ElmNet\POWERSHIP AZUA KPS 26.ElmSite\Planta_POWERSHIP AZUA KPS26 1.ElmComp\MAN 18V/51/60DDF.ElmComp\Governor.ElmDsl,gov_MAN Governor/Actuator_v3,oarray_deltaME,IntMat:deltaME,4,0,0.2
MAN 18V/51/60DDF,Governor,\VM-PF.IntUser\PDD 30-09-2025.IntPrj\Network Model.IntPrjfolder\Network Data.IntPrjfolder\SUR 138 kV.ElmNet\POWERSHIP AZUA KPS 26.ElmSite\Planta_POWERSHIP AZUA KPS26 1.ElmComp\MAN 18V/51/60DDF.ElmComp\Governor.ElmDsl,gov_MAN Governor/Actuator_v3,oarray_deltaME,IntMat:deltaME,4,1,0.0
MAN 18V/51/60DDF,Governor,\VM-PF.IntUser\PDD 30-09-2025.IntPrj\Network Model.IntPrjfolder\Network Data.IntPrjfolder\SUR 138 kV.ElmNet\POWERSHIP AZUA KPS 26.ElmSite\Planta_POWERSHIP AZUA KPS26 1.ElmComp\MAN 18V/51/60DDF.ElmComp\Governor.ElmDsl,gov_MAN Governor/Actuator_v3,oarray_deltaME,IntMat:deltaME,5,0,0.25
MAN 18V/51/60DDF,Governor,\VM-PF.IntUser\PDD 30-09-2025.IntPrj\Network Model.IntPrjfolder\Network Data.IntPrjfolder\SUR 138 kV.ElmNet\POWERSHIP AZUA KPS 26.ElmSite\Planta_POWERSHIP AZUA KPS26 1.ElmComp\MAN 18V/51/60DDF.ElmComp\Governor.ElmDsl,gov_MAN Governor/Actuator_v3,oarray_deltaME,IntMat:deltaME,5,1,0.0
MAN 18V/51/60DDF,Governor,\VM-PF.IntUser\PDD 30-09-2025.IntPrj\Network Model.IntPrjfolder\Network Data.IntPrjfolder\SUR 138 kV.ElmNet\POWERSHIP AZUA KPS 26.ElmSite\Planta_POWERSHIP AZUA KPS26 1.ElmComp\MAN 18V/51/60DDF.ElmComp\Governor.ElmDsl,gov_MAN Governor/Actuator_v3,oarray_deltaME,IntMat:deltaME,6,0,0.3
MAN 18V/51/60DDF,Governor,\VM-PF.IntUser\PDD 30-09-2025.IntPrj\Network Model.IntPrjfolder\Network Data.IntPrjfolder\SUR 138 kV.ElmNet\POWERSHIP AZUA KPS 26.ElmSite\Planta_POWERSHIP AZUA KPS26 1.ElmComp\MAN 18V/51/60DDF.ElmComp\Governor.ElmDsl,gov_MAN Governor/Actuator_v3,oarray_deltaME,IntMat:deltaME,6,1,0.0
MAN 18V/51/60DDF,Governor,\VM-PF.IntUser\PDD 30-09-2025.IntPrj\Network Model.IntPrjfolder\Network Data.IntPrjfolder\SUR 138 kV.ElmNet\POWERSHIP AZUA KPS 26.ElmSite\Planta_POWERSHIP AZUA KPS26 1.ElmComp\MAN 18V/51/60DDF.ElmComp\Governor.ElmDsl,gov_MAN Governor/Actuator_v3,oarray_deltaME,IntMat:deltaME,7,0,0.35
MAN 18V/51/60DDF,Governor,\VM-PF.IntUser\PDD 30-09-2025.IntPrj\Network Model.IntPrjfolder\Network Data.IntPrjfolder\SUR 138 kV.ElmNet\POWERSHIP AZUA KPS 26.ElmSite\Planta_POWERSHIP AZUA KPS26 1.ElmComp\MAN 18V/51/60DDF.ElmComp\Governor.ElmDsl,gov_MAN Governor/Actuator_v3,oarray_deltaME,IntMat:deltaME,7,1,0.0
MAN 18V/51/60DDF,Governor,\VM-PF.IntUser\PDD 30-09-2025.IntPrj\Network Model.IntPrjfolder\Network Data.IntPrjfolder\SUR 138 kV.ElmNet\POWERSHIP AZUA KPS 26.ElmSite\Planta_POWERSHIP AZUA KPS26 1.ElmComp\MAN 18V/51/60DDF.ElmComp\Governor.ElmDsl,gov_MAN Governor/Actuator_v3,oarray_deltaME,IntMat:deltaME,8,0,0.4
MAN 18V/51/60DDF,Governor,\VM-PF.IntUser\PDD 30-09-2025.IntPrj\Network Model.IntPrjfolder\Network Data.IntPrjfolder\SUR 138 kV.ElmNet\POWERSHIP AZUA KPS 26.ElmSite\Planta_POWERSHIP AZUA KPS26 1.ElmComp\MAN 18V/51/60DDF.ElmComp\Governor.ElmDsl,gov_MAN Governor/Actuator_v3,oarray_deltaME,IntMat:deltaME,8,1,0.0
MAN 18V/51/60DDF,Governor,\VM-PF.IntUser\PDD 30-09-2025.IntPrj\Network Model.IntPrjfolder\Network Data.IntPrjfolder\SUR 138 kV.ElmNet\POWERSHIP AZUA KPS 26.ElmSite\Planta_POWERSHIP AZUA KPS26 1.ElmComp\MAN 18V/51/60DDF.ElmComp\Governor.ElmDsl,gov_MAN Governor/Actuator_v3,oarray_deltaME,IntMat:deltaME,9,0,0.45
MAN 18V/51/60DDF,Governor,\VM-PF.IntUser\PDD 30-09-2025.IntPrj\Network Model.IntPrjfolder\Network Data.IntPrjfolder\SUR 138 kV.ElmNet\POWERSHIP AZUA KPS 26.ElmSite\Planta_POWERSHIP AZUA KPS26 1.ElmComp\MAN 18V/51/60DDF.ElmComp\Governor.ElmDsl,gov_MAN Governor/Actuator_v3,oarray_deltaME,IntMat:deltaME,9,1,0.0
MAN 18V/51/60DDF,Governor,\VM-PF.IntUser\PDD 30-09-2025.IntPrj\Network Model.IntPrjfolder\Network Data.IntPrjfolder\SUR 138 kV.ElmNet\POWERSHIP AZUA KPS 26.ElmSite\Planta_POWERSHIP AZUA KPS26 1.ElmComp\MAN 18V/51/60DDF.ElmComp\Governor.ElmDsl,gov_MAN Governor/Actuator_v3,oarray_deltaME,IntMat:deltaME,10,0,0.5
MAN 18V/51/60DDF,Governor,\VM-PF.IntUser\PDD 30-09-2025.IntPrj\Network Model.IntPrjfolder\Network Data.IntPrjfolder\SUR 138 kV.ElmNet\POWERSHIP AZUA KPS 26.ElmSite\Planta_POWERSHIP AZUA KPS26 1.ElmComp\MAN 18V/51/60DDF.ElmComp\Governor.ElmDsl,gov_MAN Governor/Actuator_v3,oarray_deltaME,IntMat:deltaME,10,1,0.0
MAN 18V/51/60DDF,Governor,\VM-PF.IntUser\PDD 30-09-2025.IntPrj\Network Model.IntPrjfolder\Network Data.IntPrjfolder\SUR 138 kV.ElmNet\POWERSHIP AZUA KPS 26.ElmSite\Planta_POWERSHIP AZUA KPS26 1.ElmComp\MAN 18V/51/60DDF.ElmComp\Governor.ElmDsl,gov_MAN Governor/Actuator_v3,oarray_deltaME,IntMat:deltaME,11,0,0.55
MAN 18V/51/60DDF,Governor,\VM-PF.IntUser\PDD 30-09-2025.IntPrj\Network Model.IntPrjfolder\Network Data.IntPrjfolder\SUR 138 kV.ElmNet\POWERSHIP AZUA KPS 26.ElmSite\Planta_POWERSHIP AZUA KPS26 1.ElmComp\MAN 18V/51/60DDF.ElmComp\Governor.ElmDsl,gov_MAN Governor/Actuator_v3,oarray_deltaME,IntMat:deltaME,11,1,0.0
MAN 18V/51/60DDF,Governor,\VM-PF.IntUser\PDD 30-09-2025.IntPrj\Network Model.IntPrjfolder\Network Data.IntPrjfolder\SUR 138 kV.ElmNet\POWERSHIP AZUA KPS 26.ElmSite\Planta_POWERSHIP AZUA KPS26 1.ElmComp\MAN 18V/51/60DDF.ElmComp\Governor.ElmDsl,gov_MAN Governor/Actuator_v3,oarray_deltaME,IntMat:deltaME,12,0,0.6
MAN 18V/51/60DDF,Governor,\VM-PF.IntUser\PDD 30-09-2025.IntPrj\Network Model.IntPrjfolder\Network Data.IntPrjfolder\SUR 138 kV.ElmNet\POWERSHIP AZUA KPS 26.ElmSite\Planta_POWERSHIP AZUA KPS26 1.ElmComp\MAN 18V/51/60DDF.ElmComp\Governor.ElmDsl,gov_MAN Governor/Actuator_v3,oarray_deltaME,IntMat:deltaME,12,1,0.0
MAN 18V/51/60DDF,Governor,\VM-PF.IntUser\PDD 30-09-2025.IntPrj\Network Model.IntPrjfolder\Network Data.IntPrjfolder\SUR 138 kV.ElmNet\POWERSHIP AZUA KPS 26.ElmSite\Planta_POWERSHIP AZUA KPS26 1.ElmComp\MAN 18V/51/60DDF.ElmComp\Governor.ElmDsl,gov_MAN Governor/Actuator_v3,oarray_deltaME,IntMat:deltaME,13,0,0.65
MAN 18V/51/60DDF,Governor,\VM-PF.IntUser\PDD 30-09-2025.IntPrj\Network Model.IntPrjfolder\Network Data.IntPrjfolder\SUR 138 kV.ElmNet\POWERSHIP AZUA KPS 26.ElmSite\Planta_POWERSHIP AZUA KPS26 1.ElmComp\MAN 18V/51/60DDF.ElmComp\Governor.ElmDsl,gov_MAN Governor/Actuator_v3,oarray_deltaME,IntMat:deltaME,13,1,0.0
MAN 18V/51/60DDF,Governor,\VM-PF.IntUser\PDD 30-09-2025.IntPrj\Network Model.IntPrjfolder\Network Data.IntPrjfolder\SUR 138 kV.ElmNet\POWERSHIP AZUA KPS 26.ElmSite\Planta_POWERSHIP AZUA KPS26 1.ElmComp\MAN 18V/51/60DDF.ElmComp\Governor.ElmDsl,gov_MAN Governor/Actuator_v3,oarray_deltaME,IntMat:deltaME,14,0,0.7
MAN 18V/51/60DDF,Governor,\VM-PF.IntUser\PDD 30-09-2025.IntPrj\Network Model.IntPrjfolder\Network Data.IntPrjfolder\SUR 138 kV.ElmNet\POWERSHIP AZUA KPS 26.ElmSite\Planta_POWERSHIP AZUA KPS26 1.ElmComp\MAN 18V/51/60DDF.ElmComp\Governor.ElmDsl,gov_MAN Governor/Actuator_v3,oarray_deltaME,IntMat:deltaME,14,1,0.0
MAN 18V/51/60DDF,Governor,\VM-PF.IntUser\PDD 30-09-2025.IntPrj\Network Model.IntPrjfolder\Network Data.IntPrjfolder\SUR 138 kV.ElmNet\POWERSHIP AZUA KPS 26.ElmSite\Planta_POWERSHIP AZUA KPS26 1.ElmComp\MAN 18V/51/60DDF.ElmComp\Governor.ElmDsl,gov_MAN Governor/Actuator_v3,oarray_deltaME,IntMat:deltaME,15,0,0.75
MAN 18V/51/60DDF,Governor,\VM-PF.IntUser\PDD 30-09-2025.IntPrj\Network Model.IntPrjfolder\Network Data.IntPrjfolder\SUR 138 kV.ElmNet\POWERSHIP AZUA KPS 26.ElmSite\Planta_POWERSHIP AZUA KPS26 1.ElmComp\MAN 18V/51/60DDF.ElmComp\Governor.ElmDsl,gov_MAN Governor/Actuator_v3,oarray_deltaME,IntMat:deltaME,15,1,0.0
MAN 18V/51/60DDF,Governor,\VM-PF.IntUser\PDD 30-09-2025.IntPrj\Network Model.IntPrjfolder\Network Data.IntPrjfolder\SUR 138 kV.ElmNet\POWERSHIP AZUA KPS 26.ElmSite\Planta_POWERSHIP AZUA KPS26 1.ElmComp\MAN 18V/51/60DDF.ElmComp\Governor.ElmDsl,gov_MAN Governor/Actuator_v3,oarray_deltaME,IntMat:deltaME,16,0,0.8
MAN 18V/51/60DDF,Governor,\VM-PF.IntUser\PDD 30-09-2025.IntPrj\Network Model.IntPrjfolder\Network Data.IntPrjfolder\SUR 138 kV.ElmNet\POWERSHIP AZUA KPS 26.ElmSite\Planta_POWERSHIP AZUA KPS26 1.ElmComp\MAN 18V/51/60DDF.ElmComp\Governor.ElmDsl,gov_MAN Governor/Actuator_v3,oarray_deltaME,IntMat:deltaME,16,1,0.0
MAN 18V/51/60DDF,Governor,\VM-PF.IntUser\PDD 30-09-2025.IntPrj\Network Model.IntPrjfolder\Network Data.IntPrjfolder\SUR 138 kV.ElmNet\POWERSHIP AZUA KPS 26.ElmSite\Planta_POWERSHIP AZUA KPS26 1.ElmComp\MAN 18V/51/60DDF.ElmComp\Governor.ElmDsl,gov_MAN Governor/Actuator_v3,oarray_deltaME,IntMat:deltaME,17,0,0.85
MAN 18V/51/60DDF,Governor,\VM-PF.IntUser\PDD 30-09-2025.IntPrj\Network Model.IntPrjfolder\Network Data.IntPrjfolder\SUR 138 kV.ElmNet\POWERSHIP AZUA KPS 26.ElmSite\Planta_POWERSHIP AZUA KPS26 1.ElmComp\MAN 18V/51/60DDF.ElmComp\Governor.ElmDsl,gov_MAN Governor/Actuator_v3,oarray_deltaME,IntMat:deltaME,17,1,0.0
MAN 18V/51/60DDF,Governor,\VM-PF.IntUser\PDD 30-09-2025.IntPrj\Network Model.IntPrjfolder\Network Data.IntPrjfolder\SUR 138 kV.ElmNet\POWERSHIP AZUA KPS 26.ElmSite\Planta_POWERSHIP AZUA KPS26 1.ElmComp\MAN 18V/51/60DDF.ElmComp\Governor.ElmDsl,gov_MAN Governor/Actuator_v3,oarray_deltaME,IntMat:deltaME,18,0,0.9
MAN 18V/51/60DDF,Governor,\VM-PF.IntUser\PDD 30-09-2025.IntPrj\Network Model.IntPrjfolder\Network Data.IntPrjfolder\SUR 138 kV.ElmNet\POWERSHIP AZUA KPS 26.ElmSite\Planta_POWERSHIP AZUA KPS26 1.ElmComp\MAN 18V/51/60DDF.ElmComp\Governor.ElmDsl,gov_MAN Governor/Actuator_v3,oarray_deltaME,IntMat:deltaME,18,1,0.0
MAN 18V/51/60DDF,Governor,\VM-PF.IntUser\PDD 30-09-2025.IntPrj\Network Model.IntPrjfolder\Network Data.IntPrjfolder\SUR 138 kV.ElmNet\POWERSHIP AZUA KPS 26.ElmSite\Planta_POWERSHIP AZUA KPS26 1.ElmComp\MAN 18V/51/60DDF.ElmComp\Governor.ElmDsl,gov_MAN Governor/Actuator_v3,oarray_deltaME,IntMat:deltaME,19,0,0.95
MAN 18V/51/60DDF,Governor,\VM-PF.IntUser\PDD 30-09-2025.IntPrj\Network Model.IntPrjfolder\Network Data.IntPrjfolder\SUR 138 kV.ElmNet\POWERSHIP AZUA KPS 26.ElmSite\Planta_POWERSHIP AZUA KPS26 1.ElmComp\MAN 18V/51/60DDF.ElmComp\Governor.ElmDsl,gov_MAN Governor/Actuator_v3,oarray_deltaME,IntMat:deltaME,19,1,0.0
MAN 18V/51/60DDF,Governor,\VM-PF.IntUser\PDD 30-09-2025.IntPrj\Network Model.IntPrjfolder\Network Data.IntPrjfolder\SUR 138 kV.ElmNet\POWERSHIP AZUA KPS 26.ElmSite\Planta_POWERSHIP AZUA KPS26 1.ElmComp\MAN 18V/51/60DDF.ElmComp\Governor.ElmDsl,gov_MAN Governor/Actuator_v3,oarray_deltaME,IntMat:deltaME,20,0,1.0
MAN 18V/51/60DDF,Governor,\VM-PF.IntUser\PDD 30-09-2025.IntPrj\Network Model.IntPrjfolder\Network Data.IntPrjfolder\SUR 138 kV.ElmNet\POWERSHIP AZUA KPS 26.ElmSite\Planta_POWERSHIP AZUA KPS26 1.ElmComp\MAN 18V/51/60DDF.ElmComp\Governor.ElmDsl,gov_MAN Governor/Actuator_v3,oarray_deltaME,IntMat:deltaME,20,1,0.0
MAN 18V/51/60DDF,Engine,\VM-PF.IntUser\PDD 30-09-2025.IntPrj\Network Model.IntPrjfolder\Network Data.IntPrjfolder\SUR 138 kV.ElmNet\POWERSHIP AZUA KPS 26.ElmSite\Planta_POWERSHIP AZUA KPS26 2.ElmComp\MAN 18V/51/60DDF.ElmComp\Engine.ElmDsl,eng_MAN Diesel Engine_v2,oarray_NRGM,IntMat:NRGM,0,0,0.0
MAN 18V/51/60DDF,Engine,\VM-PF.IntUser\PDD 30-09-2025.IntPrj\Network Model.IntPrjfolder\Network Data.IntPrjfolder\SUR 138 kV.ElmNet\POWERSHIP AZUA KPS 26.ElmSite\Planta_POWERSHIP AZUA KPS26 2.ElmComp\MAN 18V/51/60DDF.ElmComp\Engine.ElmDsl,eng_MAN Diesel Engine_v2,oarray_NRGM,IntMat:NRGM,0,1,0.01
MAN 18V/51/60DDF,Engine,\VM-PF.IntUser\PDD 30-09-2025.IntPrj\Network Model.IntPrjfolder\Network Data.IntPrjfolder\SUR 138 kV.ElmNet\POWERSHIP AZUA KPS 26.ElmSite\Planta_POWERSHIP AZUA KPS26 2.ElmComp\MAN 18V/51/60DDF.ElmComp\Engine.ElmDsl,eng_MAN Diesel Engine_v2,oarray_NRGM,IntMat:NRGM,1,0,0.82
MAN 18V/51/60DDF,Engine,\VM-PF.IntUser\PDD 30-09-2025.IntPrj\Network Model.IntPrjfolder\Network Data.IntPrjfolder\SUR 138 kV.ElmNet\POWERSHIP AZUA KPS 26.ElmSite\Planta_POWERSHIP AZUA KPS26 2.ElmComp\MAN 18V/51/60DDF.ElmComp\Engine.ElmDsl,eng_MAN Diesel Engine_v2,oarray_NRGM,IntMat:NRGM,1,1,0.01
MAN 18V/51/60DDF,Engine,\VM-PF.IntUser\PDD 30-09-2025.IntPrj\Network Model.IntPrjfolder\Network Data.IntPrjfolder\SUR 138 kV.ElmNet\POWERSHIP AZUA KPS 26.ElmSite\Planta_POWERSHIP AZUA KPS26 2.ElmComp\MAN 18V/51/60DDF.ElmComp\Engine.ElmDsl,eng_MAN Diesel Engine_v2,oarray_NRGM,IntMat:NRGM,2,0,6.0
MAN 18V/51/60DDF,Engine,\VM-PF.IntUser\PDD 30-09-2025.IntPrj\Network Model.IntPrjfolder\Network Data.IntPrjfolder\SUR 138 kV.ElmNet\POWERSHIP AZUA KPS 26.ElmSite\Planta_POWERSHIP AZUA KPS26 2.ElmComp\MAN 18V/51/60DDF.ElmComp\Engine.ElmDsl,eng_MAN Diesel Engine_v2,oarray_NRGM,IntMat:NRGM,2,1,0.08
MAN 18V/51/60DDF,Engine,\VM-PF.IntUser\PDD 30-09-2025.IntPrj\Network Model.IntPrjfolder\Network Data.IntPrjfolder\SUR 138 kV.ElmNet\POWERSHIP AZUA KPS 26.ElmSite\Planta_POWERSHIP AZUA KPS26 2.ElmComp\MAN 18V/51/60DDF.ElmComp\Engine.ElmDsl,eng_MAN Diesel Engine_v2,oarray_NRGM,IntMat:NRGM,3,0,80.0
MAN 18V/51/60DDF,Engine,\VM-PF.IntUser\PDD 30-09-2025.IntPrj\Network Model.IntPrjfolder\Network Data.IntPrjfolder\SUR 138 kV.ElmNet\POWERSHIP AZUA KPS 26.ElmSite\Planta_POWERSHIP AZUA KPS26 2.ElmComp\MAN 18V/51/60DDF.ElmComp\Engine.ElmDsl,eng_MAN Diesel Engine_v2,oarray_NRGM,IntMat:NRGM,3,1,1.08
MAN 18V/51/60DDF,Engine,\VM-PF.IntUser\PDD 30-09-2025.IntPrj\Network Model.IntPrjfolder\Network Data.IntPrjfolder\SUR 138 kV.ElmNet\POWERSHIP AZUA KPS 26.ElmSite\Planta_POWERSHIP AZUA KPS26 2.ElmComp\MAN 18V/51/60DDF.ElmComp\Engine.ElmDsl,eng_MAN Diesel Engine_v2,oarray_NRGM,IntMat:NRGM,4,0,100.0
MAN 18V/51/60DDF,Engine,\VM-PF.IntUser\PDD 30-09-2025.IntPrj\Network Model.IntPrjfolder\Network Data.IntPrjfolder\SUR 138 kV.ElmNet\POWERSHIP AZUA KPS 26.ElmSite\Planta_POWERSHIP AZUA KPS26 2.ElmComp\MAN 18V/51/60DDF.ElmComp\Engine.ElmDsl,eng_MAN Diesel Engine_v2,oarray_NRGM,IntMat:NRGM,4,1,1.35027
MAN 18V/51/60DDF,Engine,\VM-PF.IntUser\PDD 30-09-2025.IntPrj\Network Model.IntPrjfolder\Network Data.IntPrjfolder\SUR 138 kV.ElmNet\POWERSHIP AZUA KPS 26.ElmSite\Planta_POWERSHIP AZUA KPS26 2.ElmComp\MAN 18V/51/60DDF.ElmComp\Engine.ElmDsl,eng_MAN Diesel Engine_v2,oarray_NRGM,IntMat:NRGM,5,0,110.0
MAN 18V/51/60DDF,Engine,\VM-PF.IntUser\PDD 30-09-2025.IntPrj\Network Model.IntPrjfolder\Network Data.IntPrjfolder\SUR 138 kV.ElmNet\POWERSHIP AZUA KPS 26.ElmSite\Planta_POWERSHIP AZUA KPS26 2.ElmComp\MAN 18V/51/60DDF.ElmComp\Engine.ElmDsl,eng_MAN Diesel Engine_v2,oarray_NRGM,IntMat:NRGM,5,1,1.35027
MAN 18V/51/60DDF,Governor,\VM-PF.IntUser\PDD 30-09-2025.IntPrj\Network Model.IntPrjfolder\Network Data.IntPrjfolder\SUR 138 kV.ElmNet\POWERSHIP AZUA KPS 26.ElmSite\Planta_POWERSHIP AZUA KPS26 2.ElmComp\MAN 18V/51/60DDF.ElmComp\Governor.ElmDsl,gov_MAN Governor/Actuator_v3,oarray_Ptable,IntMat:Ptable,0,0,-30.0
MAN 18V/51/60DDF,Governor,\VM-PF.IntUser\PDD 30-09-2025.IntPrj\Network Model.IntPrjfolder\Network Data.IntPrjfolder\SUR 138 kV.ElmNet\POWERSHIP AZUA KPS 26.ElmSite\Planta_POWERSHIP AZUA KPS26 2.ElmComp\MAN 18V/51/60DDF.ElmComp\Governor.ElmDsl,gov_MAN Governor/Actuator_v3,oarray_Ptable,IntMat:Ptable,0,1,37.0
MAN 18V/51/60DDF,Governor,\VM-PF.IntUser\PDD 30-09-2025.IntPrj\Network Model.IntPrjfolder\Network Data.IntPrjfolder\SUR 138 kV.ElmNet\POWERSHIP AZUA KPS 26.ElmSite\Planta_POWERSHIP AZUA KPS26 2.ElmComp\MAN 18V/51/60DDF.ElmComp\Governor.ElmDsl,gov_MAN Governor/Actuator_v3,oarray_Ptable,IntMat:Ptable,1,0,-20.0
MAN 18V/51/60DDF,Governor,\VM-PF.IntUser\PDD 30-09-2025.IntPrj\Network Model.IntPrjfolder\Network Data.IntPrjfolder\SUR 138 kV.ElmNet\POWERSHIP AZUA KPS 26.ElmSite\Planta_POWERSHIP AZUA KPS26 2.ElmComp\MAN 18V/51/60DDF.ElmComp\Governor.ElmDsl,gov_MAN Governor/Actuator_v3,oarray_Ptable,IntMat:Ptable,1,1,37.0
MAN 18V/51/60DDF,Governor,\VM-PF.IntUser\PDD 30-09-2025.IntPrj\Network Model.IntPrjfolder\Network Data.IntPrjfolder\SUR 138 kV.ElmNet\POWERSHIP AZUA KPS 26.ElmSite\Planta_POWERSHIP AZUA KPS26 2.ElmComp\MAN 18V/51/60DDF.ElmComp\Governor.ElmDsl,gov_MAN Governor/Actuator_v3,oarray_Ptable,IntMat:Ptable,2,0,-15.0
MAN 18V/51/60DDF,Governor,\VM-PF.IntUser\PDD 30-09-2025.IntPrj\Network Model.IntPrjfolder\Network Data.IntPrjfolder\SUR 138 kV.ElmNet\POWERSHIP AZUA KPS 26.ElmSite\Planta_POWERSHIP AZUA KPS26 2.ElmComp\MAN 18V/51/60DDF.ElmComp\Governor.ElmDsl,gov_MAN Governor/Actuator_v3,oarray_Ptable,IntMat:Ptable,2,1,37.0
MAN 18V/51/60DDF,Governor,\VM-PF.IntUser\PDD 30-09-2025.IntPrj\Network Model.IntPrjfolder\Network Data.IntPrjfolder\SUR 138 kV.ElmNet\POWERSHIP AZUA KPS 26.ElmSite\Planta_POWERSHIP AZUA KPS26 2.ElmComp\MAN 18V/51/60DDF.ElmComp\Governor.ElmDsl,gov_MAN Governor/Actuator_v3,oarray_Ptable,IntMat:Ptable,3,0,-10.0
MAN 18V/51/60DDF,Governor,\VM-PF.IntUser\PDD 30-09-2025.IntPrj\Network Model.IntPrjfolder\Network Data.IntPrjfolder\SUR 138 kV.ElmNet\POWERSHIP AZUA KPS 26.ElmSite\Planta_POWERSHIP AZUA KPS26 2.ElmComp\MAN 18V/51/60DDF.ElmComp\Governor.ElmDsl,gov_MAN Governor/Actuator_v3,oarray_Ptable,IntMat:Ptable,3,1,37.0
MAN 18V/51/60DDF,Governor,\VM-PF.IntUser\PDD 30-09-2025.IntPrj\Network Model.IntPrjfolder\Network Data.IntPrjfolder\SUR 138 kV.ElmNet\POWERSHIP AZUA KPS 26.ElmSite\Planta_POWERSHIP AZUA KPS26 2.ElmComp\MAN 18V/51/60DDF.ElmComp\Governor.ElmDsl,gov_MAN Governor/Actuator_v3,oarray_Ptable,IntMat:Ptable,4,0,-5.0
MAN 18V/51/60DDF,Governor,\VM-PF.IntUser\PDD 30-09-2025.IntPrj\Network Model.IntPrjfolder\Network Data.IntPrjfolder\SUR 138 kV.ElmNet\POWERSHIP AZUA KPS 26.ElmSite\Planta_POWERSHIP AZUA KPS26 2.ElmComp\MAN 18V/51/60DDF.ElmComp\Governor.ElmDsl,gov_MAN Governor/Actuator_v3,oarray_Ptable,IntMat:Ptable,4,1,37.0
MAN 18V/51/60DDF,Governor,\VM-PF.IntUser\PDD 30-09-2025.IntPrj\Network Model.IntPrjfolder\Network Data.IntPrjfolder\SUR 138 kV.ElmNet\POWERSHIP AZUA KPS 26.ElmSite\Planta_POWERSHIP AZUA KPS26 2.ElmComp\MAN 18V/51/60DDF.ElmComp\Governor.ElmDsl,gov_MAN Governor/Actuator_v3,oarray_Ptable,IntMat:Ptable,5,0,5.0
MAN 18V/51/60DDF,Governor,\VM-PF.IntUser\PDD 30-09-2025.IntPrj\Network Model.IntPrjfolder\Network Data.IntPrjfolder\SUR 138 kV.ElmNet\POWERSHIP AZUA KPS 26.ElmSite\Planta_POWERSHIP AZUA KPS26 2.ElmComp\MAN 18V/51/60DDF.ElmComp\Governor.ElmDsl,gov_MAN Governor/Actuator_v3,oarray_Ptable,IntMat:Ptable,5,1,37.0
MAN 18V/51/60DDF,Governor,\VM-PF.IntUser\PDD 30-09-2025.IntPrj\Network Model.IntPrjfolder\Network Data.IntPrjfolder\SUR 138 kV.ElmNet\POWERSHIP AZUA KPS 26.ElmSite\Planta_POWERSHIP AZUA KPS26 2.ElmComp\MAN 18V/51/60DDF.ElmComp\Governor.ElmDsl,gov_MAN Governor/Actuator_v3,oarray_Ptable,IntMat:Ptable,6,0,10.0
MAN 18V/51/60DDF,Governor,\VM-PF.IntUser\PDD 30-09-2025.IntPrj\Network Model.IntPrjfolder\Network Data.IntPrjfolder\SUR 138 kV.ElmNet\POWERSHIP AZUA KPS 26.ElmSite\Planta_POWERSHIP AZUA KPS26 2.ElmComp\MAN 18V/51/60DDF.ElmComp\Governor.ElmDsl,gov_MAN Governor/Actuator_v3,oarray_Ptable,IntMat:Ptable,6,1,37.0
MAN 18V/51/60DDF,Governor,\VM-PF.IntUser\PDD 30-09-2025.IntPrj\Network Model.IntPrjfolder\Network Data.IntPrjfolder\SUR 138 kV.ElmNet\POWERSHIP AZUA KPS 26.ElmSite\Planta_POWERSHIP AZUA KPS26 2.ElmComp\MAN 18V/51/60DDF.ElmComp\Governor.ElmDsl,gov_MAN Governor/Actuator_v3,oarray_Ptable,IntMat:Ptable,7,0,15.0
MAN 18V/51/60DDF,Governor,\VM-PF.IntUser\PDD 30-09-2025.IntPrj\Network Model.IntPrjfolder\Network Data.IntPrjfolder\SUR 138 kV.ElmNet\POWERSHIP AZUA KPS 26.ElmSite\Planta_POWERSHIP AZUA KPS26 2.ElmComp\MAN 18V/51/60DDF.ElmComp\Governor.ElmDsl,gov_MAN Governor/Actuator_v3,oarray_Ptable,IntMat:Ptable,7,1,37.0
MAN 18V/51/60DDF,Governor,\VM-PF.IntUser\PDD 30-09-2025.IntPrj\Network Model.IntPrjfolder\Network Data.IntPrjfolder\SUR 138 kV.ElmNet\POWERSHIP AZUA KPS 26.ElmSite\Planta_POWERSHIP AZUA KPS26 2.ElmComp\MAN 18V/51/60DDF.ElmComp\Governor.ElmDsl,gov_MAN Governor/Actuator_v3,oarray_Ptable,IntMat:Ptable,8,0,20.0
MAN 18V/51/60DDF,Governor,\VM-PF.IntUser\PDD 30-09-2025.IntPrj\Network Model.IntPrjfolder\Network Data.IntPrjfolder\SUR 138 kV.ElmNet\POWERSHIP AZUA KPS 26.ElmSite\Planta_POWERSHIP AZUA KPS26 2.ElmComp\MAN 18V/51/60DDF.ElmComp\Governor.ElmDsl,gov_MAN Governor/Actuator_v3,oarray_Ptable,IntMat:Ptable,8,1,37.0
MAN 18V/51/60DDF,Governor,\VM-PF.IntUser\PDD 30-09-2025.IntPrj\Network Model.IntPrjfolder\Network Data.IntPrjfolder\SUR 138 kV.ElmNet\POWERSHIP AZUA KPS 26.ElmSite\Planta_POWERSHIP AZUA KPS26 2.ElmComp\MAN 18V/51/60DDF.ElmComp\Governor.ElmDsl,gov_MAN Governor/Actuator_v3,oarray_Ptable,IntMat:Ptable,9,0,30.0
MAN 18V/51/60DDF,Governor,\VM-PF.IntUser\PDD 30-09-2025.IntPrj\Network Model.IntPrjfolder\Network Data.IntPrjfolder\SUR 138 kV.ElmNet\POWERSHIP AZUA KPS 26.ElmSite\Planta_POWERSHIP AZUA KPS26 2.ElmComp\MAN 18V/51/60DDF.ElmComp\Governor.ElmDsl,gov_MAN Governor/Actuator_v3,oarray_Ptable,IntMat:Ptable,9,1,37.0
MAN 18V/51/60DDF,Governor,\VM-PF.IntUser\PDD 30-09-2025.IntPrj\Network Model.IntPrjfolder\Network Data.IntPrjfolder\SUR 138 kV.ElmNet\POWERSHIP AZUA KPS 26.ElmSite\Planta_POWERSHIP AZUA KPS26 2.ElmComp\MAN 18V/51/60DDF.ElmComp\Governor.ElmDsl,gov_MAN Governor/Actuator_v3,oarray_Itable,IntMat:Itable,0,0,-30.0
MAN 18V/51/60DDF,Governor,\VM-PF.IntUser\PDD 30-09-2025.IntPrj\Network Model.IntPrjfolder\Network Data.IntPrjfolder\SUR 138 kV.ElmNet\POWERSHIP AZUA KPS 26.ElmSite\Planta_POWERSHIP AZUA KPS26 2.ElmComp\MAN 18V/51/60DDF.ElmComp\Governor.ElmDsl,gov_MAN Governor/Actuator_v3,oarray_Itable,IntMat:Itable,0,1,20.0
MAN 18V/51/60DDF,Governor,\VM-PF.IntUser\PDD 30-09-2025.IntPrj\Network Model.IntPrjfolder\Network Data.IntPrjfolder\SUR 138 kV.ElmNet\POWERSHIP AZUA KPS 26.ElmSite\Planta_POWERSHIP AZUA KPS26 2.ElmComp\MAN 18V/51/60DDF.ElmComp\Governor.ElmDsl,gov_MAN Governor/Actuator_v3,oarray_Itable,IntMat:Itable,1,0,-20.0
MAN 18V/51/60DDF,Governor,\VM-PF.IntUser\PDD 30-09-2025.IntPrj\Network Model.IntPrjfolder\Network Data.IntPrjfolder\SUR 138 kV.ElmNet\POWERSHIP AZUA KPS 26.ElmSite\Planta_POWERSHIP AZUA KPS26 2.ElmComp\MAN 18V/51/60DDF.ElmComp\Governor.ElmDsl,gov_MAN Governor/Actuator_v3,oarray_Itable,IntMat:Itable,1,1,20.0
MAN 18V/51/60DDF,Governor,\VM-PF.IntUser\PDD 30-09-2025.IntPrj\Network Model.IntPrjfolder\Network Data.IntPrjfolder\SUR 138 kV.ElmNet\POWERSHIP AZUA KPS 26.ElmSite\Planta_POWERSHIP AZUA KPS26 2.ElmComp\MAN 18V/51/60DDF.ElmComp\Governor.ElmDsl,gov_MAN Governor/Actuator_v3,oarray_Itable,IntMat:Itable,2,0,-15.0
MAN 18V/51/60DDF,Governor,\VM-PF.IntUser\PDD 30-09-2025.IntPrj\Network Model.IntPrjfolder\Network Data.IntPrjfolder\SUR 138 kV.ElmNet\POWERSHIP AZUA KPS 26.ElmSite\Planta_POWERSHIP AZUA KPS26 2.ElmComp\MAN 18V/51/60DDF.ElmComp\Governor.ElmDsl,gov_MAN Governor/Actuator_v3,oarray_Itable,IntMat:Itable,2,1,20.0
MAN 18V/51/60DDF,Governor,\VM-PF.IntUser\PDD 30-09-2025.IntPrj\Network Model.IntPrjfolder\Network Data.IntPrjfolder\SUR 138 kV.ElmNet\POWERSHIP AZUA KPS 26.ElmSite\Planta_POWERSHIP AZUA KPS26 2.ElmComp\MAN 18V/51/60DDF.ElmComp\Governor.ElmDsl,gov_MAN Governor/Actuator_v3,oarray_Itable,IntMat:Itable,3,0,-10.0
MAN 18V/51/60DDF,Governor,\VM-PF.IntUser\PDD 30-09-2025.IntPrj\Network Model.IntPrjfolder\Network Data.IntPrjfolder\SUR 138 kV.ElmNet\POWERSHIP AZUA KPS 26.ElmSite\Planta_POWERSHIP AZUA KPS26 2.ElmComp\MAN 18V/51/60DDF.ElmComp\Governor.ElmDsl,gov_MAN Governor/Actuator_v3,oarray_Itable,IntMat:Itable,3,1,20.0
MAN 18V/51/60DDF,Governor,\VM-PF.IntUser\PDD 30-09-2025.IntPrj\Network Model.IntPrjfolder\Network Data.IntPrjfolder\SUR 138 kV.ElmNet\POWERSHIP AZUA KPS 26.ElmSite\Planta_POWERSHIP AZUA KPS26 2.ElmComp\MAN 18V/51/60DDF.ElmComp\Governor.ElmDsl,gov_MAN Governor/Actuator_v3,oarray_Itable,IntMat:Itable,4,0,-5.0
MAN 18V/51/60DDF,Governor,\VM-PF.IntUser\PDD 30-09-2025.IntPrj\Network Model.IntPrjfolder\Network Data.IntPrjfolder\SUR 138 kV.ElmNet\POWERSHIP AZUA KPS 26.ElmSite\Planta_POWERSHIP AZUA KPS26 2.ElmComp\MAN 18V/51/60DDF.ElmComp\Governor.ElmDsl,gov_MAN Governor/Actuator_v3,oarray_Itable,IntMat:Itable,4,1,20.0
MAN 18V/51/60DDF,Governor,\VM-PF.IntUser\PDD 30-09-2025.IntPrj\Network Model.IntPrjfolder\Network Data.IntPrjfolder\SUR 138 kV.ElmNet\POWERSHIP AZUA KPS 26.ElmSite\Planta_POWERSHIP AZUA KPS26 2.ElmComp\MAN 18V/51/60DDF.ElmComp\Governor.ElmDsl,gov_MAN Governor/Actuator_v3,oarray_Itable,IntMat:Itable,5,0,5.0
MAN 18V/51/60DDF,Governor,\VM-PF.IntUser\PDD 30-09-2025.IntPrj\Network Model.IntPrjfolder\Network Data.IntPrjfolder\SUR 138 kV.ElmNet\POWERSHIP AZUA KPS 26.ElmSite\Planta_POWERSHIP AZUA KPS26 2.ElmComp\MAN 18V/51/60DDF.ElmComp\Governor.ElmDsl,gov_MAN Governor/Actuator_v3,oarray_Itable,IntMat:Itable,5,1,20.0
MAN 18V/51/60DDF,Governor,\VM-PF.IntUser\PDD 30-09-2025.IntPrj\Network Model.IntPrjfolder\Network Data.IntPrjfolder\SUR 138 kV.ElmNet\POWERSHIP AZUA KPS 26.ElmSite\Planta_POWERSHIP AZUA KPS26 2.ElmComp\MAN 18V/51/60DDF.ElmComp\Governor.ElmDsl,gov_MAN Governor/Actuator_v3,oarray_Itable,IntMat:Itable,6,0,10.0
MAN 18V/51/60DDF,Governor,\VM-PF.IntUser\PDD 30-09-2025.IntPrj\Network Model.IntPrjfolder\Network Data.IntPrjfolder\SUR 138 kV.ElmNet\POWERSHIP AZUA KPS 26.ElmSite\Planta_POWERSHIP AZUA KPS26 2.ElmComp\MAN 18V/51/60DDF.ElmComp\Governor.ElmDsl,gov_MAN Governor/Actuator_v3,oarray_Itable,IntMat:Itable,6,1,20.0
MAN 18V/51/60DDF,Governor,\VM-PF.IntUser\PDD 30-09-2025.IntPrj\Network Model.IntPrjfolder\Network Data.IntPrjfolder\SUR 138 kV.ElmNet\POWERSHIP AZUA KPS 26.ElmSite\Planta_POWERSHIP AZUA KPS26 2.ElmComp\MAN 18V/51/60DDF.ElmComp\Governor.ElmDsl,gov_MAN Governor/Actuator_v3,oarray_Itable,IntMat:Itable,7,0,15.0
MAN 18V/51/60DDF,Governor,\VM-PF.IntUser\PDD 30-09-2025.IntPrj\Network Model.IntPrjfolder\Network Data.IntPrjfolder\SUR 138 kV.ElmNet\POWERSHIP AZUA KPS 26.ElmSite\Planta_POWERSHIP AZUA KPS26 2.ElmComp\MAN 18V/51/60DDF.ElmComp\Governor.ElmDsl,gov_MAN Governor/Actuator_v3,oarray_Itable,IntMat:Itable,7,1,20.0
MAN 18V/51/60DDF,Governor,\VM-PF.IntUser\PDD 30-09-2025.IntPrj\Network Model.IntPrjfolder\Network Data.IntPrjfolder\SUR 138 kV.ElmNet\POWERSHIP AZUA KPS 26.ElmSite\Planta_POWERSHIP AZUA KPS26 2.ElmComp\MAN 18V/51/60DDF.ElmComp\Governor.ElmDsl,gov_MAN Governor/Actuator_v3,oarray_Itable,IntMat:Itable,8,0,20.0
MAN 18V/51/60DDF,Governor,\VM-PF.IntUser\PDD 30-09-2025.IntPrj\Network Model.IntPrjfolder\Network Data.IntPrjfolder\SUR 138 kV.ElmNet\POWERSHIP AZUA KPS 26.ElmSite\Planta_POWERSHIP AZUA KPS26 2.ElmComp\MAN 18V/51/60DDF.ElmComp\Governor.ElmDsl,gov_MAN Governor/Actuator_v3,oarray_Itable,IntMat:Itable,8,1,20.0
MAN 18V/51/60DDF,Governor,\VM-PF.IntUser\PDD 30-09-2025.IntPrj\Network Model.IntPrjfolder\Network Data.IntPrjfolder\SUR 138 kV.ElmNet\POWERSHIP AZUA KPS 26.ElmSite\Planta_POWERSHIP AZUA KPS26 2.ElmComp\MAN 18V/51/60DDF.ElmComp\Governor.ElmDsl,gov_MAN Governor/Actuator_v3,oarray_Itable,IntMat:Itable,9,0,30.0
MAN 18V/51/60DDF,Governor,\VM-PF.IntUser\PDD 30-09-2025.IntPrj\Network Model.IntPrjfolder\Network Data.IntPrjfolder\SUR 138 kV.ElmNet\POWERSHIP AZUA KPS 26.ElmSite\Planta_POWERSHIP AZUA KPS26 2.ElmComp\MAN 18V/51/60DDF.ElmComp\Governor.ElmDsl,gov_MAN Governor/Actuator_v3,oarray_Itable,IntMat:Itable,9,1,20.0
MAN 18V/51/60DDF,Governor,\VM-PF.IntUser\PDD 30-09-2025.IntPrj\Network Model.IntPrjfolder\Network Data.IntPrjfolder\SUR 138 kV.ElmNet\POWERSHIP AZUA KPS 26.ElmSite\Planta_POWERSHIP AZUA KPS26 2.ElmComp\MAN 18V/51/60DDF.ElmComp\Governor.ElmDsl,gov_MAN Governor/Actuator_v3,oarray_NRGME,IntMat:NRGME,0,0,0.0
MAN 18V/51/60DDF,Governor,\VM-PF.IntUser\PDD 30-09-2025.IntPrj\Network Model.IntPrjfolder\Network Data.IntPrjfolder\SUR 138 kV.ElmNet\POWERSHIP AZUA KPS 26.ElmSite\Planta_POWERSHIP AZUA KPS26 2.ElmComp\MAN 18V/51/60DDF.ElmComp\Governor.ElmDsl,gov_MAN Governor/Actuator_v3,oarray_NRGME,IntMat:NRGME,0,1,21.71814
MAN 18V/51/60DDF,Governor,\VM-PF.IntUser\PDD 30-09-2025.IntPrj\Network Model.IntPrjfolder\Network Data.IntPrjfolder\SUR 138 kV.ElmNet\POWERSHIP AZUA KPS 26.ElmSite\Planta_POWERSHIP AZUA KPS26 2.ElmComp\MAN 18V/51/60DDF.ElmComp\Governor.ElmDsl,gov_MAN Governor/Actuator_v3,oarray_NRGME,IntMat:NRGME,1,0,0.05
MAN 18V/51/60DDF,Governor,\VM-PF.IntUser\PDD 30-09-2025.IntPrj\Network Model.IntPrjfolder\Network Data.IntPrjfolder\SUR 138 kV.ElmNet\POWERSHIP AZUA KPS 26.ElmSite\Planta_POWERSHIP AZUA KPS26 2.ElmComp\MAN 18V/51/60DDF.ElmComp\Governor.ElmDsl,gov_MAN Governor/Actuator_v3,oarray_NRGME,IntMat:NRGME,1,1,25.196228
MAN 18V/51/60DDF,Governor,\VM-PF.IntUser\PDD 30-09-2025.IntPrj\Network Model.IntPrjfolder\Network Data.IntPrjfolder\SUR 138 kV.ElmNet\POWERSHIP AZUA KPS 26.ElmSite\Planta_POWERSHIP AZUA KPS26 2.ElmComp\MAN 18V/51/60DDF.ElmComp\Governor.ElmDsl,gov_MAN Governor/Actuator_v3,oarray_NRGME,IntMat:NRGME,2,0,0.1
MAN 18V/51/60DDF,Governor,\VM-PF.IntUser\PDD 30-09-2025.IntPrj\Network Model.IntPrjfolder\Network Data.IntPrjfolder\SUR 138 kV.ElmNet\POWERSHIP AZUA KPS 26.ElmSite\Planta_POWERSHIP AZUA KPS26 2.ElmComp\MAN 18V/51/60DDF.ElmComp\Governor.ElmDsl,gov_MAN Governor/Actuator_v3,oarray_NRGME,IntMat:NRGME,2,1,28.748657
MAN 18V/51/60DDF,Governor,\VM-PF.IntUser\PDD 30-09-2025.IntPrj\Network Model.IntPrjfolder\Network Data.IntPrjfolder\SUR 138 kV.ElmNet\POWERSHIP AZUA KPS 26.ElmSite\Planta_POWERSHIP AZUA KPS26 2.ElmComp\MAN 18V/51/60DDF.ElmComp\Governor.ElmDsl,gov_MAN Governor/Actuator_v3,oarray_NRGME,IntMat:NRGME,3,0,0.15
MAN 18V/51/60DDF,Governor,\VM-PF.IntUser\PDD 30-09-2025.IntPrj\Network Model.IntPrjfolder\Network Data.IntPrjfolder\SUR 138 kV.ElmNet\POWERSHIP AZUA KPS 26.ElmSite\Planta_POWERSHIP AZUA KPS26 2.ElmComp\MAN 18V/51/60DDF.ElmComp\Governor.ElmDsl,gov_MAN Governor/Actuator_v3,oarray_NRGME,IntMat:NRGME,3,1,32.542694
MAN 18V/51/60DDF,Governor,\VM-PF.IntUser\PDD 30-09-2025.IntPrj\Network Model.IntPrjfolder\Network Data.IntPrjfolder\SUR 138 kV.ElmNet\POWERSHIP AZUA KPS 26.ElmSite\Planta_POWERSHIP AZUA KPS26 2.ElmComp\MAN 18V/51/60DDF.ElmComp\Governor.ElmDsl,gov_MAN Governor/Actuator_v3,oarray_NRGME,IntMat:NRGME,4,0,0.2
MAN 18V/51/60DDF,Governor,\VM-PF.IntUser\PDD 30-09-2025.IntPrj\Network Model.IntPrjfolder\Network Data.IntPrjfolder\SUR 138 kV.ElmNet\POWERSHIP AZUA KPS 26.ElmSite\Planta_POWERSHIP AZUA KPS26 2.ElmComp\MAN 18V/51/60DDF.ElmComp\Governor.ElmDsl,gov_MAN Governor/Actuator_v3,oarray_NRGME,IntMat:NRGME,4,1,36.315491
MAN 18V/51/60DDF,Governor,\VM-PF.IntUser\PDD 30-09-2025.IntPrj\Network Model.IntPrjfolder\Network Data.IntPrjfolder\SUR 138 kV.ElmNet\POWERSHIP AZUA KPS 26.ElmSite\Planta_POWERSHIP AZUA KPS26 2.ElmComp\MAN 18V/51/60DDF.ElmComp\Governor.ElmDsl,gov_MAN Governor/Actuator_v3,oarray_NRGME,IntMat:NRGME,5,0,0.25
MAN 18V/51/60DDF,Governor,\VM-PF.IntUser\PDD 30-09-2025.IntPrj\Network Model.IntPrjfolder\Network Data.IntPrjfolder\SUR 138 kV.ElmNet\POWERSHIP AZUA KPS 26.ElmSite\Planta_POWERSHIP AZUA KPS26 2.ElmComp\MAN 18V/51/60DDF.ElmComp\Governor.ElmDsl,gov_MAN Governor/Actuator_v3,oarray_NRGME,IntMat:NRGME,5,1,40.064392
MAN 18V/51/60DDF,Governor,\VM-PF.IntUser\PDD 30-09-2025.IntPrj\Network Model.IntPrjfolder\Network Data.IntPrjfolder\SUR 138 kV.ElmNet\POWERSHIP AZUA KPS 26.ElmSite\Planta_POWERSHIP AZUA KPS26 2.ElmComp\MAN 18V/51/60DDF.ElmComp\Governor.ElmDsl,gov_MAN Governor/Actuator_v3,oarray_NRGME,IntMat:NRGME,6,0,0.3
MAN 18V/51/60DDF,Governor,\VM-PF.IntUser\PDD 30-09-2025.IntPrj\Network Model.IntPrjfolder\Network Data.IntPrjfolder\SUR 138 kV.ElmNet\POWERSHIP AZUA KPS 26.ElmSite\Planta_POWERSHIP AZUA KPS26 2.ElmComp\MAN 18V/51/60DDF.ElmComp\Governor.ElmDsl,gov_MAN Governor/Actuator_v3,oarray_NRGME,IntMat:NRGME,6,1,43.669922
MAN 18V/51/60DDF,Governor,\VM-PF.IntUser\PDD 30-09-2025.IntPrj\Network Model.IntPrjfolder\Network Data.IntPrjfolder\SUR 138 kV.ElmNet\POWERSHIP AZUA KPS 26.ElmSite\Planta_POWERSHIP AZUA KPS26 2.ElmComp\MAN 18V/51/60DDF.ElmComp\Governor.ElmDsl,gov_MAN Governor/Actuator_v3,oarray_NRGME,IntMat:NRGME,7,0,0.35
MAN 18V/51/60DDF,Governor,\VM-PF.IntUser\PDD 30-09-2025.IntPrj\Network Model.IntPrjfolder\Network Data.IntPrjfolder\SUR 138 kV.ElmNet\POWERSHIP AZUA KPS 26.ElmSite\Planta_POWERSHIP AZUA KPS26 2.ElmComp\MAN 18V/51/60DDF.ElmComp\Governor.ElmDsl,gov_MAN Governor/Actuator_v3,oarray_NRGME,IntMat:NRGME,7,1,47.248901
MAN 18V/51/60DDF,Governor,\VM-PF.IntUser\PDD 30-09-2025.IntPrj\Network Model.IntPrjfolder\Network Data.IntPrjfolder\SUR 138 kV.ElmNet\POWERSHIP AZUA KPS 26.ElmSite\Planta_POWERSHIP AZUA KPS26 2.ElmComp\MAN 18V/51/60DDF.ElmComp\Governor.ElmDsl,gov_MAN Governor/Actuator_v3,oarray_NRGME,IntMat:NRGME,8,0,0.4
MAN 18V/51/60DDF,Governor,\VM-PF.IntUser\PDD 30-09-2025.IntPrj\Network Model.IntPrjfolder\Network Data.IntPrjfolder\SUR 138 kV.ElmNet\POWERSHIP AZUA KPS 26.ElmSite\Planta_POWERSHIP AZUA KPS26 2.ElmComp\MAN 18V/51/60DDF.ElmComp\Governor.ElmDsl,gov_MAN Governor/Actuator_v3,oarray_NRGME,IntMat:NRGME,8,1,50.862396
MAN 18V/51/60DDF,Governor,\VM-PF.IntUser\PDD 30-09-2025.IntPrj\Network Model.IntPrjfolder\Network Data.IntPrjfolder\SUR 138 kV.ElmNet\POWERSHIP AZUA KPS 26.ElmSite\Planta_POWERSHIP AZUA KPS26 2.ElmComp\MAN 18V/51/60DDF.ElmComp\Governor.ElmDsl,gov_MAN Governor/Actuator_v3,oarray_NRGME,IntMat:NRGME,9,0,0.45
MAN 18V/51/60DDF,Governor,\VM-PF.IntUser\PDD 30-09-2025.IntPrj\Network Model.IntPrjfolder\Network Data.IntPrjfolder\SUR 138 kV.ElmNet\POWERSHIP AZUA KPS 26.ElmSite\Planta_POWERSHIP AZUA KPS26 2.ElmComp\MAN 18V/51/60DDF.ElmComp\Governor.ElmDsl,gov_MAN Governor/Actuator_v3,oarray_NRGME,IntMat:NRGME,9,1,54.521027
MAN 18V/51/60DDF,Governor,\VM-PF.IntUser\PDD 30-09-2025.IntPrj\Network Model.IntPrjfolder\Network Data.IntPrjfolder\SUR 138 kV.ElmNet\POWERSHIP AZUA KPS 26.ElmSite\Planta_POWERSHIP AZUA KPS26 2.ElmComp\MAN 18V/51/60DDF.ElmComp\Governor.ElmDsl,gov_MAN Governor/Actuator_v3,oarray_NRGME,IntMat:NRGME,10,0,0.5
MAN 18V/51/60DDF,Governor,\VM-PF.IntUser\PDD 30-09-2025.IntPrj\Network Model.IntPrjfolder\Network Data.IntPrjfolder\SUR 138 kV.ElmNet\POWERSHIP AZUA KPS 26.ElmSite\Planta_POWERSHIP AZUA KPS26 2.ElmComp\MAN 18V/51/60DDF.ElmComp\Governor.ElmDsl,gov_MAN Governor/Actuator_v3,oarray_NRGME,IntMat:NRGME,10,1,58.200897
MAN 18V/51/60DDF,Governor,\VM-PF.IntUser\PDD 30-09-2025.IntPrj\Network Model.IntPrjfolder\Network Data.IntPrjfolder\SUR 138 kV.ElmNet\POWERSHIP AZUA KPS 26.ElmSite\Planta_POWERSHIP AZUA KPS26 2.ElmComp\MAN 18V/51/60DDF.ElmComp\Governor.ElmDsl,gov_MAN Governor/Actuator_v3,oarray_NRGME,IntMat:NRGME,11,0,0.55
MAN 18V/51/60DDF,Governor,\VM-PF.IntUser\PDD 30-09-2025.IntPrj\Network Model.IntPrjfolder\Network Data.IntPrjfolder\SUR 138 kV.ElmNet\POWERSHIP AZUA KPS 26.ElmSite\Planta_POWERSHIP AZUA KPS26 2.ElmComp\MAN 18V/51/60DDF.ElmComp\Governor.ElmDsl,gov_MAN Governor/Actuator_v3,oarray_NRGME,IntMat:NRGME,11,1,61.862183
MAN 18V/51/60DDF,Governor,\VM-PF.IntUser\PDD 30-09-2025.IntPrj\Network Model.IntPrjfolder\Network Data.IntPrjfolder\SUR 138 kV.ElmNet\POWERSHIP AZUA KPS 26.ElmSite\Planta_POWERSHIP AZUA KPS26 2.ElmComp\MAN 18V/51/60DDF.ElmComp\Governor.ElmDsl,gov_MAN Governor/Actuator_v3,oarray_NRGME,IntMat:NRGME,12,0,0.6
MAN 18V/51/60DDF,Governor,\VM-PF.IntUser\PDD 30-09-2025.IntPrj\Network Model.IntPrjfolder\Network Data.IntPrjfolder\SUR 138 kV.ElmNet\POWERSHIP AZUA KPS 26.ElmSite\Planta_POWERSHIP AZUA KPS26 2.ElmComp\MAN 18V/51/60DDF.ElmComp\Governor.ElmDsl,gov_MAN Governor/Actuator_v3,oarray_NRGME,IntMat:NRGME,12,1,65.518158
MAN 18V/51/60DDF,Governor,\VM-PF.IntUser\PDD 30-09-2025.IntPrj\Network Model.IntPrjfolder\Network Data.IntPrjfolder\SUR 138 kV.ElmNet\POWERSHIP AZUA KPS 26.ElmSite\Planta_POWERSHIP AZUA KPS26 2.ElmComp\MAN 18V/51/60DDF.ElmComp\Governor.ElmDsl,gov_MAN Governor/Actuator_v3,oarray_NRGME,IntMat:NRGME,13,0,0.65
MAN 18V/51/60DDF,Governor,\VM-PF.IntUser\PDD 30-09-2025.IntPrj\Network Model.IntPrjfolder\Network Data.IntPrjfolder\SUR 138 kV.ElmNet\POWERSHIP AZUA KPS 26.ElmSite\Planta_POWERSHIP AZUA KPS26 2.ElmComp\MAN 18V/51/60DDF.ElmComp\Governor.ElmDsl,gov_MAN Governor/Actuator_v3,oarray_NRGME,IntMat:NRGME,13,1,69.179443
MAN 18V/51/60DDF,Governor,\VM-PF.IntUser\PDD 30-09-2025.IntPrj\Network Model.IntPrjfolder\Network Data.IntPrjfolder\SUR 138 kV.ElmNet\POWERSHIP AZUA KPS 26.ElmSite\Planta_POWERSHIP AZUA KPS26 2.ElmComp\MAN 18V/51/60DDF.ElmComp\Governor.ElmDsl,gov_MAN Governor/Actuator_v3,oarray_NRGME,IntMat:NRGME,14,0,0.7
MAN 18V/51/60DDF,Governor,\VM-PF.IntUser\PDD 30-09-2025.IntPrj\Network Model.IntPrjfolder\Network Data.IntPrjfolder\SUR 138 kV.ElmNet\POWERSHIP AZUA KPS 26.ElmSite\Planta_POWERSHIP AZUA KPS26 2.ElmComp\MAN 18V/51/60DDF.ElmComp\Governor.ElmDsl,gov_MAN Governor/Actuator_v3,oarray_NRGME,IntMat:NRGME,14,1,72.816833
MAN 18V/51/60DDF,Governor,\VM-PF.IntUser\PDD 30-09-2025.IntPrj\Network Model.IntPrjfolder\Network Data.IntPrjfolder\SUR 138 kV.ElmNet\POWERSHIP AZUA KPS 26.ElmSite\Planta_POWERSHIP AZUA KPS26 2.ElmComp\MAN 18V/51/60DDF.ElmComp\Governor.ElmDsl,gov_MAN Governor/Actuator_v3,oarray_NRGME,IntMat:NRGME,15,0,0.75
MAN 18V/51/60DDF,Governor,\VM-PF.IntUser\PDD 30-09-2025.IntPrj\Network Model.IntPrjfolder\Network Data.IntPrjfolder\SUR 138 kV.ElmNet\POWERSHIP AZUA KPS 26.ElmSite\Planta_POWERSHIP AZUA KPS26 2.ElmComp\MAN 18V/51/60DDF.ElmComp\Governor.ElmDsl,gov_MAN Governor/Actuator_v3,oarray_NRGME,IntMat:NRGME,15,1,76.528564
MAN 18V/51/60DDF,Governor,\VM-PF.IntUser\PDD 30-09-2025.IntPrj\Network Model.IntPrjfolder\Network Data.IntPrjfolder\SUR 138 kV.ElmNet\POWERSHIP AZUA KPS 26.ElmSite\Planta_POWERSHIP AZUA KPS26 2.ElmComp\MAN 18V/51/60DDF.ElmComp\Governor.ElmDsl,gov_MAN Governor/Actuator_v3,oarray_NRGME,IntMat:NRGME,16,0,0.8
MAN 18V/51/60DDF,Governor,\VM-PF.IntUser\PDD 30-09-2025.IntPrj\Network Model.IntPrjfolder\Network Data.IntPrjfolder\SUR 138 kV.ElmNet\POWERSHIP AZUA KPS 26.ElmSite\Planta_POWERSHIP AZUA KPS26 2.ElmComp\MAN 18V/51/60DDF.ElmComp\Governor.ElmDsl,gov_MAN Governor/Actuator_v3,oarray_NRGME,IntMat:NRGME,16,1,80.24826
MAN 18V/51/60DDF,Governor,\VM-PF.IntUser\PDD 30-09-2025.IntPrj\Network Model.IntPrjfolder\Network Data.IntPrjfolder\SUR 138 kV.ElmNet\POWERSHIP AZUA KPS 26.ElmSite\Planta_POWERSHIP AZUA KPS26 2.ElmComp\MAN 18V/51/60DDF.ElmComp\Governor.ElmDsl,gov_MAN Governor/Actuator_v3,oarray_NRGME,IntMat:NRGME,17,0,0.85
MAN 18V/51/60DDF,Governor,\VM-PF.IntUser\PDD 30-09-2025.IntPrj\Network Model.IntPrjfolder\Network Data.IntPrjfolder\SUR 138 kV.ElmNet\POWERSHIP AZUA KPS 26.ElmSite\Planta_POWERSHIP AZUA KPS26 2.ElmComp\MAN 18V/51/60DDF.ElmComp\Governor.ElmDsl,gov_MAN Governor/Actuator_v3,oarray_NRGME,IntMat:NRGME,17,1,83.967957
MAN 18V/51/60DDF,Governor,\VM-PF.IntUser\PDD 30-09-2025.IntPrj\Network Model.IntPrjfolder\Network Data.IntPrjfolder\SUR 138 kV.ElmNet\POWERSHIP AZUA KPS 26.ElmSite\Planta_POWERSHIP AZUA KPS26 2.ElmComp\MAN 18V/51/60DDF.ElmComp\Governor.ElmDsl,gov_MAN Governor/Actuator_v3,oarray_NRGME,IntMat:NRGME,18,0,0.9
MAN 18V/51/60DDF,Governor,\VM-PF.IntUser\PDD 30-09-2025.IntPrj\Network Model.IntPrjfolder\Network Data.IntPrjfolder\SUR 138 kV.ElmNet\POWERSHIP AZUA KPS 26.ElmSite\Planta_POWERSHIP AZUA KPS26 2.ElmComp\MAN 18V/51/60DDF.ElmComp\Governor.ElmDsl,gov_MAN Governor/Actuator_v3,oarray_NRGME,IntMat:NRGME,18,1,87.687653
MAN 18V/51/60DDF,Governor,\VM-PF.IntUser\PDD 30-09-2025.IntPrj\Network Model.IntPrjfolder\Network Data.IntPrjfolder\SUR 138 kV.ElmNet\POWERSHIP AZUA KPS 26.ElmSite\Planta_POWERSHIP AZUA KPS26 2.ElmComp\MAN 18V/51/60DDF.ElmComp\Governor.ElmDsl,gov_MAN Governor/Actuator_v3,oarray_NRGME,IntMat:NRGME,19,0,0.95
MAN 18V/51/60DDF,Governor,\VM-PF.IntUser\PDD 30-09-2025.IntPrj\Network Model.IntPrjfolder\Network Data.IntPrjfolder\SUR 138 kV.ElmNet\POWERSHIP AZUA KPS 26.ElmSite\Planta_POWERSHIP AZUA KPS26 2.ElmComp\MAN 18V/51/60DDF.ElmComp\Governor.ElmDsl,gov_MAN Governor/Actuator_v3,oarray_NRGME,IntMat:NRGME,19,1,91.407349
MAN 18V/51/60DDF,Governor,\VM-PF.IntUser\PDD 30-09-2025.IntPrj\Network Model.IntPrjfolder\Network Data.IntPrjfolder\SUR 138 kV.ElmNet\POWERSHIP AZUA KPS 26.ElmSite\Planta_POWERSHIP AZUA KPS26 2.ElmComp\MAN 18V/51/60DDF.ElmComp\Governor.ElmDsl,gov_MAN Governor/Actuator_v3,oarray_NRGME,IntMat:NRGME,20,0,1.0
MAN 18V/51/60DDF,Governor,\VM-PF.IntUser\PDD 30-09-2025.IntPrj\Network Model.IntPrjfolder\Network Data.IntPrjfolder\SUR 138 kV.ElmNet\POWERSHIP AZUA KPS 26.ElmSite\Planta_POWERSHIP AZUA KPS26 2.ElmComp\MAN 18V/51/60DDF.ElmComp\Governor.ElmDsl,gov_MAN Governor/Actuator_v3,oarray_NRGME,IntMat:NRGME,20,1,95.12704
MAN 18V/51/60DDF,Governor,\VM-PF.IntUser\PDD 30-09-2025.IntPrj\Network Model.IntPrjfolder\Network Data.IntPrjfolder\SUR 138 kV.ElmNet\POWERSHIP AZUA KPS 26.ElmSite\Planta_POWERSHIP AZUA KPS26 2.ElmComp\MAN 18V/51/60DDF.ElmComp\Governor.ElmDsl,gov_MAN Governor/Actuator_v3,oarray_deltaME,IntMat:deltaME,0,0,0.0
MAN 18V/51/60DDF,Governor,\VM-PF.IntUser\PDD 30-09-2025.IntPrj\Network Model.IntPrjfolder\Network Data.IntPrjfolder\SUR 138 kV.ElmNet\POWERSHIP AZUA KPS 26.ElmSite\Planta_POWERSHIP AZUA KPS26 2.ElmComp\MAN 18V/51/60DDF.ElmComp\Governor.ElmDsl,gov_MAN Governor/Actuator_v3,oarray_deltaME,IntMat:deltaME,0,1,0.0
MAN 18V/51/60DDF,Governor,\VM-PF.IntUser\PDD 30-09-2025.IntPrj\Network Model.IntPrjfolder\Network Data.IntPrjfolder\SUR 138 kV.ElmNet\POWERSHIP AZUA KPS 26.ElmSite\Planta_POWERSHIP AZUA KPS26 2.ElmComp\MAN 18V/51/60DDF.ElmComp\Governor.ElmDsl,gov_MAN Governor/Actuator_v3,oarray_deltaME,IntMat:deltaME,1,0,0.05
MAN 18V/51/60DDF,Governor,\VM-PF.IntUser\PDD 30-09-2025.IntPrj\Network Model.IntPrjfolder\Network Data.IntPrjfolder\SUR 138 kV.ElmNet\POWERSHIP AZUA KPS 26.ElmSite\Planta_POWERSHIP AZUA KPS26 2.ElmComp\MAN 18V/51/60DDF.ElmComp\Governor.ElmDsl,gov_MAN Governor/Actuator_v3,oarray_deltaME,IntMat:deltaME,1,1,0.0
MAN 18V/51/60DDF,Governor,\VM-PF.IntUser\PDD 30-09-2025.IntPrj\Network Model.IntPrjfolder\Network Data.IntPrjfolder\SUR 138 kV.ElmNet\POWERSHIP AZUA KPS 26.ElmSite\Planta_POWERSHIP AZUA KPS26 2.ElmComp\MAN 18V/51/60DDF.ElmComp\Governor.ElmDsl,gov_MAN Governor/Actuator_v3,oarray_deltaME,IntMat:deltaME,2,0,0.1
MAN 18V/51/60DDF,Governor,\VM-PF.IntUser\PDD 30-09-2025.IntPrj\Network Model.IntPrjfolder\Network Data.IntPrjfolder\SUR 138 kV.ElmNet\POWERSHIP AZUA KPS 26.ElmSite\Planta_POWERSHIP AZUA KPS26 2.ElmComp\MAN 18V/51/60DDF.ElmComp\Governor.ElmDsl,gov_MAN Governor/Actuator_v3,oarray_deltaME,IntMat:deltaME,2,1,0.0
MAN 18V/51/60DDF,Governor,\VM-PF.IntUser\PDD 30-09-2025.IntPrj\Network Model.IntPrjfolder\Network Data.IntPrjfolder\SUR 138 kV.ElmNet\POWERSHIP AZUA KPS 26.ElmSite\Planta_POWERSHIP AZUA KPS26 2.ElmComp\MAN 18V/51/60DDF.ElmComp\Governor.ElmDsl,gov_MAN Governor/Actuator_v3,oarray_deltaME,IntMat:deltaME,3,0,0.15
MAN 18V/51/60DDF,Governor,\VM-PF.IntUser\PDD 30-09-2025.IntPrj\Network Model.IntPrjfolder\Network Data.IntPrjfolder\SUR 138 kV.ElmNet\POWERSHIP AZUA KPS 26.ElmSite\Planta_POWERSHIP AZUA KPS26 2.ElmComp\MAN 18V/51/60DDF.ElmComp\Governor.ElmDsl,gov_MAN Governor/Actuator_v3,oarray_deltaME,IntMat:deltaME,3,1,0.0
MAN 18V/51/60DDF,Governor,\VM-PF.IntUser\PDD 30-09-2025.IntPrj\Network Model.IntPrjfolder\Network Data.IntPrjfolder\SUR 138 kV.ElmNet\POWERSHIP AZUA KPS 26.ElmSite\Planta_POWERSHIP AZUA KPS26 2.ElmComp\MAN 18V/51/60DDF.ElmComp\Governor.ElmDsl,gov_MAN Governor/Actuator_v3,oarray_deltaME,IntMat:deltaME,4,0,0.2
MAN 18V/51/60DDF,Governor,\VM-PF.IntUser\PDD 30-09-2025.IntPrj\Network Model.IntPrjfolder\Network Data.IntPrjfolder\SUR 138 kV.ElmNet\POWERSHIP AZUA KPS 26.ElmSite\Planta_POWERSHIP AZUA KPS26 2.ElmComp\MAN 18V/51/60DDF.ElmComp\Governor.ElmDsl,gov_MAN Governor/Actuator_v3,oarray_deltaME,IntMat:deltaME,4,1,0.0
MAN 18V/51/60DDF,Governor,\VM-PF.IntUser\PDD 30-09-2025.IntPrj\Network Model.IntPrjfolder\Network Data.IntPrjfolder\SUR 138 kV.ElmNet\POWERSHIP AZUA KPS 26.ElmSite\Planta_POWERSHIP AZUA KPS26 2.ElmComp\MAN 18V/51/60DDF.ElmComp\Governor.ElmDsl,gov_MAN Governor/Actuator_v3,oarray_deltaME,IntMat:deltaME,5,0,0.25
MAN 18V/51/60DDF,Governor,\VM-PF.IntUser\PDD 30-09-2025.IntPrj\Network Model.IntPrjfolder\Network Data.IntPrjfolder\SUR 138 kV.ElmNet\POWERSHIP AZUA KPS 26.ElmSite\Planta_POWERSHIP AZUA KPS26 2.ElmComp\MAN 18V/51/60DDF.ElmComp\Governor.ElmDsl,gov_MAN Governor/Actuator_v3,oarray_deltaME,IntMat:deltaME,5,1,0.0
MAN 18V/51/60DDF,Governor,\VM-PF.IntUser\PDD 30-09-2025.IntPrj\Network Model.IntPrjfolder\Network Data.IntPrjfolder\SUR 138 kV.ElmNet\POWERSHIP AZUA KPS 26.ElmSite\Planta_POWERSHIP AZUA KPS26 2.ElmComp\MAN 18V/51/60DDF.ElmComp\Governor.ElmDsl,gov_MAN Governor/Actuator_v3,oarray_deltaME,IntMat:deltaME,6,0,0.3
MAN 18V/51/60DDF,Governor,\VM-PF.IntUser\PDD 30-09-2025.IntPrj\Network Model.IntPrjfolder\Network Data.IntPrjfolder\SUR 138 kV.ElmNet\POWERSHIP AZUA KPS 26.ElmSite\Planta_POWERSHIP AZUA KPS26 2.ElmComp\MAN 18V/51/60DDF.ElmComp\Governor.ElmDsl,gov_MAN Governor/Actuator_v3,oarray_deltaME,IntMat:deltaME,6,1,0.0
MAN 18V/51/60DDF,Governor,\VM-PF.IntUser\PDD 30-09-2025.IntPrj\Network Model.IntPrjfolder\Network Data.IntPrjfolder\SUR 138 kV.ElmNet\POWERSHIP AZUA KPS 26.ElmSite\Planta_POWERSHIP AZUA KPS26 2.ElmComp\MAN 18V/51/60DDF.ElmComp\Governor.ElmDsl,gov_MAN Governor/Actuator_v3,oarray_deltaME,IntMat:deltaME,7,0,0.35
MAN 18V/51/60DDF,Governor,\VM-PF.IntUser\PDD 30-09-2025.IntPrj\Network Model.IntPrjfolder\Network Data.IntPrjfolder\SUR 138 kV.ElmNet\POWERSHIP AZUA KPS 26.ElmSite\Planta_POWERSHIP AZUA KPS26 2.ElmComp\MAN 18V/51/60DDF.ElmComp\Governor.ElmDsl,gov_MAN Governor/Actuator_v3,oarray_deltaME,IntMat:deltaME,7,1,0.0
MAN 18V/51/60DDF,Governor,\VM-PF.IntUser\PDD 30-09-2025.IntPrj\Network Model.IntPrjfolder\Network Data.IntPrjfolder\SUR 138 kV.ElmNet\POWERSHIP AZUA KPS 26.ElmSite\Planta_POWERSHIP AZUA KPS26 2.ElmComp\MAN 18V/51/60DDF.ElmComp\Governor.ElmDsl,gov_MAN Governor/Actuator_v3,oarray_deltaME,IntMat:deltaME,8,0,0.4
MAN 18V/51/60DDF,Governor,\VM-PF.IntUser\PDD 30-09-2025.IntPrj\Network Model.IntPrjfolder\Network Data.IntPrjfolder\SUR 138 kV.ElmNet\POWERSHIP AZUA KPS 26.ElmSite\Planta_POWERSHIP AZUA KPS26 2.ElmComp\MAN 18V/51/60DDF.ElmComp\Governor.ElmDsl,gov_MAN Governor/Actuator_v3,oarray_deltaME,IntMat:deltaME,8,1,0.0
MAN 18V/51/60DDF,Governor,\VM-PF.IntUser\PDD 30-09-2025.IntPrj\Network Model.IntPrjfolder\Network Data.IntPrjfolder\SUR 138 kV.ElmNet\POWERSHIP AZUA KPS 26.ElmSite\Planta_POWERSHIP AZUA KPS26 2.ElmComp\MAN 18V/51/60DDF.ElmComp\Governor.ElmDsl,gov_MAN Governor/Actuator_v3,oarray_deltaME,IntMat:deltaME,9,0,0.45
MAN 18V/51/60DDF,Governor,\VM-PF.IntUser\PDD 30-09-2025.IntPrj\Network Model.IntPrjfolder\Network Data.IntPrjfolder\SUR 138 kV.ElmNet\POWERSHIP AZUA KPS 26.ElmSite\Planta_POWERSHIP AZUA KPS26 2.ElmComp\MAN 18V/51/60DDF.ElmComp\Governor.ElmDsl,gov_MAN Governor/Actuator_v3,oarray_deltaME,IntMat:deltaME,9,1,0.0
MAN 18V/51/60DDF,Governor,\VM-PF.IntUser\PDD 30-09-2025.IntPrj\Network Model.IntPrjfolder\Network Data.IntPrjfolder\SUR 138 kV.ElmNet\POWERSHIP AZUA KPS 26.ElmSite\Planta_POWERSHIP AZUA KPS26 2.ElmComp\MAN 18V/51/60DDF.ElmComp\Governor.ElmDsl,gov_MAN Governor/Actuator_v3,oarray_deltaME,IntMat:deltaME,10,0,0.5
MAN 18V/51/60DDF,Governor,\VM-PF.IntUser\PDD 30-09-2025.IntPrj\Network Model.IntPrjfolder\Network Data.IntPrjfolder\SUR 138 kV.ElmNet\POWERSHIP AZUA KPS 26.ElmSite\Planta_POWERSHIP AZUA KPS26 2.ElmComp\MAN 18V/51/60DDF.ElmComp\Governor.ElmDsl,gov_MAN Governor/Actuator_v3,oarray_deltaME,IntMat:deltaME,10,1,0.0
MAN 18V/51/60DDF,Governor,\VM-PF.IntUser\PDD 30-09-2025.IntPrj\Network Model.IntPrjfolder\Network Data.IntPrjfolder\SUR 138 kV.ElmNet\POWERSHIP AZUA KPS 26.ElmSite\Planta_POWERSHIP AZUA KPS26 2.ElmComp\MAN 18V/51/60DDF.ElmComp\Governor.ElmDsl,gov_MAN Governor/Actuator_v3,oarray_deltaME,IntMat:deltaME,11,0,0.55
MAN 18V/51/60DDF,Governor,\VM-PF.IntUser\PDD 30-09-2025.IntPrj\Network Model.IntPrjfolder\Network Data.IntPrjfolder\SUR 138 kV.ElmNet\POWERSHIP AZUA KPS 26.ElmSite\Planta_POWERSHIP AZUA KPS26 2.ElmComp\MAN 18V/51/60DDF.ElmComp\Governor.ElmDsl,gov_MAN Governor/Actuator_v3,oarray_deltaME,IntMat:deltaME,11,1,0.0
MAN 18V/51/60DDF,Governor,\VM-PF.IntUser\PDD 30-09-2025.IntPrj\Network Model.IntPrjfolder\Network Data.IntPrjfolder\SUR 138 kV.ElmNet\POWERSHIP AZUA KPS 26.ElmSite\Planta_POWERSHIP AZUA KPS26 2.ElmComp\MAN 18V/51/60DDF.ElmComp\Governor.ElmDsl,gov_MAN Governor/Actuator_v3,oarray_deltaME,IntMat:deltaME,12,0,0.6
MAN 18V/51/60DDF,Governor,\VM-PF.IntUser\PDD 30-09-2025.IntPrj\Network Model.IntPrjfolder\Network Data.IntPrjfolder\SUR 138 kV.ElmNet\POWERSHIP AZUA KPS 26.ElmSite\Planta_POWERSHIP AZUA KPS26 2.ElmComp\MAN 18V/51/60DDF.ElmComp\Governor.ElmDsl,gov_MAN Governor/Actuator_v3,oarray_deltaME,IntMat:deltaME,12,1,0.0
MAN 18V/51/60DDF,Governor,\VM-PF.IntUser\PDD 30-09-2025.IntPrj\Network Model.IntPrjfolder\Network Data.IntPrjfolder\SUR 138 kV.ElmNet\POWERSHIP AZUA KPS 26.ElmSite\Planta_POWERSHIP AZUA KPS26 2.ElmComp\MAN 18V/51/60DDF.ElmComp\Governor.ElmDsl,gov_MAN Governor/Actuator_v3,oarray_deltaME,IntMat:deltaME,13,0,0.65
MAN 18V/51/60DDF,Governor,\VM-PF.IntUser\PDD 30-09-2025.IntPrj\Network Model.IntPrjfolder\Network Data.IntPrjfolder\SUR 138 kV.ElmNet\POWERSHIP AZUA KPS 26.ElmSite\Planta_POWERSHIP AZUA KPS26 2.ElmComp\MAN 18V/51/60DDF.ElmComp\Governor.ElmDsl,gov_MAN Governor/Actuator_v3,oarray_deltaME,IntMat:deltaME,13,1,0.0
MAN 18V/51/60DDF,Governor,\VM-PF.IntUser\PDD 30-09-2025.IntPrj\Network Model.IntPrjfolder\Network Data.IntPrjfolder\SUR 138 kV.ElmNet\POWERSHIP AZUA KPS 26.ElmSite\Planta_POWERSHIP AZUA KPS26 2.ElmComp\MAN 18V/51/60DDF.ElmComp\Governor.ElmDsl,gov_MAN Governor/Actuator_v3,oarray_deltaME,IntMat:deltaME,14,0,0.7
MAN 18V/51/60DDF,Governor,\VM-PF.IntUser\PDD 30-09-2025.IntPrj\Network Model.IntPrjfolder\Network Data.IntPrjfolder\SUR 138 kV.ElmNet\POWERSHIP AZUA KPS 26.ElmSite\Planta_POWERSHIP AZUA KPS26 2.ElmComp\MAN 18V/51/60DDF.ElmComp\Governor.ElmDsl,gov_MAN Governor/Actuator_v3,oarray_deltaME,IntMat:deltaME,14,1,0.0
MAN 18V/51/60DDF,Governor,\VM-PF.IntUser\PDD 30-09-2025.IntPrj\Network Model.IntPrjfolder\Network Data.IntPrjfolder\SUR 138 kV.ElmNet\POWERSHIP AZUA KPS 26.ElmSite\Planta_POWERSHIP AZUA KPS26 2.ElmComp\MAN 18V/51/60DDF.ElmComp\Governor.ElmDsl,gov_MAN Governor/Actuator_v3,oarray_deltaME,IntMat:deltaME,15,0,0.75
MAN 18V/51/60DDF,Governor,\VM-PF.IntUser\PDD 30-09-2025.IntPrj\Network Model.IntPrjfolder\Network Data.IntPrjfolder\SUR 138 kV.ElmNet\POWERSHIP AZUA KPS 26.ElmSite\Planta_POWERSHIP AZUA KPS26 2.ElmComp\MAN 18V/51/60DDF.ElmComp\Governor.ElmDsl,gov_MAN Governor/Actuator_v3,oarray_deltaME,IntMat:deltaME,15,1,0.0
MAN 18V/51/60DDF,Governor,\VM-PF.IntUser\PDD 30-09-2025.IntPrj\Network Model.IntPrjfolder\Network Data.IntPrjfolder\SUR 138 kV.ElmNet\POWERSHIP AZUA KPS 26.ElmSite\Planta_POWERSHIP AZUA KPS26 2.ElmComp\MAN 18V/51/60DDF.ElmComp\Governor.ElmDsl,gov_MAN Governor/Actuator_v3,oarray_deltaME,IntMat:deltaME,16,0,0.8
MAN 18V/51/60DDF,Governor,\VM-PF.IntUser\PDD 30-09-2025.IntPrj\Network Model.IntPrjfolder\Network Data.IntPrjfolder\SUR 138 kV.ElmNet\POWERSHIP AZUA KPS 26.ElmSite\Planta_POWERSHIP AZUA KPS26 2.ElmComp\MAN 18V/51/60DDF.ElmComp\Governor.ElmDsl,gov_MAN Governor/Actuator_v3,oarray_deltaME,IntMat:deltaME,16,1,0.0
MAN 18V/51/60DDF,Governor,\VM-PF.IntUser\PDD 30-09-2025.IntPrj\Network Model.IntPrjfolder\Network Data.IntPrjfolder\SUR 138 kV.ElmNet\POWERSHIP AZUA KPS 26.ElmSite\Planta_POWERSHIP AZUA KPS26 2.ElmComp\MAN 18V/51/60DDF.ElmComp\Governor.ElmDsl,gov_MAN Governor/Actuator_v3,oarray_deltaME,IntMat:deltaME,17,0,0.85
MAN 18V/51/60DDF,Governor,\VM-PF.IntUser\PDD 30-09-2025.IntPrj\Network Model.IntPrjfolder\Network Data.IntPrjfolder\SUR 138 kV.ElmNet\POWERSHIP AZUA KPS 26.ElmSite\Planta_POWERSHIP AZUA KPS26 2.ElmComp\MAN 18V/51/60DDF.ElmComp\Governor.ElmDsl,gov_MAN Governor/Actuator_v3,oarray_deltaME,IntMat:deltaME,17,1,0.0
MAN 18V/51/60DDF,Governor,\VM-PF.IntUser\PDD 30-09-2025.IntPrj\Network Model.IntPrjfolder\Network Data.IntPrjfolder\SUR 138 kV.ElmNet\POWERSHIP AZUA KPS 26.ElmSite\Planta_POWERSHIP AZUA KPS26 2.ElmComp\MAN 18V/51/60DDF.ElmComp\Governor.ElmDsl,gov_MAN Governor/Actuator_v3,oarray_deltaME,IntMat:deltaME,18,0,0.9
MAN 18V/51/60DDF,Governor,\VM-PF.IntUser\PDD 30-09-2025.IntPrj\Network Model.IntPrjfolder\Network Data.IntPrjfolder\SUR 138 kV.ElmNet\POWERSHIP AZUA KPS 26.ElmSite\Planta_POWERSHIP AZUA KPS26 2.ElmComp\MAN 18V/51/60DDF.ElmComp\Governor.ElmDsl,gov_MAN Governor/Actuator_v3,oarray_deltaME,IntMat:deltaME,18,1,0.0
MAN 18V/51/60DDF,Governor,\VM-PF.IntUser\PDD 30-09-2025.IntPrj\Network Model.IntPrjfolder\Network Data.IntPrjfolder\SUR 138 kV.ElmNet\POWERSHIP AZUA KPS 26.ElmSite\Planta_POWERSHIP AZUA KPS26 2.ElmComp\MAN 18V/51/60DDF.ElmComp\Governor.ElmDsl,gov_MAN Governor/Actuator_v3,oarray_deltaME,IntMat:deltaME,19,0,0.95
MAN 18V/51/60DDF,Governor,\VM-PF.IntUser\PDD 30-09-2025.IntPrj\Network Model.IntPrjfolder\Network Data.IntPrjfolder\SUR 138 kV.ElmNet\POWERSHIP AZUA KPS 26.ElmSite\Planta_POWERSHIP AZUA KPS26 2.ElmComp\MAN 18V/51/60DDF.ElmComp\Governor.ElmDsl,gov_MAN Governor/Actuator_v3,oarray_deltaME,IntMat:deltaME,19,1,0.0
MAN 18V/51/60DDF,Governor,\VM-PF.IntUser\PDD 30-09-2025.IntPrj\Network Model.IntPrjfolder\Network Data.IntPrjfolder\SUR 138 kV.ElmNet\POWERSHIP AZUA KPS 26.ElmSite\Planta_POWERSHIP AZUA KPS26 2.ElmComp\MAN 18V/51/60DDF.ElmComp\Governor.ElmDsl,gov_MAN Governor/Actuator_v3,oarray_deltaME,IntMat:deltaME,20,0,1.0
MAN 18V/51/60DDF,Governor,\VM-PF.IntUser\PDD 30-09-2025.IntPrj\Network Model.IntPrjfolder\Network Data.IntPrjfolder\SUR 138 kV.ElmNet\POWERSHIP AZUA KPS 26.ElmSite\Planta_POWERSHIP AZUA KPS26 2.ElmComp\MAN 18V/51/60DDF.ElmComp\Governor.ElmDsl,gov_MAN Governor/Actuator_v3,oarray_deltaME,IntMat:deltaME,20,1,0.0
MAN 18V/51/60DDF,Engine,\VM-PF.IntUser\PDD 30-09-2025.IntPrj\Network Model.IntPrjfolder\Network Data.IntPrjfolder\SUR 138 kV.ElmNet\POWERSHIP AZUA KPS 60.ElmSite\Planta_POWERSHIP AZUA KPS 60.ElmComp\MAN 18V/51/60DDF.ElmComp\Engine.ElmDsl,eng_MAN Diesel Engine_v2,oarray_NRGM,IntMat:NRGM,0,0,0.0
MAN 18V/51/60DDF,Engine,\VM-PF.IntUser\PDD 30-09-2025.IntPrj\Network Model.IntPrjfolder\Network Data.IntPrjfolder\SUR 138 kV.ElmNet\POWERSHIP AZUA KPS 60.ElmSite\Planta_POWERSHIP AZUA KPS 60.ElmComp\MAN 18V/51/60DDF.ElmComp\Engine.ElmDsl,eng_MAN Diesel Engine_v2,oarray_NRGM,IntMat:NRGM,0,1,0.01
MAN 18V/51/60DDF,Engine,\VM-PF.IntUser\PDD 30-09-2025.IntPrj\Network Model.IntPrjfolder\Network Data.IntPrjfolder\SUR 138 kV.ElmNet\POWERSHIP AZUA KPS 60.ElmSite\Planta_POWERSHIP AZUA KPS 60.ElmComp\MAN 18V/51/60DDF.ElmComp\Engine.ElmDsl,eng_MAN Diesel Engine_v2,oarray_NRGM,IntMat:NRGM,1,0,0.82
MAN 18V/51/60DDF,Engine,\VM-PF.IntUser\PDD 30-09-2025.IntPrj\Network Model.IntPrjfolder\Network Data.IntPrjfolder\SUR 138 kV.ElmNet\POWERSHIP AZUA KPS 60.ElmSite\Planta_POWERSHIP AZUA KPS 60.ElmComp\MAN 18V/51/60DDF.ElmComp\Engine.ElmDsl,eng_MAN Diesel Engine_v2,oarray_NRGM,IntMat:NRGM,1,1,0.01
MAN 18V/51/60DDF,Engine,\VM-PF.IntUser\PDD 30-09-2025.IntPrj\Network Model.IntPrjfolder\Network Data.IntPrjfolder\SUR 138 kV.ElmNet\POWERSHIP AZUA KPS 60.ElmSite\Planta_POWERSHIP AZUA KPS 60.ElmComp\MAN 18V/51/60DDF.ElmComp\Engine.ElmDsl,eng_MAN Diesel Engine_v2,oarray_NRGM,IntMat:NRGM,2,0,6.0
MAN 18V/51/60DDF,Engine,\VM-PF.IntUser\PDD 30-09-2025.IntPrj\Network Model.IntPrjfolder\Network Data.IntPrjfolder\SUR 138 kV.ElmNet\POWERSHIP AZUA KPS 60.ElmSite\Planta_POWERSHIP AZUA KPS 60.ElmComp\MAN 18V/51/60DDF.ElmComp\Engine.ElmDsl,eng_MAN Diesel Engine_v2,oarray_NRGM,IntMat:NRGM,2,1,0.08
MAN 18V/51/60DDF,Engine,\VM-PF.IntUser\PDD 30-09-2025.IntPrj\Network Model.IntPrjfolder\Network Data.IntPrjfolder\SUR 138 kV.ElmNet\POWERSHIP AZUA KPS 60.ElmSite\Planta_POWERSHIP AZUA KPS 60.ElmComp\MAN 18V/51/60DDF.ElmComp\Engine.ElmDsl,eng_MAN Diesel Engine_v2,oarray_NRGM,IntMat:NRGM,3,0,80.0
MAN 18V/51/60DDF,Engine,\VM-PF.IntUser\PDD 30-09-2025.IntPrj\Network Model.IntPrjfolder\Network Data.IntPrjfolder\SUR 138 kV.ElmNet\POWERSHIP AZUA KPS 60.ElmSite\Planta_POWERSHIP AZUA KPS 60.ElmComp\MAN 18V/51/60DDF.ElmComp\Engine.ElmDsl,eng_MAN Diesel Engine_v2,oarray_NRGM,IntMat:NRGM,3,1,1.08
MAN 18V/51/60DDF,Engine,\VM-PF.IntUser\PDD 30-09-2025.IntPrj\Network Model.IntPrjfolder\Network Data.IntPrjfolder\SUR 138 kV.ElmNet\POWERSHIP AZUA KPS 60.ElmSite\Planta_POWERSHIP AZUA KPS 60.ElmComp\MAN 18V/51/60DDF.ElmComp\Engine.ElmDsl,eng_MAN Diesel Engine_v2,oarray_NRGM,IntMat:NRGM,4,0,100.0
MAN 18V/51/60DDF,Engine,\VM-PF.IntUser\PDD 30-09-2025.IntPrj\Network Model.IntPrjfolder\Network Data.IntPrjfolder\SUR 138 kV.ElmNet\POWERSHIP AZUA KPS 60.ElmSite\Planta_POWERSHIP AZUA KPS 60.ElmComp\MAN 18V/51/60DDF.ElmComp\Engine.ElmDsl,eng_MAN Diesel Engine_v2,oarray_NRGM,IntMat:NRGM,4,1,1.35027
MAN 18V/51/60DDF,Engine,\VM-PF.IntUser\PDD 30-09-2025.IntPrj\Network Model.IntPrjfolder\Network Data.IntPrjfolder\SUR 138 kV.ElmNet\POWERSHIP AZUA KPS 60.ElmSite\Planta_POWERSHIP AZUA KPS 60.ElmComp\MAN 18V/51/60DDF.ElmComp\Engine.ElmDsl,eng_MAN Diesel Engine_v2,oarray_NRGM,IntMat:NRGM,5,0,110.0
MAN 18V/51/60DDF,Engine,\VM-PF.IntUser\PDD 30-09-2025.IntPrj\Network Model.IntPrjfolder\Network Data.IntPrjfolder\SUR 138 kV.ElmNet\POWERSHIP AZUA KPS 60.ElmSite\Planta_POWERSHIP AZUA KPS 60.ElmComp\MAN 18V/51/60DDF.ElmComp\Engine.ElmDsl,eng_MAN Diesel Engine_v2,oarray_NRGM,IntMat:NRGM,5,1,1.35027
MAN 18V/51/60DDF,Governor,\VM-PF.IntUser\PDD 30-09-2025.IntPrj\Network Model.IntPrjfolder\Network Data.IntPrjfolder\SUR 138 kV.ElmNet\POWERSHIP AZUA KPS 60.ElmSite\Planta_POWERSHIP AZUA KPS 60.ElmComp\MAN 18V/51/60DDF.ElmComp\Governor.ElmDsl,gov_MAN Governor/Actuator_v3,oarray_Ptable,IntMat:Ptable,0,0,-30.0
MAN 18V/51/60DDF,Governor,\VM-PF.IntUser\PDD 30-09-2025.IntPrj\Network Model.IntPrjfolder\Network Data.IntPrjfolder\SUR 138 kV.ElmNet\POWERSHIP AZUA KPS 60.ElmSite\Planta_POWERSHIP AZUA KPS 60.ElmComp\MAN 18V/51/60DDF.ElmComp\Governor.ElmDsl,gov_MAN Governor/Actuator_v3,oarray_Ptable,IntMat:Ptable,0,1,100.0
MAN 18V/51/60DDF,Governor,\VM-PF.IntUser\PDD 30-09-2025.IntPrj\Network Model.IntPrjfolder\Network Data.IntPrjfolder\SUR 138 kV.ElmNet\POWERSHIP AZUA KPS 60.ElmSite\Planta_POWERSHIP AZUA KPS 60.ElmComp\MAN 18V/51/60DDF.ElmComp\Governor.ElmDsl,gov_MAN Governor/Actuator_v3,oarray_Ptable,IntMat:Ptable,1,0,-20.0
MAN 18V/51/60DDF,Governor,\VM-PF.IntUser\PDD 30-09-2025.IntPrj\Network Model.IntPrjfolder\Network Data.IntPrjfolder\SUR 138 kV.ElmNet\POWERSHIP AZUA KPS 60.ElmSite\Planta_POWERSHIP AZUA KPS 60.ElmComp\MAN 18V/51/60DDF.ElmComp\Governor.ElmDsl,gov_MAN Governor/Actuator_v3,oarray_Ptable,IntMat:Ptable,1,1,100.0
MAN 18V/51/60DDF,Governor,\VM-PF.IntUser\PDD 30-09-2025.IntPrj\Network Model.IntPrjfolder\Network Data.IntPrjfolder\SUR 138 kV.ElmNet\POWERSHIP AZUA KPS 60.ElmSite\Planta_POWERSHIP AZUA KPS 60.ElmComp\MAN 18V/51/60DDF.ElmComp\Governor.ElmDsl,gov_MAN Governor/Actuator_v3,oarray_Ptable,IntMat:Ptable,2,0,-15.0
MAN 18V/51/60DDF,Governor,\VM-PF.IntUser\PDD 30-09-2025.IntPrj\Network Model.IntPrjfolder\Network Data.IntPrjfolder\SUR 138 kV.ElmNet\POWERSHIP AZUA KPS 60.ElmSite\Planta_POWERSHIP AZUA KPS 60.ElmComp\MAN 18V/51/60DDF.ElmComp\Governor.ElmDsl,gov_MAN Governor/Actuator_v3,oarray_Ptable,IntMat:Ptable,2,1,100.0
MAN 18V/51/60DDF,Governor,\VM-PF.IntUser\PDD 30-09-2025.IntPrj\Network Model.IntPrjfolder\Network Data.IntPrjfolder\SUR 138 kV.ElmNet\POWERSHIP AZUA KPS 60.ElmSite\Planta_POWERSHIP AZUA KPS 60.ElmComp\MAN 18V/51/60DDF.ElmComp\Governor.ElmDsl,gov_MAN Governor/Actuator_v3,oarray_Ptable,IntMat:Ptable,3,0,-10.0
MAN 18V/51/60DDF,Governor,\VM-PF.IntUser\PDD 30-09-2025.IntPrj\Network Model.IntPrjfolder\Network Data.IntPrjfolder\SUR 138 kV.ElmNet\POWERSHIP AZUA KPS 60.ElmSite\Planta_POWERSHIP AZUA KPS 60.ElmComp\MAN 18V/51/60DDF.ElmComp\Governor.ElmDsl,gov_MAN Governor/Actuator_v3,oarray_Ptable,IntMat:Ptable,3,1,100.0
MAN 18V/51/60DDF,Governor,\VM-PF.IntUser\PDD 30-09-2025.IntPrj\Network Model.IntPrjfolder\Network Data.IntPrjfolder\SUR 138 kV.ElmNet\POWERSHIP AZUA KPS 60.ElmSite\Planta_POWERSHIP AZUA KPS 60.ElmComp\MAN 18V/51/60DDF.ElmComp\Governor.ElmDsl,gov_MAN Governor/Actuator_v3,oarray_Ptable,IntMat:Ptable,4,0,-5.0
MAN 18V/51/60DDF,Governor,\VM-PF.IntUser\PDD 30-09-2025.IntPrj\Network Model.IntPrjfolder\Network Data.IntPrjfolder\SUR 138 kV.ElmNet\POWERSHIP AZUA KPS 60.ElmSite\Planta_POWERSHIP AZUA KPS 60.ElmComp\MAN 18V/51/60DDF.ElmComp\Governor.ElmDsl,gov_MAN Governor/Actuator_v3,oarray_Ptable,IntMat:Ptable,4,1,50.0
MAN 18V/51/60DDF,Governor,\VM-PF.IntUser\PDD 30-09-2025.IntPrj\Network Model.IntPrjfolder\Network Data.IntPrjfolder\SUR 138 kV.ElmNet\POWERSHIP AZUA KPS 60.ElmSite\Planta_POWERSHIP AZUA KPS 60.ElmComp\MAN 18V/51/60DDF.ElmComp\Governor.ElmDsl,gov_MAN Governor/Actuator_v3,oarray_Ptable,IntMat:Ptable,5,0,5.0
MAN 18V/51/60DDF,Governor,\VM-PF.IntUser\PDD 30-09-2025.IntPrj\Network Model.IntPrjfolder\Network Data.IntPrjfolder\SUR 138 kV.ElmNet\POWERSHIP AZUA KPS 60.ElmSite\Planta_POWERSHIP AZUA KPS 60.ElmComp\MAN 18V/51/60DDF.ElmComp\Governor.ElmDsl,gov_MAN Governor/Actuator_v3,oarray_Ptable,IntMat:Ptable,5,1,50.0
MAN 18V/51/60DDF,Governor,\VM-PF.IntUser\PDD 30-09-2025.IntPrj\Network Model.IntPrjfolder\Network Data.IntPrjfolder\SUR 138 kV.ElmNet\POWERSHIP AZUA KPS 60.ElmSite\Planta_POWERSHIP AZUA KPS 60.ElmComp\MAN 18V/51/60DDF.ElmComp\Governor.ElmDsl,gov_MAN Governor/Actuator_v3,oarray_Ptable,IntMat:Ptable,6,0,10.0
MAN 18V/51/60DDF,Governor,\VM-PF.IntUser\PDD 30-09-2025.IntPrj\Network Model.IntPrjfolder\Network Data.IntPrjfolder\SUR 138 kV.ElmNet\POWERSHIP AZUA KPS 60.ElmSite\Planta_POWERSHIP AZUA KPS 60.ElmComp\MAN 18V/51/60DDF.ElmComp\Governor.ElmDsl,gov_MAN Governor/Actuator_v3,oarray_Ptable,IntMat:Ptable,6,1,100.0
MAN 18V/51/60DDF,Governor,\VM-PF.IntUser\PDD 30-09-2025.IntPrj\Network Model.IntPrjfolder\Network Data.IntPrjfolder\SUR 138 kV.ElmNet\POWERSHIP AZUA KPS 60.ElmSite\Planta_POWERSHIP AZUA KPS 60.ElmComp\MAN 18V/51/60DDF.ElmComp\Governor.ElmDsl,gov_MAN Governor/Actuator_v3,oarray_Ptable,IntMat:Ptable,7,0,15.0
MAN 18V/51/60DDF,Governor,\VM-PF.IntUser\PDD 30-09-2025.IntPrj\Network Model.IntPrjfolder\Network Data.IntPrjfolder\SUR 138 kV.ElmNet\POWERSHIP AZUA KPS 60.ElmSite\Planta_POWERSHIP AZUA KPS 60.ElmComp\MAN 18V/51/60DDF.ElmComp\Governor.ElmDsl,gov_MAN Governor/Actuator_v3,oarray_Ptable,IntMat:Ptable,7,1,100.0
MAN 18V/51/60DDF,Governor,\VM-PF.IntUser\PDD 30-09-2025.IntPrj\Network Model.IntPrjfolder\Network Data.IntPrjfolder\SUR 138 kV.ElmNet\POWERSHIP AZUA KPS 60.ElmSite\Planta_POWERSHIP AZUA KPS 60.ElmComp\MAN 18V/51/60DDF.ElmComp\Governor.ElmDsl,gov_MAN Governor/Actuator_v3,oarray_Ptable,IntMat:Ptable,8,0,20.0
MAN 18V/51/60DDF,Governor,\VM-PF.IntUser\PDD 30-09-2025.IntPrj\Network Model.IntPrjfolder\Network Data.IntPrjfolder\SUR 138 kV.ElmNet\POWERSHIP AZUA KPS 60.ElmSite\Planta_POWERSHIP AZUA KPS 60.ElmComp\MAN 18V/51/60DDF.ElmComp\Governor.ElmDsl,gov_MAN Governor/Actuator_v3,oarray_Ptable,IntMat:Ptable,8,1,100.0
MAN 18V/51/60DDF,Governor,\VM-PF.IntUser\PDD 30-09-2025.IntPrj\Network Model.IntPrjfolder\Network Data.IntPrjfolder\SUR 138 kV.ElmNet\POWERSHIP AZUA KPS 60.ElmSite\Planta_POWERSHIP AZUA KPS 60.ElmComp\MAN 18V/51/60DDF.ElmComp\Governor.ElmDsl,gov_MAN Governor/Actuator_v3,oarray_Ptable,IntMat:Ptable,9,0,30.0
MAN 18V/51/60DDF,Governor,\VM-PF.IntUser\PDD 30-09-2025.IntPrj\Network Model.IntPrjfolder\Network Data.IntPrjfolder\SUR 138 kV.ElmNet\POWERSHIP AZUA KPS 60.ElmSite\Planta_POWERSHIP AZUA KPS 60.ElmComp\MAN 18V/51/60DDF.ElmComp\Governor.ElmDsl,gov_MAN Governor/Actuator_v3,oarray_Ptable,IntMat:Ptable,9,1,100.0
MAN 18V/51/60DDF,Governor,\VM-PF.IntUser\PDD 30-09-2025.IntPrj\Network Model.IntPrjfolder\Network Data.IntPrjfolder\SUR 138 kV.ElmNet\POWERSHIP AZUA KPS 60.ElmSite\Planta_POWERSHIP AZUA KPS 60.ElmComp\MAN 18V/51/60DDF.ElmComp\Governor.ElmDsl,gov_MAN Governor/Actuator_v3,oarray_Itable,IntMat:Itable,0,0,-30.0
MAN 18V/51/60DDF,Governor,\VM-PF.IntUser\PDD 30-09-2025.IntPrj\Network Model.IntPrjfolder\Network Data.IntPrjfolder\SUR 138 kV.ElmNet\POWERSHIP AZUA KPS 60.ElmSite\Planta_POWERSHIP AZUA KPS 60.ElmComp\MAN 18V/51/60DDF.ElmComp\Governor.ElmDsl,gov_MAN Governor/Actuator_v3,oarray_Itable,IntMat:Itable,0,1,100.0
MAN 18V/51/60DDF,Governor,\VM-PF.IntUser\PDD 30-09-2025.IntPrj\Network Model.IntPrjfolder\Network Data.IntPrjfolder\SUR 138 kV.ElmNet\POWERSHIP AZUA KPS 60.ElmSite\Planta_POWERSHIP AZUA KPS 60.ElmComp\MAN 18V/51/60DDF.ElmComp\Governor.ElmDsl,gov_MAN Governor/Actuator_v3,oarray_Itable,IntMat:Itable,1,0,-20.0
MAN 18V/51/60DDF,Governor,\VM-PF.IntUser\PDD 30-09-2025.IntPrj\Network Model.IntPrjfolder\Network Data.IntPrjfolder\SUR 138 kV.ElmNet\POWERSHIP AZUA KPS 60.ElmSite\Planta_POWERSHIP AZUA KPS 60.ElmComp\MAN 18V/51/60DDF.ElmComp\Governor.ElmDsl,gov_MAN Governor/Actuator_v3,oarray_Itable,IntMat:Itable,1,1,100.0
MAN 18V/51/60DDF,Governor,\VM-PF.IntUser\PDD 30-09-2025.IntPrj\Network Model.IntPrjfolder\Network Data.IntPrjfolder\SUR 138 kV.ElmNet\POWERSHIP AZUA KPS 60.ElmSite\Planta_POWERSHIP AZUA KPS 60.ElmComp\MAN 18V/51/60DDF.ElmComp\Governor.ElmDsl,gov_MAN Governor/Actuator_v3,oarray_Itable,IntMat:Itable,2,0,-15.0
MAN 18V/51/60DDF,Governor,\VM-PF.IntUser\PDD 30-09-2025.IntPrj\Network Model.IntPrjfolder\Network Data.IntPrjfolder\SUR 138 kV.ElmNet\POWERSHIP AZUA KPS 60.ElmSite\Planta_POWERSHIP AZUA KPS 60.ElmComp\MAN 18V/51/60DDF.ElmComp\Governor.ElmDsl,gov_MAN Governor/Actuator_v3,oarray_Itable,IntMat:Itable,2,1,100.0
MAN 18V/51/60DDF,Governor,\VM-PF.IntUser\PDD 30-09-2025.IntPrj\Network Model.IntPrjfolder\Network Data.IntPrjfolder\SUR 138 kV.ElmNet\POWERSHIP AZUA KPS 60.ElmSite\Planta_POWERSHIP AZUA KPS 60.ElmComp\MAN 18V/51/60DDF.ElmComp\Governor.ElmDsl,gov_MAN Governor/Actuator_v3,oarray_Itable,IntMat:Itable,3,0,-10.0
MAN 18V/51/60DDF,Governor,\VM-PF.IntUser\PDD 30-09-2025.IntPrj\Network Model.IntPrjfolder\Network Data.IntPrjfolder\SUR 138 kV.ElmNet\POWERSHIP AZUA KPS 60.ElmSite\Planta_POWERSHIP AZUA KPS 60.ElmComp\MAN 18V/51/60DDF.ElmComp\Governor.ElmDsl,gov_MAN Governor/Actuator_v3,oarray_Itable,IntMat:Itable,3,1,100.0
MAN 18V/51/60DDF,Governor,\VM-PF.IntUser\PDD 30-09-2025.IntPrj\Network Model.IntPrjfolder\Network Data.IntPrjfolder\SUR 138 kV.ElmNet\POWERSHIP AZUA KPS 60.ElmSite\Planta_POWERSHIP AZUA KPS 60.ElmComp\MAN 18V/51/60DDF.ElmComp\Governor.ElmDsl,gov_MAN Governor/Actuator_v3,oarray_Itable,IntMat:Itable,4,0,-5.0
MAN 18V/51/60DDF,Governor,\VM-PF.IntUser\PDD 30-09-2025.IntPrj\Network Model.IntPrjfolder\Network Data.IntPrjfolder\SUR 138 kV.ElmNet\POWERSHIP AZUA KPS 60.ElmSite\Planta_POWERSHIP AZUA KPS 60.ElmComp\MAN 18V/51/60DDF.ElmComp\Governor.ElmDsl,gov_MAN Governor/Actuator_v3,oarray_Itable,IntMat:Itable,4,1,50.0
MAN 18V/51/60DDF,Governor,\VM-PF.IntUser\PDD 30-09-2025.IntPrj\Network Model.IntPrjfolder\Network Data.IntPrjfolder\SUR 138 kV.ElmNet\POWERSHIP AZUA KPS 60.ElmSite\Planta_POWERSHIP AZUA KPS 60.ElmComp\MAN 18V/51/60DDF.ElmComp\Governor.ElmDsl,gov_MAN Governor/Actuator_v3,oarray_Itable,IntMat:Itable,5,0,5.0
MAN 18V/51/60DDF,Governor,\VM-PF.IntUser\PDD 30-09-2025.IntPrj\Network Model.IntPrjfolder\Network Data.IntPrjfolder\SUR 138 kV.ElmNet\POWERSHIP AZUA KPS 60.ElmSite\Planta_POWERSHIP AZUA KPS 60.ElmComp\MAN 18V/51/60DDF.ElmComp\Governor.ElmDsl,gov_MAN Governor/Actuator_v3,oarray_Itable,IntMat:Itable,5,1,50.0
MAN 18V/51/60DDF,Governor,\VM-PF.IntUser\PDD 30-09-2025.IntPrj\Network Model.IntPrjfolder\Network Data.IntPrjfolder\SUR 138 kV.ElmNet\POWERSHIP AZUA KPS 60.ElmSite\Planta_POWERSHIP AZUA KPS 60.ElmComp\MAN 18V/51/60DDF.ElmComp\Governor.ElmDsl,gov_MAN Governor/Actuator_v3,oarray_Itable,IntMat:Itable,6,0,10.0
MAN 18V/51/60DDF,Governor,\VM-PF.IntUser\PDD 30-09-2025.IntPrj\Network Model.IntPrjfolder\Network Data.IntPrjfolder\SUR 138 kV.ElmNet\POWERSHIP AZUA KPS 60.ElmSite\Planta_POWERSHIP AZUA KPS 60.ElmComp\MAN 18V/51/60DDF.ElmComp\Governor.ElmDsl,gov_MAN Governor/Actuator_v3,oarray_Itable,IntMat:Itable,6,1,100.0
MAN 18V/51/60DDF,Governor,\VM-PF.IntUser\PDD 30-09-2025.IntPrj\Network Model.IntPrjfolder\Network Data.IntPrjfolder\SUR 138 kV.ElmNet\POWERSHIP AZUA KPS 60.ElmSite\Planta_POWERSHIP AZUA KPS 60.ElmComp\MAN 18V/51/60DDF.ElmComp\Governor.ElmDsl,gov_MAN Governor/Actuator_v3,oarray_Itable,IntMat:Itable,7,0,15.0
MAN 18V/51/60DDF,Governor,\VM-PF.IntUser\PDD 30-09-2025.IntPrj\Network Model.IntPrjfolder\Network Data.IntPrjfolder\SUR 138 kV.ElmNet\POWERSHIP AZUA KPS 60.ElmSite\Planta_POWERSHIP AZUA KPS 60.ElmComp\MAN 18V/51/60DDF.ElmComp\Governor.ElmDsl,gov_MAN Governor/Actuator_v3,oarray_Itable,IntMat:Itable,7,1,100.0
MAN 18V/51/60DDF,Governor,\VM-PF.IntUser\PDD 30-09-2025.IntPrj\Network Model.IntPrjfolder\Network Data.IntPrjfolder\SUR 138 kV.ElmNet\POWERSHIP AZUA KPS 60.ElmSite\Planta_POWERSHIP AZUA KPS 60.ElmComp\MAN 18V/51/60DDF.ElmComp\Governor.ElmDsl,gov_MAN Governor/Actuator_v3,oarray_Itable,IntMat:Itable,8,0,20.0
MAN 18V/51/60DDF,Governor,\VM-PF.IntUser\PDD 30-09-2025.IntPrj\Network Model.IntPrjfolder\Network Data.IntPrjfolder\SUR 138 kV.ElmNet\POWERSHIP AZUA KPS 60.ElmSite\Planta_POWERSHIP AZUA KPS 60.ElmComp\MAN 18V/51/60DDF.ElmComp\Governor.ElmDsl,gov_MAN Governor/Actuator_v3,oarray_Itable,IntMat:Itable,8,1,100.0
MAN 18V/51/60DDF,Governor,\VM-PF.IntUser\PDD 30-09-2025.IntPrj\Network Model.IntPrjfolder\Network Data.IntPrjfolder\SUR 138 kV.ElmNet\POWERSHIP AZUA KPS 60.ElmSite\Planta_POWERSHIP AZUA KPS 60.ElmComp\MAN 18V/51/60DDF.ElmComp\Governor.ElmDsl,gov_MAN Governor/Actuator_v3,oarray_Itable,IntMat:Itable,9,0,30.0
MAN 18V/51/60DDF,Governor,\VM-PF.IntUser\PDD 30-09-2025.IntPrj\Network Model.IntPrjfolder\Network Data.IntPrjfolder\SUR 138 kV.ElmNet\POWERSHIP AZUA KPS 60.ElmSite\Planta_POWERSHIP AZUA KPS 60.ElmComp\MAN 18V/51/60DDF.ElmComp\Governor.ElmDsl,gov_MAN Governor/Actuator_v3,oarray_Itable,IntMat:Itable,9,1,100.0
MAN 18V/51/60DDF,Governor,\VM-PF.IntUser\PDD 30-09-2025.IntPrj\Network Model.IntPrjfolder\Network Data.IntPrjfolder\SUR 138 kV.ElmNet\POWERSHIP AZUA KPS 60.ElmSite\Planta_POWERSHIP AZUA KPS 60.ElmComp\MAN 18V/51/60DDF.ElmComp\Governor.ElmDsl,gov_MAN Governor/Actuator_v3,oarray_NRGME,IntMat:NRGME,0,0,0.0
MAN 18V/51/60DDF,Governor,\VM-PF.IntUser\PDD 30-09-2025.IntPrj\Network Model.IntPrjfolder\Network Data.IntPrjfolder\SUR 138 kV.ElmNet\POWERSHIP AZUA KPS 60.ElmSite\Planta_POWERSHIP AZUA KPS 60.ElmComp\MAN 18V/51/60DDF.ElmComp\Governor.ElmDsl,gov_MAN Governor/Actuator_v3,oarray_NRGME,IntMat:NRGME,0,1,18.62677
MAN 18V/51/60DDF,Governor,\VM-PF.IntUser\PDD 30-09-2025.IntPrj\Network Model.IntPrjfolder\Network Data.IntPrjfolder\SUR 138 kV.ElmNet\POWERSHIP AZUA KPS 60.ElmSite\Planta_POWERSHIP AZUA KPS 60.ElmComp\MAN 18V/51/60DDF.ElmComp\Governor.ElmDsl,gov_MAN Governor/Actuator_v3,oarray_NRGME,IntMat:NRGME,1,0,0.05
MAN 18V/51/60DDF,Governor,\VM-PF.IntUser\PDD 30-09-2025.IntPrj\Network Model.IntPrjfolder\Network Data.IntPrjfolder\SUR 138 kV.ElmNet\POWERSHIP AZUA KPS 60.ElmSite\Planta_POWERSHIP AZUA KPS 60.ElmComp\MAN 18V/51/60DDF.ElmComp\Governor.ElmDsl,gov_MAN Governor/Actuator_v3,oarray_NRGME,IntMat:NRGME,1,1,22.282593
MAN 18V/51/60DDF,Governor,\VM-PF.IntUser\PDD 30-09-2025.IntPrj\Network Model.IntPrjfolder\Network Data.IntPrjfolder\SUR 138 kV.ElmNet\POWERSHIP AZUA KPS 60.ElmSite\Planta_POWERSHIP AZUA KPS 60.ElmComp\MAN 18V/51/60DDF.ElmComp\Governor.ElmDsl,gov_MAN Governor/Actuator_v3,oarray_NRGME,IntMat:NRGME,2,0,0.1
MAN 18V/51/60DDF,Governor,\VM-PF.IntUser\PDD 30-09-2025.IntPrj\Network Model.IntPrjfolder\Network Data.IntPrjfolder\SUR 138 kV.ElmNet\POWERSHIP AZUA KPS 60.ElmSite\Planta_POWERSHIP AZUA KPS 60.ElmComp\MAN 18V/51/60DDF.ElmComp\Governor.ElmDsl,gov_MAN Governor/Actuator_v3,oarray_NRGME,IntMat:NRGME,2,1,25.932983
MAN 18V/51/60DDF,Governor,\VM-PF.IntUser\PDD 30-09-2025.IntPrj\Network Model.IntPrjfolder\Network Data.IntPrjfolder\SUR 138 kV.ElmNet\POWERSHIP AZUA KPS 60.ElmSite\Planta_POWERSHIP AZUA KPS 60.ElmComp\MAN 18V/51/60DDF.ElmComp\Governor.ElmDsl,gov_MAN Governor/Actuator_v3,oarray_NRGME,IntMat:NRGME,3,0,0.15
MAN 18V/51/60DDF,Governor,\VM-PF.IntUser\PDD 30-09-2025.IntPrj\Network Model.IntPrjfolder\Network Data.IntPrjfolder\SUR 138 kV.ElmNet\POWERSHIP AZUA KPS 60.ElmSite\Planta_POWERSHIP AZUA KPS 60.ElmComp\MAN 18V/51/60DDF.ElmComp\Governor.ElmDsl,gov_MAN Governor/Actuator_v3,oarray_NRGME,IntMat:NRGME,3,1,29.610535
MAN 18V/51/60DDF,Governor,\VM-PF.IntUser\PDD 30-09-2025.IntPrj\Network Model.IntPrjfolder\Network Data.IntPrjfolder\SUR 138 kV.ElmNet\POWERSHIP AZUA KPS 60.ElmSite\Planta_POWERSHIP AZUA KPS 60.ElmComp\MAN 18V/51/60DDF.ElmComp\Governor.ElmDsl,gov_MAN Governor/Actuator_v3,oarray_NRGME,IntMat:NRGME,4,0,0.2
MAN 18V/51/60DDF,Governor,\VM-PF.IntUser\PDD 30-09-2025.IntPrj\Network Model.IntPrjfolder\Network Data.IntPrjfolder\SUR 138 kV.ElmNet\POWERSHIP AZUA KPS 60.ElmSite\Planta_POWERSHIP AZUA KPS 60.ElmComp\MAN 18V/51/60DDF.ElmComp\Governor.ElmDsl,gov_MAN Governor/Actuator_v3,oarray_NRGME,IntMat:NRGME,4,1,33.288086
MAN 18V/51/60DDF,Governor,\VM-PF.IntUser\PDD 30-09-2025.IntPrj\Network Model.IntPrjfolder\Network Data.IntPrjfolder\SUR 138 kV.ElmNet\POWERSHIP AZUA KPS 60.ElmSite\Planta_POWERSHIP AZUA KPS 60.ElmComp\MAN 18V/51/60DDF.ElmComp\Governor.ElmDsl,gov_MAN Governor/Actuator_v3,oarray_NRGME,IntMat:NRGME,5,0,0.25
MAN 18V/51/60DDF,Governor,\VM-PF.IntUser\PDD 30-09-2025.IntPrj\Network Model.IntPrjfolder\Network Data.IntPrjfolder\SUR 138 kV.ElmNet\POWERSHIP AZUA KPS 60.ElmSite\Planta_POWERSHIP AZUA KPS 60.ElmComp\MAN 18V/51/60DDF.ElmComp\Governor.ElmDsl,gov_MAN Governor/Actuator_v3,oarray_NRGME,IntMat:NRGME,5,1,36.971069
MAN 18V/51/60DDF,Governor,\VM-PF.IntUser\PDD 30-09-2025.IntPrj\Network Model.IntPrjfolder\Network Data.IntPrjfolder\SUR 138 kV.ElmNet\POWERSHIP AZUA KPS 60.ElmSite\Planta_POWERSHIP AZUA KPS 60.ElmComp\MAN 18V/51/60DDF.ElmComp\Governor.ElmDsl,gov_MAN Governor/Actuator_v3,oarray_NRGME,IntMat:NRGME,6,0,0.3
MAN 18V/51/60DDF,Governor,\VM-PF.IntUser\PDD 30-09-2025.IntPrj\Network Model.IntPrjfolder\Network Data.IntPrjfolder\SUR 138 kV.ElmNet\POWERSHIP AZUA KPS 60.ElmSite\Planta_POWERSHIP AZUA KPS 60.ElmComp\MAN 18V/51/60DDF.ElmComp\Governor.ElmDsl,gov_MAN Governor/Actuator_v3,oarray_NRGME,IntMat:NRGME,6,1,40.654053
MAN 18V/51/60DDF,Governor,\VM-PF.IntUser\PDD 30-09-2025.IntPrj\Network Model.IntPrjfolder\Network Data.IntPrjfolder\SUR 138 kV.ElmNet\POWERSHIP AZUA KPS 60.ElmSite\Planta_POWERSHIP AZUA KPS 60.ElmComp\MAN 18V/51/60DDF.ElmComp\Governor.ElmDsl,gov_MAN Governor/Actuator_v3,oarray_NRGME,IntMat:NRGME,7,0,0.35
MAN 18V/51/60DDF,Governor,\VM-PF.IntUser\PDD 30-09-2025.IntPrj\Network Model.IntPrjfolder\Network Data.IntPrjfolder\SUR 138 kV.ElmNet\POWERSHIP AZUA KPS 60.ElmSite\Planta_POWERSHIP AZUA KPS 60.ElmComp\MAN 18V/51/60DDF.ElmComp\Governor.ElmDsl,gov_MAN Governor/Actuator_v3,oarray_NRGME,IntMat:NRGME,7,1,44.353333
MAN 18V/51/60DDF,Governor,\VM-PF.IntUser\PDD 30-09-2025.IntPrj\Network Model.IntPrjfolder\Network Data.IntPrjfolder\SUR 138 kV.ElmNet\POWERSHIP AZUA KPS 60.ElmSite\Planta_POWERSHIP AZUA KPS 60.ElmComp\MAN 18V/51/60DDF.ElmComp\Governor.ElmDsl,gov_MAN Governor/Actuator_v3,oarray_NRGME,IntMat:NRGME,8,0,0.4
MAN 18V/51/60DDF,Governor,\VM-PF.IntUser\PDD 30-09-2025.IntPrj\Network Model.IntPrjfolder\Network Data.IntPrjfolder\SUR 138 kV.ElmNet\POWERSHIP AZUA KPS 60.ElmSite\Planta_POWERSHIP AZUA KPS 60.ElmComp\MAN 18V/51/60DDF.ElmComp\Governor.ElmDsl,gov_MAN Governor/Actuator_v3,oarray_NRGME,IntMat:NRGME,8,1,48.025452
MAN 18V/51/60DDF,Governor,\VM-PF.IntUser\PDD 30-09-2025.IntPrj\Network Model.IntPrjfolder\Network Data.IntPrjfolder\SUR 138 kV.ElmNet\POWERSHIP AZUA KPS 60.ElmSite\Planta_POWERSHIP AZUA KPS 60.ElmComp\MAN 18V/51/60DDF.ElmComp\Governor.ElmDsl,gov_MAN Governor/Actuator_v3,oarray_NRGME,IntMat:NRGME,9,0,0.45
MAN 18V/51/60DDF,Governor,\VM-PF.IntUser\PDD 30-09-2025.IntPrj\Network Model.IntPrjfolder\Network Data.IntPrjfolder\SUR 138 kV.ElmNet\POWERSHIP AZUA KPS 60.ElmSite\Planta_POWERSHIP AZUA KPS 60.ElmComp\MAN 18V/51/60DDF.ElmComp\Governor.ElmDsl,gov_MAN Governor/Actuator_v3,oarray_NRGME,IntMat:NRGME,9,1,51.708435
MAN 18V/51/60DDF,Governor,\VM-PF.IntUser\PDD 30-09-2025.IntPrj\Network Model.IntPrjfolder\Network Data.IntPrjfolder\SUR 138 kV.ElmNet\POWERSHIP AZUA KPS 60.ElmSite\Planta_POWERSHIP AZUA KPS 60.ElmComp\MAN 18V/51/60DDF.ElmComp\Governor.ElmDsl,gov_MAN Governor/Actuator_v3,oarray_NRGME,IntMat:NRGME,10,0,0.5
MAN 18V/51/60DDF,Governor,\VM-PF.IntUser\PDD 30-09-2025.IntPrj\Network Model.IntPrjfolder\Network Data.IntPrjfolder\SUR 138 kV.ElmNet\POWERSHIP AZUA KPS 60.ElmSite\Planta_POWERSHIP AZUA KPS 60.ElmComp\MAN 18V/51/60DDF.ElmComp\Governor.ElmDsl,gov_MAN Governor/Actuator_v3,oarray_NRGME,IntMat:NRGME,10,1,55.396851
MAN 18V/51/60DDF,Governor,\VM-PF.IntUser\PDD 30-09-2025.IntPrj\Network Model.IntPrjfolder\Network Data.IntPrjfolder\SUR 138 kV.ElmNet\POWERSHIP AZUA KPS 60.ElmSite\Planta_POWERSHIP AZUA KPS 60.ElmComp\MAN 18V/51/60DDF.ElmComp\Governor.ElmDsl,gov_MAN Governor/Actuator_v3,oarray_NRGME,IntMat:NRGME,11,0,0.55
MAN 18V/51/60DDF,Governor,\VM-PF.IntUser\PDD 30-09-2025.IntPrj\Network Model.IntPrjfolder\Network Data.IntPrjfolder\SUR 138 kV.ElmNet\POWERSHIP AZUA KPS 60.ElmSite\Planta_POWERSHIP AZUA KPS 60.ElmComp\MAN 18V/51/60DDF.ElmComp\Governor.ElmDsl,gov_MAN Governor/Actuator_v3,oarray_NRGME,IntMat:NRGME,11,1,59.036377
MAN 18V/51/60DDF,Governor,\VM-PF.IntUser\PDD 30-09-2025.IntPrj\Network Model.IntPrjfolder\Network Data.IntPrjfolder\SUR 138 kV.ElmNet\POWERSHIP AZUA KPS 60.ElmSite\Planta_POWERSHIP AZUA KPS 60.ElmComp\MAN 18V/51/60DDF.ElmComp\Governor.ElmDsl,gov_MAN Governor/Actuator_v3,oarray_NRGME,IntMat:NRGME,12,0,0.6
MAN 18V/51/60DDF,Governor,\VM-PF.IntUser\PDD 30-09-2025.IntPrj\Network Model.IntPrjfolder\Network Data.IntPrjfolder\SUR 138 kV.ElmNet\POWERSHIP AZUA KPS 60.ElmSite\Planta_POWERSHIP AZUA KPS 60.ElmComp\MAN 18V/51/60DDF.ElmComp\Governor.ElmDsl,gov_MAN Governor/Actuator_v3,oarray_NRGME,IntMat:NRGME,12,1,62.675903
MAN 18V/51/60DDF,Governor,\VM-PF.IntUser\PDD 30-09-2025.IntPrj\Network Model.IntPrjfolder\Network Data.IntPrjfolder\SUR 138 kV.ElmNet\POWERSHIP AZUA KPS 60.ElmSite\Planta_POWERSHIP AZUA KPS 60.ElmComp\MAN 18V/51/60DDF.ElmComp\Governor.ElmDsl,gov_MAN Governor/Actuator_v3,oarray_NRGME,IntMat:NRGME,13,0,0.65
MAN 18V/51/60DDF,Governor,\VM-PF.IntUser\PDD 30-09-2025.IntPrj\Network Model.IntPrjfolder\Network Data.IntPrjfolder\SUR 138 kV.ElmNet\POWERSHIP AZUA KPS 60.ElmSite\Planta_POWERSHIP AZUA KPS 60.ElmComp\MAN 18V/51/60DDF.ElmComp\Governor.ElmDsl,gov_MAN Governor/Actuator_v3,oarray_NRGME,IntMat:NRGME,13,1,66.31543
MAN 18V/51/60DDF,Governor,\VM-PF.IntUser\PDD 30-09-2025.IntPrj\Network Model.IntPrjfolder\Network Data.IntPrjfolder\SUR 138 kV.ElmNet\POWERSHIP AZUA KPS 60.ElmSite\Planta_POWERSHIP AZUA KPS 60.ElmComp\MAN 18V/51/60DDF.ElmComp\Governor.ElmDsl,gov_MAN Governor/Actuator_v3,oarray_NRGME,IntMat:NRGME,14,0,0.7
MAN 18V/51/60DDF,Governor,\VM-PF.IntUser\PDD 30-09-2025.IntPrj\Network Model.IntPrjfolder\Network Data.IntPrjfolder\SUR 138 kV.ElmNet\POWERSHIP AZUA KPS 60.ElmSite\Planta_POWERSHIP AZUA KPS 60.ElmComp\MAN 18V/51/60DDF.ElmComp\Governor.ElmDsl,gov_MAN Governor/Actuator_v3,oarray_NRGME,IntMat:NRGME,14,1,69.971252
MAN 18V/51/60DDF,Governor,\VM-PF.IntUser\PDD 30-09-2025.IntPrj\Network Model.IntPrjfolder\Network Data.IntPrjfolder\SUR 138 kV.ElmNet\POWERSHIP AZUA KPS 60.ElmSite\Planta_POWERSHIP AZUA KPS 60.ElmComp\MAN 18V/51/60DDF.ElmComp\Governor.ElmDsl,gov_MAN Governor/Actuator_v3,oarray_NRGME,IntMat:NRGME,15,0,0.75
MAN 18V/51/60DDF,Governor,\VM-PF.IntUser\PDD 30-09-2025.IntPrj\Network Model.IntPrjfolder\Network Data.IntPrjfolder\SUR 138 kV.ElmNet\POWERSHIP AZUA KPS 60.ElmSite\Planta_POWERSHIP AZUA KPS 60.ElmComp\MAN 18V/51/60DDF.ElmComp\Governor.ElmDsl,gov_MAN Governor/Actuator_v3,oarray_NRGME,IntMat:NRGME,15,1,73.627075
MAN 18V/51/60DDF,Governor,\VM-PF.IntUser\PDD 30-09-2025.IntPrj\Network Model.IntPrjfolder\Network Data.IntPrjfolder\SUR 138 kV.ElmNet\POWERSHIP AZUA KPS 60.ElmSite\Planta_POWERSHIP AZUA KPS 60.ElmComp\MAN 18V/51/60DDF.ElmComp\Governor.ElmDsl,gov_MAN Governor/Actuator_v3,oarray_NRGME,IntMat:NRGME,16,0,0.8
MAN 18V/51/60DDF,Governor,\VM-PF.IntUser\PDD 30-09-2025.IntPrj\Network Model.IntPrjfolder\Network Data.IntPrjfolder\SUR 138 kV.ElmNet\POWERSHIP AZUA KPS 60.ElmSite\Planta_POWERSHIP AZUA KPS 60.ElmComp\MAN 18V/51/60DDF.ElmComp\Governor.ElmDsl,gov_MAN Governor/Actuator_v3,oarray_NRGME,IntMat:NRGME,16,1,77.282898
MAN 18V/51/60DDF,Governor,\VM-PF.IntUser\PDD 30-09-2025.IntPrj\Network Model.IntPrjfolder\Network Data.IntPrjfolder\SUR 138 kV.ElmNet\POWERSHIP AZUA KPS 60.ElmSite\Planta_POWERSHIP AZUA KPS 60.ElmComp\MAN 18V/51/60DDF.ElmComp\Governor.ElmDsl,gov_MAN Governor/Actuator_v3,oarray_NRGME,IntMat:NRGME,17,0,0.85
MAN 18V/51/60DDF,Governor,\VM-PF.IntUser\PDD 30-09-2025.IntPrj\Network Model.IntPrjfolder\Network Data.IntPrjfolder\SUR 138 kV.ElmNet\POWERSHIP AZUA KPS 60.ElmSite\Planta_POWERSHIP AZUA KPS 60.ElmComp\MAN 18V/51/60DDF.ElmComp\Governor.ElmDsl,gov_MAN Governor/Actuator_v3,oarray_NRGME,IntMat:NRGME,17,1,80.938721
MAN 18V/51/60DDF,Governor,\VM-PF.IntUser\PDD 30-09-2025.IntPrj\Network Model.IntPrjfolder\Network Data.IntPrjfolder\SUR 138 kV.ElmNet\POWERSHIP AZUA KPS 60.ElmSite\Planta_POWERSHIP AZUA KPS 60.ElmComp\MAN 18V/51/60DDF.ElmComp\Governor.ElmDsl,gov_MAN Governor/Actuator_v3,oarray_NRGME,IntMat:NRGME,18,0,0.9
MAN 18V/51/60DDF,Governor,\VM-PF.IntUser\PDD 30-09-2025.IntPrj\Network Model.IntPrjfolder\Network Data.IntPrjfolder\SUR 138 kV.ElmNet\POWERSHIP AZUA KPS 60.ElmSite\Planta_POWERSHIP AZUA KPS 60.ElmComp\MAN 18V/51/60DDF.ElmComp\Governor.ElmDsl,gov_MAN Governor/Actuator_v3,oarray_NRGME,IntMat:NRGME,18,1,84.594543
MAN 18V/51/60DDF,Governor,\VM-PF.IntUser\PDD 30-09-2025.IntPrj\Network Model.IntPrjfolder\Network Data.IntPrjfolder\SUR 138 kV.ElmNet\POWERSHIP AZUA KPS 60.ElmSite\Planta_POWERSHIP AZUA KPS 60.ElmComp\MAN 18V/51/60DDF.ElmComp\Governor.ElmDsl,gov_MAN Governor/Actuator_v3,oarray_NRGME,IntMat:NRGME,19,0,0.95
MAN 18V/51/60DDF,Governor,\VM-PF.IntUser\PDD 30-09-2025.IntPrj\Network Model.IntPrjfolder\Network Data.IntPrjfolder\SUR 138 kV.ElmNet\POWERSHIP AZUA KPS 60.ElmSite\Planta_POWERSHIP AZUA KPS 60.ElmComp\MAN 18V/51/60DDF.ElmComp\Governor.ElmDsl,gov_MAN Governor/Actuator_v3,oarray_NRGME,IntMat:NRGME,19,1,88.250366
MAN 18V/51/60DDF,Governor,\VM-PF.IntUser\PDD 30-09-2025.IntPrj\Network Model.IntPrjfolder\Network Data.IntPrjfolder\SUR 138 kV.ElmNet\POWERSHIP AZUA KPS 60.ElmSite\Planta_POWERSHIP AZUA KPS 60.ElmComp\MAN 18V/51/60DDF.ElmComp\Governor.ElmDsl,gov_MAN Governor/Actuator_v3,oarray_NRGME,IntMat:NRGME,20,0,1.0
MAN 18V/51/60DDF,Governor,\VM-PF.IntUser\PDD 30-09-2025.IntPrj\Network Model.IntPrjfolder\Network Data.IntPrjfolder\SUR 138 kV.ElmNet\POWERSHIP AZUA KPS 60.ElmSite\Planta_POWERSHIP AZUA KPS 60.ElmComp\MAN 18V/51/60DDF.ElmComp\Governor.ElmDsl,gov_MAN Governor/Actuator_v3,oarray_NRGME,IntMat:NRGME,20,1,91.90618
MAN 18V/51/60DDF,Governor,\VM-PF.IntUser\PDD 30-09-2025.IntPrj\Network Model.IntPrjfolder\Network Data.IntPrjfolder\SUR 138 kV.ElmNet\POWERSHIP AZUA KPS 60.ElmSite\Planta_POWERSHIP AZUA KPS 60.ElmComp\MAN 18V/51/60DDF.ElmComp\Governor.ElmDsl,gov_MAN Governor/Actuator_v3,oarray_deltaME,IntMat:deltaME,0,0,0.0
MAN 18V/51/60DDF,Governor,\VM-PF.IntUser\PDD 30-09-2025.IntPrj\Network Model.IntPrjfolder\Network Data.IntPrjfolder\SUR 138 kV.ElmNet\POWERSHIP AZUA KPS 60.ElmSite\Planta_POWERSHIP AZUA KPS 60.ElmComp\MAN 18V/51/60DDF.ElmComp\Governor.ElmDsl,gov_MAN Governor/Actuator_v3,oarray_deltaME,IntMat:deltaME,0,1,0.0
MAN 18V/51/60DDF,Governor,\VM-PF.IntUser\PDD 30-09-2025.IntPrj\Network Model.IntPrjfolder\Network Data.IntPrjfolder\SUR 138 kV.ElmNet\POWERSHIP AZUA KPS 60.ElmSite\Planta_POWERSHIP AZUA KPS 60.ElmComp\MAN 18V/51/60DDF.ElmComp\Governor.ElmDsl,gov_MAN Governor/Actuator_v3,oarray_deltaME,IntMat:deltaME,1,0,0.05
MAN 18V/51/60DDF,Governor,\VM-PF.IntUser\PDD 30-09-2025.IntPrj\Network Model.IntPrjfolder\Network Data.IntPrjfolder\SUR 138 kV.ElmNet\POWERSHIP AZUA KPS 60.ElmSite\Planta_POWERSHIP AZUA KPS 60.ElmComp\MAN 18V/51/60DDF.ElmComp\Governor.ElmDsl,gov_MAN Governor/Actuator_v3,oarray_deltaME,IntMat:deltaME,1,1,0.0
MAN 18V/51/60DDF,Governor,\VM-PF.IntUser\PDD 30-09-2025.IntPrj\Network Model.IntPrjfolder\Network Data.IntPrjfolder\SUR 138 kV.ElmNet\POWERSHIP AZUA KPS 60.ElmSite\Planta_POWERSHIP AZUA KPS 60.ElmComp\MAN 18V/51/60DDF.ElmComp\Governor.ElmDsl,gov_MAN Governor/Actuator_v3,oarray_deltaME,IntMat:deltaME,2,0,0.1
MAN 18V/51/60DDF,Governor,\VM-PF.IntUser\PDD 30-09-2025.IntPrj\Network Model.IntPrjfolder\Network Data.IntPrjfolder\SUR 138 kV.ElmNet\POWERSHIP AZUA KPS 60.ElmSite\Planta_POWERSHIP AZUA KPS 60.ElmComp\MAN 18V/51/60DDF.ElmComp\Governor.ElmDsl,gov_MAN Governor/Actuator_v3,oarray_deltaME,IntMat:deltaME,2,1,0.0
MAN 18V/51/60DDF,Governor,\VM-PF.IntUser\PDD 30-09-2025.IntPrj\Network Model.IntPrjfolder\Network Data.IntPrjfolder\SUR 138 kV.ElmNet\POWERSHIP AZUA KPS 60.ElmSite\Planta_POWERSHIP AZUA KPS 60.ElmComp\MAN 18V/51/60DDF.ElmComp\Governor.ElmDsl,gov_MAN Governor/Actuator_v3,oarray_deltaME,IntMat:deltaME,3,0,0.15
MAN 18V/51/60DDF,Governor,\VM-PF.IntUser\PDD 30-09-2025.IntPrj\Network Model.IntPrjfolder\Network Data.IntPrjfolder\SUR 138 kV.ElmNet\POWERSHIP AZUA KPS 60.ElmSite\Planta_POWERSHIP AZUA KPS 60.ElmComp\MAN 18V/51/60DDF.ElmComp\Governor.ElmDsl,gov_MAN Governor/Actuator_v3,oarray_deltaME,IntMat:deltaME,3,1,0.0
MAN 18V/51/60DDF,Governor,\VM-PF.IntUser\PDD 30-09-2025.IntPrj\Network Model.IntPrjfolder\Network Data.IntPrjfolder\SUR 138 kV.ElmNet\POWERSHIP AZUA KPS 60.ElmSite\Planta_POWERSHIP AZUA KPS 60.ElmComp\MAN 18V/51/60DDF.ElmComp\Governor.ElmDsl,gov_MAN Governor/Actuator_v3,oarray_deltaME,IntMat:deltaME,4,0,0.2
MAN 18V/51/60DDF,Governor,\VM-PF.IntUser\PDD 30-09-2025.IntPrj\Network Model.IntPrjfolder\Network Data.IntPrjfolder\SUR 138 kV.ElmNet\POWERSHIP AZUA KPS 60.ElmSite\Planta_POWERSHIP AZUA KPS 60.ElmComp\MAN 18V/51/60DDF.ElmComp\Governor.ElmDsl,gov_MAN Governor/Actuator_v3,oarray_deltaME,IntMat:deltaME,4,1,0.0
MAN 18V/51/60DDF,Governor,\VM-PF.IntUser\PDD 30-09-2025.IntPrj\Network Model.IntPrjfolder\Network Data.IntPrjfolder\SUR 138 kV.ElmNet\POWERSHIP AZUA KPS 60.ElmSite\Planta_POWERSHIP AZUA KPS 60.ElmComp\MAN 18V/51/60DDF.ElmComp\Governor.ElmDsl,gov_MAN Governor/Actuator_v3,oarray_deltaME,IntMat:deltaME,5,0,0.25
MAN 18V/51/60DDF,Governor,\VM-PF.IntUser\PDD 30-09-2025.IntPrj\Network Model.IntPrjfolder\Network Data.IntPrjfolder\SUR 138 kV.ElmNet\POWERSHIP AZUA KPS 60.ElmSite\Planta_POWERSHIP AZUA KPS 60.ElmComp\MAN 18V/51/60DDF.ElmComp\Governor.ElmDsl,gov_MAN Governor/Actuator_v3,oarray_deltaME,IntMat:deltaME,5,1,0.0
MAN 18V/51/60DDF,Governor,\VM-PF.IntUser\PDD 30-09-2025.IntPrj\Network Model.IntPrjfolder\Network Data.IntPrjfolder\SUR 138 kV.ElmNet\POWERSHIP AZUA KPS 60.ElmSite\Planta_POWERSHIP AZUA KPS 60.ElmComp\MAN 18V/51/60DDF.ElmComp\Governor.ElmDsl,gov_MAN Governor/Actuator_v3,oarray_deltaME,IntMat:deltaME,6,0,0.3
MAN 18V/51/60DDF,Governor,\VM-PF.IntUser\PDD 30-09-2025.IntPrj\Network Model.IntPrjfolder\Network Data.IntPrjfolder\SUR 138 kV.ElmNet\POWERSHIP AZUA KPS 60.ElmSite\Planta_POWERSHIP AZUA KPS 60.ElmComp\MAN 18V/51/60DDF.ElmComp\Governor.ElmDsl,gov_MAN Governor/Actuator_v3,oarray_deltaME,IntMat:deltaME,6,1,0.0
MAN 18V/51/60DDF,Governor,\VM-PF.IntUser\PDD 30-09-2025.IntPrj\Network Model.IntPrjfolder\Network Data.IntPrjfolder\SUR 138 kV.ElmNet\POWERSHIP AZUA KPS 60.ElmSite\Planta_POWERSHIP AZUA KPS 60.ElmComp\MAN 18V/51/60DDF.ElmComp\Governor.ElmDsl,gov_MAN Governor/Actuator_v3,oarray_deltaME,IntMat:deltaME,7,0,0.35
MAN 18V/51/60DDF,Governor,\VM-PF.IntUser\PDD 30-09-2025.IntPrj\Network Model.IntPrjfolder\Network Data.IntPrjfolder\SUR 138 kV.ElmNet\POWERSHIP AZUA KPS 60.ElmSite\Planta_POWERSHIP AZUA KPS 60.ElmComp\MAN 18V/51/60DDF.ElmComp\Governor.ElmDsl,gov_MAN Governor/Actuator_v3,oarray_deltaME,IntMat:deltaME,7,1,0.0
MAN 18V/51/60DDF,Governor,\VM-PF.IntUser\PDD 30-09-2025.IntPrj\Network Model.IntPrjfolder\Network Data.IntPrjfolder\SUR 138 kV.ElmNet\POWERSHIP AZUA KPS 60.ElmSite\Planta_POWERSHIP AZUA KPS 60.ElmComp\MAN 18V/51/60DDF.ElmComp\Governor.ElmDsl,gov_MAN Governor/Actuator_v3,oarray_deltaME,IntMat:deltaME,8,0,0.4
MAN 18V/51/60DDF,Governor,\VM-PF.IntUser\PDD 30-09-2025.IntPrj\Network Model.IntPrjfolder\Network Data.IntPrjfolder\SUR 138 kV.ElmNet\POWERSHIP AZUA KPS 60.ElmSite\Planta_POWERSHIP AZUA KPS 60.ElmComp\MAN 18V/51/60DDF.ElmComp\Governor.ElmDsl,gov_MAN Governor/Actuator_v3,oarray_deltaME,IntMat:deltaME,8,1,0.0
MAN 18V/51/60DDF,Governor,\VM-PF.IntUser\PDD 30-09-2025.IntPrj\Network Model.IntPrjfolder\Network Data.IntPrjfolder\SUR 138 kV.ElmNet\POWERSHIP AZUA KPS 60.ElmSite\Planta_POWERSHIP AZUA KPS 60.ElmComp\MAN 18V/51/60DDF.ElmComp\Governor.ElmDsl,gov_MAN Governor/Actuator_v3,oarray_deltaME,IntMat:deltaME,9,0,0.45
MAN 18V/51/60DDF,Governor,\VM-PF.IntUser\PDD 30-09-2025.IntPrj\Network Model.IntPrjfolder\Network Data.IntPrjfolder\SUR 138 kV.ElmNet\POWERSHIP AZUA KPS 60.ElmSite\Planta_POWERSHIP AZUA KPS 60.ElmComp\MAN 18V/51/60DDF.ElmComp\Governor.ElmDsl,gov_MAN Governor/Actuator_v3,oarray_deltaME,IntMat:deltaME,9,1,0.0
MAN 18V/51/60DDF,Governor,\VM-PF.IntUser\PDD 30-09-2025.IntPrj\Network Model.IntPrjfolder\Network Data.IntPrjfolder\SUR 138 kV.ElmNet\POWERSHIP AZUA KPS 60.ElmSite\Planta_POWERSHIP AZUA KPS 60.ElmComp\MAN 18V/51/60DDF.ElmComp\Governor.ElmDsl,gov_MAN Governor/Actuator_v3,oarray_deltaME,IntMat:deltaME,10,0,0.5
MAN 18V/51/60DDF,Governor,\VM-PF.IntUser\PDD 30-09-2025.IntPrj\Network Model.IntPrjfolder\Network Data.IntPrjfolder\SUR 138 kV.ElmNet\POWERSHIP AZUA KPS 60.ElmSite\Planta_POWERSHIP AZUA KPS 60.ElmComp\MAN 18V/51/60DDF.ElmComp\Governor.ElmDsl,gov_MAN Governor/Actuator_v3,oarray_deltaME,IntMat:deltaME,10,1,0.0
MAN 18V/51/60DDF,Governor,\VM-PF.IntUser\PDD 30-09-2025.IntPrj\Network Model.IntPrjfolder\Network Data.IntPrjfolder\SUR 138 kV.ElmNet\POWERSHIP AZUA KPS 60.ElmSite\Planta_POWERSHIP AZUA KPS 60.ElmComp\MAN 18V/51/60DDF.ElmComp\Governor.ElmDsl,gov_MAN Governor/Actuator_v3,oarray_deltaME,IntMat:deltaME,11,0,0.55
MAN 18V/51/60DDF,Governor,\VM-PF.IntUser\PDD 30-09-2025.IntPrj\Network Model.IntPrjfolder\Network Data.IntPrjfolder\SUR 138 kV.ElmNet\POWERSHIP AZUA KPS 60.ElmSite\Planta_POWERSHIP AZUA KPS 60.ElmComp\MAN 18V/51/60DDF.ElmComp\Governor.ElmDsl,gov_MAN Governor/Actuator_v3,oarray_deltaME,IntMat:deltaME,11,1,0.0
MAN 18V/51/60DDF,Governor,\VM-PF.IntUser\PDD 30-09-2025.IntPrj\Network Model.IntPrjfolder\Network Data.IntPrjfolder\SUR 138 kV.ElmNet\POWERSHIP AZUA KPS 60.ElmSite\Planta_POWERSHIP AZUA KPS 60.ElmComp\MAN 18V/51/60DDF.ElmComp\Governor.ElmDsl,gov_MAN Governor/Actuator_v3,oarray_deltaME,IntMat:deltaME,12,0,0.6
MAN 18V/51/60DDF,Governor,\VM-PF.IntUser\PDD 30-09-2025.IntPrj\Network Model.IntPrjfolder\Network Data.IntPrjfolder\SUR 138 kV.ElmNet\POWERSHIP AZUA KPS 60.ElmSite\Planta_POWERSHIP AZUA KPS 60.ElmComp\MAN 18V/51/60DDF.ElmComp\Governor.ElmDsl,gov_MAN Governor/Actuator_v3,oarray_deltaME,IntMat:deltaME,12,1,0.0
MAN 18V/51/60DDF,Governor,\VM-PF.IntUser\PDD 30-09-2025.IntPrj\Network Model.IntPrjfolder\Network Data.IntPrjfolder\SUR 138 kV.ElmNet\POWERSHIP AZUA KPS 60.ElmSite\Planta_POWERSHIP AZUA KPS 60.ElmComp\MAN 18V/51/60DDF.ElmComp\Governor.ElmDsl,gov_MAN Governor/Actuator_v3,oarray_deltaME,IntMat:deltaME,13,0,0.65
MAN 18V/51/60DDF,Governor,\VM-PF.IntUser\PDD 30-09-2025.IntPrj\Network Model.IntPrjfolder\Network Data.IntPrjfolder\SUR 138 kV.ElmNet\POWERSHIP AZUA KPS 60.ElmSite\Planta_POWERSHIP AZUA KPS 60.ElmComp\MAN 18V/51/60DDF.ElmComp\Governor.ElmDsl,gov_MAN Governor/Actuator_v3,oarray_deltaME,IntMat:deltaME,13,1,0.0
MAN 18V/51/60DDF,Governor,\VM-PF.IntUser\PDD 30-09-2025.IntPrj\Network Model.IntPrjfolder\Network Data.IntPrjfolder\SUR 138 kV.ElmNet\POWERSHIP AZUA KPS 60.ElmSite\Planta_POWERSHIP AZUA KPS 60.ElmComp\MAN 18V/51/60DDF.ElmComp\Governor.ElmDsl,gov_MAN Governor/Actuator_v3,oarray_deltaME,IntMat:deltaME,14,0,0.7
MAN 18V/51/60DDF,Governor,\VM-PF.IntUser\PDD 30-09-2025.IntPrj\Network Model.IntPrjfolder\Network Data.IntPrjfolder\SUR 138 kV.ElmNet\POWERSHIP AZUA KPS 60.ElmSite\Planta_POWERSHIP AZUA KPS 60.ElmComp\MAN 18V/51/60DDF.ElmComp\Governor.ElmDsl,gov_MAN Governor/Actuator_v3,oarray_deltaME,IntMat:deltaME,14,1,0.0
MAN 18V/51/60DDF,Governor,\VM-PF.IntUser\PDD 30-09-2025.IntPrj\Network Model.IntPrjfolder\Network Data.IntPrjfolder\SUR 138 kV.ElmNet\POWERSHIP AZUA KPS 60.ElmSite\Planta_POWERSHIP AZUA KPS 60.ElmComp\MAN 18V/51/60DDF.ElmComp\Governor.ElmDsl,gov_MAN Governor/Actuator_v3,oarray_deltaME,IntMat:deltaME,15,0,0.75
MAN 18V/51/60DDF,Governor,\VM-PF.IntUser\PDD 30-09-2025.IntPrj\Network Model.IntPrjfolder\Network Data.IntPrjfolder\SUR 138 kV.ElmNet\POWERSHIP AZUA KPS 60.ElmSite\Planta_POWERSHIP AZUA KPS 60.ElmComp\MAN 18V/51/60DDF.ElmComp\Governor.ElmDsl,gov_MAN Governor/Actuator_v3,oarray_deltaME,IntMat:deltaME,15,1,0.0
MAN 18V/51/60DDF,Governor,\VM-PF.IntUser\PDD 30-09-2025.IntPrj\Network Model.IntPrjfolder\Network Data.IntPrjfolder\SUR 138 kV.ElmNet\POWERSHIP AZUA KPS 60.ElmSite\Planta_POWERSHIP AZUA KPS 60.ElmComp\MAN 18V/51/60DDF.ElmComp\Governor.ElmDsl,gov_MAN Governor/Actuator_v3,oarray_deltaME,IntMat:deltaME,16,0,0.8
MAN 18V/51/60DDF,Governor,\VM-PF.IntUser\PDD 30-09-2025.IntPrj\Network Model.IntPrjfolder\Network Data.IntPrjfolder\SUR 138 kV.ElmNet\POWERSHIP AZUA KPS 60.ElmSite\Planta_POWERSHIP AZUA KPS 60.ElmComp\MAN 18V/51/60DDF.ElmComp\Governor.ElmDsl,gov_MAN Governor/Actuator_v3,oarray_deltaME,IntMat:deltaME,16,1,0.0
MAN 18V/51/60DDF,Governor,\VM-PF.IntUser\PDD 30-09-2025.IntPrj\Network Model.IntPrjfolder\Network Data.IntPrjfolder\SUR 138 kV.ElmNet\POWERSHIP AZUA KPS 60.ElmSite\Planta_POWERSHIP AZUA KPS 60.ElmComp\MAN 18V/51/60DDF.ElmComp\Governor.ElmDsl,gov_MAN Governor/Actuator_v3,oarray_deltaME,IntMat:deltaME,17,0,0.85
MAN 18V/51/60DDF,Governor,\VM-PF.IntUser\PDD 30-09-2025.IntPrj\Network Model.IntPrjfolder\Network Data.IntPrjfolder\SUR 138 kV.ElmNet\POWERSHIP AZUA KPS 60.ElmSite\Planta_POWERSHIP AZUA KPS 60.ElmComp\MAN 18V/51/60DDF.ElmComp\Governor.ElmDsl,gov_MAN Governor/Actuator_v3,oarray_deltaME,IntMat:deltaME,17,1,0.0
MAN 18V/51/60DDF,Governor,\VM-PF.IntUser\PDD 30-09-2025.IntPrj\Network Model.IntPrjfolder\Network Data.IntPrjfolder\SUR 138 kV.ElmNet\POWERSHIP AZUA KPS 60.ElmSite\Planta_POWERSHIP AZUA KPS 60.ElmComp\MAN 18V/51/60DDF.ElmComp\Governor.ElmDsl,gov_MAN Governor/Actuator_v3,oarray_deltaME,IntMat:deltaME,18,0,0.9
MAN 18V/51/60DDF,Governor,\VM-PF.IntUser\PDD 30-09-2025.IntPrj\Network Model.IntPrjfolder\Network Data.IntPrjfolder\SUR 138 kV.ElmNet\POWERSHIP AZUA KPS 60.ElmSite\Planta_POWERSHIP AZUA KPS 60.ElmComp\MAN 18V/51/60DDF.ElmComp\Governor.ElmDsl,gov_MAN Governor/Actuator_v3,oarray_deltaME,IntMat:deltaME,18,1,0.0
MAN 18V/51/60DDF,Governor,\VM-PF.IntUser\PDD 30-09-2025.IntPrj\Network Model.IntPrjfolder\Network Data.IntPrjfolder\SUR 138 kV.ElmNet\POWERSHIP AZUA KPS 60.ElmSite\Planta_POWERSHIP AZUA KPS 60.ElmComp\MAN 18V/51/60DDF.ElmComp\Governor.ElmDsl,gov_MAN Governor/Actuator_v3,oarray_deltaME,IntMat:deltaME,19,0,0.95
MAN 18V/51/60DDF,Governor,\VM-PF.IntUser\PDD 30-09-2025.IntPrj\Network Model.IntPrjfolder\Network Data.IntPrjfolder\SUR 138 kV.ElmNet\POWERSHIP AZUA KPS 60.ElmSite\Planta_POWERSHIP AZUA KPS 60.ElmComp\MAN 18V/51/60DDF.ElmComp\Governor.ElmDsl,gov_MAN Governor/Actuator_v3,oarray_deltaME,IntMat:deltaME,19,1,0.0
MAN 18V/51/60DDF,Governor,\VM-PF.IntUser\PDD 30-09-2025.IntPrj\Network Model.IntPrjfolder\Network Data.IntPrjfolder\SUR 138 kV.ElmNet\POWERSHIP AZUA KPS 60.ElmSite\Planta_POWERSHIP AZUA KPS 60.ElmComp\MAN 18V/51/60DDF.ElmComp\Governor.ElmDsl,gov_MAN Governor/Actuator_v3,oarray_deltaME,IntMat:deltaME,20,0,1.0
MAN 18V/51/60DDF,Governor,\VM-PF.IntUser\PDD 30-09-2025.IntPrj\Network Model.IntPrjfolder\Network Data.IntPrjfolder\SUR 138 kV.ElmNet\POWERSHIP AZUA KPS 60.ElmSite\Planta_POWERSHIP AZUA KPS 60.ElmComp\MAN 18V/51/60DDF.ElmComp\Governor.ElmDsl,gov_MAN Governor/Actuator_v3,oarray_deltaME,IntMat:deltaME,20,1,0.0
Planta_PE Matafongo,P Control Type 3,\VM-PF.IntUser\PDD 30-09-2025.IntPrj\Network Model.IntPrjfolder\Network Data.IntPrjfolder\SUR 138 kV.ElmNet\Planta_PE Matafongo.ElmComp\P Control Type 3.ElmDsl,P Control Type 3,oarray_wp,IntMat:wp,0,0,0.0
Planta_PE Matafongo,P Control Type 3,\VM-PF.IntUser\PDD 30-09-2025.IntPrj\Network Model.IntPrjfolder\Network Data.IntPrjfolder\SUR 138 kV.ElmNet\Planta_PE Matafongo.ElmComp\P Control Type 3.ElmDsl,P Control Type 3,oarray_wp,IntMat:wp,0,1,0.76
Planta_PE Matafongo,P Control Type 3,\VM-PF.IntUser\PDD 30-09-2025.IntPrj\Network Model.IntPrjfolder\Network Data.IntPrjfolder\SUR 138 kV.ElmNet\Planta_PE Matafongo.ElmComp\P Control Type 3.ElmDsl,P Control Type 3,oarray_wp,IntMat:wp,1,0,0.3
Planta_PE Matafongo,P Control Type 3,\VM-PF.IntUser\PDD 30-09-2025.IntPrj\Network Model.IntPrjfolder\Network Data.IntPrjfolder\SUR 138 kV.ElmNet\Planta_PE Matafongo.ElmComp\P Control Type 3.ElmDsl,P Control Type 3,oarray_wp,IntMat:wp,1,1,0.76
Planta_PE Matafongo,P Control Type 3,\VM-PF.IntUser\PDD 30-09-2025.IntPrj\Network Model.IntPrjfolder\Network Data.IntPrjfolder\SUR 138 kV.ElmNet\Planta_PE Matafongo.ElmComp\P Control Type 3.ElmDsl,P Control Type 3,oarray_wp,IntMat:wp,2,0,0.31
Planta_PE Matafongo,P Control Type 3,\VM-PF.IntUser\PDD 30-09-2025.IntPrj\Network Model.IntPrjfolder\Network Data.IntPrjfolder\SUR 138 kV.ElmNet\Planta_PE Matafongo.ElmComp\P Control Type 3.ElmDsl,P Control Type 3,oarray_wp,IntMat:wp,2,1,0.86
Planta_PE Matafongo,P Control Type 3,\VM-PF.IntUser\PDD 30-09-2025.IntPrj\Network Model.IntPrjfolder\Network Data.IntPrjfolder\SUR 138 kV.ElmNet\Planta_PE Matafongo.ElmComp\P Control Type 3.ElmDsl,P Control Type 3,oarray_wp,IntMat:wp,3,0,0.4
Planta_PE Matafongo,P Control Type 3,\VM-PF.IntUser\PDD 30-09-2025.IntPrj\Network Model.IntPrjfolder\Network Data.IntPrjfolder\SUR 138 kV.ElmNet\Planta_PE Matafongo.ElmComp\P Control Type 3.ElmDsl,P Control Type 3,oarray_wp,IntMat:wp,3,1,0.94
Planta_PE Matafongo,P Control Type 3,\VM-PF.IntUser\PDD 30-09-2025.IntPrj\Network Model.IntPrjfolder\Network Data.IntPrjfolder\SUR 138 kV.ElmNet\Planta_PE Matafongo.ElmComp\P Control Type 3.ElmDsl,P Control Type 3,oarray_wp,IntMat:wp,4,0,0.5
Planta_PE Matafongo,P Control Type 3,\VM-PF.IntUser\PDD 30-09-2025.IntPrj\Network Model.IntPrjfolder\Network Data.IntPrjfolder\SUR 138 kV.ElmNet\Planta_PE Matafongo.ElmComp\P Control Type 3.ElmDsl,P Control Type 3,oarray_wp,IntMat:wp,4,1,1.0
Planta_PE Matafongo,P Control Type 3,\VM-PF.IntUser\PDD 30-09-2025.IntPrj\Network Model.IntPrjfolder\Network Data.IntPrjfolder\SUR 138 kV.ElmNet\Planta_PE Matafongo.ElmComp\P Control Type 3.ElmDsl,P Control Type 3,oarray_wp,IntMat:wp,5,0,1.0
Planta_PE Matafongo,P Control Type 3,\VM-PF.IntUser\PDD 30-09-2025.IntPrj\Network Model.IntPrjfolder\Network Data.IntPrjfolder\SUR 138 kV.ElmNet\Planta_PE Matafongo.ElmComp\P Control Type 3.ElmDsl,P Control Type 3,oarray_wp,IntMat:wp,5,1,1.0
Planta_PE Matafongo,Current Limitation,\VM-PF.IntUser\PDD 30-09-2025.IntPrj\Network Model.IntPrjfolder\Network Data.IntPrjfolder\SUR 138 kV.ElmNet\Planta_PE Matafongo.ElmComp\Current Limitation.ElmDsl,Current Limitation,oarray_ipmaxuWT,IntMat:ipmaxuWT,0,0,0.1
Planta_PE Matafongo,Current Limitation,\VM-PF.IntUser\PDD 30-09-2025.IntPrj\Network Model.IntPrjfolder\Network Data.IntPrjfolder\SUR 138 kV.ElmNet\Planta_PE Matafongo.ElmComp\Current Limitation.ElmDsl,Current Limitation,oarray_ipmaxuWT,IntMat:ipmaxuWT,0,1,0.0
Planta_PE Matafongo,Current Limitation,\VM-PF.IntUser\PDD 30-09-2025.IntPrj\Network Model.IntPrjfolder\Network Data.IntPrjfolder\SUR 138 kV.ElmNet\Planta_PE Matafongo.ElmComp\Current Limitation.ElmDsl,Current Limitation,oarray_ipmaxuWT,IntMat:ipmaxuWT,1,0,0.12
Planta_PE Matafongo,Current Limitation,\VM-PF.IntUser\PDD 30-09-2025.IntPrj\Network Model.IntPrjfolder\Network Data.IntPrjfolder\SUR 138 kV.ElmNet\Planta_PE Matafongo.ElmComp\Current Limitation.ElmDsl,Current Limitation,oarray_ipmaxuWT,IntMat:ipmaxuWT,1,1,1.10803846549
Planta_PE Matafongo,Current Limitation,\VM-PF.IntUser\PDD 30-09-2025.IntPrj\Network Model.IntPrjfolder\Network Data.IntPrjfolder\SUR 138 kV.ElmNet\Planta_PE Matafongo.ElmComp\Current Limitation.ElmDsl,Current Limitation,oarray_ipmaxuWT,IntMat:ipmaxuWT,2,0,0.9
Planta_PE Matafongo,Current Limitation,\VM-PF.IntUser\PDD 30-09-2025.IntPrj\Network Model.IntPrjfolder\Network Data.IntPrjfolder\SUR 138 kV.ElmNet\Planta_PE Matafongo.ElmComp\Current Limitation.ElmDsl,Current Limitation,oarray_ipmaxuWT,IntMat:ipmaxuWT,2,1,1.10803846549
Planta_PE Matafongo,Current Limitation,\VM-PF.IntUser\PDD 30-09-2025.IntPrj\Network Model.IntPrjfolder\Network Data.IntPrjfolder\SUR 138 kV.ElmNet\Planta_PE Matafongo.ElmComp\Current Limitation.ElmDsl,Current Limitation,oarray_ipmaxuWT,IntMat:ipmaxuWT,3,0,0.925
Planta_PE Matafongo,Current Limitation,\VM-PF.IntUser\PDD 30-09-2025.IntPrj\Network Model.IntPrjfolder\Network Data.IntPrjfolder\SUR 138 kV.ElmNet\Planta_PE Matafongo.ElmComp\Current Limitation.ElmDsl,Current Limitation,oarray_ipmaxuWT,IntMat:ipmaxuWT,3,1,1.10803846549
Planta_PE Matafongo,Current Limitation,\VM-PF.IntUser\PDD 30-09-2025.IntPrj\Network Model.IntPrjfolder\Network Data.IntPrjfolder\SUR 138 kV.ElmNet\Planta_PE Matafongo.ElmComp\Current Limitation.ElmDsl,Current Limitation,oarray_ipmaxuWT,IntMat:ipmaxuWT,4,0,1.075
Planta_PE Matafongo,Current Limitation,\VM-PF.IntUser\PDD 30-09-2025.IntPrj\Network Model.IntPrjfolder\Network Data.IntPrjfolder\SUR 138 kV.ElmNet\Planta_PE Matafongo.ElmComp\Current Limitation.ElmDsl,Current Limitation,oarray_ipmaxuWT,IntMat:ipmaxuWT,4,1,1.10803846549
Planta_PE Matafongo,Current Limitation,\VM-PF.IntUser\PDD 30-09-2025.IntPrj\Network Model.IntPrjfolder\Network Data.IntPrjfolder\SUR 138 kV.ElmNet\Planta_PE Matafongo.ElmComp\Current Limitation.ElmDsl,Current Limitation,oarray_ipmaxuWT,IntMat:ipmaxuWT,5,0,1.1
Planta_PE Matafongo,Current Limitation,\VM-PF.IntUser\PDD 30-09-2025.IntPrj\Network Model.IntPrjfolder\Network Data.IntPrjfolder\SUR 138 kV.ElmNet\Planta_PE Matafongo.ElmComp\Current Limitation.ElmDsl,Current Limitation,oarray_ipmaxuWT,IntMat:ipmaxuWT,5,1,1.10803846549
Planta_PE Matafongo,Current Limitation,\VM-PF.IntUser\PDD 30-09-2025.IntPrj\Network Model.IntPrjfolder\Network Data.IntPrjfolder\SUR 138 kV.ElmNet\Planta_PE Matafongo.ElmComp\Current Limitation.ElmDsl,Current Limitation,oarray_iqmaxuWT,IntMat:iqmaxuWT,0,0,0.15
Planta_PE Matafongo,Current Limitation,\VM-PF.IntUser\PDD 30-09-2025.IntPrj\Network Model.IntPrjfolder\Network Data.IntPrjfolder\SUR 138 kV.ElmNet\Planta_PE Matafongo.ElmComp\Current Limitation.ElmDsl,Current Limitation,oarray_iqmaxuWT,IntMat:iqmaxuWT,0,1,1.1
Planta_PE Matafongo,Current Limitation,\VM-PF.IntUser\PDD 30-09-2025.IntPrj\Network Model.IntPrjfolder\Network Data.IntPrjfolder\SUR 138 kV.ElmNet\Planta_PE Matafongo.ElmComp\Current Limitation.ElmDsl,Current Limitation,oarray_iqmaxuWT,IntMat:iqmaxuWT,1,0,0.6
Planta_PE Matafongo,Current Limitation,\VM-PF.IntUser\PDD 30-09-2025.IntPrj\Network Model.IntPrjfolder\Network Data.IntPrjfolder\SUR 138 kV.ElmNet\Planta_PE Matafongo.ElmComp\Current Limitation.ElmDsl,Current Limitation,oarray_iqmaxuWT,IntMat:iqmaxuWT,1,1,0.75
Planta_PE Matafongo,Current Limitation,\VM-PF.IntUser\PDD 30-09-2025.IntPrj\Network Model.IntPrjfolder\Network Data.IntPrjfolder\SUR 138 kV.ElmNet\Planta_PE Matafongo.ElmComp\Current Limitation.ElmDsl,Current Limitation,oarray_iqmaxuWT,IntMat:iqmaxuWT,2,0,0.9
Planta_PE Matafongo,Current Limitation,\VM-PF.IntUser\PDD 30-09-2025.IntPrj\Network Model.IntPrjfolder\Network Data.IntPrjfolder\SUR 138 kV.ElmNet\Planta_PE Matafongo.ElmComp\Current Limitation.ElmDsl,Current Limitation,oarray_iqmaxuWT,IntMat:iqmaxuWT,2,1,0.3287
Planta_PE Matafongo,Current Limitation,\VM-PF.IntUser\PDD 30-09-2025.IntPrj\Network Model.IntPrjfolder\Network Data.IntPrjfolder\SUR 138 kV.ElmNet\Planta_PE Matafongo.ElmComp\Current Limitation.ElmDsl,Current Limitation,oarray_iqmaxuWT,IntMat:iqmaxuWT,3,0,0.925
Planta_PE Matafongo,Current Limitation,\VM-PF.IntUser\PDD 30-09-2025.IntPrj\Network Model.IntPrjfolder\Network Data.IntPrjfolder\SUR 138 kV.ElmNet\Planta_PE Matafongo.ElmComp\Current Limitation.ElmDsl,Current Limitation,oarray_iqmaxuWT,IntMat:iqmaxuWT,3,1,0.3287
Planta_PE Matafongo,Current Limitation,\VM-PF.IntUser\PDD 30-09-2025.IntPrj\Network Model.IntPrjfolder\Network Data.IntPrjfolder\SUR 138 kV.ElmNet\Planta_PE Matafongo.ElmComp\Current Limitation.ElmDsl,Current Limitation,oarray_iqmaxuWT,IntMat:iqmaxuWT,4,0,1.075
Planta_PE Matafongo,Current Limitation,\VM-PF.IntUser\PDD 30-09-2025.IntPrj\Network Model.IntPrjfolder\Network Data.IntPrjfolder\SUR 138 kV.ElmNet\Planta_PE Matafongo.ElmComp\Current Limitation.ElmDsl,Current Limitation,oarray_iqmaxuWT,IntMat:iqmaxuWT,4,1,0.3287
Planta_PE Matafongo,Current Limitation,\VM-PF.IntUser\PDD 30-09-2025.IntPrj\Network Model.IntPrjfolder\Network Data.IntPrjfolder\SUR 138 kV.ElmNet\Planta_PE Matafongo.ElmComp\Current Limitation.ElmDsl,Current Limitation,oarray_iqmaxuWT,IntMat:iqmaxuWT,5,0,1.1
Planta_PE Matafongo,Current Limitation,\VM-PF.IntUser\PDD 30-09-2025.IntPrj\Network Model.IntPrjfolder\Network Data.IntPrjfolder\SUR 138 kV.ElmNet\Planta_PE Matafongo.ElmComp\Current Limitation.ElmDsl,Current Limitation,oarray_iqmaxuWT,IntMat:iqmaxuWT,5,1,0.3287
Planta_PE Matafongo,QP and QU Limitation,\VM-PF.IntUser\PDD 30-09-2025.IntPrj\Network Model.IntPrjfolder\Network Data.IntPrjfolder\SUR 138 kV.ElmNet\Planta_PE Matafongo.ElmComp\QP and QU Limitation.ElmDsl,Q Limitation - QP and QU,oarray_qmaxpp,IntMat:qmaxpp,0,0,0.0
Planta_PE Matafongo,QP and QU Limitation,\VM-PF.IntUser\PDD 30-09-2025.IntPrj\Network Model.IntPrjfolder\Network Data.IntPrjfolder\SUR 138 kV.ElmNet\Planta_PE Matafongo.ElmComp\QP and QU Limitation.ElmDsl,Q Limitation - QP and QU,oarray_qmaxpp,IntMat:qmaxpp,0,1,0.0
Planta_PE Matafongo,QP and QU Limitation,\VM-PF.IntUser\PDD 30-09-2025.IntPrj\Network Model.IntPrjfolder\Network Data.IntPrjfolder\SUR 138 kV.ElmNet\Planta_PE Matafongo.ElmComp\QP and QU Limitation.ElmDsl,Q Limitation - QP and QU,oarray_qmaxpp,IntMat:qmaxpp,1,0,0.05
Planta_PE Matafongo,QP and QU Limitation,\VM-PF.IntUser\PDD 30-09-2025.IntPrj\Network Model.IntPrjfolder\Network Data.IntPrjfolder\SUR 138 kV.ElmNet\Planta_PE Matafongo.ElmComp\QP and QU Limitation.ElmDsl,Q Limitation - QP and QU,oarray_qmaxpp,IntMat:qmaxpp,1,1,0.2308
Planta_PE Matafongo,QP and QU Limitation,\VM-PF.IntUser\PDD 30-09-2025.IntPrj\Network Model.IntPrjfolder\Network Data.IntPrjfolder\SUR 138 kV.ElmNet\Planta_PE Matafongo.ElmComp\QP and QU Limitation.ElmDsl,Q Limitation - QP and QU,oarray_qmaxpp,IntMat:qmaxpp,2,0,0.5
Planta_PE Matafongo,QP and QU Limitation,\VM-PF.IntUser\PDD 30-09-2025.IntPrj\Network Model.IntPrjfolder\Network Data.IntPrjfolder\SUR 138 kV.ElmNet\Planta_PE Matafongo.ElmComp\QP and QU Limitation.ElmDsl,Q Limitation - QP and QU,oarray_qmaxpp,IntMat:qmaxpp,2,1,0.4658
Planta_PE Matafongo,QP and QU Limitation,\VM-PF.IntUser\PDD 30-09-2025.IntPrj\Network Model.IntPrjfolder\Network Data.IntPrjfolder\SUR 138 kV.ElmNet\Planta_PE Matafongo.ElmComp\QP and QU Limitation.ElmDsl,Q Limitation - QP and QU,oarray_qmaxpp,IntMat:qmaxpp,3,0,1.0
Planta_PE Matafongo,QP and QU Limitation,\VM-PF.IntUser\PDD 30-09-2025.IntPrj\Network Model.IntPrjfolder\Network Data.IntPrjfolder\SUR 138 kV.ElmNet\Planta_PE Matafongo.ElmComp\QP and QU Limitation.ElmDsl,Q Limitation - QP and QU,oarray_qmaxpp,IntMat:qmaxpp,3,1,0.3287
Planta_PE Matafongo,QP and QU Limitation,\VM-PF.IntUser\PDD 30-09-2025.IntPrj\Network Model.IntPrjfolder\Network Data.IntPrjfolder\SUR 138 kV.ElmNet\Planta_PE Matafongo.ElmComp\QP and QU Limitation.ElmDsl,Q Limitation - QP and QU,oarray_qminpp,IntMat:qminpp,0,0,0.0
Planta_PE Matafongo,QP and QU Limitation,\VM-PF.IntUser\PDD 30-09-2025.IntPrj\Network Model.IntPrjfolder\Network Data.IntPrjfolder\SUR 138 kV.ElmNet\Planta_PE Matafongo.ElmComp\QP and QU Limitation.ElmDsl,Q Limitation - QP and QU,oarray_qminpp,IntMat:qminpp,0,1,0.0
Planta_PE Matafongo,QP and QU Limitation,\VM-PF.IntUser\PDD 30-09-2025.IntPrj\Network Model.IntPrjfolder\Network Data.IntPrjfolder\SUR 138 kV.ElmNet\Planta_PE Matafongo.ElmComp\QP and QU Limitation.ElmDsl,Q Limitation - QP and QU,oarray_qminpp,IntMat:qminpp,1,0,0.05
Planta_PE Matafongo,QP and QU Limitation,\VM-PF.IntUser\PDD 30-09-2025.IntPrj\Network Model.IntPrjfolder\Network Data.IntPrjfolder\SUR 138 kV.ElmNet\Planta_PE Matafongo.ElmComp\QP and QU Limitation.ElmDsl,Q Limitation - QP and QU,oarray_qminpp,IntMat:qminpp,1,1,-0.2304
Planta_PE Matafongo,QP and QU Limitation,\VM-PF.IntUser\PDD 30-09-2025.IntPrj\Network Model.IntPrjfolder\Network Data.IntPrjfolder\SUR 138 kV.ElmNet\Planta_PE Matafongo.ElmComp\QP and QU Limitation.ElmDsl,Q Limitation - QP and QU,oarray_qminpp,IntMat:qminpp,2,0,0.5
Planta_PE Matafongo,QP and QU Limitation,\VM-PF.IntUser\PDD 30-09-2025.IntPrj\Network Model.IntPrjfolder\Network Data.IntPrjfolder\SUR 138 kV.ElmNet\Planta_PE Matafongo.ElmComp\QP and QU Limitation.ElmDsl,Q Limitation - QP and QU,oarray_qminpp,IntMat:qminpp,2,1,-0.4658
Planta_PE Matafongo,QP and QU Limitation,\VM-PF.IntUser\PDD 30-09-2025.IntPrj\Network Model.IntPrjfolder\Network Data.IntPrjfolder\SUR 138 kV.ElmNet\Planta_PE Matafongo.ElmComp\QP and QU Limitation.ElmDsl,Q Limitation - QP and QU,oarray_qminpp,IntMat:qminpp,3,0,1.0
Planta_PE Matafongo,QP and QU Limitation,\VM-PF.IntUser\PDD 30-09-2025.IntPrj\Network Model.IntPrjfolder\Network Data.IntPrjfolder\SUR 138 kV.ElmNet\Planta_PE Matafongo.ElmComp\QP and QU Limitation.ElmDsl,Q Limitation - QP and QU,oarray_qminpp,IntMat:qminpp,3,1,-0.3287
Planta_PE Matafongo,QP and QU Limitation,\VM-PF.IntUser\PDD 30-09-2025.IntPrj\Network Model.IntPrjfolder\Network Data.IntPrjfolder\SUR 138 kV.ElmNet\Planta_PE Matafongo.ElmComp\QP and QU Limitation.ElmDsl,Q Limitation - QP and QU,oarray_qmaxuu,IntMat:qmaxuu,0,0,0.9
Planta_PE Matafongo,QP and QU Limitation,\VM-PF.IntUser\PDD 30-09-2025.IntPrj\Network Model.IntPrjfolder\Network Data.IntPrjfolder\SUR 138 kV.ElmNet\Planta_PE Matafongo.ElmComp\QP and QU Limitation.ElmDsl,Q Limitation - QP and QU,oarray_qmaxuu,IntMat:qmaxuu,0,1,0.1771
Planta_PE Matafongo,QP and QU Limitation,\VM-PF.IntUser\PDD 30-09-2025.IntPrj\Network Model.IntPrjfolder\Network Data.IntPrjfolder\SUR 138 kV.ElmNet\Planta_PE Matafongo.ElmComp\QP and QU Limitation.ElmDsl,Q Limitation - QP and QU,oarray_qmaxuu,IntMat:qmaxuu,1,0,0.95
Planta_PE Matafongo,QP and QU Limitation,\VM-PF.IntUser\PDD 30-09-2025.IntPrj\Network Model.IntPrjfolder\Network Data.IntPrjfolder\SUR 138 kV.ElmNet\Planta_PE Matafongo.ElmComp\QP and QU Limitation.ElmDsl,Q Limitation - QP and QU,oarray_qmaxuu,IntMat:qmaxuu,1,1,0.3287
Planta_PE Matafongo,QP and QU Limitation,\VM-PF.IntUser\PDD 30-09-2025.IntPrj\Network Model.IntPrjfolder\Network Data.IntPrjfolder\SUR 138 kV.ElmNet\Planta_PE Matafongo.ElmComp\QP and QU Limitation.ElmDsl,Q Limitation - QP and QU,oarray_qmaxuu,IntMat:qmaxuu,2,0,1.0
Planta_PE Matafongo,QP and QU Limitation,\VM-PF.IntUser\PDD 30-09-2025.IntPrj\Network Model.IntPrjfolder\Network Data.IntPrjfolder\SUR 138 kV.ElmNet\Planta_PE Matafongo.ElmComp\QP and QU Limitation.ElmDsl,Q Limitation - QP and QU,oarray_qmaxuu,IntMat:qmaxuu,2,1,0.3287
Planta_PE Matafongo,QP and QU Limitation,\VM-PF.IntUser\PDD 30-09-2025.IntPrj\Network Model.IntPrjfolder\Network Data.IntPrjfolder\SUR 138 kV.ElmNet\Planta_PE Matafongo.ElmComp\QP and QU Limitation.ElmDsl,Q Limitation - QP and QU,oarray_qmaxuu,IntMat:qmaxuu,3,0,1.05
Planta_PE Matafongo,QP and QU Limitation,\VM-PF.IntUser\PDD 30-09-2025.IntPrj\Network Model.IntPrjfolder\Network Data.IntPrjfolder\SUR 138 kV.ElmNet\Planta_PE Matafongo.ElmComp\QP and QU Limitation.ElmDsl,Q Limitation - QP and QU,oarray_qmaxuu,IntMat:qmaxuu,3,1,0.3287
Planta_PE Matafongo,QP and QU Limitation,\VM-PF.IntUser\PDD 30-09-2025.IntPrj\Network Model.IntPrjfolder\Network Data.IntPrjfolder\SUR 138 kV.ElmNet\Planta_PE Matafongo.ElmComp\QP and QU Limitation.ElmDsl,Q Limitation - QP and QU,oarray_qmaxuu,IntMat:qmaxuu,4,0,1.12
Planta_PE Matafongo,QP and QU Limitation,\VM-PF.IntUser\PDD 30-09-2025.IntPrj\Network Model.IntPrjfolder\Network Data.IntPrjfolder\SUR 138 kV.ElmNet\Planta_PE Matafongo.ElmComp\QP and QU Limitation.ElmDsl,Q Limitation - QP and QU,oarray_qmaxuu,IntMat:qmaxuu,4,1,0.3287
Planta_PE Matafongo,QP and QU Limitation,\VM-PF.IntUser\PDD 30-09-2025.IntPrj\Network Model.IntPrjfolder\Network Data.IntPrjfolder\SUR 138 kV.ElmNet\Planta_PE Matafongo.ElmComp\QP and QU Limitation.ElmDsl,Q Limitation - QP and QU,oarray_qmaxuu,IntMat:qmaxuu,5,0,1.13
Planta_PE Matafongo,QP and QU Limitation,\VM-PF.IntUser\PDD 30-09-2025.IntPrj\Network Model.IntPrjfolder\Network Data.IntPrjfolder\SUR 138 kV.ElmNet\Planta_PE Matafongo.ElmComp\QP and QU Limitation.ElmDsl,Q Limitation - QP and QU,oarray_qmaxuu,IntMat:qmaxuu,5,1,0.0
Planta_PE Matafongo,QP and QU Limitation,\VM-PF.IntUser\PDD 30-09-2025.IntPrj\Network Model.IntPrjfolder\Network Data.IntPrjfolder\SUR 138 kV.ElmNet\Planta_PE Matafongo.ElmComp\QP and QU Limitation.ElmDsl,Q Limitation - QP and QU,oarray_qmaxuu,IntMat:qmaxuu,6,0,1.14
Planta_PE Matafongo,QP and QU Limitation,\VM-PF.IntUser\PDD 30-09-2025.IntPrj\Network Model.IntPrjfolder\Network Data.IntPrjfolder\SUR 138 kV.ElmNet\Planta_PE Matafongo.ElmComp\QP and QU Limitation.ElmDsl,Q Limitation - QP and QU,oarray_qmaxuu,IntMat:qmaxuu,6,1,0.0
Planta_PE Matafongo,QP and QU Limitation,\VM-PF.IntUser\PDD 30-09-2025.IntPrj\Network Model.IntPrjfolder\Network Data.IntPrjfolder\SUR 138 kV.ElmNet\Planta_PE Matafongo.ElmComp\QP and QU Limitation.ElmDsl,Q Limitation - QP and QU,oarray_qminuu,IntMat:qminuu,0,0,0.9
Planta_PE Matafongo,QP and QU Limitation,\VM-PF.IntUser\PDD 30-09-2025.IntPrj\Network Model.IntPrjfolder\Network Data.IntPrjfolder\SUR 138 kV.ElmNet\Planta_PE Matafongo.ElmComp\QP and QU Limitation.ElmDsl,Q Limitation - QP and QU,oarray_qminuu,IntMat:qminuu,0,1,-0.1771
Planta_PE Matafongo,QP and QU Limitation,\VM-PF.IntUser\PDD 30-09-2025.IntPrj\Network Model.IntPrjfolder\Network Data.IntPrjfolder\SUR 138 kV.ElmNet\Planta_PE Matafongo.ElmComp\QP and QU Limitation.ElmDsl,Q Limitation - QP and QU,oarray_qminuu,IntMat:qminuu,1,0,0.95
Planta_PE Matafongo,QP and QU Limitation,\VM-PF.IntUser\PDD 30-09-2025.IntPrj\Network Model.IntPrjfolder\Network Data.IntPrjfolder\SUR 138 kV.ElmNet\Planta_PE Matafongo.ElmComp\QP and QU Limitation.ElmDsl,Q Limitation - QP and QU,oarray_qminuu,IntMat:qminuu,1,1,-0.3287
Planta_PE Matafongo,QP and QU Limitation,\VM-PF.IntUser\PDD 30-09-2025.IntPrj\Network Model.IntPrjfolder\Network Data.IntPrjfolder\SUR 138 kV.ElmNet\Planta_PE Matafongo.ElmComp\QP and QU Limitation.ElmDsl,Q Limitation - QP and QU,oarray_qminuu,IntMat:qminuu,2,0,1.0
Planta_PE Matafongo,QP and QU Limitation,\VM-PF.IntUser\PDD 30-09-2025.IntPrj\Network Model.IntPrjfolder\Network Data.IntPrjfolder\SUR 138 kV.ElmNet\Planta_PE Matafongo.ElmComp\QP and QU Limitation.ElmDsl,Q Limitation - QP and QU,oarray_qminuu,IntMat:qminuu,2,1,-0.3287
Planta_PE Matafongo,QP and QU Limitation,\VM-PF.IntUser\PDD 30-09-2025.IntPrj\Network Model.IntPrjfolder\Network Data.IntPrjfolder\SUR 138 kV.ElmNet\Planta_PE Matafongo.ElmComp\QP and QU Limitation.ElmDsl,Q Limitation - QP and QU,oarray_qminuu,IntMat:qminuu,3,0,1.05
Planta_PE Matafongo,QP and QU Limitation,\VM-PF.IntUser\PDD 30-09-2025.IntPrj\Network Model.IntPrjfolder\Network Data.IntPrjfolder\SUR 138 kV.ElmNet\Planta_PE Matafongo.ElmComp\QP and QU Limitation.ElmDsl,Q Limitation - QP and QU,oarray_qminuu,IntMat:qminuu,3,1,-0.3287
Planta_PE Matafongo,QP and QU Limitation,\VM-PF.IntUser\PDD 30-09-2025.IntPrj\Network Model.IntPrjfolder\Network Data.IntPrjfolder\SUR 138 kV.ElmNet\Planta_PE Matafongo.ElmComp\QP and QU Limitation.ElmDsl,Q Limitation - QP and QU,oarray_qminuu,IntMat:qminuu,4,0,1.12
Planta_PE Matafongo,QP and QU Limitation,\VM-PF.IntUser\PDD 30-09-2025.IntPrj\Network Model.IntPrjfolder\Network Data.IntPrjfolder\SUR 138 kV.ElmNet\Planta_PE Matafongo.ElmComp\QP and QU Limitation.ElmDsl,Q Limitation - QP and QU,oarray_qminuu,IntMat:qminuu,4,1,-0.3287
Planta_PE Matafongo,QP and QU Limitation,\VM-PF.IntUser\PDD 30-09-2025.IntPrj\Network Model.IntPrjfolder\Network Data.IntPrjfolder\SUR 138 kV.ElmNet\Planta_PE Matafongo.ElmComp\QP and QU Limitation.ElmDsl,Q Limitation - QP and QU,oarray_qminuu,IntMat:qminuu,5,0,1.13
Planta_PE Matafongo,QP and QU Limitation,\VM-PF.IntUser\PDD 30-09-2025.IntPrj\Network Model.IntPrjfolder\Network Data.IntPrjfolder\SUR 138 kV.ElmNet\Planta_PE Matafongo.ElmComp\QP and QU Limitation.ElmDsl,Q Limitation - QP and QU,oarray_qminuu,IntMat:qminuu,5,1,-0.0
Planta_PE Matafongo,QP and QU Limitation,\VM-PF.IntUser\PDD 30-09-2025.IntPrj\Network Model.IntPrjfolder\Network Data.IntPrjfolder\SUR 138 kV.ElmNet\Planta_PE Matafongo.ElmComp\QP and QU Limitation.ElmDsl,Q Limitation - QP and QU,oarray_qminuu,IntMat:qminuu,6,0,1.14
Planta_PE Matafongo,QP and QU Limitation,\VM-PF.IntUser\PDD 30-09-2025.IntPrj\Network Model.IntPrjfolder\Network Data.IntPrjfolder\SUR 138 kV.ElmNet\Planta_PE Matafongo.ElmComp\QP and QU Limitation.ElmDsl,Q Limitation - QP and QU,oarray_qminuu,IntMat:qminuu,6,1,-0.0
Planta_PE Matafongo,Grid Protection,\VM-PF.IntUser\PDD 30-09-2025.IntPrj\Network Model.IntPrjfolder\Network Data.IntPrjfolder\SUR 138 kV.ElmNet\Planta_PE Matafongo.ElmComp\Grid Protection.ElmDsl,Protection,oarray_TuoveruWT,IntMat:TuoveruWT,0,0,1.13
Planta_PE Matafongo,Grid Protection,\VM-PF.IntUser\PDD 30-09-2025.IntPrj\Network Model.IntPrjfolder\Network Data.IntPrjfolder\SUR 138 kV.ElmNet\Planta_PE Matafongo.ElmComp\Grid Protection.ElmDsl,Protection,oarray_TuoveruWT,IntMat:TuoveruWT,0,1,60.001
Planta_PE Matafongo,Grid Protection,\VM-PF.IntUser\PDD 30-09-2025.IntPrj\Network Model.IntPrjfolder\Network Data.IntPrjfolder\SUR 138 kV.ElmNet\Planta_PE Matafongo.ElmComp\Grid Protection.ElmDsl,Protection,oarray_TuoveruWT,IntMat:TuoveruWT,1,0,1.13
Planta_PE Matafongo,Grid Protection,\VM-PF.IntUser\PDD 30-09-2025.IntPrj\Network Model.IntPrjfolder\Network Data.IntPrjfolder\SUR 138 kV.ElmNet\Planta_PE Matafongo.ElmComp\Grid Protection.ElmDsl,Protection,oarray_TuoveruWT,IntMat:TuoveruWT,1,1,60.0
Planta_PE Matafongo,Grid Protection,\VM-PF.IntUser\PDD 30-09-2025.IntPrj\Network Model.IntPrjfolder\Network Data.IntPrjfolder\SUR 138 kV.ElmNet\Planta_PE Matafongo.ElmComp\Grid Protection.ElmDsl,Protection,oarray_TuoveruWT,IntMat:TuoveruWT,2,0,1.25
Planta_PE Matafongo,Grid Protection,\VM-PF.IntUser\PDD 30-09-2025.IntPrj\Network Model.IntPrjfolder\Network Data.IntPrjfolder\SUR 138 kV.ElmNet\Planta_PE Matafongo.ElmComp\Grid Protection.ElmDsl,Protection,oarray_TuoveruWT,IntMat:TuoveruWT,2,1,60.0
Planta_PE Matafongo,Grid Protection,\VM-PF.IntUser\PDD 30-09-2025.IntPrj\Network Model.IntPrjfolder\Network Data.IntPrjfolder\SUR 138 kV.ElmNet\Planta_PE Matafongo.ElmComp\Grid Protection.ElmDsl,Protection,oarray_TuoveruWT,IntMat:TuoveruWT,3,0,1.25
Planta_PE Matafongo,Grid Protection,\VM-PF.IntUser\PDD 30-09-2025.IntPrj\Network Model.IntPrjfolder\Network Data.IntPrjfolder\SUR 138 kV.ElmNet\Planta_PE Matafongo.ElmComp\Grid Protection.ElmDsl,Protection,oarray_TuoveruWT,IntMat:TuoveruWT,3,1,1.0
Planta_PE Matafongo,Grid Protection,\VM-PF.IntUser\PDD 30-09-2025.IntPrj\Network Model.IntPrjfolder\Network Data.IntPrjfolder\SUR 138 kV.ElmNet\Planta_PE Matafongo.ElmComp\Grid Protection.ElmDsl,Protection,oarray_TuoveruWT,IntMat:TuoveruWT,4,0,1.3
Planta_PE Matafongo,Grid Protection,\VM-PF.IntUser\PDD 30-09-2025.IntPrj\Network Model.IntPrjfolder\Network Data.IntPrjfolder\SUR 138 kV.ElmNet\Planta_PE Matafongo.ElmComp\Grid Protection.ElmDsl,Protection,oarray_TuoveruWT,IntMat:TuoveruWT,4,1,1.0
Planta_PE Matafongo,Grid Protection,\VM-PF.IntUser\PDD 30-09-2025.IntPrj\Network Model.IntPrjfolder\Network Data.IntPrjfolder\SUR 138 kV.ElmNet\Planta_PE Matafongo.ElmComp\Grid Protection.ElmDsl,Protection,oarray_TuoveruWT,IntMat:TuoveruWT,5,0,1.3
Planta_PE Matafongo,Grid Protection,\VM-PF.IntUser\PDD 30-09-2025.IntPrj\Network Model.IntPrjfolder\Network Data.IntPrjfolder\SUR 138 kV.ElmNet\Planta_PE Matafongo.ElmComp\Grid Protection.ElmDsl,Protection,oarray_TuoveruWT,IntMat:TuoveruWT,5,1,1.0
Planta_PE Matafongo,Grid Protection,\VM-PF.IntUser\PDD 30-09-2025.IntPrj\Network Model.IntPrjfolder\Network Data.IntPrjfolder\SUR 138 kV.ElmNet\Planta_PE Matafongo.ElmComp\Grid Protection.ElmDsl,Protection,oarray_TuoveruWT,IntMat:TuoveruWT,6,0,1.3
Planta_PE Matafongo,Grid Protection,\VM-PF.IntUser\PDD 30-09-2025.IntPrj\Network Model.IntPrjfolder\Network Data.IntPrjfolder\SUR 138 kV.ElmNet\Planta_PE Matafongo.ElmComp\Grid Protection.ElmDsl,Protection,oarray_TuoveruWT,IntMat:TuoveruWT,6,1,1.0
Planta_PE Matafongo,Grid Protection,\VM-PF.IntUser\PDD 30-09-2025.IntPrj\Network Model.IntPrjfolder\Network Data.IntPrjfolder\SUR 138 kV.ElmNet\Planta_PE Matafongo.ElmComp\Grid Protection.ElmDsl,Protection,oarray_TuoveruWT,IntMat:TuoveruWT,7,0,1.3
Planta_PE Matafongo,Grid Protection,\VM-PF.IntUser\PDD 30-09-2025.IntPrj\Network Model.IntPrjfolder\Network Data.IntPrjfolder\SUR 138 kV.ElmNet\Planta_PE Matafongo.ElmComp\Grid Protection.ElmDsl,Protection,oarray_TuoveruWT,IntMat:TuoveruWT,7,1,0.0
Planta_PE Matafongo,Grid Protection,\VM-PF.IntUser\PDD 30-09-2025.IntPrj\Network Model.IntPrjfolder\Network Data.IntPrjfolder\SUR 138 kV.ElmNet\Planta_PE Matafongo.ElmComp\Grid Protection.ElmDsl,Protection,oarray_TuunderuWT,IntMat:TuunderuWT,0,0,0.0
Planta_PE Matafongo,Grid Protection,\VM-PF.IntUser\PDD 30-09-2025.IntPrj\Network Model.IntPrjfolder\Network Data.IntPrjfolder\SUR 138 kV.ElmNet\Planta_PE Matafongo.ElmComp\Grid Protection.ElmDsl,Protection,oarray_TuunderuWT,IntMat:TuunderuWT,0,1,0.5
Planta_PE Matafongo,Grid Protection,\VM-PF.IntUser\PDD 30-09-2025.IntPrj\Network Model.IntPrjfolder\Network Data.IntPrjfolder\SUR 138 kV.ElmNet\Planta_PE Matafongo.ElmComp\Grid Protection.ElmDsl,Protection,oarray_TuunderuWT,IntMat:TuunderuWT,1,0,0.2
Planta_PE Matafongo,Grid Protection,\VM-PF.IntUser\PDD 30-09-2025.IntPrj\Network Model.IntPrjfolder\Network Data.IntPrjfolder\SUR 138 kV.ElmNet\Planta_PE Matafongo.ElmComp\Grid Protection.ElmDsl,Protection,oarray_TuunderuWT,IntMat:TuunderuWT,1,1,1.1
Planta_PE Matafongo,Grid Protection,\VM-PF.IntUser\PDD 30-09-2025.IntPrj\Network Model.IntPrjfolder\Network Data.IntPrjfolder\SUR 138 kV.ElmNet\Planta_PE Matafongo.ElmComp\Grid Protection.ElmDsl,Protection,oarray_TuunderuWT,IntMat:TuunderuWT,2,0,0.5
Planta_PE Matafongo,Grid Protection,\VM-PF.IntUser\PDD 30-09-2025.IntPrj\Network Model.IntPrjfolder\Network Data.IntPrjfolder\SUR 138 kV.ElmNet\Planta_PE Matafongo.ElmComp\Grid Protection.ElmDsl,Protection,oarray_TuunderuWT,IntMat:TuunderuWT,2,1,2.1
Planta_PE Matafongo,Grid Protection,\VM-PF.IntUser\PDD 30-09-2025.IntPrj\Network Model.IntPrjfolder\Network Data.IntPrjfolder\SUR 138 kV.ElmNet\Planta_PE Matafongo.ElmComp\Grid Protection.ElmDsl,Protection,oarray_TuunderuWT,IntMat:TuunderuWT,3,0,0.8
Planta_PE Matafongo,Grid Protection,\VM-PF.IntUser\PDD 30-09-2025.IntPrj\Network Model.IntPrjfolder\Network Data.IntPrjfolder\SUR 138 kV.ElmNet\Planta_PE Matafongo.ElmComp\Grid Protection.ElmDsl,Protection,oarray_TuunderuWT,IntMat:TuunderuWT,3,1,5.0
Planta_PE Matafongo,Grid Protection,\VM-PF.IntUser\PDD 30-09-2025.IntPrj\Network Model.IntPrjfolder\Network Data.IntPrjfolder\SUR 138 kV.ElmNet\Planta_PE Matafongo.ElmComp\Grid Protection.ElmDsl,Protection,oarray_TuunderuWT,IntMat:TuunderuWT,4,0,0.85
Planta_PE Matafongo,Grid Protection,\VM-PF.IntUser\PDD 30-09-2025.IntPrj\Network Model.IntPrjfolder\Network Data.IntPrjfolder\SUR 138 kV.ElmNet\Planta_PE Matafongo.ElmComp\Grid Protection.ElmDsl,Protection,oarray_TuunderuWT,IntMat:TuunderuWT,4,1,180.0
Planta_PE Matafongo,Grid Protection,\VM-PF.IntUser\PDD 30-09-2025.IntPrj\Network Model.IntPrjfolder\Network Data.IntPrjfolder\SUR 138 kV.ElmNet\Planta_PE Matafongo.ElmComp\Grid Protection.ElmDsl,Protection,oarray_TuunderuWT,IntMat:TuunderuWT,5,0,0.9
Planta_PE Matafongo,Grid Protection,\VM-PF.IntUser\PDD 30-09-2025.IntPrj\Network Model.IntPrjfolder\Network Data.IntPrjfolder\SUR 138 kV.ElmNet\Planta_PE Matafongo.ElmComp\Grid Protection.ElmDsl,Protection,oarray_TuunderuWT,IntMat:TuunderuWT,5,1,180.0
Planta_PE Matafongo,Grid Protection,\VM-PF.IntUser\PDD 30-09-2025.IntPrj\Network Model.IntPrjfolder\Network Data.IntPrjfolder\SUR 138 kV.ElmNet\Planta_PE Matafongo.ElmComp\Grid Protection.ElmDsl,Protection,oarray_TuunderuWT,IntMat:TuunderuWT,6,0,0.9
Planta_PE Matafongo,Grid Protection,\VM-PF.IntUser\PDD 30-09-2025.IntPrj\Network Model.IntPrjfolder\Network Data.IntPrjfolder\SUR 138 kV.ElmNet\Planta_PE Matafongo.ElmComp\Grid Protection.ElmDsl,Protection,oarray_TuunderuWT,IntMat:TuunderuWT,6,1,180.001
Planta_PE Matafongo,Grid Protection,\VM-PF.IntUser\PDD 30-09-2025.IntPrj\Network Model.IntPrjfolder\Network Data.IntPrjfolder\SUR 138 kV.ElmNet\Planta_PE Matafongo.ElmComp\Grid Protection.ElmDsl,Protection,oarray_TfoverfWT,IntMat:TfoverfWT,0,0,1.06
Planta_PE Matafongo,Grid Protection,\VM-PF.IntUser\PDD 30-09-2025.IntPrj\Network Model.IntPrjfolder\Network Data.IntPrjfolder\SUR 138 kV.ElmNet\Planta_PE Matafongo.ElmComp\Grid Protection.ElmDsl,Protection,oarray_TfoverfWT,IntMat:TfoverfWT,0,1,3600.0
Planta_PE Matafongo,Grid Protection,\VM-PF.IntUser\PDD 30-09-2025.IntPrj\Network Model.IntPrjfolder\Network Data.IntPrjfolder\SUR 138 kV.ElmNet\Planta_PE Matafongo.ElmComp\Grid Protection.ElmDsl,Protection,oarray_TfoverfWT,IntMat:TfoverfWT,1,0,1.06
Planta_PE Matafongo,Grid Protection,\VM-PF.IntUser\PDD 30-09-2025.IntPrj\Network Model.IntPrjfolder\Network Data.IntPrjfolder\SUR 138 kV.ElmNet\Planta_PE Matafongo.ElmComp\Grid Protection.ElmDsl,Protection,oarray_TfoverfWT,IntMat:TfoverfWT,1,1,3600.0
Planta_PE Matafongo,Grid Protection,\VM-PF.IntUser\PDD 30-09-2025.IntPrj\Network Model.IntPrjfolder\Network Data.IntPrjfolder\SUR 138 kV.ElmNet\Planta_PE Matafongo.ElmComp\Grid Protection.ElmDsl,Protection,oarray_TfoverfWT,IntMat:TfoverfWT,2,0,1.06
Planta_PE Matafongo,Grid Protection,\VM-PF.IntUser\PDD 30-09-2025.IntPrj\Network Model.IntPrjfolder\Network Data.IntPrjfolder\SUR 138 kV.ElmNet\Planta_PE Matafongo.ElmComp\Grid Protection.ElmDsl,Protection,oarray_TfoverfWT,IntMat:TfoverfWT,2,1,3600.0
Planta_PE Matafongo,Grid Protection,\VM-PF.IntUser\PDD 30-09-2025.IntPrj\Network Model.IntPrjfolder\Network Data.IntPrjfolder\SUR 138 kV.ElmNet\Planta_PE Matafongo.ElmComp\Grid Protection.ElmDsl,Protection,oarray_TfoverfWT,IntMat:TfoverfWT,3,0,1.2
Planta_PE Matafongo,Grid Protection,\VM-PF.IntUser\PDD 30-09-2025.IntPrj\Network Model.IntPrjfolder\Network Data.IntPrjfolder\SUR 138 kV.ElmNet\Planta_PE Matafongo.ElmComp\Grid Protection.ElmDsl,Protection,oarray_TfoverfWT,IntMat:TfoverfWT,3,1,0.1
Planta_PE Matafongo,Grid Protection,\VM-PF.IntUser\PDD 30-09-2025.IntPrj\Network Model.IntPrjfolder\Network Data.IntPrjfolder\SUR 138 kV.ElmNet\Planta_PE Matafongo.ElmComp\Grid Protection.ElmDsl,Protection,oarray_TfunderfWT,IntMat:TfunderfWT,0,0,0.8
Planta_PE Matafongo,Grid Protection,\VM-PF.IntUser\PDD 30-09-2025.IntPrj\Network Model.IntPrjfolder\Network Data.IntPrjfolder\SUR 138 kV.ElmNet\Planta_PE Matafongo.ElmComp\Grid Protection.ElmDsl,Protection,oarray_TfunderfWT,IntMat:TfunderfWT,0,1,0.1
Planta_PE Matafongo,Grid Protection,\VM-PF.IntUser\PDD 30-09-2025.IntPrj\Network Model.IntPrjfolder\Network Data.IntPrjfolder\SUR 138 kV.ElmNet\Planta_PE Matafongo.ElmComp\Grid Protection.ElmDsl,Protection,oarray_TfunderfWT,IntMat:TfunderfWT,1,0,0.92
Planta_PE Matafongo,Grid Protection,\VM-PF.IntUser\PDD 30-09-2025.IntPrj\Network Model.IntPrjfolder\Network Data.IntPrjfolder\SUR 138 kV.ElmNet\Planta_PE Matafongo.ElmComp\Grid Protection.ElmDsl,Protection,oarray_TfunderfWT,IntMat:TfunderfWT,1,1,10.0
Planta_PE Matafongo,Grid Protection,\VM-PF.IntUser\PDD 30-09-2025.IntPrj\Network Model.IntPrjfolder\Network Data.IntPrjfolder\SUR 138 kV.ElmNet\Planta_PE Matafongo.ElmComp\Grid Protection.ElmDsl,Protection,oarray_TfunderfWT,IntMat:TfunderfWT,2,0,0.94
Planta_PE Matafongo,Grid Protection,\VM-PF.IntUser\PDD 30-09-2025.IntPrj\Network Model.IntPrjfolder\Network Data.IntPrjfolder\SUR 138 kV.ElmNet\Planta_PE Matafongo.ElmComp\Grid Protection.ElmDsl,Protection,oarray_TfunderfWT,IntMat:TfunderfWT,2,1,3600.0
Planta_PE Matafongo,Grid Protection,\VM-PF.IntUser\PDD 30-09-2025.IntPrj\Network Model.IntPrjfolder\Network Data.IntPrjfolder\SUR 138 kV.ElmNet\Planta_PE Matafongo.ElmComp\Grid Protection.ElmDsl,Protection,oarray_TfunderfWT,IntMat:TfunderfWT,3,0,0.94
Planta_PE Matafongo,Grid Protection,\VM-PF.IntUser\PDD 30-09-2025.IntPrj\Network Model.IntPrjfolder\Network Data.IntPrjfolder\SUR 138 kV.ElmNet\Planta_PE Matafongo.ElmComp\Grid Protection.ElmDsl,Protection,oarray_TfunderfWT,IntMat:TfunderfWT,3,1,3600.0
Planta_PE Matafongo 2,P Control Type 3,\VM-PF.IntUser\PDD 30-09-2025.IntPrj\Network Model.IntPrjfolder\Network Data.IntPrjfolder\SUR 138 kV.ElmNet\Planta_PE Matafongo 2.ElmComp\P Control Type 3.ElmDsl,P Control Type 3,oarray_wp,IntMat:wp,0,0,0.0
Planta_PE Matafongo 2,P Control Type 3,\VM-PF.IntUser\PDD 30-09-2025.IntPrj\Network Model.IntPrjfolder\Network Data.IntPrjfolder\SUR 138 kV.ElmNet\Planta_PE Matafongo 2.ElmComp\P Control Type 3.ElmDsl,P Control Type 3,oarray_wp,IntMat:wp,0,1,0.76
Planta_PE Matafongo 2,P Control Type 3,\VM-PF.IntUser\PDD 30-09-2025.IntPrj\Network Model.IntPrjfolder\Network Data.IntPrjfolder\SUR 138 kV.ElmNet\Planta_PE Matafongo 2.ElmComp\P Control Type 3.ElmDsl,P Control Type 3,oarray_wp,IntMat:wp,1,0,0.3
Planta_PE Matafongo 2,P Control Type 3,\VM-PF.IntUser\PDD 30-09-2025.IntPrj\Network Model.IntPrjfolder\Network Data.IntPrjfolder\SUR 138 kV.ElmNet\Planta_PE Matafongo 2.ElmComp\P Control Type 3.ElmDsl,P Control Type 3,oarray_wp,IntMat:wp,1,1,0.76
Planta_PE Matafongo 2,P Control Type 3,\VM-PF.IntUser\PDD 30-09-2025.IntPrj\Network Model.IntPrjfolder\Network Data.IntPrjfolder\SUR 138 kV.ElmNet\Planta_PE Matafongo 2.ElmComp\P Control Type 3.ElmDsl,P Control Type 3,oarray_wp,IntMat:wp,2,0,0.31
Planta_PE Matafongo 2,P Control Type 3,\VM-PF.IntUser\PDD 30-09-2025.IntPrj\Network Model.IntPrjfolder\Network Data.IntPrjfolder\SUR 138 kV.ElmNet\Planta_PE Matafongo 2.ElmComp\P Control Type 3.ElmDsl,P Control Type 3,oarray_wp,IntMat:wp,2,1,0.86
Planta_PE Matafongo 2,P Control Type 3,\VM-PF.IntUser\PDD 30-09-2025.IntPrj\Network Model.IntPrjfolder\Network Data.IntPrjfolder\SUR 138 kV.ElmNet\Planta_PE Matafongo 2.ElmComp\P Control Type 3.ElmDsl,P Control Type 3,oarray_wp,IntMat:wp,3,0,0.4
Planta_PE Matafongo 2,P Control Type 3,\VM-PF.IntUser\PDD 30-09-2025.IntPrj\Network Model.IntPrjfolder\Network Data.IntPrjfolder\SUR 138 kV.ElmNet\Planta_PE Matafongo 2.ElmComp\P Control Type 3.ElmDsl,P Control Type 3,oarray_wp,IntMat:wp,3,1,0.94
Planta_PE Matafongo 2,P Control Type 3,\VM-PF.IntUser\PDD 30-09-2025.IntPrj\Network Model.IntPrjfolder\Network Data.IntPrjfolder\SUR 138 kV.ElmNet\Planta_PE Matafongo 2.ElmComp\P Control Type 3.ElmDsl,P Control Type 3,oarray_wp,IntMat:wp,4,0,0.5
Planta_PE Matafongo 2,P Control Type 3,\VM-PF.IntUser\PDD 30-09-2025.IntPrj\Network Model.IntPrjfolder\Network Data.IntPrjfolder\SUR 138 kV.ElmNet\Planta_PE Matafongo 2.ElmComp\P Control Type 3.ElmDsl,P Control Type 3,oarray_wp,IntMat:wp,4,1,1.0
Planta_PE Matafongo 2,P Control Type 3,\VM-PF.IntUser\PDD 30-09-2025.IntPrj\Network Model.IntPrjfolder\Network Data.IntPrjfolder\SUR 138 kV.ElmNet\Planta_PE Matafongo 2.ElmComp\P Control Type 3.ElmDsl,P Control Type 3,oarray_wp,IntMat:wp,5,0,1.0
Planta_PE Matafongo 2,P Control Type 3,\VM-PF.IntUser\PDD 30-09-2025.IntPrj\Network Model.IntPrjfolder\Network Data.IntPrjfolder\SUR 138 kV.ElmNet\Planta_PE Matafongo 2.ElmComp\P Control Type 3.ElmDsl,P Control Type 3,oarray_wp,IntMat:wp,5,1,1.0
Planta_PE Matafongo 2,Current Limitation,\VM-PF.IntUser\PDD 30-09-2025.IntPrj\Network Model.IntPrjfolder\Network Data.IntPrjfolder\SUR 138 kV.ElmNet\Planta_PE Matafongo 2.ElmComp\Current Limitation.ElmDsl,Current Limitation,oarray_ipmaxuWT,IntMat:ipmaxuWT,0,0,0.1
Planta_PE Matafongo 2,Current Limitation,\VM-PF.IntUser\PDD 30-09-2025.IntPrj\Network Model.IntPrjfolder\Network Data.IntPrjfolder\SUR 138 kV.ElmNet\Planta_PE Matafongo 2.ElmComp\Current Limitation.ElmDsl,Current Limitation,oarray_ipmaxuWT,IntMat:ipmaxuWT,0,1,0.0
Planta_PE Matafongo 2,Current Limitation,\VM-PF.IntUser\PDD 30-09-2025.IntPrj\Network Model.IntPrjfolder\Network Data.IntPrjfolder\SUR 138 kV.ElmNet\Planta_PE Matafongo 2.ElmComp\Current Limitation.ElmDsl,Current Limitation,oarray_ipmaxuWT,IntMat:ipmaxuWT,1,0,0.12
Planta_PE Matafongo 2,Current Limitation,\VM-PF.IntUser\PDD 30-09-2025.IntPrj\Network Model.IntPrjfolder\Network Data.IntPrjfolder\SUR 138 kV.ElmNet\Planta_PE Matafongo 2.ElmComp\Current Limitation.ElmDsl,Current Limitation,oarray_ipmaxuWT,IntMat:ipmaxuWT,1,1,1.10803846549
Planta_PE Matafongo 2,Current Limitation,\VM-PF.IntUser\PDD 30-09-2025.IntPrj\Network Model.IntPrjfolder\Network Data.IntPrjfolder\SUR 138 kV.ElmNet\Planta_PE Matafongo 2.ElmComp\Current Limitation.ElmDsl,Current Limitation,oarray_ipmaxuWT,IntMat:ipmaxuWT,2,0,0.9
Planta_PE Matafongo 2,Current Limitation,\VM-PF.IntUser\PDD 30-09-2025.IntPrj\Network Model.IntPrjfolder\Network Data.IntPrjfolder\SUR 138 kV.ElmNet\Planta_PE Matafongo 2.ElmComp\Current Limitation.ElmDsl,Current Limitation,oarray_ipmaxuWT,IntMat:ipmaxuWT,2,1,1.10803846549
Planta_PE Matafongo 2,Current Limitation,\VM-PF.IntUser\PDD 30-09-2025.IntPrj\Network Model.IntPrjfolder\Network Data.IntPrjfolder\SUR 138 kV.ElmNet\Planta_PE Matafongo 2.ElmComp\Current Limitation.ElmDsl,Current Limitation,oarray_ipmaxuWT,IntMat:ipmaxuWT,3,0,0.925
Planta_PE Matafongo 2,Current Limitation,\VM-PF.IntUser\PDD 30-09-2025.IntPrj\Network Model.IntPrjfolder\Network Data.IntPrjfolder\SUR 138 kV.ElmNet\Planta_PE Matafongo 2.ElmComp\Current Limitation.ElmDsl,Current Limitation,oarray_ipmaxuWT,IntMat:ipmaxuWT,3,1,1.10803846549
Planta_PE Matafongo 2,Current Limitation,\VM-PF.IntUser\PDD 30-09-2025.IntPrj\Network Model.IntPrjfolder\Network Data.IntPrjfolder\SUR 138 kV.ElmNet\Planta_PE Matafongo 2.ElmComp\Current Limitation.ElmDsl,Current Limitation,oarray_ipmaxuWT,IntMat:ipmaxuWT,4,0,1.075
Planta_PE Matafongo 2,Current Limitation,\VM-PF.IntUser\PDD 30-09-2025.IntPrj\Network Model.IntPrjfolder\Network Data.IntPrjfolder\SUR 138 kV.ElmNet\Planta_PE Matafongo 2.ElmComp\Current Limitation.ElmDsl,Current Limitation,oarray_ipmaxuWT,IntMat:ipmaxuWT,4,1,1.10803846549
Planta_PE Matafongo 2,Current Limitation,\VM-PF.IntUser\PDD 30-09-2025.IntPrj\Network Model.IntPrjfolder\Network Data.IntPrjfolder\SUR 138 kV.ElmNet\Planta_PE Matafongo 2.ElmComp\Current Limitation.ElmDsl,Current Limitation,oarray_ipmaxuWT,IntMat:ipmaxuWT,5,0,1.1
Planta_PE Matafongo 2,Current Limitation,\VM-PF.IntUser\PDD 30-09-2025.IntPrj\Network Model.IntPrjfolder\Network Data.IntPrjfolder\SUR 138 kV.ElmNet\Planta_PE Matafongo 2.ElmComp\Current Limitation.ElmDsl,Current Limitation,oarray_ipmaxuWT,IntMat:ipmaxuWT,5,1,1.10803846549
Planta_PE Matafongo 2,Current Limitation,\VM-PF.IntUser\PDD 30-09-2025.IntPrj\Network Model.IntPrjfolder\Network Data.IntPrjfolder\SUR 138 kV.ElmNet\Planta_PE Matafongo 2.ElmComp\Current Limitation.ElmDsl,Current Limitation,oarray_iqmaxuWT,IntMat:iqmaxuWT,0,0,0.15
Planta_PE Matafongo 2,Current Limitation,\VM-PF.IntUser\PDD 30-09-2025.IntPrj\Network Model.IntPrjfolder\Network Data.IntPrjfolder\SUR 138 kV.ElmNet\Planta_PE Matafongo 2.ElmComp\Current Limitation.ElmDsl,Current Limitation,oarray_iqmaxuWT,IntMat:iqmaxuWT,0,1,1.1
Planta_PE Matafongo 2,Current Limitation,\VM-PF.IntUser\PDD 30-09-2025.IntPrj\Network Model.IntPrjfolder\Network Data.IntPrjfolder\SUR 138 kV.ElmNet\Planta_PE Matafongo 2.ElmComp\Current Limitation.ElmDsl,Current Limitation,oarray_iqmaxuWT,IntMat:iqmaxuWT,1,0,0.6
Planta_PE Matafongo 2,Current Limitation,\VM-PF.IntUser\PDD 30-09-2025.IntPrj\Network Model.IntPrjfolder\Network Data.IntPrjfolder\SUR 138 kV.ElmNet\Planta_PE Matafongo 2.ElmComp\Current Limitation.ElmDsl,Current Limitation,oarray_iqmaxuWT,IntMat:iqmaxuWT,1,1,0.75
Planta_PE Matafongo 2,Current Limitation,\VM-PF.IntUser\PDD 30-09-2025.IntPrj\Network Model.IntPrjfolder\Network Data.IntPrjfolder\SUR 138 kV.ElmNet\Planta_PE Matafongo 2.ElmComp\Current Limitation.ElmDsl,Current Limitation,oarray_iqmaxuWT,IntMat:iqmaxuWT,2,0,0.9
Planta_PE Matafongo 2,Current Limitation,\VM-PF.IntUser\PDD 30-09-2025.IntPrj\Network Model.IntPrjfolder\Network Data.IntPrjfolder\SUR 138 kV.ElmNet\Planta_PE Matafongo 2.ElmComp\Current Limitation.ElmDsl,Current Limitation,oarray_iqmaxuWT,IntMat:iqmaxuWT,2,1,0.3287
Planta_PE Matafongo 2,Current Limitation,\VM-PF.IntUser\PDD 30-09-2025.IntPrj\Network Model.IntPrjfolder\Network Data.IntPrjfolder\SUR 138 kV.ElmNet\Planta_PE Matafongo 2.ElmComp\Current Limitation.ElmDsl,Current Limitation,oarray_iqmaxuWT,IntMat:iqmaxuWT,3,0,0.925
Planta_PE Matafongo 2,Current Limitation,\VM-PF.IntUser\PDD 30-09-2025.IntPrj\Network Model.IntPrjfolder\Network Data.IntPrjfolder\SUR 138 kV.ElmNet\Planta_PE Matafongo 2.ElmComp\Current Limitation.ElmDsl,Current Limitation,oarray_iqmaxuWT,IntMat:iqmaxuWT,3,1,0.3287
Planta_PE Matafongo 2,Current Limitation,\VM-PF.IntUser\PDD 30-09-2025.IntPrj\Network Model.IntPrjfolder\Network Data.IntPrjfolder\SUR 138 kV.ElmNet\Planta_PE Matafongo 2.ElmComp\Current Limitation.ElmDsl,Current Limitation,oarray_iqmaxuWT,IntMat:iqmaxuWT,4,0,1.075
Planta_PE Matafongo 2,Current Limitation,\VM-PF.IntUser\PDD 30-09-2025.IntPrj\Network Model.IntPrjfolder\Network Data.IntPrjfolder\SUR 138 kV.ElmNet\Planta_PE Matafongo 2.ElmComp\Current Limitation.ElmDsl,Current Limitation,oarray_iqmaxuWT,IntMat:iqmaxuWT,4,1,0.3287
Planta_PE Matafongo 2,Current Limitation,\VM-PF.IntUser\PDD 30-09-2025.IntPrj\Network Model.IntPrjfolder\Network Data.IntPrjfolder\SUR 138 kV.ElmNet\Planta_PE Matafongo 2.ElmComp\Current Limitation.ElmDsl,Current Limitation,oarray_iqmaxuWT,IntMat:iqmaxuWT,5,0,1.1
Planta_PE Matafongo 2,Current Limitation,\VM-PF.IntUser\PDD 30-09-2025.IntPrj\Network Model.IntPrjfolder\Network Data.IntPrjfolder\SUR 138 kV.ElmNet\Planta_PE Matafongo 2.ElmComp\Current Limitation.ElmDsl,Current Limitation,oarray_iqmaxuWT,IntMat:iqmaxuWT,5,1,0.3287
Planta_PE Matafongo 2,QP and QU Limitation,\VM-PF.IntUser\PDD 30-09-2025.IntPrj\Network Model.IntPrjfolder\Network Data.IntPrjfolder\SUR 138 kV.ElmNet\Planta_PE Matafongo 2.ElmComp\QP and QU Limitation.ElmDsl,Q Limitation - QP and QU,oarray_qmaxpp,IntMat:qmaxpp,0,0,0.0
Planta_PE Matafongo 2,QP and QU Limitation,\VM-PF.IntUser\PDD 30-09-2025.IntPrj\Network Model.IntPrjfolder\Network Data.IntPrjfolder\SUR 138 kV.ElmNet\Planta_PE Matafongo 2.ElmComp\QP and QU Limitation.ElmDsl,Q Limitation - QP and QU,oarray_qmaxpp,IntMat:qmaxpp,0,1,0.0
Planta_PE Matafongo 2,QP and QU Limitation,\VM-PF.IntUser\PDD 30-09-2025.IntPrj\Network Model.IntPrjfolder\Network Data.IntPrjfolder\SUR 138 kV.ElmNet\Planta_PE Matafongo 2.ElmComp\QP and QU Limitation.ElmDsl,Q Limitation - QP and QU,oarray_qmaxpp,IntMat:qmaxpp,1,0,0.05
Planta_PE Matafongo 2,QP and QU Limitation,\VM-PF.IntUser\PDD 30-09-2025.IntPrj\Network Model.IntPrjfolder\Network Data.IntPrjfolder\SUR 138 kV.ElmNet\Planta_PE Matafongo 2.ElmComp\QP and QU Limitation.ElmDsl,Q Limitation - QP and QU,oarray_qmaxpp,IntMat:qmaxpp,1,1,0.2308
Planta_PE Matafongo 2,QP and QU Limitation,\VM-PF.IntUser\PDD 30-09-2025.IntPrj\Network Model.IntPrjfolder\Network Data.IntPrjfolder\SUR 138 kV.ElmNet\Planta_PE Matafongo 2.ElmComp\QP and QU Limitation.ElmDsl,Q Limitation - QP and QU,oarray_qmaxpp,IntMat:qmaxpp,2,0,0.5
Planta_PE Matafongo 2,QP and QU Limitation,\VM-PF.IntUser\PDD 30-09-2025.IntPrj\Network Model.IntPrjfolder\Network Data.IntPrjfolder\SUR 138 kV.ElmNet\Planta_PE Matafongo 2.ElmComp\QP and QU Limitation.ElmDsl,Q Limitation - QP and QU,oarray_qmaxpp,IntMat:qmaxpp,2,1,0.4658
Planta_PE Matafongo 2,QP and QU Limitation,\VM-PF.IntUser\PDD 30-09-2025.IntPrj\Network Model.IntPrjfolder\Network Data.IntPrjfolder\SUR 138 kV.ElmNet\Planta_PE Matafongo 2.ElmComp\QP and QU Limitation.ElmDsl,Q Limitation - QP and QU,oarray_qmaxpp,IntMat:qmaxpp,3,0,1.0
Planta_PE Matafongo 2,QP and QU Limitation,\VM-PF.IntUser\PDD 30-09-2025.IntPrj\Network Model.IntPrjfolder\Network Data.IntPrjfolder\SUR 138 kV.ElmNet\Planta_PE Matafongo 2.ElmComp\QP and QU Limitation.ElmDsl,Q Limitation - QP and QU,oarray_qmaxpp,IntMat:qmaxpp,3,1,0.3287
Planta_PE Matafongo 2,QP and QU Limitation,\VM-PF.IntUser\PDD 30-09-2025.IntPrj\Network Model.IntPrjfolder\Network Data.IntPrjfolder\SUR 138 kV.ElmNet\Planta_PE Matafongo 2.ElmComp\QP and QU Limitation.ElmDsl,Q Limitation - QP and QU,oarray_qminpp,IntMat:qminpp,0,0,0.0
Planta_PE Matafongo 2,QP and QU Limitation,\VM-PF.IntUser\PDD 30-09-2025.IntPrj\Network Model.IntPrjfolder\Network Data.IntPrjfolder\SUR 138 kV.ElmNet\Planta_PE Matafongo 2.ElmComp\QP and QU Limitation.ElmDsl,Q Limitation - QP and QU,oarray_qminpp,IntMat:qminpp,0,1,0.0
Planta_PE Matafongo 2,QP and QU Limitation,\VM-PF.IntUser\PDD 30-09-2025.IntPrj\Network Model.IntPrjfolder\Network Data.IntPrjfolder\SUR 138 kV.ElmNet\Planta_PE Matafongo 2.ElmComp\QP and QU Limitation.ElmDsl,Q Limitation - QP and QU,oarray_qminpp,IntMat:qminpp,1,0,0.05
Planta_PE Matafongo 2,QP and QU Limitation,\VM-PF.IntUser\PDD 30-09-2025.IntPrj\Network Model.IntPrjfolder\Network Data.IntPrjfolder\SUR 138 kV.ElmNet\Planta_PE Matafongo 2.ElmComp\QP and QU Limitation.ElmDsl,Q Limitation - QP and QU,oarray_qminpp,IntMat:qminpp,1,1,-0.2304
Planta_PE Matafongo 2,QP and QU Limitation,\VM-PF.IntUser\PDD 30-09-2025.IntPrj\Network Model.IntPrjfolder\Network Data.IntPrjfolder\SUR 138 kV.ElmNet\Planta_PE Matafongo 2.ElmComp\QP and QU Limitation.ElmDsl,Q Limitation - QP and QU,oarray_qminpp,IntMat:qminpp,2,0,0.5
Planta_PE Matafongo 2,QP and QU Limitation,\VM-PF.IntUser\PDD 30-09-2025.IntPrj\Network Model.IntPrjfolder\Network Data.IntPrjfolder\SUR 138 kV.ElmNet\Planta_PE Matafongo 2.ElmComp\QP and QU Limitation.ElmDsl,Q Limitation - QP and QU,oarray_qminpp,IntMat:qminpp,2,1,-0.4658
Planta_PE Matafongo 2,QP and QU Limitation,\VM-PF.IntUser\PDD 30-09-2025.IntPrj\Network Model.IntPrjfolder\Network Data.IntPrjfolder\SUR 138 kV.ElmNet\Planta_PE Matafongo 2.ElmComp\QP and QU Limitation.ElmDsl,Q Limitation - QP and QU,oarray_qminpp,IntMat:qminpp,3,0,1.0
Planta_PE Matafongo 2,QP and QU Limitation,\VM-PF.IntUser\PDD 30-09-2025.IntPrj\Network Model.IntPrjfolder\Network Data.IntPrjfolder\SUR 138 kV.ElmNet\Planta_PE Matafongo 2.ElmComp\QP and QU Limitation.ElmDsl,Q Limitation - QP and QU,oarray_qminpp,IntMat:qminpp,3,1,-0.3287
Planta_PE Matafongo 2,QP and QU Limitation,\VM-PF.IntUser\PDD 30-09-2025.IntPrj\Network Model.IntPrjfolder\Network Data.IntPrjfolder\SUR 138 kV.ElmNet\Planta_PE Matafongo 2.ElmComp\QP and QU Limitation.ElmDsl,Q Limitation - QP and QU,oarray_qmaxuu,IntMat:qmaxuu,0,0,0.9
Planta_PE Matafongo 2,QP and QU Limitation,\VM-PF.IntUser\PDD 30-09-2025.IntPrj\Network Model.IntPrjfolder\Network Data.IntPrjfolder\SUR 138 kV.ElmNet\Planta_PE Matafongo 2.ElmComp\QP and QU Limitation.ElmDsl,Q Limitation - QP and QU,oarray_qmaxuu,IntMat:qmaxuu,0,1,0.1771
Planta_PE Matafongo 2,QP and QU Limitation,\VM-PF.IntUser\PDD 30-09-2025.IntPrj\Network Model.IntPrjfolder\Network Data.IntPrjfolder\SUR 138 kV.ElmNet\Planta_PE Matafongo 2.ElmComp\QP and QU Limitation.ElmDsl,Q Limitation - QP and QU,oarray_qmaxuu,IntMat:qmaxuu,1,0,0.95
Planta_PE Matafongo 2,QP and QU Limitation,\VM-PF.IntUser\PDD 30-09-2025.IntPrj\Network Model.IntPrjfolder\Network Data.IntPrjfolder\SUR 138 kV.ElmNet\Planta_PE Matafongo 2.ElmComp\QP and QU Limitation.ElmDsl,Q Limitation - QP and QU,oarray_qmaxuu,IntMat:qmaxuu,1,1,0.3287
Planta_PE Matafongo 2,QP and QU Limitation,\VM-PF.IntUser\PDD 30-09-2025.IntPrj\Network Model.IntPrjfolder\Network Data.IntPrjfolder\SUR 138 kV.ElmNet\Planta_PE Matafongo 2.ElmComp\QP and QU Limitation.ElmDsl,Q Limitation - QP and QU,oarray_qmaxuu,IntMat:qmaxuu,2,0,1.0
Planta_PE Matafongo 2,QP and QU Limitation,\VM-PF.IntUser\PDD 30-09-2025.IntPrj\Network Model.IntPrjfolder\Network Data.IntPrjfolder\SUR 138 kV.ElmNet\Planta_PE Matafongo 2.ElmComp\QP and QU Limitation.ElmDsl,Q Limitation - QP and QU,oarray_qmaxuu,IntMat:qmaxuu,2,1,0.3287
Planta_PE Matafongo 2,QP and QU Limitation,\VM-PF.IntUser\PDD 30-09-2025.IntPrj\Network Model.IntPrjfolder\Network Data.IntPrjfolder\SUR 138 kV.ElmNet\Planta_PE Matafongo 2.ElmComp\QP and QU Limitation.ElmDsl,Q Limitation - QP and QU,oarray_qmaxuu,IntMat:qmaxuu,3,0,1.05
Planta_PE Matafongo 2,QP and QU Limitation,\VM-PF.IntUser\PDD 30-09-2025.IntPrj\Network Model.IntPrjfolder\Network Data.IntPrjfolder\SUR 138 kV.ElmNet\Planta_PE Matafongo 2.ElmComp\QP and QU Limitation.ElmDsl,Q Limitation - QP and QU,oarray_qmaxuu,IntMat:qmaxuu,3,1,0.3287
Planta_PE Matafongo 2,QP and QU Limitation,\VM-PF.IntUser\PDD 30-09-2025.IntPrj\Network Model.IntPrjfolder\Network Data.IntPrjfolder\SUR 138 kV.ElmNet\Planta_PE Matafongo 2.ElmComp\QP and QU Limitation.ElmDsl,Q Limitation - QP and QU,oarray_qmaxuu,IntMat:qmaxuu,4,0,1.12
Planta_PE Matafongo 2,QP and QU Limitation,\VM-PF.IntUser\PDD 30-09-2025.IntPrj\Network Model.IntPrjfolder\Network Data.IntPrjfolder\SUR 138 kV.ElmNet\Planta_PE Matafongo 2.ElmComp\QP and QU Limitation.ElmDsl,Q Limitation - QP and QU,oarray_qmaxuu,IntMat:qmaxuu,4,1,0.3287
Planta_PE Matafongo 2,QP and QU Limitation,\VM-PF.IntUser\PDD 30-09-2025.IntPrj\Network Model.IntPrjfolder\Network Data.IntPrjfolder\SUR 138 kV.ElmNet\Planta_PE Matafongo 2.ElmComp\QP and QU Limitation.ElmDsl,Q Limitation - QP and QU,oarray_qmaxuu,IntMat:qmaxuu,5,0,1.13
Planta_PE Matafongo 2,QP and QU Limitation,\VM-PF.IntUser\PDD 30-09-2025.IntPrj\Network Model.IntPrjfolder\Network Data.IntPrjfolder\SUR 138 kV.ElmNet\Planta_PE Matafongo 2.ElmComp\QP and QU Limitation.ElmDsl,Q Limitation - QP and QU,oarray_qmaxuu,IntMat:qmaxuu,5,1,0.0
Planta_PE Matafongo 2,QP and QU Limitation,\VM-PF.IntUser\PDD 30-09-2025.IntPrj\Network Model.IntPrjfolder\Network Data.IntPrjfolder\SUR 138 kV.ElmNet\Planta_PE Matafongo 2.ElmComp\QP and QU Limitation.ElmDsl,Q Limitation - QP and QU,oarray_qmaxuu,IntMat:qmaxuu,6,0,1.14
Planta_PE Matafongo 2,QP and QU Limitation,\VM-PF.IntUser\PDD 30-09-2025.IntPrj\Network Model.IntPrjfolder\Network Data.IntPrjfolder\SUR 138 kV.ElmNet\Planta_PE Matafongo 2.ElmComp\QP and QU Limitation.ElmDsl,Q Limitation - QP and QU,oarray_qmaxuu,IntMat:qmaxuu,6,1,0.0
Planta_PE Matafongo 2,QP and QU Limitation,\VM-PF.IntUser\PDD 30-09-2025.IntPrj\Network Model.IntPrjfolder\Network Data.IntPrjfolder\SUR 138 kV.ElmNet\Planta_PE Matafongo 2.ElmComp\QP and QU Limitation.ElmDsl,Q Limitation - QP and QU,oarray_qminuu,IntMat:qminuu,0,0,0.9
Planta_PE Matafongo 2,QP and QU Limitation,\VM-PF.IntUser\PDD 30-09-2025.IntPrj\Network Model.IntPrjfolder\Network Data.IntPrjfolder\SUR 138 kV.ElmNet\Planta_PE Matafongo 2.ElmComp\QP and QU Limitation.ElmDsl,Q Limitation - QP and QU,oarray_qminuu,IntMat:qminuu,0,1,-0.1771
Planta_PE Matafongo 2,QP and QU Limitation,\VM-PF.IntUser\PDD 30-09-2025.IntPrj\Network Model.IntPrjfolder\Network Data.IntPrjfolder\SUR 138 kV.ElmNet\Planta_PE Matafongo 2.ElmComp\QP and QU Limitation.ElmDsl,Q Limitation - QP and QU,oarray_qminuu,IntMat:qminuu,1,0,0.95
Planta_PE Matafongo 2,QP and QU Limitation,\VM-PF.IntUser\PDD 30-09-2025.IntPrj\Network Model.IntPrjfolder\Network Data.IntPrjfolder\SUR 138 kV.ElmNet\Planta_PE Matafongo 2.ElmComp\QP and QU Limitation.ElmDsl,Q Limitation - QP and QU,oarray_qminuu,IntMat:qminuu,1,1,-0.3287
Planta_PE Matafongo 2,QP and QU Limitation,\VM-PF.IntUser\PDD 30-09-2025.IntPrj\Network Model.IntPrjfolder\Network Data.IntPrjfolder\SUR 138 kV.ElmNet\Planta_PE Matafongo 2.ElmComp\QP and QU Limitation.ElmDsl,Q Limitation - QP and QU,oarray_qminuu,IntMat:qminuu,2,0,1.0
Planta_PE Matafongo 2,QP and QU Limitation,\VM-PF.IntUser\PDD 30-09-2025.IntPrj\Network Model.IntPrjfolder\Network Data.IntPrjfolder\SUR 138 kV.ElmNet\Planta_PE Matafongo 2.ElmComp\QP and QU Limitation.ElmDsl,Q Limitation - QP and QU,oarray_qminuu,IntMat:qminuu,2,1,-0.3287
Planta_PE Matafongo 2,QP and QU Limitation,\VM-PF.IntUser\PDD 30-09-2025.IntPrj\Network Model.IntPrjfolder\Network Data.IntPrjfolder\SUR 138 kV.ElmNet\Planta_PE Matafongo 2.ElmComp\QP and QU Limitation.ElmDsl,Q Limitation - QP and QU,oarray_qminuu,IntMat:qminuu,3,0,1.05
Planta_PE Matafongo 2,QP and QU Limitation,\VM-PF.IntUser\PDD 30-09-2025.IntPrj\Network Model.IntPrjfolder\Network Data.IntPrjfolder\SUR 138 kV.ElmNet\Planta_PE Matafongo 2.ElmComp\QP and QU Limitation.ElmDsl,Q Limitation - QP and QU,oarray_qminuu,IntMat:qminuu,3,1,-0.3287
Planta_PE Matafongo 2,QP and QU Limitation,\VM-PF.IntUser\PDD 30-09-2025.IntPrj\Network Model.IntPrjfolder\Network Data.IntPrjfolder\SUR 138 kV.ElmNet\Planta_PE Matafongo 2.ElmComp\QP and QU Limitation.ElmDsl,Q Limitation - QP and QU,oarray_qminuu,IntMat:qminuu,4,0,1.12
Planta_PE Matafongo 2,QP and QU Limitation,\VM-PF.IntUser\PDD 30-09-2025.IntPrj\Network Model.IntPrjfolder\Network Data.IntPrjfolder\SUR 138 kV.ElmNet\Planta_PE Matafongo 2.ElmComp\QP and QU Limitation.ElmDsl,Q Limitation - QP and QU,oarray_qminuu,IntMat:qminuu,4,1,-0.3287
Planta_PE Matafongo 2,QP and QU Limitation,\VM-PF.IntUser\PDD 30-09-2025.IntPrj\Network Model.IntPrjfolder\Network Data.IntPrjfolder\SUR 138 kV.ElmNet\Planta_PE Matafongo 2.ElmComp\QP and QU Limitation.ElmDsl,Q Limitation - QP and QU,oarray_qminuu,IntMat:qminuu,5,0,1.13
Planta_PE Matafongo 2,QP and QU Limitation,\VM-PF.IntUser\PDD 30-09-2025.IntPrj\Network Model.IntPrjfolder\Network Data.IntPrjfolder\SUR 138 kV.ElmNet\Planta_PE Matafongo 2.ElmComp\QP and QU Limitation.ElmDsl,Q Limitation - QP and QU,oarray_qminuu,IntMat:qminuu,5,1,-0.0
Planta_PE Matafongo 2,QP and QU Limitation,\VM-PF.IntUser\PDD 30-09-2025.IntPrj\Network Model.IntPrjfolder\Network Data.IntPrjfolder\SUR 138 kV.ElmNet\Planta_PE Matafongo 2.ElmComp\QP and QU Limitation.ElmDsl,Q Limitation - QP and QU,oarray_qminuu,IntMat:qminuu,6,0,1.14
Planta_PE Matafongo 2,QP and QU Limitation,\VM-PF.IntUser\PDD 30-09-2025.IntPrj\Network Model.IntPrjfolder\Network Data.IntPrjfolder\SUR 138 kV.ElmNet\Planta_PE Matafongo 2.ElmComp\QP and QU Limitation.ElmDsl,Q Limitation - QP and QU,oarray_qminuu,IntMat:qminuu,6,1,-0.0
Planta_PE Matafongo 2,Grid Protection,\VM-PF.IntUser\PDD 30-09-2025.IntPrj\Network Model.IntPrjfolder\Network Data.IntPrjfolder\SUR 138 kV.ElmNet\Planta_PE Matafongo 2.ElmComp\Grid Protection.ElmDsl,Protection,oarray_TuoveruWT,IntMat:TuoveruWT,0,0,1.13
Planta_PE Matafongo 2,Grid Protection,\VM-PF.IntUser\PDD 30-09-2025.IntPrj\Network Model.IntPrjfolder\Network Data.IntPrjfolder\SUR 138 kV.ElmNet\Planta_PE Matafongo 2.ElmComp\Grid Protection.ElmDsl,Protection,oarray_TuoveruWT,IntMat:TuoveruWT,0,1,60.001
Planta_PE Matafongo 2,Grid Protection,\VM-PF.IntUser\PDD 30-09-2025.IntPrj\Network Model.IntPrjfolder\Network Data.IntPrjfolder\SUR 138 kV.ElmNet\Planta_PE Matafongo 2.ElmComp\Grid Protection.ElmDsl,Protection,oarray_TuoveruWT,IntMat:TuoveruWT,1,0,1.13
Planta_PE Matafongo 2,Grid Protection,\VM-PF.IntUser\PDD 30-09-2025.IntPrj\Network Model.IntPrjfolder\Network Data.IntPrjfolder\SUR 138 kV.ElmNet\Planta_PE Matafongo 2.ElmComp\Grid Protection.ElmDsl,Protection,oarray_TuoveruWT,IntMat:TuoveruWT,1,1,60.0
Planta_PE Matafongo 2,Grid Protection,\VM-PF.IntUser\PDD 30-09-2025.IntPrj\Network Model.IntPrjfolder\Network Data.IntPrjfolder\SUR 138 kV.ElmNet\Planta_PE Matafongo 2.ElmComp\Grid Protection.ElmDsl,Protection,oarray_TuoveruWT,IntMat:TuoveruWT,2,0,1.25
Planta_PE Matafongo 2,Grid Protection,\VM-PF.IntUser\PDD 30-09-2025.IntPrj\Network Model.IntPrjfolder\Network Data.IntPrjfolder\SUR 138 kV.ElmNet\Planta_PE Matafongo 2.ElmComp\Grid Protection.ElmDsl,Protection,oarray_TuoveruWT,IntMat:TuoveruWT,2,1,60.0
Planta_PE Matafongo 2,Grid Protection,\VM-PF.IntUser\PDD 30-09-2025.IntPrj\Network Model.IntPrjfolder\Network Data.IntPrjfolder\SUR 138 kV.ElmNet\Planta_PE Matafongo 2.ElmComp\Grid Protection.ElmDsl,Protection,oarray_TuoveruWT,IntMat:TuoveruWT,3,0,1.25
Planta_PE Matafongo 2,Grid Protection,\VM-PF.IntUser\PDD 30-09-2025.IntPrj\Network Model.IntPrjfolder\Network Data.IntPrjfolder\SUR 138 kV.ElmNet\Planta_PE Matafongo 2.ElmComp\Grid Protection.ElmDsl,Protection,oarray_TuoveruWT,IntMat:TuoveruWT,3,1,1.0
Planta_PE Matafongo 2,Grid Protection,\VM-PF.IntUser\PDD 30-09-2025.IntPrj\Network Model.IntPrjfolder\Network Data.IntPrjfolder\SUR 138 kV.ElmNet\Planta_PE Matafongo 2.ElmComp\Grid Protection.ElmDsl,Protection,oarray_TuoveruWT,IntMat:TuoveruWT,4,0,1.3
Planta_PE Matafongo 2,Grid Protection,\VM-PF.IntUser\PDD 30-09-2025.IntPrj\Network Model.IntPrjfolder\Network Data.IntPrjfolder\SUR 138 kV.ElmNet\Planta_PE Matafongo 2.ElmComp\Grid Protection.ElmDsl,Protection,oarray_TuoveruWT,IntMat:TuoveruWT,4,1,1.0
Planta_PE Matafongo 2,Grid Protection,\VM-PF.IntUser\PDD 30-09-2025.IntPrj\Network Model.IntPrjfolder\Network Data.IntPrjfolder\SUR 138 kV.ElmNet\Planta_PE Matafongo 2.ElmComp\Grid Protection.ElmDsl,Protection,oarray_TuoveruWT,IntMat:TuoveruWT,5,0,1.3
Planta_PE Matafongo 2,Grid Protection,\VM-PF.IntUser\PDD 30-09-2025.IntPrj\Network Model.IntPrjfolder\Network Data.IntPrjfolder\SUR 138 kV.ElmNet\Planta_PE Matafongo 2.ElmComp\Grid Protection.ElmDsl,Protection,oarray_TuoveruWT,IntMat:TuoveruWT,5,1,1.0
Planta_PE Matafongo 2,Grid Protection,\VM-PF.IntUser\PDD 30-09-2025.IntPrj\Network Model.IntPrjfolder\Network Data.IntPrjfolder\SUR 138 kV.ElmNet\Planta_PE Matafongo 2.ElmComp\Grid Protection.ElmDsl,Protection,oarray_TuoveruWT,IntMat:TuoveruWT,6,0,1.3
Planta_PE Matafongo 2,Grid Protection,\VM-PF.IntUser\PDD 30-09-2025.IntPrj\Network Model.IntPrjfolder\Network Data.IntPrjfolder\SUR 138 kV.ElmNet\Planta_PE Matafongo 2.ElmComp\Grid Protection.ElmDsl,Protection,oarray_TuoveruWT,IntMat:TuoveruWT,6,1,1.0
Planta_PE Matafongo 2,Grid Protection,\VM-PF.IntUser\PDD 30-09-2025.IntPrj\Network Model.IntPrjfolder\Network Data.IntPrjfolder\SUR 138 kV.ElmNet\Planta_PE Matafongo 2.ElmComp\Grid Protection.ElmDsl,Protection,oarray_TuoveruWT,IntMat:TuoveruWT,7,0,1.3
Planta_PE Matafongo 2,Grid Protection,\VM-PF.IntUser\PDD 30-09-2025.IntPrj\Network Model.IntPrjfolder\Network Data.IntPrjfolder\SUR 138 kV.ElmNet\Planta_PE Matafongo 2.ElmComp\Grid Protection.ElmDsl,Protection,oarray_TuoveruWT,IntMat:TuoveruWT,7,1,0.0
Planta_PE Matafongo 2,Grid Protection,\VM-PF.IntUser\PDD 30-09-2025.IntPrj\Network Model.IntPrjfolder\Network Data.IntPrjfolder\SUR 138 kV.ElmNet\Planta_PE Matafongo 2.ElmComp\Grid Protection.ElmDsl,Protection,oarray_TuunderuWT,IntMat:TuunderuWT,0,0,0.0
Planta_PE Matafongo 2,Grid Protection,\VM-PF.IntUser\PDD 30-09-2025.IntPrj\Network Model.IntPrjfolder\Network Data.IntPrjfolder\SUR 138 kV.ElmNet\Planta_PE Matafongo 2.ElmComp\Grid Protection.ElmDsl,Protection,oarray_TuunderuWT,IntMat:TuunderuWT,0,1,0.5
Planta_PE Matafongo 2,Grid Protection,\VM-PF.IntUser\PDD 30-09-2025.IntPrj\Network Model.IntPrjfolder\Network Data.IntPrjfolder\SUR 138 kV.ElmNet\Planta_PE Matafongo 2.ElmComp\Grid Protection.ElmDsl,Protection,oarray_TuunderuWT,IntMat:TuunderuWT,1,0,0.2
Planta_PE Matafongo 2,Grid Protection,\VM-PF.IntUser\PDD 30-09-2025.IntPrj\Network Model.IntPrjfolder\Network Data.IntPrjfolder\SUR 138 kV.ElmNet\Planta_PE Matafongo 2.ElmComp\Grid Protection.ElmDsl,Protection,oarray_TuunderuWT,IntMat:TuunderuWT,1,1,1.1
Planta_PE Matafongo 2,Grid Protection,\VM-PF.IntUser\PDD 30-09-2025.IntPrj\Network Model.IntPrjfolder\Network Data.IntPrjfolder\SUR 138 kV.ElmNet\Planta_PE Matafongo 2.ElmComp\Grid Protection.ElmDsl,Protection,oarray_TuunderuWT,IntMat:TuunderuWT,2,0,0.5
Planta_PE Matafongo 2,Grid Protection,\VM-PF.IntUser\PDD 30-09-2025.IntPrj\Network Model.IntPrjfolder\Network Data.IntPrjfolder\SUR 138 kV.ElmNet\Planta_PE Matafongo 2.ElmComp\Grid Protection.ElmDsl,Protection,oarray_TuunderuWT,IntMat:TuunderuWT,2,1,2.1
Planta_PE Matafongo 2,Grid Protection,\VM-PF.IntUser\PDD 30-09-2025.IntPrj\Network Model.IntPrjfolder\Network Data.IntPrjfolder\SUR 138 kV.ElmNet\Planta_PE Matafongo 2.ElmComp\Grid Protection.ElmDsl,Protection,oarray_TuunderuWT,IntMat:TuunderuWT,3,0,0.8
Planta_PE Matafongo 2,Grid Protection,\VM-PF.IntUser\PDD 30-09-2025.IntPrj\Network Model.IntPrjfolder\Network Data.IntPrjfolder\SUR 138 kV.ElmNet\Planta_PE Matafongo 2.ElmComp\Grid Protection.ElmDsl,Protection,oarray_TuunderuWT,IntMat:TuunderuWT,3,1,5.0
Planta_PE Matafongo 2,Grid Protection,\VM-PF.IntUser\PDD 30-09-2025.IntPrj\Network Model.IntPrjfolder\Network Data.IntPrjfolder\SUR 138 kV.ElmNet\Planta_PE Matafongo 2.ElmComp\Grid Protection.ElmDsl,Protection,oarray_TuunderuWT,IntMat:TuunderuWT,4,0,0.85
Planta_PE Matafongo 2,Grid Protection,\VM-PF.IntUser\PDD 30-09-2025.IntPrj\Network Model.IntPrjfolder\Network Data.IntPrjfolder\SUR 138 kV.ElmNet\Planta_PE Matafongo 2.ElmComp\Grid Protection.ElmDsl,Protection,oarray_TuunderuWT,IntMat:TuunderuWT,4,1,180.0
Planta_PE Matafongo 2,Grid Protection,\VM-PF.IntUser\PDD 30-09-2025.IntPrj\Network Model.IntPrjfolder\Network Data.IntPrjfolder\SUR 138 kV.ElmNet\Planta_PE Matafongo 2.ElmComp\Grid Protection.ElmDsl,Protection,oarray_TuunderuWT,IntMat:TuunderuWT,5,0,0.9
Planta_PE Matafongo 2,Grid Protection,\VM-PF.IntUser\PDD 30-09-2025.IntPrj\Network Model.IntPrjfolder\Network Data.IntPrjfolder\SUR 138 kV.ElmNet\Planta_PE Matafongo 2.ElmComp\Grid Protection.ElmDsl,Protection,oarray_TuunderuWT,IntMat:TuunderuWT,5,1,180.0
Planta_PE Matafongo 2,Grid Protection,\VM-PF.IntUser\PDD 30-09-2025.IntPrj\Network Model.IntPrjfolder\Network Data.IntPrjfolder\SUR 138 kV.ElmNet\Planta_PE Matafongo 2.ElmComp\Grid Protection.ElmDsl,Protection,oarray_TuunderuWT,IntMat:TuunderuWT,6,0,0.9
Planta_PE Matafongo 2,Grid Protection,\VM-PF.IntUser\PDD 30-09-2025.IntPrj\Network Model.IntPrjfolder\Network Data.IntPrjfolder\SUR 138 kV.ElmNet\Planta_PE Matafongo 2.ElmComp\Grid Protection.ElmDsl,Protection,oarray_TuunderuWT,IntMat:TuunderuWT,6,1,180.001
Planta_PE Matafongo 2,Grid Protection,\VM-PF.IntUser\PDD 30-09-2025.IntPrj\Network Model.IntPrjfolder\Network Data.IntPrjfolder\SUR 138 kV.ElmNet\Planta_PE Matafongo 2.ElmComp\Grid Protection.ElmDsl,Protection,oarray_TfoverfWT,IntMat:TfoverfWT,0,0,1.06
Planta_PE Matafongo 2,Grid Protection,\VM-PF.IntUser\PDD 30-09-2025.IntPrj\Network Model.IntPrjfolder\Network Data.IntPrjfolder\SUR 138 kV.ElmNet\Planta_PE Matafongo 2.ElmComp\Grid Protection.ElmDsl,Protection,oarray_TfoverfWT,IntMat:TfoverfWT,0,1,3600.0
Planta_PE Matafongo 2,Grid Protection,\VM-PF.IntUser\PDD 30-09-2025.IntPrj\Network Model.IntPrjfolder\Network Data.IntPrjfolder\SUR 138 kV.ElmNet\Planta_PE Matafongo 2.ElmComp\Grid Protection.ElmDsl,Protection,oarray_TfoverfWT,IntMat:TfoverfWT,1,0,1.06
Planta_PE Matafongo 2,Grid Protection,\VM-PF.IntUser\PDD 30-09-2025.IntPrj\Network Model.IntPrjfolder\Network Data.IntPrjfolder\SUR 138 kV.ElmNet\Planta_PE Matafongo 2.ElmComp\Grid Protection.ElmDsl,Protection,oarray_TfoverfWT,IntMat:TfoverfWT,1,1,3600.0
Planta_PE Matafongo 2,Grid Protection,\VM-PF.IntUser\PDD 30-09-2025.IntPrj\Network Model.IntPrjfolder\Network Data.IntPrjfolder\SUR 138 kV.ElmNet\Planta_PE Matafongo 2.ElmComp\Grid Protection.ElmDsl,Protection,oarray_TfoverfWT,IntMat:TfoverfWT,2,0,1.06
Planta_PE Matafongo 2,Grid Protection,\VM-PF.IntUser\PDD 30-09-2025.IntPrj\Network Model.IntPrjfolder\Network Data.IntPrjfolder\SUR 138 kV.ElmNet\Planta_PE Matafongo 2.ElmComp\Grid Protection.ElmDsl,Protection,oarray_TfoverfWT,IntMat:TfoverfWT,2,1,3600.0
Planta_PE Matafongo 2,Grid Protection,\VM-PF.IntUser\PDD 30-09-2025.IntPrj\Network Model.IntPrjfolder\Network Data.IntPrjfolder\SUR 138 kV.ElmNet\Planta_PE Matafongo 2.ElmComp\Grid Protection.ElmDsl,Protection,oarray_TfoverfWT,IntMat:TfoverfWT,3,0,1.2
Planta_PE Matafongo 2,Grid Protection,\VM-PF.IntUser\PDD 30-09-2025.IntPrj\Network Model.IntPrjfolder\Network Data.IntPrjfolder\SUR 138 kV.ElmNet\Planta_PE Matafongo 2.ElmComp\Grid Protection.ElmDsl,Protection,oarray_TfoverfWT,IntMat:TfoverfWT,3,1,0.1
Planta_PE Matafongo 2,Grid Protection,\VM-PF.IntUser\PDD 30-09-2025.IntPrj\Network Model.IntPrjfolder\Network Data.IntPrjfolder\SUR 138 kV.ElmNet\Planta_PE Matafongo 2.ElmComp\Grid Protection.ElmDsl,Protection,oarray_TfunderfWT,IntMat:TfunderfWT,0,0,0.8
Planta_PE Matafongo 2,Grid Protection,\VM-PF.IntUser\PDD 30-09-2025.IntPrj\Network Model.IntPrjfolder\Network Data.IntPrjfolder\SUR 138 kV.ElmNet\Planta_PE Matafongo 2.ElmComp\Grid Protection.ElmDsl,Protection,oarray_TfunderfWT,IntMat:TfunderfWT,0,1,0.1
Planta_PE Matafongo 2,Grid Protection,\VM-PF.IntUser\PDD 30-09-2025.IntPrj\Network Model.IntPrjfolder\Network Data.IntPrjfolder\SUR 138 kV.ElmNet\Planta_PE Matafongo 2.ElmComp\Grid Protection.ElmDsl,Protection,oarray_TfunderfWT,IntMat:TfunderfWT,1,0,0.92
Planta_PE Matafongo 2,Grid Protection,\VM-PF.IntUser\PDD 30-09-2025.IntPrj\Network Model.IntPrjfolder\Network Data.IntPrjfolder\SUR 138 kV.ElmNet\Planta_PE Matafongo 2.ElmComp\Grid Protection.ElmDsl,Protection,oarray_TfunderfWT,IntMat:TfunderfWT,1,1,10.0
Planta_PE Matafongo 2,Grid Protection,\VM-PF.IntUser\PDD 30-09-2025.IntPrj\Network Model.IntPrjfolder\Network Data.IntPrjfolder\SUR 138 kV.ElmNet\Planta_PE Matafongo 2.ElmComp\Grid Protection.ElmDsl,Protection,oarray_TfunderfWT,IntMat:TfunderfWT,2,0,0.94
Planta_PE Matafongo 2,Grid Protection,\VM-PF.IntUser\PDD 30-09-2025.IntPrj\Network Model.IntPrjfolder\Network Data.IntPrjfolder\SUR 138 kV.ElmNet\Planta_PE Matafongo 2.ElmComp\Grid Protection.ElmDsl,Protection,oarray_TfunderfWT,IntMat:TfunderfWT,2,1,3600.0
Planta_PE Matafongo 2,Grid Protection,\VM-PF.IntUser\PDD 30-09-2025.IntPrj\Network Model.IntPrjfolder\Network Data.IntPrjfolder\SUR 138 kV.ElmNet\Planta_PE Matafongo 2.ElmComp\Grid Protection.ElmDsl,Protection,oarray_TfunderfWT,IntMat:TfunderfWT,3,0,0.94
Planta_PE Matafongo 2,Grid Protection,\VM-PF.IntUser\PDD 30-09-2025.IntPrj\Network Model.IntPrjfolder\Network Data.IntPrjfolder\SUR 138 kV.ElmNet\Planta_PE Matafongo 2.ElmComp\Grid Protection.ElmDsl,Protection,oarray_TfunderfWT,IntMat:TfunderfWT,3,1,3600.0
