dsl_ruta,model_name,tabla,fila,columna,valor
\VM-PF.IntUser\PDD 30-09-2025.IntPrj\Network Model.IntPrjfolder\Network Data.IntPrjfolder\NORTE 138 kV.ElmNet\Guanillo.ElmSite\Planta_Guanillo.ElmComp\P control model type 3.ElmDsl,P control model type 3,wp:IntMat,0,0,0.0
\VM-PF.IntUser\PDD 30-09-2025.IntPrj\Network Model.IntPrjfolder\Network Data.IntPrjfolder\NORTE 138 kV.ElmNet\Guanillo.ElmSite\Planta_Guanillo.ElmComp\P control model type 3.ElmDsl,P control model type 3,wp:IntMat,0,1,0.76
\VM-PF.IntUser\PDD 30-09-2025.IntPrj\Network Model.IntPrjfolder\Network Data.IntPrjfolder\NORTE 138 kV.ElmNet\Guanillo.ElmSite\Planta_Guanillo.ElmComp\P control model type 3.ElmDsl,P control model type 3,wp:IntMat,1,0,0.3
\VM-PF.IntUser\PDD 30-09-2025.IntPrj\Network Model.IntPrjfolder\Network Data.IntPrjfolder\NORTE 138 kV.ElmNet\Guanillo.ElmSite\Planta_Guanillo.ElmComp\P control model type 3.ElmDsl,P control model type 3,wp:IntMat,1,1,0.76
\VM-PF.IntUser\PDD 30-09-2025.IntPrj\Network Model.IntPrjfolder\Network Data.IntPrjfolder\NORTE 138 kV.ElmNet\Guanillo.ElmSite\Planta_Guanillo.ElmComp\P control model type 3.ElmDsl,P control model type 3,wp:IntMat,2,0,0.31
\VM-PF.IntUser\PDD 30-09-2025.IntPrj\Network Model.IntPrjfolder\Network Data.IntPrjfolder\NORTE 138 kV.ElmNet\Guanillo.ElmSite\Planta_Guanillo.ElmComp\P control model type 3.ElmDsl,P control model type 3,wp:IntMat,2,1,0.86
\VM-PF.IntUser\PDD 30-09-2025.IntPrj\Network Model.IntPrjfolder\Network Data.IntPrjfolder\NORTE 138 kV.ElmNet\Guanillo.ElmSite\Planta_Guanillo.ElmComp\P control model type 3.ElmDsl,P control model type 3,wp:IntMat,3,0,0.4
\VM-PF.IntUser\PDD 30-09-2025.IntPrj\Network Model.IntPrjfolder\Network Data.IntPrjfolder\NORTE 138 kV.ElmNet\Guanillo.ElmSite\Planta_Guanillo.ElmComp\P control model type 3.ElmDsl,P control model type 3,wp:IntMat,3,1,0.94
\VM-PF.IntUser\PDD 30-09-2025.IntPrj\Network Model.IntPrjfolder\Network Data.IntPrjfolder\NORTE 138 kV.ElmNet\Guanillo.ElmSite\Planta_Guanillo.ElmComp\P control model type 3.ElmDsl,P control model type 3,wp:IntMat,4,0,0.5
\VM-PF.IntUser\PDD 30-09-2025.IntPrj\Network Model.IntPrjfolder\Network Data.IntPrjfolder\NORTE 138 kV.ElmNet\Guanillo.ElmSite\Planta_Guanillo.ElmComp\P control model type 3.ElmDsl,P control model type 3,wp:IntMat,4,1,1.0
\VM-PF.IntUser\PDD 30-09-2025.IntPrj\Network Model.IntPrjfolder\Network Data.IntPrjfolder\NORTE 138 kV.ElmNet\Guanillo.ElmSite\Planta_Guanillo.ElmComp\P control model type 3.ElmDsl,P control model type 3,wp:IntMat,5,0,1.0
\VM-PF.IntUser\PDD 30-09-2025.IntPrj\Network Model.IntPrjfolder\Network Data.IntPrjfolder\NORTE 138 kV.ElmNet\Guanillo.ElmSite\Planta_Guanillo.ElmComp\P control model type 3.ElmDsl,P control model type 3,wp:IntMat,5,1,1.0
\VM-PF.IntUser\PDD 30-09-2025.IntPrj\Network Model.IntPrjfolder\Network Data.IntPrjfolder\NORTE 138 kV.ElmNet\Guanillo.ElmSite\Planta_Guanillo.ElmComp\Current limitation model.ElmDsl,Current limitation model,ipmaxuWT:IntMat,0,0,0.0
\VM-PF.IntUser\PDD 30-09-2025.IntPrj\Network Model.IntPrjfolder\Network Data.IntPrjfolder\NORTE 138 kV.ElmNet\Guanillo.ElmSite\Planta_Guanillo.ElmComp\Current limitation model.ElmDsl,Current limitation model,ipmaxuWT:IntMat,0,1,0.0
\VM-PF.IntUser\PDD 30-09-2025.IntPrj\Network Model.IntPrjfolder\Network Data.IntPrjfolder\NORTE 138 kV.ElmNet\Guanillo.ElmSite\Planta_Guanillo.ElmComp\Current limitation model.ElmDsl,Current limitation model,ipmaxuWT:IntMat,1,0,0.1
\VM-PF.IntUser\PDD 30-09-2025.IntPrj\Network Model.IntPrjfolder\Network Data.IntPrjfolder\NORTE 138 kV.ElmNet\Guanillo.ElmSite\Planta_Guanillo.ElmComp\Current limitation model.ElmDsl,Current limitation model,ipmaxuWT:IntMat,1,1,0.0
\VM-PF.IntUser\PDD 30-09-2025.IntPrj\Network Model.IntPrjfolder\Network Data.IntPrjfolder\NORTE 138 kV.ElmNet\Guanillo.ElmSite\Planta_Guanillo.ElmComp\Current limitation model.ElmDsl,Current limitation model,ipmaxuWT:IntMat,2,0,0.15
\VM-PF.IntUser\PDD 30-09-2025.IntPrj\Network Model.IntPrjfolder\Network Data.IntPrjfolder\NORTE 138 kV.ElmNet\Guanillo.ElmSite\Planta_Guanillo.ElmComp\Current limitation model.ElmDsl,Current limitation model,ipmaxuWT:IntMat,2,1,1.0
\VM-PF.IntUser\PDD 30-09-2025.IntPrj\Network Model.IntPrjfolder\Network Data.IntPrjfolder\NORTE 138 kV.ElmNet\Guanillo.ElmSite\Planta_Guanillo.ElmComp\Current limitation model.ElmDsl,Current limitation model,ipmaxuWT:IntMat,3,0,0.9
\VM-PF.IntUser\PDD 30-09-2025.IntPrj\Network Model.IntPrjfolder\Network Data.IntPrjfolder\NORTE 138 kV.ElmNet\Guanillo.ElmSite\Planta_Guanillo.ElmComp\Current limitation model.ElmDsl,Current limitation model,ipmaxuWT:IntMat,3,1,1.0
\VM-PF.IntUser\PDD 30-09-2025.IntPrj\Network Model.IntPrjfolder\Network Data.IntPrjfolder\NORTE 138 kV.ElmNet\Guanillo.ElmSite\Planta_Guanillo.ElmComp\Current limitation model.ElmDsl,Current limitation model,ipmaxuWT:IntMat,4,0,0.91
\VM-PF.IntUser\PDD 30-09-2025.IntPrj\Network Model.IntPrjfolder\Network Data.IntPrjfolder\NORTE 138 kV.ElmNet\Guanillo.ElmSite\Planta_Guanillo.ElmComp\Current limitation model.ElmDsl,Current limitation model,ipmaxuWT:IntMat,4,1,1.2
\VM-PF.IntUser\PDD 30-09-2025.IntPrj\Network Model.IntPrjfolder\Network Data.IntPrjfolder\NORTE 138 kV.ElmNet\Guanillo.ElmSite\Planta_Guanillo.ElmComp\Current limitation model.ElmDsl,Current limitation model,ipmaxuWT:IntMat,5,0,1.2
\VM-PF.IntUser\PDD 30-09-2025.IntPrj\Network Model.IntPrjfolder\Network Data.IntPrjfolder\NORTE 138 kV.ElmNet\Guanillo.ElmSite\Planta_Guanillo.ElmComp\Current limitation model.ElmDsl,Current limitation model,ipmaxuWT:IntMat,5,1,1.2
\VM-PF.IntUser\PDD 30-09-2025.IntPrj\Network Model.IntPrjfolder\Network Data.IntPrjfolder\NORTE 138 kV.ElmNet\Guanillo.ElmSite\Planta_Guanillo.ElmComp\Current limitation model.ElmDsl,Current limitation model,iqmaxuWT:IntMat,0,0,0.0
\VM-PF.IntUser\PDD 30-09-2025.IntPrj\Network Model.IntPrjfolder\Network Data.IntPrjfolder\NORTE 138 kV.ElmNet\Guanillo.ElmSite\Planta_Guanillo.ElmComp\Current limitation model.ElmDsl,Current limitation model,iqmaxuWT:IntMat,0,1,0.1
\VM-PF.IntUser\PDD 30-09-2025.IntPrj\Network Model.IntPrjfolder\Network Data.IntPrjfolder\NORTE 138 kV.ElmNet\Guanillo.ElmSite\Planta_Guanillo.ElmComp\Current limitation model.ElmDsl,Current limitation model,iqmaxuWT:IntMat,1,0,0.2
\VM-PF.IntUser\PDD 30-09-2025.IntPrj\Network Model.IntPrjfolder\Network Data.IntPrjfolder\NORTE 138 kV.ElmNet\Guanillo.ElmSite\Planta_Guanillo.ElmComp\Current limitation model.ElmDsl,Current limitation model,iqmaxuWT:IntMat,1,1,0.95
\VM-PF.IntUser\PDD 30-09-2025.IntPrj\Network Model.IntPrjfolder\Network Data.IntPrjfolder\NORTE 138 kV.ElmNet\Guanillo.ElmSite\Planta_Guanillo.ElmComp\Current limitation model.ElmDsl,Current limitation model,iqmaxuWT:IntMat,2,0,0.2
\VM-PF.IntUser\PDD 30-09-2025.IntPrj\Network Model.IntPrjfolder\Network Data.IntPrjfolder\NORTE 138 kV.ElmNet\Guanillo.ElmSite\Planta_Guanillo.ElmComp\Current limitation model.ElmDsl,Current limitation model,iqmaxuWT:IntMat,2,1,1.0
\VM-PF.IntUser\PDD 30-09-2025.IntPrj\Network Model.IntPrjfolder\Network Data.IntPrjfolder\NORTE 138 kV.ElmNet\Guanillo.ElmSite\Planta_Guanillo.ElmComp\Current limitation model.ElmDsl,Current limitation model,iqmaxuWT:IntMat,3,0,0.9
\VM-PF.IntUser\PDD 30-09-2025.IntPrj\Network Model.IntPrjfolder\Network Data.IntPrjfolder\NORTE 138 kV.ElmNet\Guanillo.ElmSite\Planta_Guanillo.ElmComp\Current limitation model.ElmDsl,Current limitation model,iqmaxuWT:IntMat,3,1,1.0
\VM-PF.IntUser\PDD 30-09-2025.IntPrj\Network Model.IntPrjfolder\Network Data.IntPrjfolder\NORTE 138 kV.ElmNet\Guanillo.ElmSite\Planta_Guanillo.ElmComp\Current limitation model.ElmDsl,Current limitation model,iqmaxuWT:IntMat,4,0,0.9
\VM-PF.IntUser\PDD 30-09-2025.IntPrj\Network Model.IntPrjfolder\Network Data.IntPrjfolder\NORTE 138 kV.ElmNet\Guanillo.ElmSite\Planta_Guanillo.ElmComp\Current limitation model.ElmDsl,Current limitation model,iqmaxuWT:IntMat,4,1,0.36
\VM-PF.IntUser\PDD 30-09-2025.IntPrj\Network Model.IntPrjfolder\Network Data.IntPrjfolder\NORTE 138 kV.ElmNet\Guanillo.ElmSite\Planta_Guanillo.ElmComp\Current limitation model.ElmDsl,Current limitation model,iqmaxuWT:IntMat,5,0,1.1
\VM-PF.IntUser\PDD 30-09-2025.IntPrj\Network Model.IntPrjfolder\Network Data.IntPrjfolder\NORTE 138 kV.ElmNet\Guanillo.ElmSite\Planta_Guanillo.ElmComp\Current limitation model.ElmDsl,Current limitation model,iqmaxuWT:IntMat,5,1,0.3
\VM-PF.IntUser\PDD 30-09-2025.IntPrj\Network Model.IntPrjfolder\Network Data.IntPrjfolder\NORTE 138 kV.ElmNet\Guanillo.ElmSite\Planta_Guanillo.ElmComp\QP and QU limitation model.ElmDsl,QP and QU limitation model,qmaxpp:IntMat,0,0,0.0
\VM-PF.IntUser\PDD 30-09-2025.IntPrj\Network Model.IntPrjfolder\Network Data.IntPrjfolder\NORTE 138 kV.ElmNet\Guanillo.ElmSite\Planta_Guanillo.ElmComp\QP and QU limitation model.ElmDsl,QP and QU limitation model,qmaxpp:IntMat,0,1,0.0
\VM-PF.IntUser\PDD 30-09-2025.IntPrj\Network Model.IntPrjfolder\Network Data.IntPrjfolder\NORTE 138 kV.ElmNet\Guanillo.ElmSite\Planta_Guanillo.ElmComp\QP and QU limitation model.ElmDsl,QP and QU limitation model,qmaxpp:IntMat,1,0,0.3
\VM-PF.IntUser\PDD 30-09-2025.IntPrj\Network Model.IntPrjfolder\Network Data.IntPrjfolder\NORTE 138 kV.ElmNet\Guanillo.ElmSite\Planta_Guanillo.ElmComp\QP and QU limitation model.ElmDsl,QP and QU limitation model,qmaxpp:IntMat,1,1,0.33
\VM-PF.IntUser\PDD 30-09-2025.IntPrj\Network Model.IntPrjfolder\Network Data.IntPrjfolder\NORTE 138 kV.ElmNet\Guanillo.ElmSite\Planta_Guanillo.ElmComp\QP and QU limitation model.ElmDsl,QP and QU limitation model,qmaxpp:IntMat,2,0,1.0
\VM-PF.IntUser\PDD 30-09-2025.IntPrj\Network Model.IntPrjfolder\Network Data.IntPrjfolder\NORTE 138 kV.ElmNet\Guanillo.ElmSite\Planta_Guanillo.ElmComp\QP and QU limitation model.ElmDsl,QP and QU limitation model,qmaxpp:IntMat,2,1,0.33
\VM-PF.IntUser\PDD 30-09-2025.IntPrj\Network Model.IntPrjfolder\Network Data.IntPrjfolder\NORTE 138 kV.ElmNet\Guanillo.ElmSite\Planta_Guanillo.ElmComp\QP and QU limitation model.ElmDsl,QP and QU limitation model,qmaxuu:IntMat,0,0,0.0
\VM-PF.IntUser\PDD 30-09-2025.IntPrj\Network Model.IntPrjfolder\Network Data.IntPrjfolder\NORTE 138 kV.ElmNet\Guanillo.ElmSite\Planta_Guanillo.ElmComp\QP and QU limitation model.ElmDsl,QP and QU limitation model,qmaxuu:IntMat,0,1,0.0
\VM-PF.IntUser\PDD 30-09-2025.IntPrj\Network Model.IntPrjfolder\Network Data.IntPrjfolder\NORTE 138 kV.ElmNet\Guanillo.ElmSite\Planta_Guanillo.ElmComp\QP and QU limitation model.ElmDsl,QP and QU limitation model,qmaxuu:IntMat,1,0,0.8
\VM-PF.IntUser\PDD 30-09-2025.IntPrj\Network Model.IntPrjfolder\Network Data.IntPrjfolder\NORTE 138 kV.ElmNet\Guanillo.ElmSite\Planta_Guanillo.ElmComp\QP and QU limitation model.ElmDsl,QP and QU limitation model,qmaxuu:IntMat,1,1,0.33
\VM-PF.IntUser\PDD 30-09-2025.IntPrj\Network Model.IntPrjfolder\Network Data.IntPrjfolder\NORTE 138 kV.ElmNet\Guanillo.ElmSite\Planta_Guanillo.ElmComp\QP and QU limitation model.ElmDsl,QP and QU limitation model,qmaxuu:IntMat,2,0,0.9
\VM-PF.IntUser\PDD 30-09-2025.IntPrj\Network Model.IntPrjfolder\Network Data.IntPrjfolder\NORTE 138 kV.ElmNet\Guanillo.ElmSite\Planta_Guanillo.ElmComp\QP and QU limitation model.ElmDsl,QP and QU limitation model,qmaxuu:IntMat,2,1,0.33
\VM-PF.IntUser\PDD 30-09-2025.IntPrj\Network Model.IntPrjfolder\Network Data.IntPrjfolder\NORTE 138 kV.ElmNet\Guanillo.ElmSite\Planta_Guanillo.ElmComp\QP and QU limitation model.ElmDsl,QP and QU limitation model,qminpp:IntMat,0,0,0.0
\VM-PF.IntUser\PDD 30-09-2025.IntPrj\Network Model.IntPrjfolder\Network Data.IntPrjfolder\NORTE 138 kV.ElmNet\Guanillo.ElmSite\Planta_Guanillo.ElmComp\QP and QU limitation model.ElmDsl,QP and QU limitation model,qminpp:IntMat,0,1,0.0
\VM-PF.IntUser\PDD 30-09-2025.IntPrj\Network Model.IntPrjfolder\Network Data.IntPrjfolder\NORTE 138 kV.ElmNet\Guanillo.ElmSite\Planta_Guanillo.ElmComp\QP and QU limitation model.ElmDsl,QP and QU limitation model,qminpp:IntMat,1,0,0.3
\VM-PF.IntUser\PDD 30-09-2025.IntPrj\Network Model.IntPrjfolder\Network Data.IntPrjfolder\NORTE 138 kV.ElmNet\Guanillo.ElmSite\Planta_Guanillo.ElmComp\QP and QU limitation model.ElmDsl,QP and QU limitation model,qminpp:IntMat,1,1,-0.33
\VM-PF.IntUser\PDD 30-09-2025.IntPrj\Network Model.IntPrjfolder\Network Data.IntPrjfolder\NORTE 138 kV.ElmNet\Guanillo.ElmSite\Planta_Guanillo.ElmComp\QP and QU limitation model.ElmDsl,QP and QU limitation model,qminpp:IntMat,2,0,1.0
\VM-PF.IntUser\PDD 30-09-2025.IntPrj\Network Model.IntPrjfolder\Network Data.IntPrjfolder\NORTE 138 kV.ElmNet\Guanillo.ElmSite\Planta_Guanillo.ElmComp\QP and QU limitation model.ElmDsl,QP and QU limitation model,qminpp:IntMat,2,1,-0.33
\VM-PF.IntUser\PDD 30-09-2025.IntPrj\Network Model.IntPrjfolder\Network Data.IntPrjfolder\NORTE 138 kV.ElmNet\Guanillo.ElmSite\Planta_Guanillo.ElmComp\QP and QU limitation model.ElmDsl,QP and QU limitation model,qminuu:IntMat,0,0,0.0
\VM-PF.IntUser\PDD 30-09-2025.IntPrj\Network Model.IntPrjfolder\Network Data.IntPrjfolder\NORTE 138 kV.ElmNet\Guanillo.ElmSite\Planta_Guanillo.ElmComp\QP and QU limitation model.ElmDsl,QP and QU limitation model,qminuu:IntMat,0,1,0.0
\VM-PF.IntUser\PDD 30-09-2025.IntPrj\Network Model.IntPrjfolder\Network Data.IntPrjfolder\NORTE 138 kV.ElmNet\Guanillo.ElmSite\Planta_Guanillo.ElmComp\QP and QU limitation model.ElmDsl,QP and QU limitation model,qminuu:IntMat,1,0,0.8
\VM-PF.IntUser\PDD 30-09-2025.IntPrj\Network Model.IntPrjfolder\Network Data.IntPrjfolder\NORTE 138 kV.ElmNet\Guanillo.ElmSite\Planta_Guanillo.ElmComp\QP and QU limitation model.ElmDsl,QP and QU limitation model,qminuu:IntMat,1,1,-0.33
\VM-PF.IntUser\PDD 30-09-2025.IntPrj\Network Model.IntPrjfolder\Network Data.IntPrjfolder\NORTE 138 kV.ElmNet\Guanillo.ElmSite\Planta_Guanillo.ElmComp\QP and QU limitation model.ElmDsl,QP and QU limitation model,qminuu:IntMat,2,0,0.9
\VM-PF.IntUser\PDD 30-09-2025.IntPrj\Network Model.IntPrjfolder\Network Data.IntPrjfolder\NORTE 138 kV.ElmNet\Guanillo.ElmSite\Planta_Guanillo.ElmComp\QP and QU limitation model.ElmDsl,QP and QU limitation model,qminuu:IntMat,2,1,-0.33
\VM-PF.IntUser\PDD 30-09-2025.IntPrj\Network Model.IntPrjfolder\Network Data.IntPrjfolder\NORTE 138 kV.ElmNet\Guanillo.ElmSite\Planta_Guanillo.ElmComp\Protection.ElmDsl,Grid Protection Model,TfoverfWT:IntMat,0,0,1.03
\VM-PF.IntUser\PDD 30-09-2025.IntPrj\Network Model.IntPrjfolder\Network Data.IntPrjfolder\NORTE 138 kV.ElmNet\Guanillo.ElmSite\Planta_Guanillo.ElmComp\Protection.ElmDsl,Grid Protection Model,TfoverfWT:IntMat,0,1,0.1
\VM-PF.IntUser\PDD 30-09-2025.IntPrj\Network Model.IntPrjfolder\Network Data.IntPrjfolder\NORTE 138 kV.ElmNet\Guanillo.ElmSite\Planta_Guanillo.ElmComp\Protection.ElmDsl,Grid Protection Model,TfoverfWT:IntMat,1,0,1.03
\VM-PF.IntUser\PDD 30-09-2025.IntPrj\Network Model.IntPrjfolder\Network Data.IntPrjfolder\NORTE 138 kV.ElmNet\Guanillo.ElmSite\Planta_Guanillo.ElmComp\Protection.ElmDsl,Grid Protection Model,TfoverfWT:IntMat,1,1,0.1
\VM-PF.IntUser\PDD 30-09-2025.IntPrj\Network Model.IntPrjfolder\Network Data.IntPrjfolder\NORTE 138 kV.ElmNet\Guanillo.ElmSite\Planta_Guanillo.ElmComp\Protection.ElmDsl,Grid Protection Model,TfunderfWT:IntMat,0,0,0.95
\VM-PF.IntUser\PDD 30-09-2025.IntPrj\Network Model.IntPrjfolder\Network Data.IntPrjfolder\NORTE 138 kV.ElmNet\Guanillo.ElmSite\Planta_Guanillo.ElmComp\Protection.ElmDsl,Grid Protection Model,TfunderfWT:IntMat,0,1,0.1
\VM-PF.IntUser\PDD 30-09-2025.IntPrj\Network Model.IntPrjfolder\Network Data.IntPrjfolder\NORTE 138 kV.ElmNet\Guanillo.ElmSite\Planta_Guanillo.ElmComp\Protection.ElmDsl,Grid Protection Model,TfunderfWT:IntMat,1,0,0.95
\VM-PF.IntUser\PDD 30-09-2025.IntPrj\Network Model.IntPrjfolder\Network Data.IntPrjfolder\NORTE 138 kV.ElmNet\Guanillo.ElmSite\Planta_Guanillo.ElmComp\Protection.ElmDsl,Grid Protection Model,TfunderfWT:IntMat,1,1,0.1
\VM-PF.IntUser\PDD 30-09-2025.IntPrj\Network Model.IntPrjfolder\Network Data.IntPrjfolder\NORTE 138 kV.ElmNet\Guanillo.ElmSite\Planta_Guanillo.ElmComp\Protection.ElmDsl,Grid Protection Model,TuoveruWT:IntMat,0,0,1.2
\VM-PF.IntUser\PDD 30-09-2025.IntPrj\Network Model.IntPrjfolder\Network Data.IntPrjfolder\NORTE 138 kV.ElmNet\Guanillo.ElmSite\Planta_Guanillo.ElmComp\Protection.ElmDsl,Grid Protection Model,TuoveruWT:IntMat,0,1,0.1
\VM-PF.IntUser\PDD 30-09-2025.IntPrj\Network Model.IntPrjfolder\Network Data.IntPrjfolder\NORTE 138 kV.ElmNet\Guanillo.ElmSite\Planta_Guanillo.ElmComp\Protection.ElmDsl,Grid Protection Model,TuoveruWT:IntMat,1,0,1.15
\VM-PF.IntUser\PDD 30-09-2025.IntPrj\Network Model.IntPrjfolder\Network Data.IntPrjfolder\NORTE 138 kV.ElmNet\Guanillo.ElmSite\Planta_Guanillo.ElmComp\Protection.ElmDsl,Grid Protection Model,TuoveruWT:IntMat,1,1,0.1
\VM-PF.IntUser\PDD 30-09-2025.IntPrj\Network Model.IntPrjfolder\Network Data.IntPrjfolder\NORTE 138 kV.ElmNet\Guanillo.ElmSite\Planta_Guanillo.ElmComp\Protection.ElmDsl,Grid Protection Model,TuoveruWT:IntMat,2,0,1.15
\VM-PF.IntUser\PDD 30-09-2025.IntPrj\Network Model.IntPrjfolder\Network Data.IntPrjfolder\NORTE 138 kV.ElmNet\Guanillo.ElmSite\Planta_Guanillo.ElmComp\Protection.ElmDsl,Grid Protection Model,TuoveruWT:IntMat,2,1,1.0
\VM-PF.IntUser\PDD 30-09-2025.IntPrj\Network Model.IntPrjfolder\Network Data.IntPrjfolder\NORTE 138 kV.ElmNet\Guanillo.ElmSite\Planta_Guanillo.ElmComp\Protection.ElmDsl,Grid Protection Model,TuoveruWT:IntMat,3,0,1.1
\VM-PF.IntUser\PDD 30-09-2025.IntPrj\Network Model.IntPrjfolder\Network Data.IntPrjfolder\NORTE 138 kV.ElmNet\Guanillo.ElmSite\Planta_Guanillo.ElmComp\Protection.ElmDsl,Grid Protection Model,TuoveruWT:IntMat,3,1,1.0
\VM-PF.IntUser\PDD 30-09-2025.IntPrj\Network Model.IntPrjfolder\Network Data.IntPrjfolder\NORTE 138 kV.ElmNet\Guanillo.ElmSite\Planta_Guanillo.ElmComp\Protection.ElmDsl,Grid Protection Model,TuunderuWT:IntMat,0,0,0.0
\VM-PF.IntUser\PDD 30-09-2025.IntPrj\Network Model.IntPrjfolder\Network Data.IntPrjfolder\NORTE 138 kV.ElmNet\Guanillo.ElmSite\Planta_Guanillo.ElmComp\Protection.ElmDsl,Grid Protection Model,TuunderuWT:IntMat,0,1,0.55
\VM-PF.IntUser\PDD 30-09-2025.IntPrj\Network Model.IntPrjfolder\Network Data.IntPrjfolder\NORTE 138 kV.ElmNet\Guanillo.ElmSite\Planta_Guanillo.ElmComp\Protection.ElmDsl,Grid Protection Model,TuunderuWT:IntMat,1,0,0.15
\VM-PF.IntUser\PDD 30-09-2025.IntPrj\Network Model.IntPrjfolder\Network Data.IntPrjfolder\NORTE 138 kV.ElmNet\Guanillo.ElmSite\Planta_Guanillo.ElmComp\Protection.ElmDsl,Grid Protection Model,TuunderuWT:IntMat,1,1,0.55
\VM-PF.IntUser\PDD 30-09-2025.IntPrj\Network Model.IntPrjfolder\Network Data.IntPrjfolder\NORTE 138 kV.ElmNet\Guanillo.ElmSite\Planta_Guanillo.ElmComp\Protection.ElmDsl,Grid Protection Model,TuunderuWT:IntMat,2,0,0.15
\VM-PF.IntUser\PDD 30-09-2025.IntPrj\Network Model.IntPrjfolder\Network Data.IntPrjfolder\NORTE 138 kV.ElmNet\Guanillo.ElmSite\Planta_Guanillo.ElmComp\Protection.ElmDsl,Grid Protection Model,TuunderuWT:IntMat,2,1,0.75
\VM-PF.IntUser\PDD 30-09-2025.IntPrj\Network Model.IntPrjfolder\Network Data.IntPrjfolder\NORTE 138 kV.ElmNet\Guanillo.ElmSite\Planta_Guanillo.ElmComp\Protection.ElmDsl,Grid Protection Model,TuunderuWT:IntMat,3,0,0.8
\VM-PF.IntUser\PDD 30-09-2025.IntPrj\Network Model.IntPrjfolder\Network Data.IntPrjfolder\NORTE 138 kV.ElmNet\Guanillo.ElmSite\Planta_Guanillo.ElmComp\Protection.ElmDsl,Grid Protection Model,TuunderuWT:IntMat,3,1,3.05
\VM-PF.IntUser\PDD 30-09-2025.IntPrj\Network Model.IntPrjfolder\Network Data.IntPrjfolder\NORTE 138 kV.ElmNet\Guanillo.ElmSite\Planta_Guanillo.ElmComp\Protection.ElmDsl,Grid Protection Model,TuunderuWT:IntMat,4,0,0.8
\VM-PF.IntUser\PDD 30-09-2025.IntPrj\Network Model.IntPrjfolder\Network Data.IntPrjfolder\NORTE 138 kV.ElmNet\Guanillo.ElmSite\Planta_Guanillo.ElmComp\Protection.ElmDsl,Grid Protection Model,TuunderuWT:IntMat,4,1,120.5
\VM-PF.IntUser\PDD 30-09-2025.IntPrj\Network Model.IntPrjfolder\Network Data.IntPrjfolder\NORTE 138 kV.ElmNet\Guanillo.ElmSite\Planta_Guanillo.ElmComp\Protection.ElmDsl,Grid Protection Model,TuunderuWT:IntMat,5,0,0.85
\VM-PF.IntUser\PDD 30-09-2025.IntPrj\Network Model.IntPrjfolder\Network Data.IntPrjfolder\NORTE 138 kV.ElmNet\Guanillo.ElmSite\Planta_Guanillo.ElmComp\Protection.ElmDsl,Grid Protection Model,TuunderuWT:IntMat,5,1,120.5
\VM-PF.IntUser\PDD 30-09-2025.IntPrj\Network Model.IntPrjfolder\Network Data.IntPrjfolder\NORTE 138 kV.ElmNet\Guanillo.ElmSite\Planta_Guanillo.ElmComp\Protection.ElmDsl,Grid Protection Model,TuunderuWT:IntMat,6,0,0.85
\VM-PF.IntUser\PDD 30-09-2025.IntPrj\Network Model.IntPrjfolder\Network Data.IntPrjfolder\NORTE 138 kV.ElmNet\Guanillo.ElmSite\Planta_Guanillo.ElmComp\Protection.ElmDsl,Grid Protection Model,TuunderuWT:IntMat,6,1,180.0
\VM-PF.IntUser\PDD 30-09-2025.IntPrj\Network Model.IntPrjfolder\Network Data.IntPrjfolder\NORTE 138 kV.ElmNet\Guanillo.ElmSite\Planta_Guanillo.ElmComp\Protection.ElmDsl,Grid Protection Model,TuunderuWT:IntMat,7,0,0.9
\VM-PF.IntUser\PDD 30-09-2025.IntPrj\Network Model.IntPrjfolder\Network Data.IntPrjfolder\NORTE 138 kV.ElmNet\Guanillo.ElmSite\Planta_Guanillo.ElmComp\Protection.ElmDsl,Grid Protection Model,TuunderuWT:IntMat,7,1,180.0
\VM-PF.IntUser\PDD 30-09-2025.IntPrj\Network Model.IntPrjfolder\Network Data.IntPrjfolder\NORTE 138 kV.ElmNet\Los Guzmancito.ElmSite\Planta_Los Guzmancito.ElmComp\Current limitation model.ElmDsl,Current limitation model,ipmaxuWT:IntMat,0,0,0.0
\VM-PF.IntUser\PDD 30-09-2025.IntPrj\Network Model.IntPrjfolder\Network Data.IntPrjfolder\NORTE 138 kV.ElmNet\Los Guzmancito.ElmSite\Planta_Los Guzmancito.ElmComp\Current limitation model.ElmDsl,Current limitation model,ipmaxuWT:IntMat,0,1,0.0
\VM-PF.IntUser\PDD 30-09-2025.IntPrj\Network Model.IntPrjfolder\Network Data.IntPrjfolder\NORTE 138 kV.ElmNet\Los Guzmancito.ElmSite\Planta_Los Guzmancito.ElmComp\Current limitation model.ElmDsl,Current limitation model,ipmaxuWT:IntMat,1,0,0.1
\VM-PF.IntUser\PDD 30-09-2025.IntPrj\Network Model.IntPrjfolder\Network Data.IntPrjfolder\NORTE 138 kV.ElmNet\Los Guzmancito.ElmSite\Planta_Los Guzmancito.ElmComp\Current limitation model.ElmDsl,Current limitation model,ipmaxuWT:IntMat,1,1,0.0
\VM-PF.IntUser\PDD 30-09-2025.IntPrj\Network Model.IntPrjfolder\Network Data.IntPrjfolder\NORTE 138 kV.ElmNet\Los Guzmancito.ElmSite\Planta_Los Guzmancito.ElmComp\Current limitation model.ElmDsl,Current limitation model,ipmaxuWT:IntMat,2,0,0.15
\VM-PF.IntUser\PDD 30-09-2025.IntPrj\Network Model.IntPrjfolder\Network Data.IntPrjfolder\NORTE 138 kV.ElmNet\Los Guzmancito.ElmSite\Planta_Los Guzmancito.ElmComp\Current limitation model.ElmDsl,Current limitation model,ipmaxuWT:IntMat,2,1,1.0
\VM-PF.IntUser\PDD 30-09-2025.IntPrj\Network Model.IntPrjfolder\Network Data.IntPrjfolder\NORTE 138 kV.ElmNet\Los Guzmancito.ElmSite\Planta_Los Guzmancito.ElmComp\Current limitation model.ElmDsl,Current limitation model,ipmaxuWT:IntMat,3,0,0.9
\VM-PF.IntUser\PDD 30-09-2025.IntPrj\Network Model.IntPrjfolder\Network Data.IntPrjfolder\NORTE 138 kV.ElmNet\Los Guzmancito.ElmSite\Planta_Los Guzmancito.ElmComp\Current limitation model.ElmDsl,Current limitation model,ipmaxuWT:IntMat,3,1,1.0
\VM-PF.IntUser\PDD 30-09-2025.IntPrj\Network Model.IntPrjfolder\Network Data.IntPrjfolder\NORTE 138 kV.ElmNet\Los Guzmancito.ElmSite\Planta_Los Guzmancito.ElmComp\Current limitation model.ElmDsl,Current limitation model,ipmaxuWT:IntMat,4,0,0.91
\VM-PF.IntUser\PDD 30-09-2025.IntPrj\Network Model.IntPrjfolder\Network Data.IntPrjfolder\NORTE 138 kV.ElmNet\Los Guzmancito.ElmSite\Planta_Los Guzmancito.ElmComp\Current limitation model.ElmDsl,Current limitation model,ipmaxuWT:IntMat,4,1,1.2
\VM-PF.IntUser\PDD 30-09-2025.IntPrj\Network Model.IntPrjfolder\Network Data.IntPrjfolder\NORTE 138 kV.ElmNet\Los Guzmancito.ElmSite\Planta_Los Guzmancito.ElmComp\Current limitation model.ElmDsl,Current limitation model,ipmaxuWT:IntMat,5,0,1.2
\VM-PF.IntUser\PDD 30-09-2025.IntPrj\Network Model.IntPrjfolder\Network Data.IntPrjfolder\NORTE 138 kV.ElmNet\Los Guzmancito.ElmSite\Planta_Los Guzmancito.ElmComp\Current limitation model.ElmDsl,Current limitation model,ipmaxuWT:IntMat,5,1,1.2
\VM-PF.IntUser\PDD 30-09-2025.IntPrj\Network Model.IntPrjfolder\Network Data.IntPrjfolder\NORTE 138 kV.ElmNet\Los Guzmancito.ElmSite\Planta_Los Guzmancito.ElmComp\Current limitation model.ElmDsl,Current limitation model,iqmaxuWT:IntMat,0,0,0.0
\VM-PF.IntUser\PDD 30-09-2025.IntPrj\Network Model.IntPrjfolder\Network Data.IntPrjfolder\NORTE 138 kV.ElmNet\Los Guzmancito.ElmSite\Planta_Los Guzmancito.ElmComp\Current limitation model.ElmDsl,Current limitation model,iqmaxuWT:IntMat,0,1,0.1
\VM-PF.IntUser\PDD 30-09-2025.IntPrj\Network Model.IntPrjfolder\Network Data.IntPrjfolder\NORTE 138 kV.ElmNet\Los Guzmancito.ElmSite\Planta_Los Guzmancito.ElmComp\Current limitation model.ElmDsl,Current limitation model,iqmaxuWT:IntMat,1,0,0.2
\VM-PF.IntUser\PDD 30-09-2025.IntPrj\Network Model.IntPrjfolder\Network Data.IntPrjfolder\NORTE 138 kV.ElmNet\Los Guzmancito.ElmSite\Planta_Los Guzmancito.ElmComp\Current limitation model.ElmDsl,Current limitation model,iqmaxuWT:IntMat,1,1,0.95
\VM-PF.IntUser\PDD 30-09-2025.IntPrj\Network Model.IntPrjfolder\Network Data.IntPrjfolder\NORTE 138 kV.ElmNet\Los Guzmancito.ElmSite\Planta_Los Guzmancito.ElmComp\Current limitation model.ElmDsl,Current limitation model,iqmaxuWT:IntMat,2,0,0.2
\VM-PF.IntUser\PDD 30-09-2025.IntPrj\Network Model.IntPrjfolder\Network Data.IntPrjfolder\NORTE 138 kV.ElmNet\Los Guzmancito.ElmSite\Planta_Los Guzmancito.ElmComp\Current limitation model.ElmDsl,Current limitation model,iqmaxuWT:IntMat,2,1,1.0
\VM-PF.IntUser\PDD 30-09-2025.IntPrj\Network Model.IntPrjfolder\Network Data.IntPrjfolder\NORTE 138 kV.ElmNet\Los Guzmancito.ElmSite\Planta_Los Guzmancito.ElmComp\Current limitation model.ElmDsl,Current limitation model,iqmaxuWT:IntMat,3,0,0.9
\VM-PF.IntUser\PDD 30-09-2025.IntPrj\Network Model.IntPrjfolder\Network Data.IntPrjfolder\NORTE 138 kV.ElmNet\Los Guzmancito.ElmSite\Planta_Los Guzmancito.ElmComp\Current limitation model.ElmDsl,Current limitation model,iqmaxuWT:IntMat,3,1,1.0
\VM-PF.IntUser\PDD 30-09-2025.IntPrj\Network Model.IntPrjfolder\Network Data.IntPrjfolder\NORTE 138 kV.ElmNet\Los Guzmancito.ElmSite\Planta_Los Guzmancito.ElmComp\Current limitation model.ElmDsl,Current limitation model,iqmaxuWT:IntMat,4,0,0.9
\VM-PF.IntUser\PDD 30-09-2025.IntPrj\Network Model.IntPrjfolder\Network Data.IntPrjfolder\NORTE 138 kV.ElmNet\Los Guzmancito.ElmSite\Planta_Los Guzmancito.ElmComp\Current limitation model.ElmDsl,Current limitation model,iqmaxuWT:IntMat,4,1,0.36
\VM-PF.IntUser\PDD 30-09-2025.IntPrj\Network Model.IntPrjfolder\Network Data.IntPrjfolder\NORTE 138 kV.ElmNet\Los Guzmancito.ElmSite\Planta_Los Guzmancito.ElmComp\Current limitation model.ElmDsl,Current limitation model,iqmaxuWT:IntMat,5,0,1.1
\VM-PF.IntUser\PDD 30-09-2025.IntPrj\Network Model.IntPrjfolder\Network Data.IntPrjfolder\NORTE 138 kV.ElmNet\Los Guzmancito.ElmSite\Planta_Los Guzmancito.ElmComp\Current limitation model.ElmDsl,Current limitation model,iqmaxuWT:IntMat,5,1,0.3
\VM-PF.IntUser\PDD 30-09-2025.IntPrj\Network Model.IntPrjfolder\Network Data.IntPrjfolder\NORTE 138 kV.ElmNet\Los Guzmancito.ElmSite\Planta_Los Guzmancito.ElmComp\P control model type 3.ElmDsl,P control model type 3,wp:IntMat,0,0,0.0
\VM-PF.IntUser\PDD 30-09-2025.IntPrj\Network Model.IntPrjfolder\Network Data.IntPrjfolder\NORTE 138 kV.ElmNet\Los Guzmancito.ElmSite\Planta_Los Guzmancito.ElmComp\P control model type 3.ElmDsl,P control model type 3,wp:IntMat,0,1,0.76
\VM-PF.IntUser\PDD 30-09-2025.IntPrj\Network Model.IntPrjfolder\Network Data.IntPrjfolder\NORTE 138 kV.ElmNet\Los Guzmancito.ElmSite\Planta_Los Guzmancito.ElmComp\P control model type 3.ElmDsl,P control model type 3,wp:IntMat,1,0,0.3
\VM-PF.IntUser\PDD 30-09-2025.IntPrj\Network Model.IntPrjfolder\Network Data.IntPrjfolder\NORTE 138 kV.ElmNet\Los Guzmancito.ElmSite\Planta_Los Guzmancito.ElmComp\P control model type 3.ElmDsl,P control model type 3,wp:IntMat,1,1,0.76
\VM-PF.IntUser\PDD 30-09-2025.IntPrj\Network Model.IntPrjfolder\Network Data.IntPrjfolder\NORTE 138 kV.ElmNet\Los Guzmancito.ElmSite\Planta_Los Guzmancito.ElmComp\P control model type 3.ElmDsl,P control model type 3,wp:IntMat,2,0,0.31
\VM-PF.IntUser\PDD 30-09-2025.IntPrj\Network Model.IntPrjfolder\Network Data.IntPrjfolder\NORTE 138 kV.ElmNet\Los Guzmancito.ElmSite\Planta_Los Guzmancito.ElmComp\P control model type 3.ElmDsl,P control model type 3,wp:IntMat,2,1,0.86
\VM-PF.IntUser\PDD 30-09-2025.IntPrj\Network Model.IntPrjfolder\Network Data.IntPrjfolder\NORTE 138 kV.ElmNet\Los Guzmancito.ElmSite\Planta_Los Guzmancito.ElmComp\P control model type 3.ElmDsl,P control model type 3,wp:IntMat,3,0,0.4
\VM-PF.IntUser\PDD 30-09-2025.IntPrj\Network Model.IntPrjfolder\Network Data.IntPrjfolder\NORTE 138 kV.ElmNet\Los Guzmancito.ElmSite\Planta_Los Guzmancito.ElmComp\P control model type 3.ElmDsl,P control model type 3,wp:IntMat,3,1,0.94
\VM-PF.IntUser\PDD 30-09-2025.IntPrj\Network Model.IntPrjfolder\Network Data.IntPrjfolder\NORTE 138 kV.ElmNet\Los Guzmancito.ElmSite\Planta_Los Guzmancito.ElmComp\P control model type 3.ElmDsl,P control model type 3,wp:IntMat,4,0,0.5
\VM-PF.IntUser\PDD 30-09-2025.IntPrj\Network Model.IntPrjfolder\Network Data.IntPrjfolder\NORTE 138 kV.ElmNet\Los Guzmancito.ElmSite\Planta_Los Guzmancito.ElmComp\P control model type 3.ElmDsl,P control model type 3,wp:IntMat,4,1,1.0
\VM-PF.IntUser\PDD 30-09-2025.IntPrj\Network Model.IntPrjfolder\Network Data.IntPrjfolder\NORTE 138 kV.ElmNet\Los Guzmancito.ElmSite\Planta_Los Guzmancito.ElmComp\P control model type 3.ElmDsl,P control model type 3,wp:IntMat,5,0,1.0
\VM-PF.IntUser\PDD 30-09-2025.IntPrj\Network Model.IntPrjfolder\Network Data.IntPrjfolder\NORTE 138 kV.ElmNet\Los Guzmancito.ElmSite\Planta_Los Guzmancito.ElmComp\P control model type 3.ElmDsl,P control model type 3,wp:IntMat,5,1,1.0
\VM-PF.IntUser\PDD 30-09-2025.IntPrj\Network Model.IntPrjfolder\Network Data.IntPrjfolder\NORTE 138 kV.ElmNet\Los Guzmancito.ElmSite\Planta_Los Guzmancito.ElmComp\Protection.ElmDsl,Grid Protection Model,TfoverfWT:IntMat,0,0,1.03
\VM-PF.IntUser\PDD 30-09-2025.IntPrj\Network Model.IntPrjfolder\Network Data.IntPrjfolder\NORTE 138 kV.ElmNet\Los Guzmancito.ElmSite\Planta_Los Guzmancito.ElmComp\Protection.ElmDsl,Grid Protection Model,TfoverfWT:IntMat,0,1,0.1
\VM-PF.IntUser\PDD 30-09-2025.IntPrj\Network Model.IntPrjfolder\Network Data.IntPrjfolder\NORTE 138 kV.ElmNet\Los Guzmancito.ElmSite\Planta_Los Guzmancito.ElmComp\Protection.ElmDsl,Grid Protection Model,TfoverfWT:IntMat,1,0,1.03
\VM-PF.IntUser\PDD 30-09-2025.IntPrj\Network Model.IntPrjfolder\Network Data.IntPrjfolder\NORTE 138 kV.ElmNet\Los Guzmancito.ElmSite\Planta_Los Guzmancito.ElmComp\Protection.ElmDsl,Grid Protection Model,TfoverfWT:IntMat,1,1,0.1
\VM-PF.IntUser\PDD 30-09-2025.IntPrj\Network Model.IntPrjfolder\Network Data.IntPrjfolder\NORTE 138 kV.ElmNet\Los Guzmancito.ElmSite\Planta_Los Guzmancito.ElmComp\Protection.ElmDsl,Grid Protection Model,TfunderfWT:IntMat,0,0,0.95
\VM-PF.IntUser\PDD 30-09-2025.IntPrj\Network Model.IntPrjfolder\Network Data.IntPrjfolder\NORTE 138 kV.ElmNet\Los Guzmancito.ElmSite\Planta_Los Guzmancito.ElmComp\Protection.ElmDsl,Grid Protection Model,TfunderfWT:IntMat,0,1,0.1
\VM-PF.IntUser\PDD 30-09-2025.IntPrj\Network Model.IntPrjfolder\Network Data.IntPrjfolder\NORTE 138 kV.ElmNet\Los Guzmancito.ElmSite\Planta_Los Guzmancito.ElmComp\Protection.ElmDsl,Grid Protection Model,TfunderfWT:IntMat,1,0,0.95
\VM-PF.IntUser\PDD 30-09-2025.IntPrj\Network Model.IntPrjfolder\Network Data.IntPrjfolder\NORTE 138 kV.ElmNet\Los Guzmancito.ElmSite\Planta_Los Guzmancito.ElmComp\Protection.ElmDsl,Grid Protection Model,TfunderfWT:IntMat,1,1,0.1
\VM-PF.IntUser\PDD 30-09-2025.IntPrj\Network Model.IntPrjfolder\Network Data.IntPrjfolder\NORTE 138 kV.ElmNet\Los Guzmancito.ElmSite\Planta_Los Guzmancito.ElmComp\Protection.ElmDsl,Grid Protection Model,TuoveruWT:IntMat,0,0,1.2
\VM-PF.IntUser\PDD 30-09-2025.IntPrj\Network Model.IntPrjfolder\Network Data.IntPrjfolder\NORTE 138 kV.ElmNet\Los Guzmancito.ElmSite\Planta_Los Guzmancito.ElmComp\Protection.ElmDsl,Grid Protection Model,TuoveruWT:IntMat,0,1,0.1
\VM-PF.IntUser\PDD 30-09-2025.IntPrj\Network Model.IntPrjfolder\Network Data.IntPrjfolder\NORTE 138 kV.ElmNet\Los Guzmancito.ElmSite\Planta_Los Guzmancito.ElmComp\Protection.ElmDsl,Grid Protection Model,TuoveruWT:IntMat,1,0,1.15
\VM-PF.IntUser\PDD 30-09-2025.IntPrj\Network Model.IntPrjfolder\Network Data.IntPrjfolder\NORTE 138 kV.ElmNet\Los Guzmancito.ElmSite\Planta_Los Guzmancito.ElmComp\Protection.ElmDsl,Grid Protection Model,TuoveruWT:IntMat,1,1,0.1
\VM-PF.IntUser\PDD 30-09-2025.IntPrj\Network Model.IntPrjfolder\Network Data.IntPrjfolder\NORTE 138 kV.ElmNet\Los Guzmancito.ElmSite\Planta_Los Guzmancito.ElmComp\Protection.ElmDsl,Grid Protection Model,TuoveruWT:IntMat,2,0,1.15
\VM-PF.IntUser\PDD 30-09-2025.IntPrj\Network Model.IntPrjfolder\Network Data.IntPrjfolder\NORTE 138 kV.ElmNet\Los Guzmancito.ElmSite\Planta_Los Guzmancito.ElmComp\Protection.ElmDsl,Grid Protection Model,TuoveruWT:IntMat,2,1,1.0
\VM-PF.IntUser\PDD 30-09-2025.IntPrj\Network Model.IntPrjfolder\Network Data.IntPrjfolder\NORTE 138 kV.ElmNet\Los Guzmancito.ElmSite\Planta_Los Guzmancito.ElmComp\Protection.ElmDsl,Grid Protection Model,TuoveruWT:IntMat,3,0,1.1
\VM-PF.IntUser\PDD 30-09-2025.IntPrj\Network Model.IntPrjfolder\Network Data.IntPrjfolder\NORTE 138 kV.ElmNet\Los Guzmancito.ElmSite\Planta_Los Guzmancito.ElmComp\Protection.ElmDsl,Grid Protection Model,TuoveruWT:IntMat,3,1,1.0
\VM-PF.IntUser\PDD 30-09-2025.IntPrj\Network Model.IntPrjfolder\Network Data.IntPrjfolder\NORTE 138 kV.ElmNet\Los Guzmancito.ElmSite\Planta_Los Guzmancito.ElmComp\Protection.ElmDsl,Grid Protection Model,TuunderuWT:IntMat,0,0,0.0
\VM-PF.IntUser\PDD 30-09-2025.IntPrj\Network Model.IntPrjfolder\Network Data.IntPrjfolder\NORTE 138 kV.ElmNet\Los Guzmancito.ElmSite\Planta_Los Guzmancito.ElmComp\Protection.ElmDsl,Grid Protection Model,TuunderuWT:IntMat,0,1,0.55
\VM-PF.IntUser\PDD 30-09-2025.IntPrj\Network Model.IntPrjfolder\Network Data.IntPrjfolder\NORTE 138 kV.ElmNet\Los Guzmancito.ElmSite\Planta_Los Guzmancito.ElmComp\Protection.ElmDsl,Grid Protection Model,TuunderuWT:IntMat,1,0,0.15
\VM-PF.IntUser\PDD 30-09-2025.IntPrj\Network Model.IntPrjfolder\Network Data.IntPrjfolder\NORTE 138 kV.ElmNet\Los Guzmancito.ElmSite\Planta_Los Guzmancito.ElmComp\Protection.ElmDsl,Grid Protection Model,TuunderuWT:IntMat,1,1,0.55
\VM-PF.IntUser\PDD 30-09-2025.IntPrj\Network Model.IntPrjfolder\Network Data.IntPrjfolder\NORTE 138 kV.ElmNet\Los Guzmancito.ElmSite\Planta_Los Guzmancito.ElmComp\Protection.ElmDsl,Grid Protection Model,TuunderuWT:IntMat,2,0,0.15
\VM-PF.IntUser\PDD 30-09-2025.IntPrj\Network Model.IntPrjfolder\Network Data.IntPrjfolder\NORTE 138 kV.ElmNet\Los Guzmancito.ElmSite\Planta_Los Guzmancito.ElmComp\Protection.ElmDsl,Grid Protection Model,TuunderuWT:IntMat,2,1,0.75
\VM-PF.IntUser\PDD 30-09-2025.IntPrj\Network Model.IntPrjfolder\Network Data.IntPrjfolder\NORTE 138 kV.ElmNet\Los Guzmancito.ElmSite\Planta_Los Guzmancito.ElmComp\Protection.ElmDsl,Grid Protection Model,TuunderuWT:IntMat,3,0,0.8
\VM-PF.IntUser\PDD 30-09-2025.IntPrj\Network Model.IntPrjfolder\Network Data.IntPrjfolder\NORTE 138 kV.ElmNet\Los Guzmancito.ElmSite\Planta_Los Guzmancito.ElmComp\Protection.ElmDsl,Grid Protection Model,TuunderuWT:IntMat,3,1,3.05
\VM-PF.IntUser\PDD 30-09-2025.IntPrj\Network Model.IntPrjfolder\Network Data.IntPrjfolder\NORTE 138 kV.ElmNet\Los Guzmancito.ElmSite\Planta_Los Guzmancito.ElmComp\Protection.ElmDsl,Grid Protection Model,TuunderuWT:IntMat,4,0,0.8
\VM-PF.IntUser\PDD 30-09-2025.IntPrj\Network Model.IntPrjfolder\Network Data.IntPrjfolder\NORTE 138 kV.ElmNet\Los Guzmancito.ElmSite\Planta_Los Guzmancito.ElmComp\Protection.ElmDsl,Grid Protection Model,TuunderuWT:IntMat,4,1,120.5
\VM-PF.IntUser\PDD 30-09-2025.IntPrj\Network Model.IntPrjfolder\Network Data.IntPrjfolder\NORTE 138 kV.ElmNet\Los Guzmancito.ElmSite\Planta_Los Guzmancito.ElmComp\Protection.ElmDsl,Grid Protection Model,TuunderuWT:IntMat,5,0,0.85
\VM-PF.IntUser\PDD 30-09-2025.IntPrj\Network Model.IntPrjfolder\Network Data.IntPrjfolder\NORTE 138 kV.ElmNet\Los Guzmancito.ElmSite\Planta_Los Guzmancito.ElmComp\Protection.ElmDsl,Grid Protection Model,TuunderuWT:IntMat,5,1,120.5
\VM-PF.IntUser\PDD 30-09-2025.IntPrj\Network Model.IntPrjfolder\Network Data.IntPrjfolder\NORTE 138 kV.ElmNet\Los Guzmancito.ElmSite\Planta_Los Guzmancito.ElmComp\Protection.ElmDsl,Grid Protection Model,TuunderuWT:IntMat,6,0,0.85
\VM-PF.IntUser\PDD 30-09-2025.IntPrj\Network Model.IntPrjfolder\Network Data.IntPrjfolder\NORTE 138 kV.ElmNet\Los Guzmancito.ElmSite\Planta_Los Guzmancito.ElmComp\Protection.ElmDsl,Grid Protection Model,TuunderuWT:IntMat,6,1,180.0
\VM-PF.IntUser\PDD 30-09-2025.IntPrj\Network Model.IntPrjfolder\Network Data.IntPrjfolder\NORTE 138 kV.ElmNet\Los Guzmancito.ElmSite\Planta_Los Guzmancito.ElmComp\Protection.ElmDsl,Grid Protection Model,TuunderuWT:IntMat,7,0,0.9
\VM-PF.IntUser\PDD 30-09-2025.IntPrj\Network Model.IntPrjfolder\Network Data.IntPrjfolder\NORTE 138 kV.ElmNet\Los Guzmancito.ElmSite\Planta_Los Guzmancito.ElmComp\Protection.ElmDsl,Grid Protection Model,TuunderuWT:IntMat,7,1,180.0
\VM-PF.IntUser\PDD 30-09-2025.IntPrj\Network Model.IntPrjfolder\Network Data.IntPrjfolder\NORTE 138 kV.ElmNet\Los Guzmancito.ElmSite\Planta_Los Guzmancito.ElmComp\QP and QU limitation model.ElmDsl,QP and QU limitation model,qmaxpp:IntMat,0,0,0.0
\VM-PF.IntUser\PDD 30-09-2025.IntPrj\Network Model.IntPrjfolder\Network Data.IntPrjfolder\NORTE 138 kV.ElmNet\Los Guzmancito.ElmSite\Planta_Los Guzmancito.ElmComp\QP and QU limitation model.ElmDsl,QP and QU limitation model,qmaxpp:IntMat,0,1,0.0
\VM-PF.IntUser\PDD 30-09-2025.IntPrj\Network Model.IntPrjfolder\Network Data.IntPrjfolder\NORTE 138 kV.ElmNet\Los Guzmancito.ElmSite\Planta_Los Guzmancito.ElmComp\QP and QU limitation model.ElmDsl,QP and QU limitation model,qmaxpp:IntMat,1,0,0.3
\VM-PF.IntUser\PDD 30-09-2025.IntPrj\Network Model.IntPrjfolder\Network Data.IntPrjfolder\NORTE 138 kV.ElmNet\Los Guzmancito.ElmSite\Planta_Los Guzmancito.ElmComp\QP and QU limitation model.ElmDsl,QP and QU limitation model,qmaxpp:IntMat,1,1,0.33
\VM-PF.IntUser\PDD 30-09-2025.IntPrj\Network Model.IntPrjfolder\Network Data.IntPrjfolder\NORTE 138 kV.ElmNet\Los Guzmancito.ElmSite\Planta_Los Guzmancito.ElmComp\QP and QU limitation model.ElmDsl,QP and QU limitation model,qmaxpp:IntMat,2,0,1.0
\VM-PF.IntUser\PDD 30-09-2025.IntPrj\Network Model.IntPrjfolder\Network Data.IntPrjfolder\NORTE 138 kV.ElmNet\Los Guzmancito.ElmSite\Planta_Los Guzmancito.ElmComp\QP and QU limitation model.ElmDsl,QP and QU limitation model,qmaxpp:IntMat,2,1,0.33
\VM-PF.IntUser\PDD 30-09-2025.IntPrj\Network Model.IntPrjfolder\Network Data.IntPrjfolder\NORTE 138 kV.ElmNet\Los Guzmancito.ElmSite\Planta_Los Guzmancito.ElmComp\QP and QU limitation model.ElmDsl,QP and QU limitation model,qmaxuu:IntMat,0,0,0.0
\VM-PF.IntUser\PDD 30-09-2025.IntPrj\Network Model.IntPrjfolder\Network Data.IntPrjfolder\NORTE 138 kV.ElmNet\Los Guzmancito.ElmSite\Planta_Los Guzmancito.ElmComp\QP and QU limitation model.ElmDsl,QP and QU limitation model,qmaxuu:IntMat,0,1,0.0
\VM-PF.IntUser\PDD 30-09-2025.IntPrj\Network Model.IntPrjfolder\Network Data.IntPrjfolder\NORTE 138 kV.ElmNet\Los Guzmancito.ElmSite\Planta_Los Guzmancito.ElmComp\QP and QU limitation model.ElmDsl,QP and QU limitation model,qmaxuu:IntMat,1,0,0.8
\VM-PF.IntUser\PDD 30-09-2025.IntPrj\Network Model.IntPrjfolder\Network Data.IntPrjfolder\NORTE 138 kV.ElmNet\Los Guzmancito.ElmSite\Planta_Los Guzmancito.ElmComp\QP and QU limitation model.ElmDsl,QP and QU limitation model,qmaxuu:IntMat,1,1,0.33
\VM-PF.IntUser\PDD 30-09-2025.IntPrj\Network Model.IntPrjfolder\Network Data.IntPrjfolder\NORTE 138 kV.ElmNet\Los Guzmancito.ElmSite\Planta_Los Guzmancito.ElmComp\QP and QU limitation model.ElmDsl,QP and QU limitation model,qmaxuu:IntMat,2,0,0.9
\VM-PF.IntUser\PDD 30-09-2025.IntPrj\Network Model.IntPrjfolder\Network Data.IntPrjfolder\NORTE 138 kV.ElmNet\Los Guzmancito.ElmSite\Planta_Los Guzmancito.ElmComp\QP and QU limitation model.ElmDsl,QP and QU limitation model,qmaxuu:IntMat,2,1,0.33
\VM-PF.IntUser\PDD 30-09-2025.IntPrj\Network Model.IntPrjfolder\Network Data.IntPrjfolder\NORTE 138 kV.ElmNet\Los Guzmancito.ElmSite\Planta_Los Guzmancito.ElmComp\QP and QU limitation model.ElmDsl,QP and QU limitation model,qminpp:IntMat,0,0,0.0
\VM-PF.IntUser\PDD 30-09-2025.IntPrj\Network Model.IntPrjfolder\Network Data.IntPrjfolder\NORTE 138 kV.ElmNet\Los Guzmancito.ElmSite\Planta_Los Guzmancito.ElmComp\QP and QU limitation model.ElmDsl,QP and QU limitation model,qminpp:IntMat,0,1,0.0
\VM-PF.IntUser\PDD 30-09-2025.IntPrj\Network Model.IntPrjfolder\Network Data.IntPrjfolder\NORTE 138 kV.ElmNet\Los Guzmancito.ElmSite\Planta_Los Guzmancito.ElmComp\QP and QU limitation model.ElmDsl,QP and QU limitation model,qminpp:IntMat,1,0,0.3
\VM-PF.IntUser\PDD 30-09-2025.IntPrj\Network Model.IntPrjfolder\Network Data.IntPrjfolder\NORTE 138 kV.ElmNet\Los Guzmancito.ElmSite\Planta_Los Guzmancito.ElmComp\QP and QU limitation model.ElmDsl,QP and QU limitation model,qminpp:IntMat,1,1,-0.33
\VM-PF.IntUser\PDD 30-09-2025.IntPrj\Network Model.IntPrjfolder\Network Data.IntPrjfolder\NORTE 138 kV.ElmNet\Los Guzmancito.ElmSite\Planta_Los Guzmancito.ElmComp\QP and QU limitation model.ElmDsl,QP and QU limitation model,qminpp:IntMat,2,0,1.0
\VM-PF.IntUser\PDD 30-09-2025.IntPrj\Network Model.IntPrjfolder\Network Data.IntPrjfolder\NORTE 138 kV.ElmNet\Los Guzmancito.ElmSite\Planta_Los Guzmancito.ElmComp\QP and QU limitation model.ElmDsl,QP and QU limitation model,qminpp:IntMat,2,1,-0.33
\VM-PF.IntUser\PDD 30-09-2025.IntPrj\Network Model.IntPrjfolder\Network Data.IntPrjfolder\NORTE 138 kV.ElmNet\Los Guzmancito.ElmSite\Planta_Los Guzmancito.ElmComp\QP and QU limitation model.ElmDsl,QP and QU limitation model,qminuu:IntMat,0,0,0.0
\VM-PF.IntUser\PDD 30-09-2025.IntPrj\Network Model.IntPrjfolder\Network Data.IntPrjfolder\NORTE 138 kV.ElmNet\Los Guzmancito.ElmSite\Planta_Los Guzmancito.ElmComp\QP and QU limitation model.ElmDsl,QP and QU limitation model,qminuu:IntMat,0,1,0.0
\VM-PF.IntUser\PDD 30-09-2025.IntPrj\Network Model.IntPrjfolder\Network Data.IntPrjfolder\NORTE 138 kV.ElmNet\Los Guzmancito.ElmSite\Planta_Los Guzmancito.ElmComp\QP and QU limitation model.ElmDsl,QP and QU limitation model,qminuu:IntMat,1,0,0.8
\VM-PF.IntUser\PDD 30-09-2025.IntPrj\Network Model.IntPrjfolder\Network Data.IntPrjfolder\NORTE 138 kV.ElmNet\Los Guzmancito.ElmSite\Planta_Los Guzmancito.ElmComp\QP and QU limitation model.ElmDsl,QP and QU limitation model,qminuu:IntMat,1,1,-0.33
\VM-PF.IntUser\PDD 30-09-2025.IntPrj\Network Model.IntPrjfolder\Network Data.IntPrjfolder\NORTE 138 kV.ElmNet\Los Guzmancito.ElmSite\Planta_Los Guzmancito.ElmComp\QP and QU limitation model.ElmDsl,QP and QU limitation model,qminuu:IntMat,2,0,0.9
\VM-PF.IntUser\PDD 30-09-2025.IntPrj\Network Model.IntPrjfolder\Network Data.IntPrjfolder\NORTE 138 kV.ElmNet\Los Guzmancito.ElmSite\Planta_Los Guzmancito.ElmComp\QP and QU limitation model.ElmDsl,QP and QU limitation model,qminuu:IntMat,2,1,-0.33
\VM-PF.IntUser\PDD 30-09-2025.IntPrj\Network Model.IntPrjfolder\Network Data.IntPrjfolder\NORTE 138 kV.ElmNet\Los Guzmancito.ElmSite\Planta_Los Guzmancito 2.ElmComp\Current limitation model.ElmDsl,Current limitation model,ipmaxuWT:IntMat,0,0,0.0
\VM-PF.IntUser\PDD 30-09-2025.IntPrj\Network Model.IntPrjfolder\Network Data.IntPrjfolder\NORTE 138 kV.ElmNet\Los Guzmancito.ElmSite\Planta_Los Guzmancito 2.ElmComp\Current limitation model.ElmDsl,Current limitation model,ipmaxuWT:IntMat,0,1,0.0
\VM-PF.IntUser\PDD 30-09-2025.IntPrj\Network Model.IntPrjfolder\Network Data.IntPrjfolder\NORTE 138 kV.ElmNet\Los Guzmancito.ElmSite\Planta_Los Guzmancito 2.ElmComp\Current limitation model.ElmDsl,Current limitation model,ipmaxuWT:IntMat,1,0,0.1
\VM-PF.IntUser\PDD 30-09-2025.IntPrj\Network Model.IntPrjfolder\Network Data.IntPrjfolder\NORTE 138 kV.ElmNet\Los Guzmancito.ElmSite\Planta_Los Guzmancito 2.ElmComp\Current limitation model.ElmDsl,Current limitation model,ipmaxuWT:IntMat,1,1,0.0
\VM-PF.IntUser\PDD 30-09-2025.IntPrj\Network Model.IntPrjfolder\Network Data.IntPrjfolder\NORTE 138 kV.ElmNet\Los Guzmancito.ElmSite\Planta_Los Guzmancito 2.ElmComp\Current limitation model.ElmDsl,Current limitation model,ipmaxuWT:IntMat,2,0,0.15
\VM-PF.IntUser\PDD 30-09-2025.IntPrj\Network Model.IntPrjfolder\Network Data.IntPrjfolder\NORTE 138 kV.ElmNet\Los Guzmancito.ElmSite\Planta_Los Guzmancito 2.ElmComp\Current limitation model.ElmDsl,Current limitation model,ipmaxuWT:IntMat,2,1,1.0
\VM-PF.IntUser\PDD 30-09-2025.IntPrj\Network Model.IntPrjfolder\Network Data.IntPrjfolder\NORTE 138 kV.ElmNet\Los Guzmancito.ElmSite\Planta_Los Guzmancito 2.ElmComp\Current limitation model.ElmDsl,Current limitation model,ipmaxuWT:IntMat,3,0,0.9
\VM-PF.IntUser\PDD 30-09-2025.IntPrj\Network Model.IntPrjfolder\Network Data.IntPrjfolder\NORTE 138 kV.ElmNet\Los Guzmancito.ElmSite\Planta_Los Guzmancito 2.ElmComp\Current limitation model.ElmDsl,Current limitation model,ipmaxuWT:IntMat,3,1,1.0
\VM-PF.IntUser\PDD 30-09-2025.IntPrj\Network Model.IntPrjfolder\Network Data.IntPrjfolder\NORTE 138 kV.ElmNet\Los Guzmancito.ElmSite\Planta_Los Guzmancito 2.ElmComp\Current limitation model.ElmDsl,Current limitation model,ipmaxuWT:IntMat,4,0,0.91
\VM-PF.IntUser\PDD 30-09-2025.IntPrj\Network Model.IntPrjfolder\Network Data.IntPrjfolder\NORTE 138 kV.ElmNet\Los Guzmancito.ElmSite\Planta_Los Guzmancito 2.ElmComp\Current limitation model.ElmDsl,Current limitation model,ipmaxuWT:IntMat,4,1,1.2
\VM-PF.IntUser\PDD 30-09-2025.IntPrj\Network Model.IntPrjfolder\Network Data.IntPrjfolder\NORTE 138 kV.ElmNet\Los Guzmancito.ElmSite\Planta_Los Guzmancito 2.ElmComp\Current limitation model.ElmDsl,Current limitation model,ipmaxuWT:IntMat,5,0,1.2
\VM-PF.IntUser\PDD 30-09-2025.IntPrj\Network Model.IntPrjfolder\Network Data.IntPrjfolder\NORTE 138 kV.ElmNet\Los Guzmancito.ElmSite\Planta_Los Guzmancito 2.ElmComp\Current limitation model.ElmDsl,Current limitation model,ipmaxuWT:IntMat,5,1,1.2
\VM-PF.IntUser\PDD 30-09-2025.IntPrj\Network Model.IntPrjfolder\Network Data.IntPrjfolder\NORTE 138 kV.ElmNet\Los Guzmancito.ElmSite\Planta_Los Guzmancito 2.ElmComp\Current limitation model.ElmDsl,Current limitation model,iqmaxuWT:IntMat,0,0,0.0
\VM-PF.IntUser\PDD 30-09-2025.IntPrj\Network Model.IntPrjfolder\Network Data.IntPrjfolder\NORTE 138 kV.ElmNet\Los Guzmancito.ElmSite\Planta_Los Guzmancito 2.ElmComp\Current limitation model.ElmDsl,Current limitation model,iqmaxuWT:IntMat,0,1,0.1
\VM-PF.IntUser\PDD 30-09-2025.IntPrj\Network Model.IntPrjfolder\Network Data.IntPrjfolder\NORTE 138 kV.ElmNet\Los Guzmancito.ElmSite\Planta_Los Guzmancito 2.ElmComp\Current limitation model.ElmDsl,Current limitation model,iqmaxuWT:IntMat,1,0,0.2
\VM-PF.IntUser\PDD 30-09-2025.IntPrj\Network Model.IntPrjfolder\Network Data.IntPrjfolder\NORTE 138 kV.ElmNet\Los Guzmancito.ElmSite\Planta_Los Guzmancito 2.ElmComp\Current limitation model.ElmDsl,Current limitation model,iqmaxuWT:IntMat,1,1,0.95
\VM-PF.IntUser\PDD 30-09-2025.IntPrj\Network Model.IntPrjfolder\Network Data.IntPrjfolder\NORTE 138 kV.ElmNet\Los Guzmancito.ElmSite\Planta_Los Guzmancito 2.ElmComp\Current limitation model.ElmDsl,Current limitation model,iqmaxuWT:IntMat,2,0,0.2
\VM-PF.IntUser\PDD 30-09-2025.IntPrj\Network Model.IntPrjfolder\Network Data.IntPrjfolder\NORTE 138 kV.ElmNet\Los Guzmancito.ElmSite\Planta_Los Guzmancito 2.ElmComp\Current limitation model.ElmDsl,Current limitation model,iqmaxuWT:IntMat,2,1,1.0
\VM-PF.IntUser\PDD 30-09-2025.IntPrj\Network Model.IntPrjfolder\Network Data.IntPrjfolder\NORTE 138 kV.ElmNet\Los Guzmancito.ElmSite\Planta_Los Guzmancito 2.ElmComp\Current limitation model.ElmDsl,Current limitation model,iqmaxuWT:IntMat,3,0,0.9
\VM-PF.IntUser\PDD 30-09-2025.IntPrj\Network Model.IntPrjfolder\Network Data.IntPrjfolder\NORTE 138 kV.ElmNet\Los Guzmancito.ElmSite\Planta_Los Guzmancito 2.ElmComp\Current limitation model.ElmDsl,Current limitation model,iqmaxuWT:IntMat,3,1,1.0
\VM-PF.IntUser\PDD 30-09-2025.IntPrj\Network Model.IntPrjfolder\Network Data.IntPrjfolder\NORTE 138 kV.ElmNet\Los Guzmancito.ElmSite\Planta_Los Guzmancito 2.ElmComp\Current limitation model.ElmDsl,Current limitation model,iqmaxuWT:IntMat,4,0,0.9
\VM-PF.IntUser\PDD 30-09-2025.IntPrj\Network Model.IntPrjfolder\Network Data.IntPrjfolder\NORTE 138 kV.ElmNet\Los Guzmancito.ElmSite\Planta_Los Guzmancito 2.ElmComp\Current limitation model.ElmDsl,Current limitation model,iqmaxuWT:IntMat,4,1,0.36
\VM-PF.IntUser\PDD 30-09-2025.IntPrj\Network Model.IntPrjfolder\Network Data.IntPrjfolder\NORTE 138 kV.ElmNet\Los Guzmancito.ElmSite\Planta_Los Guzmancito 2.ElmComp\Current limitation model.ElmDsl,Current limitation model,iqmaxuWT:IntMat,5,0,1.1
\VM-PF.IntUser\PDD 30-09-2025.IntPrj\Network Model.IntPrjfolder\Network Data.IntPrjfolder\NORTE 138 kV.ElmNet\Los Guzmancito.ElmSite\Planta_Los Guzmancito 2.ElmComp\Current limitation model.ElmDsl,Current limitation model,iqmaxuWT:IntMat,5,1,0.3
\VM-PF.IntUser\PDD 30-09-2025.IntPrj\Network Model.IntPrjfolder\Network Data.IntPrjfolder\NORTE 138 kV.ElmNet\Los Guzmancito.ElmSite\Planta_Los Guzmancito 2.ElmComp\P control model type 3.ElmDsl,P control model type 3,wp:IntMat,0,0,0.0
\VM-PF.IntUser\PDD 30-09-2025.IntPrj\Network Model.IntPrjfolder\Network Data.IntPrjfolder\NORTE 138 kV.ElmNet\Los Guzmancito.ElmSite\Planta_Los Guzmancito 2.ElmComp\P control model type 3.ElmDsl,P control model type 3,wp:IntMat,0,1,0.76
\VM-PF.IntUser\PDD 30-09-2025.IntPrj\Network Model.IntPrjfolder\Network Data.IntPrjfolder\NORTE 138 kV.ElmNet\Los Guzmancito.ElmSite\Planta_Los Guzmancito 2.ElmComp\P control model type 3.ElmDsl,P control model type 3,wp:IntMat,1,0,0.3
\VM-PF.IntUser\PDD 30-09-2025.IntPrj\Network Model.IntPrjfolder\Network Data.IntPrjfolder\NORTE 138 kV.ElmNet\Los Guzmancito.ElmSite\Planta_Los Guzmancito 2.ElmComp\P control model type 3.ElmDsl,P control model type 3,wp:IntMat,1,1,0.76
\VM-PF.IntUser\PDD 30-09-2025.IntPrj\Network Model.IntPrjfolder\Network Data.IntPrjfolder\NORTE 138 kV.ElmNet\Los Guzmancito.ElmSite\Planta_Los Guzmancito 2.ElmComp\P control model type 3.ElmDsl,P control model type 3,wp:IntMat,2,0,0.31
\VM-PF.IntUser\PDD 30-09-2025.IntPrj\Network Model.IntPrjfolder\Network Data.IntPrjfolder\NORTE 138 kV.ElmNet\Los Guzmancito.ElmSite\Planta_Los Guzmancito 2.ElmComp\P control model type 3.ElmDsl,P control model type 3,wp:IntMat,2,1,0.86
\VM-PF.IntUser\PDD 30-09-2025.IntPrj\Network Model.IntPrjfolder\Network Data.IntPrjfolder\NORTE 138 kV.ElmNet\Los Guzmancito.ElmSite\Planta_Los Guzmancito 2.ElmComp\P control model type 3.ElmDsl,P control model type 3,wp:IntMat,3,0,0.4
\VM-PF.IntUser\PDD 30-09-2025.IntPrj\Network Model.IntPrjfolder\Network Data.IntPrjfolder\NORTE 138 kV.ElmNet\Los Guzmancito.ElmSite\Planta_Los Guzmancito 2.ElmComp\P control model type 3.ElmDsl,P control model type 3,wp:IntMat,3,1,0.94
\VM-PF.IntUser\PDD 30-09-2025.IntPrj\Network Model.IntPrjfolder\Network Data.IntPrjfolder\NORTE 138 kV.ElmNet\Los Guzmancito.ElmSite\Planta_Los Guzmancito 2.ElmComp\P control model type 3.ElmDsl,P control model type 3,wp:IntMat,4,0,0.5
\VM-PF.IntUser\PDD 30-09-2025.IntPrj\Network Model.IntPrjfolder\Network Data.IntPrjfolder\NORTE 138 kV.ElmNet\Los Guzmancito.ElmSite\Planta_Los Guzmancito 2.ElmComp\P control model type 3.ElmDsl,P control model type 3,wp:IntMat,4,1,1.0
\VM-PF.IntUser\PDD 30-09-2025.IntPrj\Network Model.IntPrjfolder\Network Data.IntPrjfolder\NORTE 138 kV.ElmNet\Los Guzmancito.ElmSite\Planta_Los Guzmancito 2.ElmComp\P control model type 3.ElmDsl,P control model type 3,wp:IntMat,5,0,1.0
\VM-PF.IntUser\PDD 30-09-2025.IntPrj\Network Model.IntPrjfolder\Network Data.IntPrjfolder\NORTE 138 kV.ElmNet\Los Guzmancito.ElmSite\Planta_Los Guzmancito 2.ElmComp\P control model type 3.ElmDsl,P control model type 3,wp:IntMat,5,1,1.0
\VM-PF.IntUser\PDD 30-09-2025.IntPrj\Network Model.IntPrjfolder\Network Data.IntPrjfolder\NORTE 138 kV.ElmNet\Los Guzmancito.ElmSite\Planta_Los Guzmancito 2.ElmComp\Protection.ElmDsl,Grid Protection Model,TfoverfWT:IntMat,0,0,1.03
\VM-PF.IntUser\PDD 30-09-2025.IntPrj\Network Model.IntPrjfolder\Network Data.IntPrjfolder\NORTE 138 kV.ElmNet\Los Guzmancito.ElmSite\Planta_Los Guzmancito 2.ElmComp\Protection.ElmDsl,Grid Protection Model,TfoverfWT:IntMat,0,1,0.1
\VM-PF.IntUser\PDD 30-09-2025.IntPrj\Network Model.IntPrjfolder\Network Data.IntPrjfolder\NORTE 138 kV.ElmNet\Los Guzmancito.ElmSite\Planta_Los Guzmancito 2.ElmComp\Protection.ElmDsl,Grid Protection Model,TfoverfWT:IntMat,1,0,1.03
\VM-PF.IntUser\PDD 30-09-2025.IntPrj\Network Model.IntPrjfolder\Network Data.IntPrjfolder\NORTE 138 kV.ElmNet\Los Guzmancito.ElmSite\Planta_Los Guzmancito 2.ElmComp\Protection.ElmDsl,Grid Protection Model,TfoverfWT:IntMat,1,1,0.1
\VM-PF.IntUser\PDD 30-09-2025.IntPrj\Network Model.IntPrjfolder\Network Data.IntPrjfolder\NORTE 138 kV.ElmNet\Los Guzmancito.ElmSite\Planta_Los Guzmancito 2.ElmComp\Protection.ElmDsl,Grid Protection Model,TfunderfWT:IntMat,0,0,0.95
\VM-PF.IntUser\PDD 30-09-2025.IntPrj\Network Model.IntPrjfolder\Network Data.IntPrjfolder\NORTE 138 kV.ElmNet\Los Guzmancito.ElmSite\Planta_Los Guzmancito 2.ElmComp\Protection.ElmDsl,Grid Protection Model,TfunderfWT:IntMat,0,1,0.1
\VM-PF.IntUser\PDD 30-09-2025.IntPrj\Network Model.IntPrjfolder\Network Data.IntPrjfolder\NORTE 138 kV.ElmNet\Los Guzmancito.ElmSite\Planta_Los Guzmancito 2.ElmComp\Protection.ElmDsl,Grid Protection Model,TfunderfWT:IntMat,1,0,0.95
\VM-PF.IntUser\PDD 30-09-2025.IntPrj\Network Model.IntPrjfolder\Network Data.IntPrjfolder\NORTE 138 kV.ElmNet\Los Guzmancito.ElmSite\Planta_Los Guzmancito 2.ElmComp\Protection.ElmDsl,Grid Protection Model,TfunderfWT:IntMat,1,1,0.1
\VM-PF.IntUser\PDD 30-09-2025.IntPrj\Network Model.IntPrjfolder\Network Data.IntPrjfolder\NORTE 138 kV.ElmNet\Los Guzmancito.ElmSite\Planta_Los Guzmancito 2.ElmComp\Protection.ElmDsl,Grid Protection Model,TuoveruWT:IntMat,0,0,1.2
\VM-PF.IntUser\PDD 30-09-2025.IntPrj\Network Model.IntPrjfolder\Network Data.IntPrjfolder\NORTE 138 kV.ElmNet\Los Guzmancito.ElmSite\Planta_Los Guzmancito 2.ElmComp\Protection.ElmDsl,Grid Protection Model,TuoveruWT:IntMat,0,1,0.1
\VM-PF.IntUser\PDD 30-09-2025.IntPrj\Network Model.IntPrjfolder\Network Data.IntPrjfolder\NORTE 138 kV.ElmNet\Los Guzmancito.ElmSite\Planta_Los Guzmancito 2.ElmComp\Protection.ElmDsl,Grid Protection Model,TuoveruWT:IntMat,1,0,1.15
\VM-PF.IntUser\PDD 30-09-2025.IntPrj\Network Model.IntPrjfolder\Network Data.IntPrjfolder\NORTE 138 kV.ElmNet\Los Guzmancito.ElmSite\Planta_Los Guzmancito 2.ElmComp\Protection.ElmDsl,Grid Protection Model,TuoveruWT:IntMat,1,1,0.1
\VM-PF.IntUser\PDD 30-09-2025.IntPrj\Network Model.IntPrjfolder\Network Data.IntPrjfolder\NORTE 138 kV.ElmNet\Los Guzmancito.ElmSite\Planta_Los Guzmancito 2.ElmComp\Protection.ElmDsl,Grid Protection Model,TuoveruWT:IntMat,2,0,1.15
\VM-PF.IntUser\PDD 30-09-2025.IntPrj\Network Model.IntPrjfolder\Network Data.IntPrjfolder\NORTE 138 kV.ElmNet\Los Guzmancito.ElmSite\Planta_Los Guzmancito 2.ElmComp\Protection.ElmDsl,Grid Protection Model,TuoveruWT:IntMat,2,1,1.0
\VM-PF.IntUser\PDD 30-09-2025.IntPrj\Network Model.IntPrjfolder\Network Data.IntPrjfolder\NORTE 138 kV.ElmNet\Los Guzmancito.ElmSite\Planta_Los Guzmancito 2.ElmComp\Protection.ElmDsl,Grid Protection Model,TuoveruWT:IntMat,3,0,1.1
\VM-PF.IntUser\PDD 30-09-2025.IntPrj\Network Model.IntPrjfolder\Network Data.IntPrjfolder\NORTE 138 kV.ElmNet\Los Guzmancito.ElmSite\Planta_Los Guzmancito 2.ElmComp\Protection.ElmDsl,Grid Protection Model,TuoveruWT:IntMat,3,1,1.0
\VM-PF.IntUser\PDD 30-09-2025.IntPrj\Network Model.IntPrjfolder\Network Data.IntPrjfolder\NORTE 138 kV.ElmNet\Los Guzmancito.ElmSite\Planta_Los Guzmancito 2.ElmComp\Protection.ElmDsl,Grid Protection Model,TuunderuWT:IntMat,0,0,0.0
\VM-PF.IntUser\PDD 30-09-2025.IntPrj\Network Model.IntPrjfolder\Network Data.IntPrjfolder\NORTE 138 kV.ElmNet\Los Guzmancito.ElmSite\Planta_Los Guzmancito 2.ElmComp\Protection.ElmDsl,Grid Protection Model,TuunderuWT:IntMat,0,1,0.55
\VM-PF.IntUser\PDD 30-09-2025.IntPrj\Network Model.IntPrjfolder\Network Data.IntPrjfolder\NORTE 138 kV.ElmNet\Los Guzmancito.ElmSite\Planta_Los Guzmancito 2.ElmComp\Protection.ElmDsl,Grid Protection Model,TuunderuWT:IntMat,1,0,0.15
\VM-PF.IntUser\PDD 30-09-2025.IntPrj\Network Model.IntPrjfolder\Network Data.IntPrjfolder\NORTE 138 kV.ElmNet\Los Guzmancito.ElmSite\Planta_Los Guzmancito 2.ElmComp\Protection.ElmDsl,Grid Protection Model,TuunderuWT:IntMat,1,1,0.55
\VM-PF.IntUser\PDD 30-09-2025.IntPrj\Network Model.IntPrjfolder\Network Data.IntPrjfolder\NORTE 138 kV.ElmNet\Los Guzmancito.ElmSite\Planta_Los Guzmancito 2.ElmComp\Protection.ElmDsl,Grid Protection Model,TuunderuWT:IntMat,2,0,0.15
\VM-PF.IntUser\PDD 30-09-2025.IntPrj\Network Model.IntPrjfolder\Network Data.IntPrjfolder\NORTE 138 kV.ElmNet\Los Guzmancito.ElmSite\Planta_Los Guzmancito 2.ElmComp\Protection.ElmDsl,Grid Protection Model,TuunderuWT:IntMat,2,1,0.75
\VM-PF.IntUser\PDD 30-09-2025.IntPrj\Network Model.IntPrjfolder\Network Data.IntPrjfolder\NORTE 138 kV.ElmNet\Los Guzmancito.ElmSite\Planta_Los Guzmancito 2.ElmComp\Protection.ElmDsl,Grid Protection Model,TuunderuWT:IntMat,3,0,0.8
\VM-PF.IntUser\PDD 30-09-2025.IntPrj\Network Model.IntPrjfolder\Network Data.IntPrjfolder\NORTE 138 kV.ElmNet\Los Guzmancito.ElmSite\Planta_Los Guzmancito 2.ElmComp\Protection.ElmDsl,Grid Protection Model,TuunderuWT:IntMat,3,1,3.05
\VM-PF.IntUser\PDD 30-09-2025.IntPrj\Network Model.IntPrjfolder\Network Data.IntPrjfolder\NORTE 138 kV.ElmNet\Los Guzmancito.ElmSite\Planta_Los Guzmancito 2.ElmComp\Protection.ElmDsl,Grid Protection Model,TuunderuWT:IntMat,4,0,0.8
\VM-PF.IntUser\PDD 30-09-2025.IntPrj\Network Model.IntPrjfolder\Network Data.IntPrjfolder\NORTE 138 kV.ElmNet\Los Guzmancito.ElmSite\Planta_Los Guzmancito 2.ElmComp\Protection.ElmDsl,Grid Protection Model,TuunderuWT:IntMat,4,1,120.5
\VM-PF.IntUser\PDD 30-09-2025.IntPrj\Network Model.IntPrjfolder\Network Data.IntPrjfolder\NORTE 138 kV.ElmNet\Los Guzmancito.ElmSite\Planta_Los Guzmancito 2.ElmComp\Protection.ElmDsl,Grid Protection Model,TuunderuWT:IntMat,5,0,0.85
\VM-PF.IntUser\PDD 30-09-2025.IntPrj\Network Model.IntPrjfolder\Network Data.IntPrjfolder\NORTE 138 kV.ElmNet\Los Guzmancito.ElmSite\Planta_Los Guzmancito 2.ElmComp\Protection.ElmDsl,Grid Protection Model,TuunderuWT:IntMat,5,1,120.5
\VM-PF.IntUser\PDD 30-09-2025.IntPrj\Network Model.IntPrjfolder\Network Data.IntPrjfolder\NORTE 138 kV.ElmNet\Los Guzmancito.ElmSite\Planta_Los Guzmancito 2.ElmComp\Protection.ElmDsl,Grid Protection Model,TuunderuWT:IntMat,6,0,0.85
\VM-PF.IntUser\PDD 30-09-2025.IntPrj\Network Model.IntPrjfolder\Network Data.IntPrjfolder\NORTE 138 kV.ElmNet\Los Guzmancito.ElmSite\Planta_Los Guzmancito 2.ElmComp\Protection.ElmDsl,Grid Protection Model,TuunderuWT:IntMat,6,1,180.0
\VM-PF.IntUser\PDD 30-09-2025.IntPrj\Network Model.IntPrjfolder\Network Data.IntPrjfolder\NORTE 138 kV.ElmNet\Los Guzmancito.ElmSite\Planta_Los Guzmancito 2.ElmComp\Protection.ElmDsl,Grid Protection Model,TuunderuWT:IntMat,7,0,0.9
\VM-PF.IntUser\PDD 30-09-2025.IntPrj\Network Model.IntPrjfolder\Network Data.IntPrjfolder\NORTE 138 kV.ElmNet\Los Guzmancito.ElmSite\Planta_Los Guzmancito 2.ElmComp\Protection.ElmDsl,Grid Protection Model,TuunderuWT:IntMat,7,1,180.0
\VM-PF.IntUser\PDD 30-09-2025.IntPrj\Network Model.IntPrjfolder\Network Data.IntPrjfolder\NORTE 138 kV.ElmNet\Los Guzmancito.ElmSite\Planta_Los Guzmancito 2.ElmComp\QP and QU limitation model.ElmDsl,QP and QU limitation model,qmaxpp:IntMat,0,0,0.0
\VM-PF.IntUser\PDD 30-09-2025.IntPrj\Network Model.IntPrjfolder\Network Data.IntPrjfolder\NORTE 138 kV.ElmNet\Los Guzmancito.ElmSite\Planta_Los Guzmancito 2.ElmComp\QP and QU limitation model.ElmDsl,QP and QU limitation model,qmaxpp:IntMat,0,1,0.0
\VM-PF.IntUser\PDD 30-09-2025.IntPrj\Network Model.IntPrjfolder\Network Data.IntPrjfolder\NORTE 138 kV.ElmNet\Los Guzmancito.ElmSite\Planta_Los Guzmancito 2.ElmComp\QP and QU limitation model.ElmDsl,QP and QU limitation model,qmaxpp:IntMat,1,0,0.3
\VM-PF.IntUser\PDD 30-09-2025.IntPrj\Network Model.IntPrjfolder\Network Data.IntPrjfolder\NORTE 138 kV.ElmNet\Los Guzmancito.ElmSite\Planta_Los Guzmancito 2.ElmComp\QP and QU limitation model.ElmDsl,QP and QU limitation model,qmaxpp:IntMat,1,1,0.33
\VM-PF.IntUser\PDD 30-09-2025.IntPrj\Network Model.IntPrjfolder\Network Data.IntPrjfolder\NORTE 138 kV.ElmNet\Los Guzmancito.ElmSite\Planta_Los Guzmancito 2.ElmComp\QP and QU limitation model.ElmDsl,QP and QU limitation model,qmaxpp:IntMat,2,0,1.0
\VM-PF.IntUser\PDD 30-09-2025.IntPrj\Network Model.IntPrjfolder\Network Data.IntPrjfolder\NORTE 138 kV.ElmNet\Los Guzmancito.ElmSite\Planta_Los Guzmancito 2.ElmComp\QP and QU limitation model.ElmDsl,QP and QU limitation model,qmaxpp:IntMat,2,1,0.33
\VM-PF.IntUser\PDD 30-09-2025.IntPrj\Network Model.IntPrjfolder\Network Data.IntPrjfolder\NORTE 138 kV.ElmNet\Los Guzmancito.ElmSite\Planta_Los Guzmancito 2.ElmComp\QP and QU limitation model.ElmDsl,QP and QU limitation model,qmaxuu:IntMat,0,0,0.0
\VM-PF.IntUser\PDD 30-09-2025.IntPrj\Network Model.IntPrjfolder\Network Data.IntPrjfolder\NORTE 138 kV.ElmNet\Los Guzmancito.ElmSite\Planta_Los Guzmancito 2.ElmComp\QP and QU limitation model.ElmDsl,QP and QU limitation model,qmaxuu:IntMat,0,1,0.0
\VM-PF.IntUser\PDD 30-09-2025.IntPrj\Network Model.IntPrjfolder\Network Data.IntPrjfolder\NORTE 138 kV.ElmNet\Los Guzmancito.ElmSite\Planta_Los Guzmancito 2.ElmComp\QP and QU limitation model.ElmDsl,QP and QU limitation model,qmaxuu:IntMat,1,0,0.8
\VM-PF.IntUser\PDD 30-09-2025.IntPrj\Network Model.IntPrjfolder\Network Data.IntPrjfolder\NORTE 138 kV.ElmNet\Los Guzmancito.ElmSite\Planta_Los Guzmancito 2.ElmComp\QP and QU limitation model.ElmDsl,QP and QU limitation model,qmaxuu:IntMat,1,1,0.33
\VM-PF.IntUser\PDD 30-09-2025.IntPrj\Network Model.IntPrjfolder\Network Data.IntPrjfolder\NORTE 138 kV.ElmNet\Los Guzmancito.ElmSite\Planta_Los Guzmancito 2.ElmComp\QP and QU limitation model.ElmDsl,QP and QU limitation model,qmaxuu:IntMat,2,0,0.9
\VM-PF.IntUser\PDD 30-09-2025.IntPrj\Network Model.IntPrjfolder\Network Data.IntPrjfolder\NORTE 138 kV.ElmNet\Los Guzmancito.ElmSite\Planta_Los Guzmancito 2.ElmComp\QP and QU limitation model.ElmDsl,QP and QU limitation model,qmaxuu:IntMat,2,1,0.33
\VM-PF.IntUser\PDD 30-09-2025.IntPrj\Network Model.IntPrjfolder\Network Data.IntPrjfolder\NORTE 138 kV.ElmNet\Los Guzmancito.ElmSite\Planta_Los Guzmancito 2.ElmComp\QP and QU limitation model.ElmDsl,QP and QU limitation model,qminpp:IntMat,0,0,0.0
\VM-PF.IntUser\PDD 30-09-2025.IntPrj\Network Model.IntPrjfolder\Network Data.IntPrjfolder\NORTE 138 kV.ElmNet\Los Guzmancito.ElmSite\Planta_Los Guzmancito 2.ElmComp\QP and QU limitation model.ElmDsl,QP and QU limitation model,qminpp:IntMat,0,1,0.0
\VM-PF.IntUser\PDD 30-09-2025.IntPrj\Network Model.IntPrjfolder\Network Data.IntPrjfolder\NORTE 138 kV.ElmNet\Los Guzmancito.ElmSite\Planta_Los Guzmancito 2.ElmComp\QP and QU limitation model.ElmDsl,QP and QU limitation model,qminpp:IntMat,1,0,0.3
\VM-PF.IntUser\PDD 30-09-2025.IntPrj\Network Model.IntPrjfolder\Network Data.IntPrjfolder\NORTE 138 kV.ElmNet\Los Guzmancito.ElmSite\Planta_Los Guzmancito 2.ElmComp\QP and QU limitation model.ElmDsl,QP and QU limitation model,qminpp:IntMat,1,1,-0.33
\VM-PF.IntUser\PDD 30-09-2025.IntPrj\Network Model.IntPrjfolder\Network Data.IntPrjfolder\NORTE 138 kV.ElmNet\Los Guzmancito.ElmSite\Planta_Los Guzmancito 2.ElmComp\QP and QU limitation model.ElmDsl,QP and QU limitation model,qminpp:IntMat,2,0,1.0
\VM-PF.IntUser\PDD 30-09-2025.IntPrj\Network Model.IntPrjfolder\Network Data.IntPrjfolder\NORTE 138 kV.ElmNet\Los Guzmancito.ElmSite\Planta_Los Guzmancito 2.ElmComp\QP and QU limitation model.ElmDsl,QP and QU limitation model,qminpp:IntMat,2,1,-0.33
\VM-PF.IntUser\PDD 30-09-2025.IntPrj\Network Model.IntPrjfolder\Network Data.IntPrjfolder\NORTE 138 kV.ElmNet\Los Guzmancito.ElmSite\Planta_Los Guzmancito 2.ElmComp\QP and QU limitation model.ElmDsl,QP and QU limitation model,qminuu:IntMat,0,0,0.0
\VM-PF.IntUser\PDD 30-09-2025.IntPrj\Network Model.IntPrjfolder\Network Data.IntPrjfolder\NORTE 138 kV.ElmNet\Los Guzmancito.ElmSite\Planta_Los Guzmancito 2.ElmComp\QP and QU limitation model.ElmDsl,QP and QU limitation model,qminuu:IntMat,0,1,0.0
\VM-PF.IntUser\PDD 30-09-2025.IntPrj\Network Model.IntPrjfolder\Network Data.IntPrjfolder\NORTE 138 kV.ElmNet\Los Guzmancito.ElmSite\Planta_Los Guzmancito 2.ElmComp\QP and QU limitation model.ElmDsl,QP and QU limitation model,qminuu:IntMat,1,0,0.8
\VM-PF.IntUser\PDD 30-09-2025.IntPrj\Network Model.IntPrjfolder\Network Data.IntPrjfolder\NORTE 138 kV.ElmNet\Los Guzmancito.ElmSite\Planta_Los Guzmancito 2.ElmComp\QP and QU limitation model.ElmDsl,QP and QU limitation model,qminuu:IntMat,1,1,-0.33
\VM-PF.IntUser\PDD 30-09-2025.IntPrj\Network Model.IntPrjfolder\Network Data.IntPrjfolder\NORTE 138 kV.ElmNet\Los Guzmancito.ElmSite\Planta_Los Guzmancito 2.ElmComp\QP and QU limitation model.ElmDsl,QP and QU limitation model,qminuu:IntMat,2,0,0.9
\VM-PF.IntUser\PDD 30-09-2025.IntPrj\Network Model.IntPrjfolder\Network Data.IntPrjfolder\NORTE 138 kV.ElmNet\Los Guzmancito.ElmSite\Planta_Los Guzmancito 2.ElmComp\QP and QU limitation model.ElmDsl,QP and QU limitation model,qminuu:IntMat,2,1,-0.33
\VM-PF.IntUser\PDD 30-09-2025.IntPrj\Network Model.IntPrjfolder\Network Data.IntPrjfolder\SUR 138 kV.ElmNet\POWERSHIP AZUA KPS 26.ElmSite\Planta_POWERSHIP AZUA KPS26 1.ElmComp\MAN 18V/51/60DDF.ElmComp\Engine.ElmDsl,eng_MAN Diesel Engine_v2,NRGM:IntMat,0,0,0.0
\VM-PF.IntUser\PDD 30-09-2025.IntPrj\Network Model.IntPrjfolder\Network Data.IntPrjfolder\SUR 138 kV.ElmNet\POWERSHIP AZUA KPS 26.ElmSite\Planta_POWERSHIP AZUA KPS26 1.ElmComp\MAN 18V/51/60DDF.ElmComp\Engine.ElmDsl,eng_MAN Diesel Engine_v2,NRGM:IntMat,0,1,0.01
\VM-PF.IntUser\PDD 30-09-2025.IntPrj\Network Model.IntPrjfolder\Network Data.IntPrjfolder\SUR 138 kV.ElmNet\POWERSHIP AZUA KPS 26.ElmSite\Planta_POWERSHIP AZUA KPS26 1.ElmComp\MAN 18V/51/60DDF.ElmComp\Engine.ElmDsl,eng_MAN Diesel Engine_v2,NRGM:IntMat,1,0,0.82
\VM-PF.IntUser\PDD 30-09-2025.IntPrj\Network Model.IntPrjfolder\Network Data.IntPrjfolder\SUR 138 kV.ElmNet\POWERSHIP AZUA KPS 26.ElmSite\Planta_POWERSHIP AZUA KPS26 1.ElmComp\MAN 18V/51/60DDF.ElmComp\Engine.ElmDsl,eng_MAN Diesel Engine_v2,NRGM:IntMat,1,1,0.01
\VM-PF.IntUser\PDD 30-09-2025.IntPrj\Network Model.IntPrjfolder\Network Data.IntPrjfolder\SUR 138 kV.ElmNet\POWERSHIP AZUA KPS 26.ElmSite\Planta_POWERSHIP AZUA KPS26 1.ElmComp\MAN 18V/51/60DDF.ElmComp\Engine.ElmDsl,eng_MAN Diesel Engine_v2,NRGM:IntMat,2,0,6.0
\VM-PF.IntUser\PDD 30-09-2025.IntPrj\Network Model.IntPrjfolder\Network Data.IntPrjfolder\SUR 138 kV.ElmNet\POWERSHIP AZUA KPS 26.ElmSite\Planta_POWERSHIP AZUA KPS26 1.ElmComp\MAN 18V/51/60DDF.ElmComp\Engine.ElmDsl,eng_MAN Diesel Engine_v2,NRGM:IntMat,2,1,0.08
\VM-PF.IntUser\PDD 30-09-2025.IntPrj\Network Model.IntPrjfolder\Network Data.IntPrjfolder\SUR 138 kV.ElmNet\POWERSHIP AZUA KPS 26.ElmSite\Planta_POWERSHIP AZUA KPS26 1.ElmComp\MAN 18V/51/60DDF.ElmComp\Engine.ElmDsl,eng_MAN Diesel Engine_v2,NRGM:IntMat,3,0,80.0
\VM-PF.IntUser\PDD 30-09-2025.IntPrj\Network Model.IntPrjfolder\Network Data.IntPrjfolder\SUR 138 kV.ElmNet\POWERSHIP AZUA KPS 26.ElmSite\Planta_POWERSHIP AZUA KPS26 1.ElmComp\MAN 18V/51/60DDF.ElmComp\Engine.ElmDsl,eng_MAN Diesel Engine_v2,NRGM:IntMat,3,1,1.08
\VM-PF.IntUser\PDD 30-09-2025.IntPrj\Network Model.IntPrjfolder\Network Data.IntPrjfolder\SUR 138 kV.ElmNet\POWERSHIP AZUA KPS 26.ElmSite\Planta_POWERSHIP AZUA KPS26 1.ElmComp\MAN 18V/51/60DDF.ElmComp\Engine.ElmDsl,eng_MAN Diesel Engine_v2,NRGM:IntMat,4,0,100.0
\VM-PF.IntUser\PDD 30-09-2025.IntPrj\Network Model.IntPrjfolder\Network Data.IntPrjfolder\SUR 138 kV.ElmNet\POWERSHIP AZUA KPS 26.ElmSite\Planta_POWERSHIP AZUA KPS26 1.ElmComp\MAN 18V/51/60DDF.ElmComp\Engine.ElmDsl,eng_MAN Diesel Engine_v2,NRGM:IntMat,4,1,1.35027
\VM-PF.IntUser\PDD 30-09-2025.IntPrj\Network Model.IntPrjfolder\Network Data.IntPrjfolder\SUR 138 kV.ElmNet\POWERSHIP AZUA KPS 26.ElmSite\Planta_POWERSHIP AZUA KPS26 1.ElmComp\MAN 18V/51/60DDF.ElmComp\Engine.ElmDsl,eng_MAN Diesel Engine_v2,NRGM:IntMat,5,0,110.0
\VM-PF.IntUser\PDD 30-09-2025.IntPrj\Network Model.IntPrjfolder\Network Data.IntPrjfolder\SUR 138 kV.ElmNet\POWERSHIP AZUA KPS 26.ElmSite\Planta_POWERSHIP AZUA KPS26 1.ElmComp\MAN 18V/51/60DDF.ElmComp\Engine.ElmDsl,eng_MAN Diesel Engine_v2,NRGM:IntMat,5,1,1.35027
\VM-PF.IntUser\PDD 30-09-2025.IntPrj\Network Model.IntPrjfolder\Network Data.IntPrjfolder\SUR 138 kV.ElmNet\POWERSHIP AZUA KPS 26.ElmSite\Planta_POWERSHIP AZUA KPS26 1.ElmComp\MAN 18V/51/60DDF.ElmComp\Governor.ElmDsl,gov_MAN Governor/Actuator_v3,Itable:IntMat,0,0,-30.0
\VM-PF.IntUser\PDD 30-09-2025.IntPrj\Network Model.IntPrjfolder\Network Data.IntPrjfolder\SUR 138 kV.ElmNet\POWERSHIP AZUA KPS 26.ElmSite\Planta_POWERSHIP AZUA KPS26 1.ElmComp\MAN 18V/51/60DDF.ElmComp\Governor.ElmDsl,gov_MAN Governor/Actuator_v3,Itable:IntMat,0,1,20.0
\VM-PF.IntUser\PDD 30-09-2025.IntPrj\Network Model.IntPrjfolder\Network Data.IntPrjfolder\SUR 138 kV.ElmNet\POWERSHIP AZUA KPS 26.ElmSite\Planta_POWERSHIP AZUA KPS26 1.ElmComp\MAN 18V/51/60DDF.ElmComp\Governor.ElmDsl,gov_MAN Governor/Actuator_v3,Itable:IntMat,1,0,-20.0
\VM-PF.IntUser\PDD 30-09-2025.IntPrj\Network Model.IntPrjfolder\Network Data.IntPrjfolder\SUR 138 kV.ElmNet\POWERSHIP AZUA KPS 26.ElmSite\Planta_POWERSHIP AZUA KPS26 1.ElmComp\MAN 18V/51/60DDF.ElmComp\Governor.ElmDsl,gov_MAN Governor/Actuator_v3,Itable:IntMat,1,1,20.0
\VM-PF.IntUser\PDD 30-09-2025.IntPrj\Network Model.IntPrjfolder\Network Data.IntPrjfolder\SUR 138 kV.ElmNet\POWERSHIP AZUA KPS 26.ElmSite\Planta_POWERSHIP AZUA KPS26 1.ElmComp\MAN 18V/51/60DDF.ElmComp\Governor.ElmDsl,gov_MAN Governor/Actuator_v3,Itable:IntMat,2,0,-15.0
\VM-PF.IntUser\PDD 30-09-2025.IntPrj\Network Model.IntPrjfolder\Network Data.IntPrjfolder\SUR 138 kV.ElmNet\POWERSHIP AZUA KPS 26.ElmSite\Planta_POWERSHIP AZUA KPS26 1.ElmComp\MAN 18V/51/60DDF.ElmComp\Governor.ElmDsl,gov_MAN Governor/Actuator_v3,Itable:IntMat,2,1,20.0
\VM-PF.IntUser\PDD 30-09-2025.IntPrj\Network Model.IntPrjfolder\Network Data.IntPrjfolder\SUR 138 kV.ElmNet\POWERSHIP AZUA KPS 26.ElmSite\Planta_POWERSHIP AZUA KPS26 1.ElmComp\MAN 18V/51/60DDF.ElmComp\Governor.ElmDsl,gov_MAN Governor/Actuator_v3,Itable:IntMat,3,0,-10.0
\VM-PF.IntUser\PDD 30-09-2025.IntPrj\Network Model.IntPrjfolder\Network Data.IntPrjfolder\SUR 138 kV.ElmNet\POWERSHIP AZUA KPS 26.ElmSite\Planta_POWERSHIP AZUA KPS26 1.ElmComp\MAN 18V/51/60DDF.ElmComp\Governor.ElmDsl,gov_MAN Governor/Actuator_v3,Itable:IntMat,3,1,20.0
\VM-PF.IntUser\PDD 30-09-2025.IntPrj\Network Model.IntPrjfolder\Network Data.IntPrjfolder\SUR 138 kV.ElmNet\POWERSHIP AZUA KPS 26.ElmSite\Planta_POWERSHIP AZUA KPS26 1.ElmComp\MAN 18V/51/60DDF.ElmComp\Governor.ElmDsl,gov_MAN Governor/Actuator_v3,Itable:IntMat,4,0,-5.0
\VM-PF.IntUser\PDD 30-09-2025.IntPrj\Network Model.IntPrjfolder\Network Data.IntPrjfolder\SUR 138 kV.ElmNet\POWERSHIP AZUA KPS 26.ElmSite\Planta_POWERSHIP AZUA KPS26 1.ElmComp\MAN 18V/51/60DDF.ElmComp\Governor.ElmDsl,gov_MAN Governor/Actuator_v3,Itable:IntMat,4,1,20.0
\VM-PF.IntUser\PDD 30-09-2025.IntPrj\Network Model.IntPrjfolder\Network Data.IntPrjfolder\SUR 138 kV.ElmNet\POWERSHIP AZUA KPS 26.ElmSite\Planta_POWERSHIP AZUA KPS26 1.ElmComp\MAN 18V/51/60DDF.ElmComp\Governor.ElmDsl,gov_MAN Governor/Actuator_v3,Itable:IntMat,5,0,5.0
\VM-PF.IntUser\PDD 30-09-2025.IntPrj\Network Model.IntPrjfolder\Network Data.IntPrjfolder\SUR 138 kV.ElmNet\POWERSHIP AZUA KPS 26.ElmSite\Planta_POWERSHIP AZUA KPS26 1.ElmComp\MAN 18V/51/60DDF.ElmComp\Governor.ElmDsl,gov_MAN Governor/Actuator_v3,Itable:IntMat,5,1,20.0
\VM-PF.IntUser\PDD 30-09-2025.IntPrj\Network Model.IntPrjfolder\Network Data.IntPrjfolder\SUR 138 kV.ElmNet\POWERSHIP AZUA KPS 26.ElmSite\Planta_POWERSHIP AZUA KPS26 1.ElmComp\MAN 18V/51/60DDF.ElmComp\Governor.ElmDsl,gov_MAN Governor/Actuator_v3,Itable:IntMat,6,0,10.0
\VM-PF.IntUser\PDD 30-09-2025.IntPrj\Network Model.IntPrjfolder\Network Data.IntPrjfolder\SUR 138 kV.ElmNet\POWERSHIP AZUA KPS 26.ElmSite\Planta_POWERSHIP AZUA KPS26 1.ElmComp\MAN 18V/51/60DDF.ElmComp\Governor.ElmDsl,gov_MAN Governor/Actuator_v3,Itable:IntMat,6,1,20.0
\VM-PF.IntUser\PDD 30-09-2025.IntPrj\Network Model.IntPrjfolder\Network Data.IntPrjfolder\SUR 138 kV.ElmNet\POWERSHIP AZUA KPS 26.ElmSite\Planta_POWERSHIP AZUA KPS26 1.ElmComp\MAN 18V/51/60DDF.ElmComp\Governor.ElmDsl,gov_MAN Governor/Actuator_v3,Itable:IntMat,7,0,15.0
\VM-PF.IntUser\PDD 30-09-2025.IntPrj\Network Model.IntPrjfolder\Network Data.IntPrjfolder\SUR 138 kV.ElmNet\POWERSHIP AZUA KPS 26.ElmSite\Planta_POWERSHIP AZUA KPS26 1.ElmComp\MAN 18V/51/60DDF.ElmComp\Governor.ElmDsl,gov_MAN Governor/Actuator_v3,Itable:IntMat,7,1,20.0
\VM-PF.IntUser\PDD 30-09-2025.IntPrj\Network Model.IntPrjfolder\Network Data.IntPrjfolder\SUR 138 kV.ElmNet\POWERSHIP AZUA KPS 26.ElmSite\Planta_POWERSHIP AZUA KPS26 1.ElmComp\MAN 18V/51/60DDF.ElmComp\Governor.ElmDsl,gov_MAN Governor/Actuator_v3,Itable:IntMat,8,0,20.0
\VM-PF.IntUser\PDD 30-09-2025.IntPrj\Network Model.IntPrjfolder\Network Data.IntPrjfolder\SUR 138 kV.ElmNet\POWERSHIP AZUA KPS 26.ElmSite\Planta_POWERSHIP AZUA KPS26 1.ElmComp\MAN 18V/51/60DDF.ElmComp\Governor.ElmDsl,gov_MAN Governor/Actuator_v3,Itable:IntMat,8,1,20.0
\VM-PF.IntUser\PDD 30-09-2025.IntPrj\Network Model.IntPrjfolder\Network Data.IntPrjfolder\SUR 138 kV.ElmNet\POWERSHIP AZUA KPS 26.ElmSite\Planta_POWERSHIP AZUA KPS26 1.ElmComp\MAN 18V/51/60DDF.ElmComp\Governor.ElmDsl,gov_MAN Governor/Actuator_v3,Itable:IntMat,9,0,30.0
\VM-PF.IntUser\PDD 30-09-2025.IntPrj\Network Model.IntPrjfolder\Network Data.IntPrjfolder\SUR 138 kV.ElmNet\POWERSHIP AZUA KPS 26.ElmSite\Planta_POWERSHIP AZUA KPS26 1.ElmComp\MAN 18V/51/60DDF.ElmComp\Governor.ElmDsl,gov_MAN Governor/Actuator_v3,Itable:IntMat,9,1,20.0
\VM-PF.IntUser\PDD 30-09-2025.IntPrj\Network Model.IntPrjfolder\Network Data.IntPrjfolder\SUR 138 kV.ElmNet\POWERSHIP AZUA KPS 26.ElmSite\Planta_POWERSHIP AZUA KPS26 1.ElmComp\MAN 18V/51/60DDF.ElmComp\Governor.ElmDsl,gov_MAN Governor/Actuator_v3,NRGME:IntMat,0,0,0.0
\VM-PF.IntUser\PDD 30-09-2025.IntPrj\Network Model.IntPrjfolder\Network Data.IntPrjfolder\SUR 138 kV.ElmNet\POWERSHIP AZUA KPS 26.ElmSite\Planta_POWERSHIP AZUA KPS26 1.ElmComp\MAN 18V/51/60DDF.ElmComp\Governor.ElmDsl,gov_MAN Governor/Actuator_v3,NRGME:IntMat,0,1,21.71814
\VM-PF.IntUser\PDD 30-09-2025.IntPrj\Network Model.IntPrjfolder\Network Data.IntPrjfolder\SUR 138 kV.ElmNet\POWERSHIP AZUA KPS 26.ElmSite\Planta_POWERSHIP AZUA KPS26 1.ElmComp\MAN 18V/51/60DDF.ElmComp\Governor.ElmDsl,gov_MAN Governor/Actuator_v3,NRGME:IntMat,1,0,0.05
\VM-PF.IntUser\PDD 30-09-2025.IntPrj\Network Model.IntPrjfolder\Network Data.IntPrjfolder\SUR 138 kV.ElmNet\POWERSHIP AZUA KPS 26.ElmSite\Planta_POWERSHIP AZUA KPS26 1.ElmComp\MAN 18V/51/60DDF.ElmComp\Governor.ElmDsl,gov_MAN Governor/Actuator_v3,NRGME:IntMat,1,1,25.196228
\VM-PF.IntUser\PDD 30-09-2025.IntPrj\Network Model.IntPrjfolder\Network Data.IntPrjfolder\SUR 138 kV.ElmNet\POWERSHIP AZUA KPS 26.ElmSite\Planta_POWERSHIP AZUA KPS26 1.ElmComp\MAN 18V/51/60DDF.ElmComp\Governor.ElmDsl,gov_MAN Governor/Actuator_v3,NRGME:IntMat,2,0,0.1
\VM-PF.IntUser\PDD 30-09-2025.IntPrj\Network Model.IntPrjfolder\Network Data.IntPrjfolder\SUR 138 kV.ElmNet\POWERSHIP AZUA KPS 26.ElmSite\Planta_POWERSHIP AZUA KPS26 1.ElmComp\MAN 18V/51/60DDF.ElmComp\Governor.ElmDsl,gov_MAN Governor/Actuator_v3,NRGME:IntMat,2,1,28.748657
\VM-PF.IntUser\PDD 30-09-2025.IntPrj\Network Model.IntPrjfolder\Network Data.IntPrjfolder\SUR 138 kV.ElmNet\POWERSHIP AZUA KPS 26.ElmSite\Planta_POWERSHIP AZUA KPS26 1.ElmComp\MAN 18V/51/60DDF.ElmComp\Governor.ElmDsl,gov_MAN Governor/Actuator_v3,NRGME:IntMat,3,0,0.15
\VM-PF.IntUser\PDD 30-09-2025.IntPrj\Network Model.IntPrjfolder\Network Data.IntPrjfolder\SUR 138 kV.ElmNet\POWERSHIP AZUA KPS 26.ElmSite\Planta_POWERSHIP AZUA KPS26 1.ElmComp\MAN 18V/51/60DDF.ElmComp\Governor.ElmDsl,gov_MAN Governor/Actuator_v3,NRGME:IntMat,3,1,32.542694
\VM-PF.IntUser\PDD 30-09-2025.IntPrj\Network Model.IntPrjfolder\Network Data.IntPrjfolder\SUR 138 kV.ElmNet\POWERSHIP AZUA KPS 26.ElmSite\Planta_POWERSHIP AZUA KPS26 1.ElmComp\MAN 18V/51/60DDF.ElmComp\Governor.ElmDsl,gov_MAN Governor/Actuator_v3,NRGME:IntMat,4,0,0.2
\VM-PF.IntUser\PDD 30-09-2025.IntPrj\Network Model.IntPrjfolder\Network Data.IntPrjfolder\SUR 138 kV.ElmNet\POWERSHIP AZUA KPS 26.ElmSite\Planta_POWERSHIP AZUA KPS26 1.ElmComp\MAN 18V/51/60DDF.ElmComp\Governor.ElmDsl,gov_MAN Governor/Actuator_v3,NRGME:IntMat,4,1,36.315491
\VM-PF.IntUser\PDD 30-09-2025.IntPrj\Network Model.IntPrjfolder\Network Data.IntPrjfolder\SUR 138 kV.ElmNet\POWERSHIP AZUA KPS 26.ElmSite\Planta_POWERSHIP AZUA KPS26 1.ElmComp\MAN 18V/51/60DDF.ElmComp\Governor.ElmDsl,gov_MAN Governor/Actuator_v3,NRGME:IntMat,5,0,0.25
\VM-PF.IntUser\PDD 30-09-2025.IntPrj\Network Model.IntPrjfolder\Network Data.IntPrjfolder\SUR 138 kV.ElmNet\POWERSHIP AZUA KPS 26.ElmSite\Planta_POWERSHIP AZUA KPS26 1.ElmComp\MAN 18V/51/60DDF.ElmComp\Governor.ElmDsl,gov_MAN Governor/Actuator_v3,NRGME:IntMat,5,1,40.064392
\VM-PF.IntUser\PDD 30-09-2025.IntPrj\Network Model.IntPrjfolder\Network Data.IntPrjfolder\SUR 138 kV.ElmNet\POWERSHIP AZUA KPS 26.ElmSite\Planta_POWERSHIP AZUA KPS26 1.ElmComp\MAN 18V/51/60DDF.ElmComp\Governor.ElmDsl,gov_MAN Governor/Actuator_v3,NRGME:IntMat,6,0,0.3
\VM-PF.IntUser\PDD 30-09-2025.IntPrj\Network Model.IntPrjfolder\Network Data.IntPrjfolder\SUR 138 kV.ElmNet\POWERSHIP AZUA KPS 26.ElmSite\Planta_POWERSHIP AZUA KPS26 1.ElmComp\MAN 18V/51/60DDF.ElmComp\Governor.ElmDsl,gov_MAN Governor/Actuator_v3,NRGME:IntMat,6,1,43.669922
\VM-PF.IntUser\PDD 30-09-2025.IntPrj\Network Model.IntPrjfolder\Network Data.IntPrjfolder\SUR 138 kV.ElmNet\POWERSHIP AZUA KPS 26.ElmSite\Planta_POWERSHIP AZUA KPS26 1.ElmComp\MAN 18V/51/60DDF.ElmComp\Governor.ElmDsl,gov_MAN Governor/Actuator_v3,NRGME:IntMat,7,0,0.35
\VM-PF.IntUser\PDD 30-09-2025.IntPrj\Network Model.IntPrjfolder\Network Data.IntPrjfolder\SUR 138 kV.ElmNet\POWERSHIP AZUA KPS 26.ElmSite\Planta_POWERSHIP AZUA KPS26 1.ElmComp\MAN 18V/51/60DDF.ElmComp\Governor.ElmDsl,gov_MAN Governor/Actuator_v3,NRGME:IntMat,7,1,47.248901
\VM-PF.IntUser\PDD 30-09-2025.IntPrj\Network Model.IntPrjfolder\Network Data.IntPrjfolder\SUR 138 kV.ElmNet\POWERSHIP AZUA KPS 26.ElmSite\Planta_POWERSHIP AZUA KPS26 1.ElmComp\MAN 18V/51/60DDF.ElmComp\Governor.ElmDsl,gov_MAN Governor/Actuator_v3,NRGME:IntMat,8,0,0.4
\VM-PF.IntUser\PDD 30-09-2025.IntPrj\Network Model.IntPrjfolder\Network Data.IntPrjfolder\SUR 138 kV.ElmNet\POWERSHIP AZUA KPS 26.ElmSite\Planta_POWERSHIP AZUA KPS26 1.ElmComp\MAN 18V/51/60DDF.ElmComp\Governor.ElmDsl,gov_MAN Governor/Actuator_v3,NRGME:IntMat,8,1,50.862396
\VM-PF.IntUser\PDD 30-09-2025.IntPrj\Network Model.IntPrjfolder\Network Data.IntPrjfolder\SUR 138 kV.ElmNet\POWERSHIP AZUA KPS 26.ElmSite\Planta_POWERSHIP AZUA KPS26 1.ElmComp\MAN 18V/51/60DDF.ElmComp\Governor.ElmDsl,gov_MAN Governor/Actuator_v3,NRGME:IntMat,9,0,0.45
\VM-PF.IntUser\PDD 30-09-2025.IntPrj\Network Model.IntPrjfolder\Network Data.IntPrjfolder\SUR 138 kV.ElmNet\POWERSHIP AZUA KPS 26.ElmSite\Planta_POWERSHIP AZUA KPS26 1.ElmComp\MAN 18V/51/60DDF.ElmComp\Governor.ElmDsl,gov_MAN Governor/Actuator_v3,NRGME:IntMat,9,1,54.521027
\VM-PF.IntUser\PDD 30-09-2025.IntPrj\Network Model.IntPrjfolder\Network Data.IntPrjfolder\SUR 138 kV.ElmNet\POWERSHIP AZUA KPS 26.ElmSite\Planta_POWERSHIP AZUA KPS26 1.ElmComp\MAN 18V/51/60DDF.ElmComp\Governor.ElmDsl,gov_MAN Governor/Actuator_v3,NRGME:IntMat,10,0,0.5
\VM-PF.IntUser\PDD 30-09-2025.IntPrj\Network Model.IntPrjfolder\Network Data.IntPrjfolder\SUR 138 kV.ElmNet\POWERSHIP AZUA KPS 26.ElmSite\Planta_POWERSHIP AZUA KPS26 1.ElmComp\MAN 18V/51/60DDF.ElmComp\Governor.ElmDsl,gov_MAN Governor/Actuator_v3,NRGME:IntMat,10,1,58.200897
\VM-PF.IntUser\PDD 30-09-2025.IntPrj\Network Model.IntPrjfolder\Network Data.IntPrjfolder\SUR 138 kV.ElmNet\POWERSHIP AZUA KPS 26.ElmSite\Planta_POWERSHIP AZUA KPS26 1.ElmComp\MAN 18V/51/60DDF.ElmComp\Governor.ElmDsl,gov_MAN Governor/Actuator_v3,NRGME:IntMat,11,0,0.55
\VM-PF.IntUser\PDD 30-09-2025.IntPrj\Network Model.IntPrjfolder\Network Data.IntPrjfolder\SUR 138 kV.ElmNet\POWERSHIP AZUA KPS 26.ElmSite\Planta_POWERSHIP AZUA KPS26 1.ElmComp\MAN 18V/51/60DDF.ElmComp\Governor.ElmDsl,gov_MAN Governor/Actuator_v3,NRGME:IntMat,11,1,61.862183
\VM-PF.IntUser\PDD 30-09-2025.IntPrj\Network Model.IntPrjfolder\Network Data.IntPrjfolder\SUR 138 kV.ElmNet\POWERSHIP AZUA KPS 26.ElmSite\Planta_POWERSHIP AZUA KPS26 1.ElmComp\MAN 18V/51/60DDF.ElmComp\Governor.ElmDsl,gov_MAN Governor/Actuator_v3,NRGME:IntMat,12,0,0.6
\VM-PF.IntUser\PDD 30-09-2025.IntPrj\Network Model.IntPrjfolder\Network Data.IntPrjfolder\SUR 138 kV.ElmNet\POWERSHIP AZUA KPS 26.ElmSite\Planta_POWERSHIP AZUA KPS26 1.ElmComp\MAN 18V/51/60DDF.ElmComp\Governor.ElmDsl,gov_MAN Governor/Actuator_v3,NRGME:IntMat,12,1,65.518158
\VM-PF.IntUser\PDD 30-09-2025.IntPrj\Network Model.IntPrjfolder\Network Data.IntPrjfolder\SUR 138 kV.ElmNet\POWERSHIP AZUA KPS 26.ElmSite\Planta_POWERSHIP AZUA KPS26 1.ElmComp\MAN 18V/51/60DDF.ElmComp\Governor.ElmDsl,gov_MAN Governor/Actuator_v3,NRGME:IntMat,13,0,0.65
\VM-PF.IntUser\PDD 30-09-2025.IntPrj\Network Model.IntPrjfolder\Network Data.IntPrjfolder\SUR 138 kV.ElmNet\POWERSHIP AZUA KPS 26.ElmSite\Planta_POWERSHIP AZUA KPS26 1.ElmComp\MAN 18V/51/60DDF.ElmComp\Governor.ElmDsl,gov_MAN Governor/Actuator_v3,NRGME:IntMat,13,1,69.179443
\VM-PF.IntUser\PDD 30-09-2025.IntPrj\Network Model.IntPrjfolder\Network Data.IntPrjfolder\SUR 138 kV.ElmNet\POWERSHIP AZUA KPS 26.ElmSite\Planta_POWERSHIP AZUA KPS26 1.ElmComp\MAN 18V/51/60DDF.ElmComp\Governor.ElmDsl,gov_MAN Governor/Actuator_v3,NRGME:IntMat,14,0,0.7
\VM-PF.IntUser\PDD 30-09-2025.IntPrj\Network Model.IntPrjfolder\Network Data.IntPrjfolder\SUR 138 kV.ElmNet\POWERSHIP AZUA KPS 26.ElmSite\Planta_POWERSHIP AZUA KPS26 1.ElmComp\MAN 18V/51/60DDF.ElmComp\Governor.ElmDsl,gov_MAN Governor/Actuator_v3,NRGME:IntMat,14,1,72.816833
\VM-PF.IntUser\PDD 30-09-2025.IntPrj\Network Model.IntPrjfolder\Network Data.IntPrjfolder\SUR 138 kV.ElmNet\POWERSHIP AZUA KPS 26.ElmSite\Planta_POWERSHIP AZUA KPS26 1.ElmComp\MAN 18V/51/60DDF.ElmComp\Governor.ElmDsl,gov_MAN Governor/Actuator_v3,NRGME:IntMat,15,0,0.75
\VM-PF.IntUser\PDD 30-09-2025.IntPrj\Network Model.IntPrjfolder\Network Data.IntPrjfolder\SUR 138 kV.ElmNet\POWERSHIP AZUA KPS 26.ElmSite\Planta_POWERSHIP AZUA KPS26 1.ElmComp\MAN 18V/51/60DDF.ElmComp\Governor.ElmDsl,gov_MAN Governor/Actuator_v3,NRGME:IntMat,15,1,76.528564
\VM-PF.IntUser\PDD 30-09-2025.IntPrj\Network Model.IntPrjfolder\Network Data.IntPrjfolder\SUR 138 kV.ElmNet\POWERSHIP AZUA KPS 26.ElmSite\Planta_POWERSHIP AZUA KPS26 1.ElmComp\MAN 18V/51/60DDF.ElmComp\Governor.ElmDsl,gov_MAN Governor/Actuator_v3,NRGME:IntMat,16,0,0.8
\VM-PF.IntUser\PDD 30-09-2025.IntPrj\Network Model.IntPrjfolder\Network Data.IntPrjfolder\SUR 138 kV.ElmNet\POWERSHIP AZUA KPS 26.ElmSite\Planta_POWERSHIP AZUA KPS26 1.ElmComp\MAN 18V/51/60DDF.ElmComp\Governor.ElmDsl,gov_MAN Governor/Actuator_v3,NRGME:IntMat,16,1,80.24826
\VM-PF.IntUser\PDD 30-09-2025.IntPrj\Network Model.IntPrjfolder\Network Data.IntPrjfolder\SUR 138 kV.ElmNet\POWERSHIP AZUA KPS 26.ElmSite\Planta_POWERSHIP AZUA KPS26 1.ElmComp\MAN 18V/51/60DDF.ElmComp\Governor.ElmDsl,gov_MAN Governor/Actuator_v3,NRGME:IntMat,17,0,0.85
\VM-PF.IntUser\PDD 30-09-2025.IntPrj\Network Model.IntPrjfolder\Network Data.IntPrjfolder\SUR 138 kV.ElmNet\POWERSHIP AZUA KPS 26.ElmSite\Planta_POWERSHIP AZUA KPS26 1.ElmComp\MAN 18V/51/60DDF.ElmComp\Governor.ElmDsl,gov_MAN Governor/Actuator_v3,NRGME:IntMat,17,1,83.967957
\VM-PF.IntUser\PDD 30-09-2025.IntPrj\Network Model.IntPrjfolder\Network Data.IntPrjfolder\SUR 138 kV.ElmNet\POWERSHIP AZUA KPS 26.ElmSite\Planta_POWERSHIP AZUA KPS26 1.ElmComp\MAN 18V/51/60DDF.ElmComp\Governor.ElmDsl,gov_MAN Governor/Actuator_v3,NRGME:IntMat,18,0,0.9
\VM-PF.IntUser\PDD 30-09-2025.IntPrj\Network Model.IntPrjfolder\Network Data.IntPrjfolder\SUR 138 kV.ElmNet\POWERSHIP AZUA KPS 26.ElmSite\Planta_POWERSHIP AZUA KPS26 1.ElmComp\MAN 18V/51/60DDF.ElmComp\Governor.ElmDsl,gov_MAN Governor/Actuator_v3,NRGME:IntMat,18,1,87.687653
\VM-PF.IntUser\PDD 30-09-2025.IntPrj\Network Model.IntPrjfolder\Network Data.IntPrjfolder\SUR 138 kV.ElmNet\POWERSHIP AZUA KPS 26.ElmSite\Planta_POWERSHIP AZUA KPS26 1.ElmComp\MAN 18V/51/60DDF.ElmComp\Governor.ElmDsl,gov_MAN Governor/Actuator_v3,NRGME:IntMat,19,0,0.95
\VM-PF.IntUser\PDD 30-09-2025.IntPrj\Network Model.IntPrjfolder\Network Data.IntPrjfolder\SUR 138 kV.ElmNet\POWERSHIP AZUA KPS 26.ElmSite\Planta_POWERSHIP AZUA KPS26 1.ElmComp\MAN 18V/51/60DDF.ElmComp\Governor.ElmDsl,gov_MAN Governor/Actuator_v3,NRGME:IntMat,19,1,91.407349
\VM-PF.IntUser\PDD 30-09-2025.IntPrj\Network Model.IntPrjfolder\Network Data.IntPrjfolder\SUR 138 kV.ElmNet\POWERSHIP AZUA KPS 26.ElmSite\Planta_POWERSHIP AZUA KPS26 1.ElmComp\MAN 18V/51/60DDF.ElmComp\Governor.ElmDsl,gov_MAN Governor/Actuator_v3,NRGME:IntMat,20,0,1.0
\VM-PF.IntUser\PDD 30-09-2025.IntPrj\Network Model.IntPrjfolder\Network Data.IntPrjfolder\SUR 138 kV.ElmNet\POWERSHIP AZUA KPS 26.ElmSite\Planta_POWERSHIP AZUA KPS26 1.ElmComp\MAN 18V/51/60DDF.ElmComp\Governor.ElmDsl,gov_MAN Governor/Actuator_v3,NRGME:IntMat,20,1,95.12704
\VM-PF.IntUser\PDD 30-09-2025.IntPrj\Network Model.IntPrjfolder\Network Data.IntPrjfolder\SUR 138 kV.ElmNet\POWERSHIP AZUA KPS 26.ElmSite\Planta_POWERSHIP AZUA KPS26 1.ElmComp\MAN 18V/51/60DDF.ElmComp\Governor.ElmDsl,gov_MAN Governor/Actuator_v3,Ptable:IntMat,0,0,-30.0
\VM-PF.IntUser\PDD 30-09-2025.IntPrj\Network Model.IntPrjfolder\Network Data.IntPrjfolder\SUR 138 kV.ElmNet\POWERSHIP AZUA KPS 26.ElmSite\Planta_POWERSHIP AZUA KPS26 1.ElmComp\MAN 18V/51/60DDF.ElmComp\Governor.ElmDsl,gov_MAN Governor/Actuator_v3,Ptable:IntMat,0,1,37.0
\VM-PF.IntUser\PDD 30-09-2025.IntPrj\Network Model.IntPrjfolder\Network Data.IntPrjfolder\SUR 138 kV.ElmNet\POWERSHIP AZUA KPS 26.ElmSite\Planta_POWERSHIP AZUA KPS26 1.ElmComp\MAN 18V/51/60DDF.ElmComp\Governor.ElmDsl,gov_MAN Governor/Actuator_v3,Ptable:IntMat,1,0,-20.0
\VM-PF.IntUser\PDD 30-09-2025.IntPrj\Network Model.IntPrjfolder\Network Data.IntPrjfolder\SUR 138 kV.ElmNet\POWERSHIP AZUA KPS 26.ElmSite\Planta_POWERSHIP AZUA KPS26 1.ElmComp\MAN 18V/51/60DDF.ElmComp\Governor.ElmDsl,gov_MAN Governor/Actuator_v3,Ptable:IntMat,1,1,37.0
\VM-PF.IntUser\PDD 30-09-2025.IntPrj\Network Model.IntPrjfolder\Network Data.IntPrjfolder\SUR 138 kV.ElmNet\POWERSHIP AZUA KPS 26.ElmSite\Planta_POWERSHIP AZUA KPS26 1.ElmComp\MAN 18V/51/60DDF.ElmComp\Governor.ElmDsl,gov_MAN Governor/Actuator_v3,Ptable:IntMat,2,0,-15.0
\VM-PF.IntUser\PDD 30-09-2025.IntPrj\Network Model.IntPrjfolder\Network Data.IntPrjfolder\SUR 138 kV.ElmNet\POWERSHIP AZUA KPS 26.ElmSite\Planta_POWERSHIP AZUA KPS26 1.ElmComp\MAN 18V/51/60DDF.ElmComp\Governor.ElmDsl,gov_MAN Governor/Actuator_v3,Ptable:IntMat,2,1,37.0
\VM-PF.IntUser\PDD 30-09-2025.IntPrj\Network Model.IntPrjfolder\Network Data.IntPrjfolder\SUR 138 kV.ElmNet\POWERSHIP AZUA KPS 26.ElmSite\Planta_POWERSHIP AZUA KPS26 1.ElmComp\MAN 18V/51/60DDF.ElmComp\Governor.ElmDsl,gov_MAN Governor/Actuator_v3,Ptable:IntMat,3,0,-10.0
\VM-PF.IntUser\PDD 30-09-2025.IntPrj\Network Model.IntPrjfolder\Network Data.IntPrjfolder\SUR 138 kV.ElmNet\POWERSHIP AZUA KPS 26.ElmSite\Planta_POWERSHIP AZUA KPS26 1.ElmComp\MAN 18V/51/60DDF.ElmComp\Governor.ElmDsl,gov_MAN Governor/Actuator_v3,Ptable:IntMat,3,1,37.0
\VM-PF.IntUser\PDD 30-09-2025.IntPrj\Network Model.IntPrjfolder\Network Data.IntPrjfolder\SUR 138 kV.ElmNet\POWERSHIP AZUA KPS 26.ElmSite\Planta_POWERSHIP AZUA KPS26 1.ElmComp\MAN 18V/51/60DDF.ElmComp\Governor.ElmDsl,gov_MAN Governor/Actuator_v3,Ptable:IntMat,4,0,-5.0
\VM-PF.IntUser\PDD 30-09-2025.IntPrj\Network Model.IntPrjfolder\Network Data.IntPrjfolder\SUR 138 kV.ElmNet\POWERSHIP AZUA KPS 26.ElmSite\Planta_POWERSHIP AZUA KPS26 1.ElmComp\MAN 18V/51/60DDF.ElmComp\Governor.ElmDsl,gov_MAN Governor/Actuator_v3,Ptable:IntMat,4,1,37.0
\VM-PF.IntUser\PDD 30-09-2025.IntPrj\Network Model.IntPrjfolder\Network Data.IntPrjfolder\SUR 138 kV.ElmNet\POWERSHIP AZUA KPS 26.ElmSite\Planta_POWERSHIP AZUA KPS26 1.ElmComp\MAN 18V/51/60DDF.ElmComp\Governor.ElmDsl,gov_MAN Governor/Actuator_v3,Ptable:IntMat,5,0,5.0
\VM-PF.IntUser\PDD 30-09-2025.IntPrj\Network Model.IntPrjfolder\Network Data.IntPrjfolder\SUR 138 kV.ElmNet\POWERSHIP AZUA KPS 26.ElmSite\Planta_POWERSHIP AZUA KPS26 1.ElmComp\MAN 18V/51/60DDF.ElmComp\Governor.ElmDsl,gov_MAN Governor/Actuator_v3,Ptable:IntMat,5,1,37.0
\VM-PF.IntUser\PDD 30-09-2025.IntPrj\Network Model.IntPrjfolder\Network Data.IntPrjfolder\SUR 138 kV.ElmNet\POWERSHIP AZUA KPS 26.ElmSite\Planta_POWERSHIP AZUA KPS26 1.ElmComp\MAN 18V/51/60DDF.ElmComp\Governor.ElmDsl,gov_MAN Governor/Actuator_v3,Ptable:IntMat,6,0,10.0
\VM-PF.IntUser\PDD 30-09-2025.IntPrj\Network Model.IntPrjfolder\Network Data.IntPrjfolder\SUR 138 kV.ElmNet\POWERSHIP AZUA KPS 26.ElmSite\Planta_POWERSHIP AZUA KPS26 1.ElmComp\MAN 18V/51/60DDF.ElmComp\Governor.ElmDsl,gov_MAN Governor/Actuator_v3,Ptable:IntMat,6,1,37.0
\VM-PF.IntUser\PDD 30-09-2025.IntPrj\Network Model.IntPrjfolder\Network Data.IntPrjfolder\SUR 138 kV.ElmNet\POWERSHIP AZUA KPS 26.ElmSite\Planta_POWERSHIP AZUA KPS26 1.ElmComp\MAN 18V/51/60DDF.ElmComp\Governor.ElmDsl,gov_MAN Governor/Actuator_v3,Ptable:IntMat,7,0,15.0
\VM-PF.IntUser\PDD 30-09-2025.IntPrj\Network Model.IntPrjfolder\Network Data.IntPrjfolder\SUR 138 kV.ElmNet\POWERSHIP AZUA KPS 26.ElmSite\Planta_POWERSHIP AZUA KPS26 1.ElmComp\MAN 18V/51/60DDF.ElmComp\Governor.ElmDsl,gov_MAN Governor/Actuator_v3,Ptable:IntMat,7,1,37.0
\VM-PF.IntUser\PDD 30-09-2025.IntPrj\Network Model.IntPrjfolder\Network Data.IntPrjfolder\SUR 138 kV.ElmNet\POWERSHIP AZUA KPS 26.ElmSite\Planta_POWERSHIP AZUA KPS26 1.ElmComp\MAN 18V/51/60DDF.ElmComp\Governor.ElmDsl,gov_MAN Governor/Actuator_v3,Ptable:IntMat,8,0,20.0
\VM-PF.IntUser\PDD 30-09-2025.IntPrj\Network Model.IntPrjfolder\Network Data.IntPrjfolder\SUR 138 kV.ElmNet\POWERSHIP AZUA KPS 26.ElmSite\Planta_POWERSHIP AZUA KPS26 1.ElmComp\MAN 18V/51/60DDF.ElmComp\Governor.ElmDsl,gov_MAN Governor/Actuator_v3,Ptable:IntMat,8,1,37.0
\VM-PF.IntUser\PDD 30-09-2025.IntPrj\Network Model.IntPrjfolder\Network Data.IntPrjfolder\SUR 138 kV.ElmNet\POWERSHIP AZUA KPS 26.ElmSite\Planta_POWERSHIP AZUA KPS26 1.ElmComp\MAN 18V/51/60DDF.ElmComp\Governor.ElmDsl,gov_MAN Governor/Actuator_v3,Ptable:IntMat,9,0,30.0
\VM-PF.IntUser\PDD 30-09-2025.IntPrj\Network Model.IntPrjfolder\Network Data.IntPrjfolder\SUR 138 kV.ElmNet\POWERSHIP AZUA KPS 26.ElmSite\Planta_POWERSHIP AZUA KPS26 1.ElmComp\MAN 18V/51/60DDF.ElmComp\Governor.ElmDsl,gov_MAN Governor/Actuator_v3,Ptable:IntMat,9,1,37.0
\VM-PF.IntUser\PDD 30-09-2025.IntPrj\Network Model.IntPrjfolder\Network Data.IntPrjfolder\SUR 138 kV.ElmNet\POWERSHIP AZUA KPS 26.ElmSite\Planta_POWERSHIP AZUA KPS26 1.ElmComp\MAN 18V/51/60DDF.ElmComp\Governor.ElmDsl,gov_MAN Governor/Actuator_v3,SmD:IntMat,0,0,0.0
\VM-PF.IntUser\PDD 30-09-2025.IntPrj\Network Model.IntPrjfolder\Network Data.IntPrjfolder\SUR 138 kV.ElmNet\POWERSHIP AZUA KPS 26.ElmSite\Planta_POWERSHIP AZUA KPS26 1.ElmComp\MAN 18V/51/60DDF.ElmComp\Governor.ElmDsl,gov_MAN Governor/Actuator_v3,SmD:IntMat,0,1,0.0
\VM-PF.IntUser\PDD 30-09-2025.IntPrj\Network Model.IntPrjfolder\Network Data.IntPrjfolder\SUR 138 kV.ElmNet\POWERSHIP AZUA KPS 26.ElmSite\Planta_POWERSHIP AZUA KPS26 1.ElmComp\MAN 18V/51/60DDF.ElmComp\Governor.ElmDsl,gov_MAN Governor/Actuator_v3,SmD:IntMat,0,2,10.0
\VM-PF.IntUser\PDD 30-09-2025.IntPrj\Network Model.IntPrjfolder\Network Data.IntPrjfolder\SUR 138 kV.ElmNet\POWERSHIP AZUA KPS 26.ElmSite\Planta_POWERSHIP AZUA KPS26 1.ElmComp\MAN 18V/51/60DDF.ElmComp\Governor.ElmDsl,gov_MAN Governor/Actuator_v3,SmD:IntMat,0,3,20.0
\VM-PF.IntUser\PDD 30-09-2025.IntPrj\Network Model.IntPrjfolder\Network Data.IntPrjfolder\SUR 138 kV.ElmNet\POWERSHIP AZUA KPS 26.ElmSite\Planta_POWERSHIP AZUA KPS26 1.ElmComp\MAN 18V/51/60DDF.ElmComp\Governor.ElmDsl,gov_MAN Governor/Actuator_v3,SmD:IntMat,0,4,30.0
\VM-PF.IntUser\PDD 30-09-2025.IntPrj\Network Model.IntPrjfolder\Network Data.IntPrjfolder\SUR 138 kV.ElmNet\POWERSHIP AZUA KPS 26.ElmSite\Planta_POWERSHIP AZUA KPS26 1.ElmComp\MAN 18V/51/60DDF.ElmComp\Governor.ElmDsl,gov_MAN Governor/Actuator_v3,SmD:IntMat,0,5,42.0
\VM-PF.IntUser\PDD 30-09-2025.IntPrj\Network Model.IntPrjfolder\Network Data.IntPrjfolder\SUR 138 kV.ElmNet\POWERSHIP AZUA KPS 26.ElmSite\Planta_POWERSHIP AZUA KPS26 1.ElmComp\MAN 18V/51/60DDF.ElmComp\Governor.ElmDsl,gov_MAN Governor/Actuator_v3,SmD:IntMat,0,6,60.0
\VM-PF.IntUser\PDD 30-09-2025.IntPrj\Network Model.IntPrjfolder\Network Data.IntPrjfolder\SUR 138 kV.ElmNet\POWERSHIP AZUA KPS 26.ElmSite\Planta_POWERSHIP AZUA KPS26 1.ElmComp\MAN 18V/51/60DDF.ElmComp\Governor.ElmDsl,gov_MAN Governor/Actuator_v3,SmD:IntMat,0,7,73.0
\VM-PF.IntUser\PDD 30-09-2025.IntPrj\Network Model.IntPrjfolder\Network Data.IntPrjfolder\SUR 138 kV.ElmNet\POWERSHIP AZUA KPS 26.ElmSite\Planta_POWERSHIP AZUA KPS26 1.ElmComp\MAN 18V/51/60DDF.ElmComp\Governor.ElmDsl,gov_MAN Governor/Actuator_v3,SmD:IntMat,0,8,83.0
\VM-PF.IntUser\PDD 30-09-2025.IntPrj\Network Model.IntPrjfolder\Network Data.IntPrjfolder\SUR 138 kV.ElmNet\POWERSHIP AZUA KPS 26.ElmSite\Planta_POWERSHIP AZUA KPS26 1.ElmComp\MAN 18V/51/60DDF.ElmComp\Governor.ElmDsl,gov_MAN Governor/Actuator_v3,SmD:IntMat,0,9,90.0
\VM-PF.IntUser\PDD 30-09-2025.IntPrj\Network Model.IntPrjfolder\Network Data.IntPrjfolder\SUR 138 kV.ElmNet\POWERSHIP AZUA KPS 26.ElmSite\Planta_POWERSHIP AZUA KPS26 1.ElmComp\MAN 18V/51/60DDF.ElmComp\Governor.ElmDsl,gov_MAN Governor/Actuator_v3,SmD:IntMat,0,10,100.0
\VM-PF.IntUser\PDD 30-09-2025.IntPrj\Network Model.IntPrjfolder\Network Data.IntPrjfolder\SUR 138 kV.ElmNet\POWERSHIP AZUA KPS 26.ElmSite\Planta_POWERSHIP AZUA KPS26 1.ElmComp\MAN 18V/51/60DDF.ElmComp\Governor.ElmDsl,gov_MAN Governor/Actuator_v3,SmD:IntMat,1,0,0.0
\VM-PF.IntUser\PDD 30-09-2025.IntPrj\Network Model.IntPrjfolder\Network Data.IntPrjfolder\SUR 138 kV.ElmNet\POWERSHIP AZUA KPS 26.ElmSite\Planta_POWERSHIP AZUA KPS26 1.ElmComp\MAN 18V/51/60DDF.ElmComp\Governor.ElmDsl,gov_MAN Governor/Actuator_v3,SmD:IntMat,1,1,100.0
\VM-PF.IntUser\PDD 30-09-2025.IntPrj\Network Model.IntPrjfolder\Network Data.IntPrjfolder\SUR 138 kV.ElmNet\POWERSHIP AZUA KPS 26.ElmSite\Planta_POWERSHIP AZUA KPS26 1.ElmComp\MAN 18V/51/60DDF.ElmComp\Governor.ElmDsl,gov_MAN Governor/Actuator_v3,SmD:IntMat,1,2,100.0
\VM-PF.IntUser\PDD 30-09-2025.IntPrj\Network Model.IntPrjfolder\Network Data.IntPrjfolder\SUR 138 kV.ElmNet\POWERSHIP AZUA KPS 26.ElmSite\Planta_POWERSHIP AZUA KPS26 1.ElmComp\MAN 18V/51/60DDF.ElmComp\Governor.ElmDsl,gov_MAN Governor/Actuator_v3,SmD:IntMat,1,3,100.0
\VM-PF.IntUser\PDD 30-09-2025.IntPrj\Network Model.IntPrjfolder\Network Data.IntPrjfolder\SUR 138 kV.ElmNet\POWERSHIP AZUA KPS 26.ElmSite\Planta_POWERSHIP AZUA KPS26 1.ElmComp\MAN 18V/51/60DDF.ElmComp\Governor.ElmDsl,gov_MAN Governor/Actuator_v3,SmD:IntMat,1,4,100.0
\VM-PF.IntUser\PDD 30-09-2025.IntPrj\Network Model.IntPrjfolder\Network Data.IntPrjfolder\SUR 138 kV.ElmNet\POWERSHIP AZUA KPS 26.ElmSite\Planta_POWERSHIP AZUA KPS26 1.ElmComp\MAN 18V/51/60DDF.ElmComp\Governor.ElmDsl,gov_MAN Governor/Actuator_v3,SmD:IntMat,1,5,100.0
\VM-PF.IntUser\PDD 30-09-2025.IntPrj\Network Model.IntPrjfolder\Network Data.IntPrjfolder\SUR 138 kV.ElmNet\POWERSHIP AZUA KPS 26.ElmSite\Planta_POWERSHIP AZUA KPS26 1.ElmComp\MAN 18V/51/60DDF.ElmComp\Governor.ElmDsl,gov_MAN Governor/Actuator_v3,SmD:IntMat,1,6,100.0
\VM-PF.IntUser\PDD 30-09-2025.IntPrj\Network Model.IntPrjfolder\Network Data.IntPrjfolder\SUR 138 kV.ElmNet\POWERSHIP AZUA KPS 26.ElmSite\Planta_POWERSHIP AZUA KPS26 1.ElmComp\MAN 18V/51/60DDF.ElmComp\Governor.ElmDsl,gov_MAN Governor/Actuator_v3,SmD:IntMat,1,7,100.0
\VM-PF.IntUser\PDD 30-09-2025.IntPrj\Network Model.IntPrjfolder\Network Data.IntPrjfolder\SUR 138 kV.ElmNet\POWERSHIP AZUA KPS 26.ElmSite\Planta_POWERSHIP AZUA KPS26 1.ElmComp\MAN 18V/51/60DDF.ElmComp\Governor.ElmDsl,gov_MAN Governor/Actuator_v3,SmD:IntMat,1,8,100.0
\VM-PF.IntUser\PDD 30-09-2025.IntPrj\Network Model.IntPrjfolder\Network Data.IntPrjfolder\SUR 138 kV.ElmNet\POWERSHIP AZUA KPS 26.ElmSite\Planta_POWERSHIP AZUA KPS26 1.ElmComp\MAN 18V/51/60DDF.ElmComp\Governor.ElmDsl,gov_MAN Governor/Actuator_v3,SmD:IntMat,1,9,100.0
\VM-PF.IntUser\PDD 30-09-2025.IntPrj\Network Model.IntPrjfolder\Network Data.IntPrjfolder\SUR 138 kV.ElmNet\POWERSHIP AZUA KPS 26.ElmSite\Planta_POWERSHIP AZUA KPS26 1.ElmComp\MAN 18V/51/60DDF.ElmComp\Governor.ElmDsl,gov_MAN Governor/Actuator_v3,SmD:IntMat,1,10,100.0
\VM-PF.IntUser\PDD 30-09-2025.IntPrj\Network Model.IntPrjfolder\Network Data.IntPrjfolder\SUR 138 kV.ElmNet\POWERSHIP AZUA KPS 26.ElmSite\Planta_POWERSHIP AZUA KPS26 1.ElmComp\MAN 18V/51/60DDF.ElmComp\Governor.ElmDsl,gov_MAN Governor/Actuator_v3,SmD:IntMat,2,0,100.0
\VM-PF.IntUser\PDD 30-09-2025.IntPrj\Network Model.IntPrjfolder\Network Data.IntPrjfolder\SUR 138 kV.ElmNet\POWERSHIP AZUA KPS 26.ElmSite\Planta_POWERSHIP AZUA KPS26 1.ElmComp\MAN 18V/51/60DDF.ElmComp\Governor.ElmDsl,gov_MAN Governor/Actuator_v3,SmD:IntMat,2,1,100.0
\VM-PF.IntUser\PDD 30-09-2025.IntPrj\Network Model.IntPrjfolder\Network Data.IntPrjfolder\SUR 138 kV.ElmNet\POWERSHIP AZUA KPS 26.ElmSite\Planta_POWERSHIP AZUA KPS26 1.ElmComp\MAN 18V/51/60DDF.ElmComp\Governor.ElmDsl,gov_MAN Governor/Actuator_v3,SmD:IntMat,2,2,100.0
\VM-PF.IntUser\PDD 30-09-2025.IntPrj\Network Model.IntPrjfolder\Network Data.IntPrjfolder\SUR 138 kV.ElmNet\POWERSHIP AZUA KPS 26.ElmSite\Planta_POWERSHIP AZUA KPS26 1.ElmComp\MAN 18V/51/60DDF.ElmComp\Governor.ElmDsl,gov_MAN Governor/Actuator_v3,SmD:IntMat,2,3,100.0
\VM-PF.IntUser\PDD 30-09-2025.IntPrj\Network Model.IntPrjfolder\Network Data.IntPrjfolder\SUR 138 kV.ElmNet\POWERSHIP AZUA KPS 26.ElmSite\Planta_POWERSHIP AZUA KPS26 1.ElmComp\MAN 18V/51/60DDF.ElmComp\Governor.ElmDsl,gov_MAN Governor/Actuator_v3,SmD:IntMat,2,4,100.0
\VM-PF.IntUser\PDD 30-09-2025.IntPrj\Network Model.IntPrjfolder\Network Data.IntPrjfolder\SUR 138 kV.ElmNet\POWERSHIP AZUA KPS 26.ElmSite\Planta_POWERSHIP AZUA KPS26 1.ElmComp\MAN 18V/51/60DDF.ElmComp\Governor.ElmDsl,gov_MAN Governor/Actuator_v3,SmD:IntMat,2,5,100.0
\VM-PF.IntUser\PDD 30-09-2025.IntPrj\Network Model.IntPrjfolder\Network Data.IntPrjfolder\SUR 138 kV.ElmNet\POWERSHIP AZUA KPS 26.ElmSite\Planta_POWERSHIP AZUA KPS26 1.ElmComp\MAN 18V/51/60DDF.ElmComp\Governor.ElmDsl,gov_MAN Governor/Actuator_v3,SmD:IntMat,2,6,100.0
\VM-PF.IntUser\PDD 30-09-2025.IntPrj\Network Model.IntPrjfolder\Network Data.IntPrjfolder\SUR 138 kV.ElmNet\POWERSHIP AZUA KPS 26.ElmSite\Planta_POWERSHIP AZUA KPS26 1.ElmComp\MAN 18V/51/60DDF.ElmComp\Governor.ElmDsl,gov_MAN Governor/Actuator_v3,SmD:IntMat,2,7,100.0
\VM-PF.IntUser\PDD 30-09-2025.IntPrj\Network Model.IntPrjfolder\Network Data.IntPrjfolder\SUR 138 kV.ElmNet\POWERSHIP AZUA KPS 26.ElmSite\Planta_POWERSHIP AZUA KPS26 1.ElmComp\MAN 18V/51/60DDF.ElmComp\Governor.ElmDsl,gov_MAN Governor/Actuator_v3,SmD:IntMat,2,8,100.0
\VM-PF.IntUser\PDD 30-09-2025.IntPrj\Network Model.IntPrjfolder\Network Data.IntPrjfolder\SUR 138 kV.ElmNet\POWERSHIP AZUA KPS 26.ElmSite\Planta_POWERSHIP AZUA KPS26 1.ElmComp\MAN 18V/51/60DDF.ElmComp\Governor.ElmDsl,gov_MAN Governor/Actuator_v3,SmD:IntMat,2,9,100.0
\VM-PF.IntUser\PDD 30-09-2025.IntPrj\Network Model.IntPrjfolder\Network Data.IntPrjfolder\SUR 138 kV.ElmNet\POWERSHIP AZUA KPS 26.ElmSite\Planta_POWERSHIP AZUA KPS26 1.ElmComp\MAN 18V/51/60DDF.ElmComp\Governor.ElmDsl,gov_MAN Governor/Actuator_v3,SmD:IntMat,2,10,100.0
\VM-PF.IntUser\PDD 30-09-2025.IntPrj\Network Model.IntPrjfolder\Network Data.IntPrjfolder\SUR 138 kV.ElmNet\POWERSHIP AZUA KPS 26.ElmSite\Planta_POWERSHIP AZUA KPS26 1.ElmComp\MAN 18V/51/60DDF.ElmComp\Governor.ElmDsl,gov_MAN Governor/Actuator_v3,SmD:IntMat,3,0,200.0
\VM-PF.IntUser\PDD 30-09-2025.IntPrj\Network Model.IntPrjfolder\Network Data.IntPrjfolder\SUR 138 kV.ElmNet\POWERSHIP AZUA KPS 26.ElmSite\Planta_POWERSHIP AZUA KPS26 1.ElmComp\MAN 18V/51/60DDF.ElmComp\Governor.ElmDsl,gov_MAN Governor/Actuator_v3,SmD:IntMat,3,1,100.0
\VM-PF.IntUser\PDD 30-09-2025.IntPrj\Network Model.IntPrjfolder\Network Data.IntPrjfolder\SUR 138 kV.ElmNet\POWERSHIP AZUA KPS 26.ElmSite\Planta_POWERSHIP AZUA KPS26 1.ElmComp\MAN 18V/51/60DDF.ElmComp\Governor.ElmDsl,gov_MAN Governor/Actuator_v3,SmD:IntMat,3,2,100.0
\VM-PF.IntUser\PDD 30-09-2025.IntPrj\Network Model.IntPrjfolder\Network Data.IntPrjfolder\SUR 138 kV.ElmNet\POWERSHIP AZUA KPS 26.ElmSite\Planta_POWERSHIP AZUA KPS26 1.ElmComp\MAN 18V/51/60DDF.ElmComp\Governor.ElmDsl,gov_MAN Governor/Actuator_v3,SmD:IntMat,3,3,100.0
\VM-PF.IntUser\PDD 30-09-2025.IntPrj\Network Model.IntPrjfolder\Network Data.IntPrjfolder\SUR 138 kV.ElmNet\POWERSHIP AZUA KPS 26.ElmSite\Planta_POWERSHIP AZUA KPS26 1.ElmComp\MAN 18V/51/60DDF.ElmComp\Governor.ElmDsl,gov_MAN Governor/Actuator_v3,SmD:IntMat,3,4,100.0
\VM-PF.IntUser\PDD 30-09-2025.IntPrj\Network Model.IntPrjfolder\Network Data.IntPrjfolder\SUR 138 kV.ElmNet\POWERSHIP AZUA KPS 26.ElmSite\Planta_POWERSHIP AZUA KPS26 1.ElmComp\MAN 18V/51/60DDF.ElmComp\Governor.ElmDsl,gov_MAN Governor/Actuator_v3,SmD:IntMat,3,5,100.0
\VM-PF.IntUser\PDD 30-09-2025.IntPrj\Network Model.IntPrjfolder\Network Data.IntPrjfolder\SUR 138 kV.ElmNet\POWERSHIP AZUA KPS 26.ElmSite\Planta_POWERSHIP AZUA KPS26 1.ElmComp\MAN 18V/51/60DDF.ElmComp\Governor.ElmDsl,gov_MAN Governor/Actuator_v3,SmD:IntMat,3,6,100.0
\VM-PF.IntUser\PDD 30-09-2025.IntPrj\Network Model.IntPrjfolder\Network Data.IntPrjfolder\SUR 138 kV.ElmNet\POWERSHIP AZUA KPS 26.ElmSite\Planta_POWERSHIP AZUA KPS26 1.ElmComp\MAN 18V/51/60DDF.ElmComp\Governor.ElmDsl,gov_MAN Governor/Actuator_v3,SmD:IntMat,3,7,100.0
\VM-PF.IntUser\PDD 30-09-2025.IntPrj\Network Model.IntPrjfolder\Network Data.IntPrjfolder\SUR 138 kV.ElmNet\POWERSHIP AZUA KPS 26.ElmSite\Planta_POWERSHIP AZUA KPS26 1.ElmComp\MAN 18V/51/60DDF.ElmComp\Governor.ElmDsl,gov_MAN Governor/Actuator_v3,SmD:IntMat,3,8,100.0
\VM-PF.IntUser\PDD 30-09-2025.IntPrj\Network Model.IntPrjfolder\Network Data.IntPrjfolder\SUR 138 kV.ElmNet\POWERSHIP AZUA KPS 26.ElmSite\Planta_POWERSHIP AZUA KPS26 1.ElmComp\MAN 18V/51/60DDF.ElmComp\Governor.ElmDsl,gov_MAN Governor/Actuator_v3,SmD:IntMat,3,9,100.0
\VM-PF.IntUser\PDD 30-09-2025.IntPrj\Network Model.IntPrjfolder\Network Data.IntPrjfolder\SUR 138 kV.ElmNet\POWERSHIP AZUA KPS 26.ElmSite\Planta_POWERSHIP AZUA KPS26 1.ElmComp\MAN 18V/51/60DDF.ElmComp\Governor.ElmDsl,gov_MAN Governor/Actuator_v3,SmD:IntMat,3,10,100.0
\VM-PF.IntUser\PDD 30-09-2025.IntPrj\Network Model.IntPrjfolder\Network Data.IntPrjfolder\SUR 138 kV.ElmNet\POWERSHIP AZUA KPS 26.ElmSite\Planta_POWERSHIP AZUA KPS26 1.ElmComp\MAN 18V/51/60DDF.ElmComp\Governor.ElmDsl,gov_MAN Governor/Actuator_v3,SmD:IntMat,4,0,300.0
\VM-PF.IntUser\PDD 30-09-2025.IntPrj\Network Model.IntPrjfolder\Network Data.IntPrjfolder\SUR 138 kV.ElmNet\POWERSHIP AZUA KPS 26.ElmSite\Planta_POWERSHIP AZUA KPS26 1.ElmComp\MAN 18V/51/60DDF.ElmComp\Governor.ElmDsl,gov_MAN Governor/Actuator_v3,SmD:IntMat,4,1,100.0
\VM-PF.IntUser\PDD 30-09-2025.IntPrj\Network Model.IntPrjfolder\Network Data.IntPrjfolder\SUR 138 kV.ElmNet\POWERSHIP AZUA KPS 26.ElmSite\Planta_POWERSHIP AZUA KPS26 1.ElmComp\MAN 18V/51/60DDF.ElmComp\Governor.ElmDsl,gov_MAN Governor/Actuator_v3,SmD:IntMat,4,2,100.0
\VM-PF.IntUser\PDD 30-09-2025.IntPrj\Network Model.IntPrjfolder\Network Data.IntPrjfolder\SUR 138 kV.ElmNet\POWERSHIP AZUA KPS 26.ElmSite\Planta_POWERSHIP AZUA KPS26 1.ElmComp\MAN 18V/51/60DDF.ElmComp\Governor.ElmDsl,gov_MAN Governor/Actuator_v3,SmD:IntMat,4,3,100.0
\VM-PF.IntUser\PDD 30-09-2025.IntPrj\Network Model.IntPrjfolder\Network Data.IntPrjfolder\SUR 138 kV.ElmNet\POWERSHIP AZUA KPS 26.ElmSite\Planta_POWERSHIP AZUA KPS26 1.ElmComp\MAN 18V/51/60DDF.ElmComp\Governor.ElmDsl,gov_MAN Governor/Actuator_v3,SmD:IntMat,4,4,100.0
\VM-PF.IntUser\PDD 30-09-2025.IntPrj\Network Model.IntPrjfolder\Network Data.IntPrjfolder\SUR 138 kV.ElmNet\POWERSHIP AZUA KPS 26.ElmSite\Planta_POWERSHIP AZUA KPS26 1.ElmComp\MAN 18V/51/60DDF.ElmComp\Governor.ElmDsl,gov_MAN Governor/Actuator_v3,SmD:IntMat,4,5,100.0
\VM-PF.IntUser\PDD 30-09-2025.IntPrj\Network Model.IntPrjfolder\Network Data.IntPrjfolder\SUR 138 kV.ElmNet\POWERSHIP AZUA KPS 26.ElmSite\Planta_POWERSHIP AZUA KPS26 1.ElmComp\MAN 18V/51/60DDF.ElmComp\Governor.ElmDsl,gov_MAN Governor/Actuator_v3,SmD:IntMat,4,6,100.0
\VM-PF.IntUser\PDD 30-09-2025.IntPrj\Network Model.IntPrjfolder\Network Data.IntPrjfolder\SUR 138 kV.ElmNet\POWERSHIP AZUA KPS 26.ElmSite\Planta_POWERSHIP AZUA KPS26 1.ElmComp\MAN 18V/51/60DDF.ElmComp\Governor.ElmDsl,gov_MAN Governor/Actuator_v3,SmD:IntMat,4,7,100.0
\VM-PF.IntUser\PDD 30-09-2025.IntPrj\Network Model.IntPrjfolder\Network Data.IntPrjfolder\SUR 138 kV.ElmNet\POWERSHIP AZUA KPS 26.ElmSite\Planta_POWERSHIP AZUA KPS26 1.ElmComp\MAN 18V/51/60DDF.ElmComp\Governor.ElmDsl,gov_MAN Governor/Actuator_v3,SmD:IntMat,4,8,100.0
\VM-PF.IntUser\PDD 30-09-2025.IntPrj\Network Model.IntPrjfolder\Network Data.IntPrjfolder\SUR 138 kV.ElmNet\POWERSHIP AZUA KPS 26.ElmSite\Planta_POWERSHIP AZUA KPS26 1.ElmComp\MAN 18V/51/60DDF.ElmComp\Governor.ElmDsl,gov_MAN Governor/Actuator_v3,SmD:IntMat,4,9,100.0
\VM-PF.IntUser\PDD 30-09-2025.IntPrj\Network Model.IntPrjfolder\Network Data.IntPrjfolder\SUR 138 kV.ElmNet\POWERSHIP AZUA KPS 26.ElmSite\Planta_POWERSHIP AZUA KPS26 1.ElmComp\MAN 18V/51/60DDF.ElmComp\Governor.ElmDsl,gov_MAN Governor/Actuator_v3,SmD:IntMat,4,10,100.0
\VM-PF.IntUser\PDD 30-09-2025.IntPrj\Network Model.IntPrjfolder\Network Data.IntPrjfolder\SUR 138 kV.ElmNet\POWERSHIP AZUA KPS 26.ElmSite\Planta_POWERSHIP AZUA KPS26 1.ElmComp\MAN 18V/51/60DDF.ElmComp\Governor.ElmDsl,gov_MAN Governor/Actuator_v3,SmD:IntMat,5,0,400.0
\VM-PF.IntUser\PDD 30-09-2025.IntPrj\Network Model.IntPrjfolder\Network Data.IntPrjfolder\SUR 138 kV.ElmNet\POWERSHIP AZUA KPS 26.ElmSite\Planta_POWERSHIP AZUA KPS26 1.ElmComp\MAN 18V/51/60DDF.ElmComp\Governor.ElmDsl,gov_MAN Governor/Actuator_v3,SmD:IntMat,5,1,100.0
\VM-PF.IntUser\PDD 30-09-2025.IntPrj\Network Model.IntPrjfolder\Network Data.IntPrjfolder\SUR 138 kV.ElmNet\POWERSHIP AZUA KPS 26.ElmSite\Planta_POWERSHIP AZUA KPS26 1.ElmComp\MAN 18V/51/60DDF.ElmComp\Governor.ElmDsl,gov_MAN Governor/Actuator_v3,SmD:IntMat,5,2,100.0
\VM-PF.IntUser\PDD 30-09-2025.IntPrj\Network Model.IntPrjfolder\Network Data.IntPrjfolder\SUR 138 kV.ElmNet\POWERSHIP AZUA KPS 26.ElmSite\Planta_POWERSHIP AZUA KPS26 1.ElmComp\MAN 18V/51/60DDF.ElmComp\Governor.ElmDsl,gov_MAN Governor/Actuator_v3,SmD:IntMat,5,3,100.0
\VM-PF.IntUser\PDD 30-09-2025.IntPrj\Network Model.IntPrjfolder\Network Data.IntPrjfolder\SUR 138 kV.ElmNet\POWERSHIP AZUA KPS 26.ElmSite\Planta_POWERSHIP AZUA KPS26 1.ElmComp\MAN 18V/51/60DDF.ElmComp\Governor.ElmDsl,gov_MAN Governor/Actuator_v3,SmD:IntMat,5,4,100.0
\VM-PF.IntUser\PDD 30-09-2025.IntPrj\Network Model.IntPrjfolder\Network Data.IntPrjfolder\SUR 138 kV.ElmNet\POWERSHIP AZUA KPS 26.ElmSite\Planta_POWERSHIP AZUA KPS26 1.ElmComp\MAN 18V/51/60DDF.ElmComp\Governor.ElmDsl,gov_MAN Governor/Actuator_v3,SmD:IntMat,5,5,100.0
\VM-PF.IntUser\PDD 30-09-2025.IntPrj\Network Model.IntPrjfolder\Network Data.IntPrjfolder\SUR 138 kV.ElmNet\POWERSHIP AZUA KPS 26.ElmSite\Planta_POWERSHIP AZUA KPS26 1.ElmComp\MAN 18V/51/60DDF.ElmComp\Governor.ElmDsl,gov_MAN Governor/Actuator_v3,SmD:IntMat,5,6,100.0
\VM-PF.IntUser\PDD 30-09-2025.IntPrj\Network Model.IntPrjfolder\Network Data.IntPrjfolder\SUR 138 kV.ElmNet\POWERSHIP AZUA KPS 26.ElmSite\Planta_POWERSHIP AZUA KPS26 1.ElmComp\MAN 18V/51/60DDF.ElmComp\Governor.ElmDsl,gov_MAN Governor/Actuator_v3,SmD:IntMat,5,7,100.0
\VM-PF.IntUser\PDD 30-09-2025.IntPrj\Network Model.IntPrjfolder\Network Data.IntPrjfolder\SUR 138 kV.ElmNet\POWERSHIP AZUA KPS 26.ElmSite\Planta_POWERSHIP AZUA KPS26 1.ElmComp\MAN 18V/51/60DDF.ElmComp\Governor.ElmDsl,gov_MAN Governor/Actuator_v3,SmD:IntMat,5,8,100.0
\VM-PF.IntUser\PDD 30-09-2025.IntPrj\Network Model.IntPrjfolder\Network Data.IntPrjfolder\SUR 138 kV.ElmNet\POWERSHIP AZUA KPS 26.ElmSite\Planta_POWERSHIP AZUA KPS26 1.ElmComp\MAN 18V/51/60DDF.ElmComp\Governor.ElmDsl,gov_MAN Governor/Actuator_v3,SmD:IntMat,5,9,100.0
\VM-PF.IntUser\PDD 30-09-2025.IntPrj\Network Model.IntPrjfolder\Network Data.IntPrjfolder\SUR 138 kV.ElmNet\POWERSHIP AZUA KPS 26.ElmSite\Planta_POWERSHIP AZUA KPS26 1.ElmComp\MAN 18V/51/60DDF.ElmComp\Governor.ElmDsl,gov_MAN Governor/Actuator_v3,SmD:IntMat,5,10,100.0
\VM-PF.IntUser\PDD 30-09-2025.IntPrj\Network Model.IntPrjfolder\Network Data.IntPrjfolder\SUR 138 kV.ElmNet\POWERSHIP AZUA KPS 26.ElmSite\Planta_POWERSHIP AZUA KPS26 1.ElmComp\MAN 18V/51/60DDF.ElmComp\Governor.ElmDsl,gov_MAN Governor/Actuator_v3,SmD:IntMat,6,0,514.0
\VM-PF.IntUser\PDD 30-09-2025.IntPrj\Network Model.IntPrjfolder\Network Data.IntPrjfolder\SUR 138 kV.ElmNet\POWERSHIP AZUA KPS 26.ElmSite\Planta_POWERSHIP AZUA KPS26 1.ElmComp\MAN 18V/51/60DDF.ElmComp\Governor.ElmDsl,gov_MAN Governor/Actuator_v3,SmD:IntMat,6,1,100.0
\VM-PF.IntUser\PDD 30-09-2025.IntPrj\Network Model.IntPrjfolder\Network Data.IntPrjfolder\SUR 138 kV.ElmNet\POWERSHIP AZUA KPS 26.ElmSite\Planta_POWERSHIP AZUA KPS26 1.ElmComp\MAN 18V/51/60DDF.ElmComp\Governor.ElmDsl,gov_MAN Governor/Actuator_v3,SmD:IntMat,6,2,100.0
\VM-PF.IntUser\PDD 30-09-2025.IntPrj\Network Model.IntPrjfolder\Network Data.IntPrjfolder\SUR 138 kV.ElmNet\POWERSHIP AZUA KPS 26.ElmSite\Planta_POWERSHIP AZUA KPS26 1.ElmComp\MAN 18V/51/60DDF.ElmComp\Governor.ElmDsl,gov_MAN Governor/Actuator_v3,SmD:IntMat,6,3,100.0
\VM-PF.IntUser\PDD 30-09-2025.IntPrj\Network Model.IntPrjfolder\Network Data.IntPrjfolder\SUR 138 kV.ElmNet\POWERSHIP AZUA KPS 26.ElmSite\Planta_POWERSHIP AZUA KPS26 1.ElmComp\MAN 18V/51/60DDF.ElmComp\Governor.ElmDsl,gov_MAN Governor/Actuator_v3,SmD:IntMat,6,4,100.0
\VM-PF.IntUser\PDD 30-09-2025.IntPrj\Network Model.IntPrjfolder\Network Data.IntPrjfolder\SUR 138 kV.ElmNet\POWERSHIP AZUA KPS 26.ElmSite\Planta_POWERSHIP AZUA KPS26 1.ElmComp\MAN 18V/51/60DDF.ElmComp\Governor.ElmDsl,gov_MAN Governor/Actuator_v3,SmD:IntMat,6,5,100.0
\VM-PF.IntUser\PDD 30-09-2025.IntPrj\Network Model.IntPrjfolder\Network Data.IntPrjfolder\SUR 138 kV.ElmNet\POWERSHIP AZUA KPS 26.ElmSite\Planta_POWERSHIP AZUA KPS26 1.ElmComp\MAN 18V/51/60DDF.ElmComp\Governor.ElmDsl,gov_MAN Governor/Actuator_v3,SmD:IntMat,6,6,23.0
\VM-PF.IntUser\PDD 30-09-2025.IntPrj\Network Model.IntPrjfolder\Network Data.IntPrjfolder\SUR 138 kV.ElmNet\POWERSHIP AZUA KPS 26.ElmSite\Planta_POWERSHIP AZUA KPS26 1.ElmComp\MAN 18V/51/60DDF.ElmComp\Governor.ElmDsl,gov_MAN Governor/Actuator_v3,SmD:IntMat,6,7,23.0
\VM-PF.IntUser\PDD 30-09-2025.IntPrj\Network Model.IntPrjfolder\Network Data.IntPrjfolder\SUR 138 kV.ElmNet\POWERSHIP AZUA KPS 26.ElmSite\Planta_POWERSHIP AZUA KPS26 1.ElmComp\MAN 18V/51/60DDF.ElmComp\Governor.ElmDsl,gov_MAN Governor/Actuator_v3,SmD:IntMat,6,8,23.0
\VM-PF.IntUser\PDD 30-09-2025.IntPrj\Network Model.IntPrjfolder\Network Data.IntPrjfolder\SUR 138 kV.ElmNet\POWERSHIP AZUA KPS 26.ElmSite\Planta_POWERSHIP AZUA KPS26 1.ElmComp\MAN 18V/51/60DDF.ElmComp\Governor.ElmDsl,gov_MAN Governor/Actuator_v3,SmD:IntMat,6,9,23.0
\VM-PF.IntUser\PDD 30-09-2025.IntPrj\Network Model.IntPrjfolder\Network Data.IntPrjfolder\SUR 138 kV.ElmNet\POWERSHIP AZUA KPS 26.ElmSite\Planta_POWERSHIP AZUA KPS26 1.ElmComp\MAN 18V/51/60DDF.ElmComp\Governor.ElmDsl,gov_MAN Governor/Actuator_v3,SmD:IntMat,6,10,23.0
\VM-PF.IntUser\PDD 30-09-2025.IntPrj\Network Model.IntPrjfolder\Network Data.IntPrjfolder\SUR 138 kV.ElmNet\POWERSHIP AZUA KPS 26.ElmSite\Planta_POWERSHIP AZUA KPS26 1.ElmComp\MAN 18V/51/60DDF.ElmComp\Governor.ElmDsl,gov_MAN Governor/Actuator_v3,SmD:IntMat,7,0,600.0
\VM-PF.IntUser\PDD 30-09-2025.IntPrj\Network Model.IntPrjfolder\Network Data.IntPrjfolder\SUR 138 kV.ElmNet\POWERSHIP AZUA KPS 26.ElmSite\Planta_POWERSHIP AZUA KPS26 1.ElmComp\MAN 18V/51/60DDF.ElmComp\Governor.ElmDsl,gov_MAN Governor/Actuator_v3,SmD:IntMat,7,1,100.0
\VM-PF.IntUser\PDD 30-09-2025.IntPrj\Network Model.IntPrjfolder\Network Data.IntPrjfolder\SUR 138 kV.ElmNet\POWERSHIP AZUA KPS 26.ElmSite\Planta_POWERSHIP AZUA KPS26 1.ElmComp\MAN 18V/51/60DDF.ElmComp\Governor.ElmDsl,gov_MAN Governor/Actuator_v3,SmD:IntMat,7,2,100.0
\VM-PF.IntUser\PDD 30-09-2025.IntPrj\Network Model.IntPrjfolder\Network Data.IntPrjfolder\SUR 138 kV.ElmNet\POWERSHIP AZUA KPS 26.ElmSite\Planta_POWERSHIP AZUA KPS26 1.ElmComp\MAN 18V/51/60DDF.ElmComp\Governor.ElmDsl,gov_MAN Governor/Actuator_v3,SmD:IntMat,7,3,100.0
\VM-PF.IntUser\PDD 30-09-2025.IntPrj\Network Model.IntPrjfolder\Network Data.IntPrjfolder\SUR 138 kV.ElmNet\POWERSHIP AZUA KPS 26.ElmSite\Planta_POWERSHIP AZUA KPS26 1.ElmComp\MAN 18V/51/60DDF.ElmComp\Governor.ElmDsl,gov_MAN Governor/Actuator_v3,SmD:IntMat,7,4,100.0
\VM-PF.IntUser\PDD 30-09-2025.IntPrj\Network Model.IntPrjfolder\Network Data.IntPrjfolder\SUR 138 kV.ElmNet\POWERSHIP AZUA KPS 26.ElmSite\Planta_POWERSHIP AZUA KPS26 1.ElmComp\MAN 18V/51/60DDF.ElmComp\Governor.ElmDsl,gov_MAN Governor/Actuator_v3,SmD:IntMat,7,5,100.0
\VM-PF.IntUser\PDD 30-09-2025.IntPrj\Network Model.IntPrjfolder\Network Data.IntPrjfolder\SUR 138 kV.ElmNet\POWERSHIP AZUA KPS 26.ElmSite\Planta_POWERSHIP AZUA KPS26 1.ElmComp\MAN 18V/51/60DDF.ElmComp\Governor.ElmDsl,gov_MAN Governor/Actuator_v3,SmD:IntMat,7,6,23.0
\VM-PF.IntUser\PDD 30-09-2025.IntPrj\Network Model.IntPrjfolder\Network Data.IntPrjfolder\SUR 138 kV.ElmNet\POWERSHIP AZUA KPS 26.ElmSite\Planta_POWERSHIP AZUA KPS26 1.ElmComp\MAN 18V/51/60DDF.ElmComp\Governor.ElmDsl,gov_MAN Governor/Actuator_v3,SmD:IntMat,7,7,23.0
\VM-PF.IntUser\PDD 30-09-2025.IntPrj\Network Model.IntPrjfolder\Network Data.IntPrjfolder\SUR 138 kV.ElmNet\POWERSHIP AZUA KPS 26.ElmSite\Planta_POWERSHIP AZUA KPS26 1.ElmComp\MAN 18V/51/60DDF.ElmComp\Governor.ElmDsl,gov_MAN Governor/Actuator_v3,SmD:IntMat,7,8,23.0
\VM-PF.IntUser\PDD 30-09-2025.IntPrj\Network Model.IntPrjfolder\Network Data.IntPrjfolder\SUR 138 kV.ElmNet\POWERSHIP AZUA KPS 26.ElmSite\Planta_POWERSHIP AZUA KPS26 1.ElmComp\MAN 18V/51/60DDF.ElmComp\Governor.ElmDsl,gov_MAN Governor/Actuator_v3,SmD:IntMat,7,9,23.0
\VM-PF.IntUser\PDD 30-09-2025.IntPrj\Network Model.IntPrjfolder\Network Data.IntPrjfolder\SUR 138 kV.ElmNet\POWERSHIP AZUA KPS 26.ElmSite\Planta_POWERSHIP AZUA KPS26 1.ElmComp\MAN 18V/51/60DDF.ElmComp\Governor.ElmDsl,gov_MAN Governor/Actuator_v3,SmD:IntMat,7,10,23.0
\VM-PF.IntUser\PDD 30-09-2025.IntPrj\Network Model.IntPrjfolder\Network Data.IntPrjfolder\SUR 138 kV.ElmNet\POWERSHIP AZUA KPS 26.ElmSite\Planta_POWERSHIP AZUA KPS26 1.ElmComp\MAN 18V/51/60DDF.ElmComp\Governor.ElmDsl,gov_MAN Governor/Actuator_v3,SmI:IntMat,0,0,0.0
\VM-PF.IntUser\PDD 30-09-2025.IntPrj\Network Model.IntPrjfolder\Network Data.IntPrjfolder\SUR 138 kV.ElmNet\POWERSHIP AZUA KPS 26.ElmSite\Planta_POWERSHIP AZUA KPS26 1.ElmComp\MAN 18V/51/60DDF.ElmComp\Governor.ElmDsl,gov_MAN Governor/Actuator_v3,SmI:IntMat,0,1,0.0
\VM-PF.IntUser\PDD 30-09-2025.IntPrj\Network Model.IntPrjfolder\Network Data.IntPrjfolder\SUR 138 kV.ElmNet\POWERSHIP AZUA KPS 26.ElmSite\Planta_POWERSHIP AZUA KPS26 1.ElmComp\MAN 18V/51/60DDF.ElmComp\Governor.ElmDsl,gov_MAN Governor/Actuator_v3,SmI:IntMat,0,2,10.0
\VM-PF.IntUser\PDD 30-09-2025.IntPrj\Network Model.IntPrjfolder\Network Data.IntPrjfolder\SUR 138 kV.ElmNet\POWERSHIP AZUA KPS 26.ElmSite\Planta_POWERSHIP AZUA KPS26 1.ElmComp\MAN 18V/51/60DDF.ElmComp\Governor.ElmDsl,gov_MAN Governor/Actuator_v3,SmI:IntMat,0,3,20.0
\VM-PF.IntUser\PDD 30-09-2025.IntPrj\Network Model.IntPrjfolder\Network Data.IntPrjfolder\SUR 138 kV.ElmNet\POWERSHIP AZUA KPS 26.ElmSite\Planta_POWERSHIP AZUA KPS26 1.ElmComp\MAN 18V/51/60DDF.ElmComp\Governor.ElmDsl,gov_MAN Governor/Actuator_v3,SmI:IntMat,0,4,30.0
\VM-PF.IntUser\PDD 30-09-2025.IntPrj\Network Model.IntPrjfolder\Network Data.IntPrjfolder\SUR 138 kV.ElmNet\POWERSHIP AZUA KPS 26.ElmSite\Planta_POWERSHIP AZUA KPS26 1.ElmComp\MAN 18V/51/60DDF.ElmComp\Governor.ElmDsl,gov_MAN Governor/Actuator_v3,SmI:IntMat,0,5,42.0
\VM-PF.IntUser\PDD 30-09-2025.IntPrj\Network Model.IntPrjfolder\Network Data.IntPrjfolder\SUR 138 kV.ElmNet\POWERSHIP AZUA KPS 26.ElmSite\Planta_POWERSHIP AZUA KPS26 1.ElmComp\MAN 18V/51/60DDF.ElmComp\Governor.ElmDsl,gov_MAN Governor/Actuator_v3,SmI:IntMat,0,6,60.0
\VM-PF.IntUser\PDD 30-09-2025.IntPrj\Network Model.IntPrjfolder\Network Data.IntPrjfolder\SUR 138 kV.ElmNet\POWERSHIP AZUA KPS 26.ElmSite\Planta_POWERSHIP AZUA KPS26 1.ElmComp\MAN 18V/51/60DDF.ElmComp\Governor.ElmDsl,gov_MAN Governor/Actuator_v3,SmI:IntMat,0,7,73.0
\VM-PF.IntUser\PDD 30-09-2025.IntPrj\Network Model.IntPrjfolder\Network Data.IntPrjfolder\SUR 138 kV.ElmNet\POWERSHIP AZUA KPS 26.ElmSite\Planta_POWERSHIP AZUA KPS26 1.ElmComp\MAN 18V/51/60DDF.ElmComp\Governor.ElmDsl,gov_MAN Governor/Actuator_v3,SmI:IntMat,0,8,83.0
\VM-PF.IntUser\PDD 30-09-2025.IntPrj\Network Model.IntPrjfolder\Network Data.IntPrjfolder\SUR 138 kV.ElmNet\POWERSHIP AZUA KPS 26.ElmSite\Planta_POWERSHIP AZUA KPS26 1.ElmComp\MAN 18V/51/60DDF.ElmComp\Governor.ElmDsl,gov_MAN Governor/Actuator_v3,SmI:IntMat,0,9,90.0
\VM-PF.IntUser\PDD 30-09-2025.IntPrj\Network Model.IntPrjfolder\Network Data.IntPrjfolder\SUR 138 kV.ElmNet\POWERSHIP AZUA KPS 26.ElmSite\Planta_POWERSHIP AZUA KPS26 1.ElmComp\MAN 18V/51/60DDF.ElmComp\Governor.ElmDsl,gov_MAN Governor/Actuator_v3,SmI:IntMat,0,10,100.0
\VM-PF.IntUser\PDD 30-09-2025.IntPrj\Network Model.IntPrjfolder\Network Data.IntPrjfolder\SUR 138 kV.ElmNet\POWERSHIP AZUA KPS 26.ElmSite\Planta_POWERSHIP AZUA KPS26 1.ElmComp\MAN 18V/51/60DDF.ElmComp\Governor.ElmDsl,gov_MAN Governor/Actuator_v3,SmI:IntMat,1,0,0.0
\VM-PF.IntUser\PDD 30-09-2025.IntPrj\Network Model.IntPrjfolder\Network Data.IntPrjfolder\SUR 138 kV.ElmNet\POWERSHIP AZUA KPS 26.ElmSite\Planta_POWERSHIP AZUA KPS26 1.ElmComp\MAN 18V/51/60DDF.ElmComp\Governor.ElmDsl,gov_MAN Governor/Actuator_v3,SmI:IntMat,1,1,200.0
\VM-PF.IntUser\PDD 30-09-2025.IntPrj\Network Model.IntPrjfolder\Network Data.IntPrjfolder\SUR 138 kV.ElmNet\POWERSHIP AZUA KPS 26.ElmSite\Planta_POWERSHIP AZUA KPS26 1.ElmComp\MAN 18V/51/60DDF.ElmComp\Governor.ElmDsl,gov_MAN Governor/Actuator_v3,SmI:IntMat,1,2,200.0
\VM-PF.IntUser\PDD 30-09-2025.IntPrj\Network Model.IntPrjfolder\Network Data.IntPrjfolder\SUR 138 kV.ElmNet\POWERSHIP AZUA KPS 26.ElmSite\Planta_POWERSHIP AZUA KPS26 1.ElmComp\MAN 18V/51/60DDF.ElmComp\Governor.ElmDsl,gov_MAN Governor/Actuator_v3,SmI:IntMat,1,3,200.0
\VM-PF.IntUser\PDD 30-09-2025.IntPrj\Network Model.IntPrjfolder\Network Data.IntPrjfolder\SUR 138 kV.ElmNet\POWERSHIP AZUA KPS 26.ElmSite\Planta_POWERSHIP AZUA KPS26 1.ElmComp\MAN 18V/51/60DDF.ElmComp\Governor.ElmDsl,gov_MAN Governor/Actuator_v3,SmI:IntMat,1,4,200.0
\VM-PF.IntUser\PDD 30-09-2025.IntPrj\Network Model.IntPrjfolder\Network Data.IntPrjfolder\SUR 138 kV.ElmNet\POWERSHIP AZUA KPS 26.ElmSite\Planta_POWERSHIP AZUA KPS26 1.ElmComp\MAN 18V/51/60DDF.ElmComp\Governor.ElmDsl,gov_MAN Governor/Actuator_v3,SmI:IntMat,1,5,200.0
\VM-PF.IntUser\PDD 30-09-2025.IntPrj\Network Model.IntPrjfolder\Network Data.IntPrjfolder\SUR 138 kV.ElmNet\POWERSHIP AZUA KPS 26.ElmSite\Planta_POWERSHIP AZUA KPS26 1.ElmComp\MAN 18V/51/60DDF.ElmComp\Governor.ElmDsl,gov_MAN Governor/Actuator_v3,SmI:IntMat,1,6,60.0
\VM-PF.IntUser\PDD 30-09-2025.IntPrj\Network Model.IntPrjfolder\Network Data.IntPrjfolder\SUR 138 kV.ElmNet\POWERSHIP AZUA KPS 26.ElmSite\Planta_POWERSHIP AZUA KPS26 1.ElmComp\MAN 18V/51/60DDF.ElmComp\Governor.ElmDsl,gov_MAN Governor/Actuator_v3,SmI:IntMat,1,7,100.0
\VM-PF.IntUser\PDD 30-09-2025.IntPrj\Network Model.IntPrjfolder\Network Data.IntPrjfolder\SUR 138 kV.ElmNet\POWERSHIP AZUA KPS 26.ElmSite\Planta_POWERSHIP AZUA KPS26 1.ElmComp\MAN 18V/51/60DDF.ElmComp\Governor.ElmDsl,gov_MAN Governor/Actuator_v3,SmI:IntMat,1,8,100.0
\VM-PF.IntUser\PDD 30-09-2025.IntPrj\Network Model.IntPrjfolder\Network Data.IntPrjfolder\SUR 138 kV.ElmNet\POWERSHIP AZUA KPS 26.ElmSite\Planta_POWERSHIP AZUA KPS26 1.ElmComp\MAN 18V/51/60DDF.ElmComp\Governor.ElmDsl,gov_MAN Governor/Actuator_v3,SmI:IntMat,1,9,100.0
\VM-PF.IntUser\PDD 30-09-2025.IntPrj\Network Model.IntPrjfolder\Network Data.IntPrjfolder\SUR 138 kV.ElmNet\POWERSHIP AZUA KPS 26.ElmSite\Planta_POWERSHIP AZUA KPS26 1.ElmComp\MAN 18V/51/60DDF.ElmComp\Governor.ElmDsl,gov_MAN Governor/Actuator_v3,SmI:IntMat,1,10,100.0
\VM-PF.IntUser\PDD 30-09-2025.IntPrj\Network Model.IntPrjfolder\Network Data.IntPrjfolder\SUR 138 kV.ElmNet\POWERSHIP AZUA KPS 26.ElmSite\Planta_POWERSHIP AZUA KPS26 1.ElmComp\MAN 18V/51/60DDF.ElmComp\Governor.ElmDsl,gov_MAN Governor/Actuator_v3,SmI:IntMat,2,0,100.0
\VM-PF.IntUser\PDD 30-09-2025.IntPrj\Network Model.IntPrjfolder\Network Data.IntPrjfolder\SUR 138 kV.ElmNet\POWERSHIP AZUA KPS 26.ElmSite\Planta_POWERSHIP AZUA KPS26 1.ElmComp\MAN 18V/51/60DDF.ElmComp\Governor.ElmDsl,gov_MAN Governor/Actuator_v3,SmI:IntMat,2,1,180.0
\VM-PF.IntUser\PDD 30-09-2025.IntPrj\Network Model.IntPrjfolder\Network Data.IntPrjfolder\SUR 138 kV.ElmNet\POWERSHIP AZUA KPS 26.ElmSite\Planta_POWERSHIP AZUA KPS26 1.ElmComp\MAN 18V/51/60DDF.ElmComp\Governor.ElmDsl,gov_MAN Governor/Actuator_v3,SmI:IntMat,2,2,180.0
\VM-PF.IntUser\PDD 30-09-2025.IntPrj\Network Model.IntPrjfolder\Network Data.IntPrjfolder\SUR 138 kV.ElmNet\POWERSHIP AZUA KPS 26.ElmSite\Planta_POWERSHIP AZUA KPS26 1.ElmComp\MAN 18V/51/60DDF.ElmComp\Governor.ElmDsl,gov_MAN Governor/Actuator_v3,SmI:IntMat,2,3,180.0
\VM-PF.IntUser\PDD 30-09-2025.IntPrj\Network Model.IntPrjfolder\Network Data.IntPrjfolder\SUR 138 kV.ElmNet\POWERSHIP AZUA KPS 26.ElmSite\Planta_POWERSHIP AZUA KPS26 1.ElmComp\MAN 18V/51/60DDF.ElmComp\Governor.ElmDsl,gov_MAN Governor/Actuator_v3,SmI:IntMat,2,4,180.0
\VM-PF.IntUser\PDD 30-09-2025.IntPrj\Network Model.IntPrjfolder\Network Data.IntPrjfolder\SUR 138 kV.ElmNet\POWERSHIP AZUA KPS 26.ElmSite\Planta_POWERSHIP AZUA KPS26 1.ElmComp\MAN 18V/51/60DDF.ElmComp\Governor.ElmDsl,gov_MAN Governor/Actuator_v3,SmI:IntMat,2,5,180.0
\VM-PF.IntUser\PDD 30-09-2025.IntPrj\Network Model.IntPrjfolder\Network Data.IntPrjfolder\SUR 138 kV.ElmNet\POWERSHIP AZUA KPS 26.ElmSite\Planta_POWERSHIP AZUA KPS26 1.ElmComp\MAN 18V/51/60DDF.ElmComp\Governor.ElmDsl,gov_MAN Governor/Actuator_v3,SmI:IntMat,2,6,50.0
\VM-PF.IntUser\PDD 30-09-2025.IntPrj\Network Model.IntPrjfolder\Network Data.IntPrjfolder\SUR 138 kV.ElmNet\POWERSHIP AZUA KPS 26.ElmSite\Planta_POWERSHIP AZUA KPS26 1.ElmComp\MAN 18V/51/60DDF.ElmComp\Governor.ElmDsl,gov_MAN Governor/Actuator_v3,SmI:IntMat,2,7,100.0
\VM-PF.IntUser\PDD 30-09-2025.IntPrj\Network Model.IntPrjfolder\Network Data.IntPrjfolder\SUR 138 kV.ElmNet\POWERSHIP AZUA KPS 26.ElmSite\Planta_POWERSHIP AZUA KPS26 1.ElmComp\MAN 18V/51/60DDF.ElmComp\Governor.ElmDsl,gov_MAN Governor/Actuator_v3,SmI:IntMat,2,8,100.0
\VM-PF.IntUser\PDD 30-09-2025.IntPrj\Network Model.IntPrjfolder\Network Data.IntPrjfolder\SUR 138 kV.ElmNet\POWERSHIP AZUA KPS 26.ElmSite\Planta_POWERSHIP AZUA KPS26 1.ElmComp\MAN 18V/51/60DDF.ElmComp\Governor.ElmDsl,gov_MAN Governor/Actuator_v3,SmI:IntMat,2,9,100.0
\VM-PF.IntUser\PDD 30-09-2025.IntPrj\Network Model.IntPrjfolder\Network Data.IntPrjfolder\SUR 138 kV.ElmNet\POWERSHIP AZUA KPS 26.ElmSite\Planta_POWERSHIP AZUA KPS26 1.ElmComp\MAN 18V/51/60DDF.ElmComp\Governor.ElmDsl,gov_MAN Governor/Actuator_v3,SmI:IntMat,2,10,100.0
\VM-PF.IntUser\PDD 30-09-2025.IntPrj\Network Model.IntPrjfolder\Network Data.IntPrjfolder\SUR 138 kV.ElmNet\POWERSHIP AZUA KPS 26.ElmSite\Planta_POWERSHIP AZUA KPS26 1.ElmComp\MAN 18V/51/60DDF.ElmComp\Governor.ElmDsl,gov_MAN Governor/Actuator_v3,SmI:IntMat,3,0,200.0
\VM-PF.IntUser\PDD 30-09-2025.IntPrj\Network Model.IntPrjfolder\Network Data.IntPrjfolder\SUR 138 kV.ElmNet\POWERSHIP AZUA KPS 26.ElmSite\Planta_POWERSHIP AZUA KPS26 1.ElmComp\MAN 18V/51/60DDF.ElmComp\Governor.ElmDsl,gov_MAN Governor/Actuator_v3,SmI:IntMat,3,1,120.0
\VM-PF.IntUser\PDD 30-09-2025.IntPrj\Network Model.IntPrjfolder\Network Data.IntPrjfolder\SUR 138 kV.ElmNet\POWERSHIP AZUA KPS 26.ElmSite\Planta_POWERSHIP AZUA KPS26 1.ElmComp\MAN 18V/51/60DDF.ElmComp\Governor.ElmDsl,gov_MAN Governor/Actuator_v3,SmI:IntMat,3,2,120.0
\VM-PF.IntUser\PDD 30-09-2025.IntPrj\Network Model.IntPrjfolder\Network Data.IntPrjfolder\SUR 138 kV.ElmNet\POWERSHIP AZUA KPS 26.ElmSite\Planta_POWERSHIP AZUA KPS26 1.ElmComp\MAN 18V/51/60DDF.ElmComp\Governor.ElmDsl,gov_MAN Governor/Actuator_v3,SmI:IntMat,3,3,120.0
\VM-PF.IntUser\PDD 30-09-2025.IntPrj\Network Model.IntPrjfolder\Network Data.IntPrjfolder\SUR 138 kV.ElmNet\POWERSHIP AZUA KPS 26.ElmSite\Planta_POWERSHIP AZUA KPS26 1.ElmComp\MAN 18V/51/60DDF.ElmComp\Governor.ElmDsl,gov_MAN Governor/Actuator_v3,SmI:IntMat,3,4,120.0
\VM-PF.IntUser\PDD 30-09-2025.IntPrj\Network Model.IntPrjfolder\Network Data.IntPrjfolder\SUR 138 kV.ElmNet\POWERSHIP AZUA KPS 26.ElmSite\Planta_POWERSHIP AZUA KPS26 1.ElmComp\MAN 18V/51/60DDF.ElmComp\Governor.ElmDsl,gov_MAN Governor/Actuator_v3,SmI:IntMat,3,5,120.0
\VM-PF.IntUser\PDD 30-09-2025.IntPrj\Network Model.IntPrjfolder\Network Data.IntPrjfolder\SUR 138 kV.ElmNet\POWERSHIP AZUA KPS 26.ElmSite\Planta_POWERSHIP AZUA KPS26 1.ElmComp\MAN 18V/51/60DDF.ElmComp\Governor.ElmDsl,gov_MAN Governor/Actuator_v3,SmI:IntMat,3,6,45.0
\VM-PF.IntUser\PDD 30-09-2025.IntPrj\Network Model.IntPrjfolder\Network Data.IntPrjfolder\SUR 138 kV.ElmNet\POWERSHIP AZUA KPS 26.ElmSite\Planta_POWERSHIP AZUA KPS26 1.ElmComp\MAN 18V/51/60DDF.ElmComp\Governor.ElmDsl,gov_MAN Governor/Actuator_v3,SmI:IntMat,3,7,100.0
\VM-PF.IntUser\PDD 30-09-2025.IntPrj\Network Model.IntPrjfolder\Network Data.IntPrjfolder\SUR 138 kV.ElmNet\POWERSHIP AZUA KPS 26.ElmSite\Planta_POWERSHIP AZUA KPS26 1.ElmComp\MAN 18V/51/60DDF.ElmComp\Governor.ElmDsl,gov_MAN Governor/Actuator_v3,SmI:IntMat,3,8,100.0
\VM-PF.IntUser\PDD 30-09-2025.IntPrj\Network Model.IntPrjfolder\Network Data.IntPrjfolder\SUR 138 kV.ElmNet\POWERSHIP AZUA KPS 26.ElmSite\Planta_POWERSHIP AZUA KPS26 1.ElmComp\MAN 18V/51/60DDF.ElmComp\Governor.ElmDsl,gov_MAN Governor/Actuator_v3,SmI:IntMat,3,9,100.0
\VM-PF.IntUser\PDD 30-09-2025.IntPrj\Network Model.IntPrjfolder\Network Data.IntPrjfolder\SUR 138 kV.ElmNet\POWERSHIP AZUA KPS 26.ElmSite\Planta_POWERSHIP AZUA KPS26 1.ElmComp\MAN 18V/51/60DDF.ElmComp\Governor.ElmDsl,gov_MAN Governor/Actuator_v3,SmI:IntMat,3,10,100.0
\VM-PF.IntUser\PDD 30-09-2025.IntPrj\Network Model.IntPrjfolder\Network Data.IntPrjfolder\SUR 138 kV.ElmNet\POWERSHIP AZUA KPS 26.ElmSite\Planta_POWERSHIP AZUA KPS26 1.ElmComp\MAN 18V/51/60DDF.ElmComp\Governor.ElmDsl,gov_MAN Governor/Actuator_v3,SmI:IntMat,4,0,300.0
\VM-PF.IntUser\PDD 30-09-2025.IntPrj\Network Model.IntPrjfolder\Network Data.IntPrjfolder\SUR 138 kV.ElmNet\POWERSHIP AZUA KPS 26.ElmSite\Planta_POWERSHIP AZUA KPS26 1.ElmComp\MAN 18V/51/60DDF.ElmComp\Governor.ElmDsl,gov_MAN Governor/Actuator_v3,SmI:IntMat,4,1,40.0
\VM-PF.IntUser\PDD 30-09-2025.IntPrj\Network Model.IntPrjfolder\Network Data.IntPrjfolder\SUR 138 kV.ElmNet\POWERSHIP AZUA KPS 26.ElmSite\Planta_POWERSHIP AZUA KPS26 1.ElmComp\MAN 18V/51/60DDF.ElmComp\Governor.ElmDsl,gov_MAN Governor/Actuator_v3,SmI:IntMat,4,2,40.0
\VM-PF.IntUser\PDD 30-09-2025.IntPrj\Network Model.IntPrjfolder\Network Data.IntPrjfolder\SUR 138 kV.ElmNet\POWERSHIP AZUA KPS 26.ElmSite\Planta_POWERSHIP AZUA KPS26 1.ElmComp\MAN 18V/51/60DDF.ElmComp\Governor.ElmDsl,gov_MAN Governor/Actuator_v3,SmI:IntMat,4,3,40.0
\VM-PF.IntUser\PDD 30-09-2025.IntPrj\Network Model.IntPrjfolder\Network Data.IntPrjfolder\SUR 138 kV.ElmNet\POWERSHIP AZUA KPS 26.ElmSite\Planta_POWERSHIP AZUA KPS26 1.ElmComp\MAN 18V/51/60DDF.ElmComp\Governor.ElmDsl,gov_MAN Governor/Actuator_v3,SmI:IntMat,4,4,40.0
\VM-PF.IntUser\PDD 30-09-2025.IntPrj\Network Model.IntPrjfolder\Network Data.IntPrjfolder\SUR 138 kV.ElmNet\POWERSHIP AZUA KPS 26.ElmSite\Planta_POWERSHIP AZUA KPS26 1.ElmComp\MAN 18V/51/60DDF.ElmComp\Governor.ElmDsl,gov_MAN Governor/Actuator_v3,SmI:IntMat,4,5,40.0
\VM-PF.IntUser\PDD 30-09-2025.IntPrj\Network Model.IntPrjfolder\Network Data.IntPrjfolder\SUR 138 kV.ElmNet\POWERSHIP AZUA KPS 26.ElmSite\Planta_POWERSHIP AZUA KPS26 1.ElmComp\MAN 18V/51/60DDF.ElmComp\Governor.ElmDsl,gov_MAN Governor/Actuator_v3,SmI:IntMat,4,6,40.0
\VM-PF.IntUser\PDD 30-09-2025.IntPrj\Network Model.IntPrjfolder\Network Data.IntPrjfolder\SUR 138 kV.ElmNet\POWERSHIP AZUA KPS 26.ElmSite\Planta_POWERSHIP AZUA KPS26 1.ElmComp\MAN 18V/51/60DDF.ElmComp\Governor.ElmDsl,gov_MAN Governor/Actuator_v3,SmI:IntMat,4,7,100.0
\VM-PF.IntUser\PDD 30-09-2025.IntPrj\Network Model.IntPrjfolder\Network Data.IntPrjfolder\SUR 138 kV.ElmNet\POWERSHIP AZUA KPS 26.ElmSite\Planta_POWERSHIP AZUA KPS26 1.ElmComp\MAN 18V/51/60DDF.ElmComp\Governor.ElmDsl,gov_MAN Governor/Actuator_v3,SmI:IntMat,4,8,100.0
\VM-PF.IntUser\PDD 30-09-2025.IntPrj\Network Model.IntPrjfolder\Network Data.IntPrjfolder\SUR 138 kV.ElmNet\POWERSHIP AZUA KPS 26.ElmSite\Planta_POWERSHIP AZUA KPS26 1.ElmComp\MAN 18V/51/60DDF.ElmComp\Governor.ElmDsl,gov_MAN Governor/Actuator_v3,SmI:IntMat,4,9,100.0
\VM-PF.IntUser\PDD 30-09-2025.IntPrj\Network Model.IntPrjfolder\Network Data.IntPrjfolder\SUR 138 kV.ElmNet\POWERSHIP AZUA KPS 26.ElmSite\Planta_POWERSHIP AZUA KPS26 1.ElmComp\MAN 18V/51/60DDF.ElmComp\Governor.ElmDsl,gov_MAN Governor/Actuator_v3,SmI:IntMat,4,10,100.0
\VM-PF.IntUser\PDD 30-09-2025.IntPrj\Network Model.IntPrjfolder\Network Data.IntPrjfolder\SUR 138 kV.ElmNet\POWERSHIP AZUA KPS 26.ElmSite\Planta_POWERSHIP AZUA KPS26 1.ElmComp\MAN 18V/51/60DDF.ElmComp\Governor.ElmDsl,gov_MAN Governor/Actuator_v3,SmI:IntMat,5,0,400.0
\VM-PF.IntUser\PDD 30-09-2025.IntPrj\Network Model.IntPrjfolder\Network Data.IntPrjfolder\SUR 138 kV.ElmNet\POWERSHIP AZUA KPS 26.ElmSite\Planta_POWERSHIP AZUA KPS26 1.ElmComp\MAN 18V/51/60DDF.ElmComp\Governor.ElmDsl,gov_MAN Governor/Actuator_v3,SmI:IntMat,5,1,40.0
\VM-PF.IntUser\PDD 30-09-2025.IntPrj\Network Model.IntPrjfolder\Network Data.IntPrjfolder\SUR 138 kV.ElmNet\POWERSHIP AZUA KPS 26.ElmSite\Planta_POWERSHIP AZUA KPS26 1.ElmComp\MAN 18V/51/60DDF.ElmComp\Governor.ElmDsl,gov_MAN Governor/Actuator_v3,SmI:IntMat,5,2,40.0
\VM-PF.IntUser\PDD 30-09-2025.IntPrj\Network Model.IntPrjfolder\Network Data.IntPrjfolder\SUR 138 kV.ElmNet\POWERSHIP AZUA KPS 26.ElmSite\Planta_POWERSHIP AZUA KPS26 1.ElmComp\MAN 18V/51/60DDF.ElmComp\Governor.ElmDsl,gov_MAN Governor/Actuator_v3,SmI:IntMat,5,3,50.0
\VM-PF.IntUser\PDD 30-09-2025.IntPrj\Network Model.IntPrjfolder\Network Data.IntPrjfolder\SUR 138 kV.ElmNet\POWERSHIP AZUA KPS 26.ElmSite\Planta_POWERSHIP AZUA KPS26 1.ElmComp\MAN 18V/51/60DDF.ElmComp\Governor.ElmDsl,gov_MAN Governor/Actuator_v3,SmI:IntMat,5,4,80.0
\VM-PF.IntUser\PDD 30-09-2025.IntPrj\Network Model.IntPrjfolder\Network Data.IntPrjfolder\SUR 138 kV.ElmNet\POWERSHIP AZUA KPS 26.ElmSite\Planta_POWERSHIP AZUA KPS26 1.ElmComp\MAN 18V/51/60DDF.ElmComp\Governor.ElmDsl,gov_MAN Governor/Actuator_v3,SmI:IntMat,5,5,95.0
\VM-PF.IntUser\PDD 30-09-2025.IntPrj\Network Model.IntPrjfolder\Network Data.IntPrjfolder\SUR 138 kV.ElmNet\POWERSHIP AZUA KPS 26.ElmSite\Planta_POWERSHIP AZUA KPS26 1.ElmComp\MAN 18V/51/60DDF.ElmComp\Governor.ElmDsl,gov_MAN Governor/Actuator_v3,SmI:IntMat,5,6,95.0
\VM-PF.IntUser\PDD 30-09-2025.IntPrj\Network Model.IntPrjfolder\Network Data.IntPrjfolder\SUR 138 kV.ElmNet\POWERSHIP AZUA KPS 26.ElmSite\Planta_POWERSHIP AZUA KPS26 1.ElmComp\MAN 18V/51/60DDF.ElmComp\Governor.ElmDsl,gov_MAN Governor/Actuator_v3,SmI:IntMat,5,7,100.0
\VM-PF.IntUser\PDD 30-09-2025.IntPrj\Network Model.IntPrjfolder\Network Data.IntPrjfolder\SUR 138 kV.ElmNet\POWERSHIP AZUA KPS 26.ElmSite\Planta_POWERSHIP AZUA KPS26 1.ElmComp\MAN 18V/51/60DDF.ElmComp\Governor.ElmDsl,gov_MAN Governor/Actuator_v3,SmI:IntMat,5,8,100.0
\VM-PF.IntUser\PDD 30-09-2025.IntPrj\Network Model.IntPrjfolder\Network Data.IntPrjfolder\SUR 138 kV.ElmNet\POWERSHIP AZUA KPS 26.ElmSite\Planta_POWERSHIP AZUA KPS26 1.ElmComp\MAN 18V/51/60DDF.ElmComp\Governor.ElmDsl,gov_MAN Governor/Actuator_v3,SmI:IntMat,5,9,100.0
\VM-PF.IntUser\PDD 30-09-2025.IntPrj\Network Model.IntPrjfolder\Network Data.IntPrjfolder\SUR 138 kV.ElmNet\POWERSHIP AZUA KPS 26.ElmSite\Planta_POWERSHIP AZUA KPS26 1.ElmComp\MAN 18V/51/60DDF.ElmComp\Governor.ElmDsl,gov_MAN Governor/Actuator_v3,SmI:IntMat,5,10,100.0
\VM-PF.IntUser\PDD 30-09-2025.IntPrj\Network Model.IntPrjfolder\Network Data.IntPrjfolder\SUR 138 kV.ElmNet\POWERSHIP AZUA KPS 26.ElmSite\Planta_POWERSHIP AZUA KPS26 1.ElmComp\MAN 18V/51/60DDF.ElmComp\Governor.ElmDsl,gov_MAN Governor/Actuator_v3,SmI:IntMat,6,0,514.0
\VM-PF.IntUser\PDD 30-09-2025.IntPrj\Network Model.IntPrjfolder\Network Data.IntPrjfolder\SUR 138 kV.ElmNet\POWERSHIP AZUA KPS 26.ElmSite\Planta_POWERSHIP AZUA KPS26 1.ElmComp\MAN 18V/51/60DDF.ElmComp\Governor.ElmDsl,gov_MAN Governor/Actuator_v3,SmI:IntMat,6,1,50.0
\VM-PF.IntUser\PDD 30-09-2025.IntPrj\Network Model.IntPrjfolder\Network Data.IntPrjfolder\SUR 138 kV.ElmNet\POWERSHIP AZUA KPS 26.ElmSite\Planta_POWERSHIP AZUA KPS26 1.ElmComp\MAN 18V/51/60DDF.ElmComp\Governor.ElmDsl,gov_MAN Governor/Actuator_v3,SmI:IntMat,6,2,45.0
\VM-PF.IntUser\PDD 30-09-2025.IntPrj\Network Model.IntPrjfolder\Network Data.IntPrjfolder\SUR 138 kV.ElmNet\POWERSHIP AZUA KPS 26.ElmSite\Planta_POWERSHIP AZUA KPS26 1.ElmComp\MAN 18V/51/60DDF.ElmComp\Governor.ElmDsl,gov_MAN Governor/Actuator_v3,SmI:IntMat,6,3,50.0
\VM-PF.IntUser\PDD 30-09-2025.IntPrj\Network Model.IntPrjfolder\Network Data.IntPrjfolder\SUR 138 kV.ElmNet\POWERSHIP AZUA KPS 26.ElmSite\Planta_POWERSHIP AZUA KPS26 1.ElmComp\MAN 18V/51/60DDF.ElmComp\Governor.ElmDsl,gov_MAN Governor/Actuator_v3,SmI:IntMat,6,4,80.0
\VM-PF.IntUser\PDD 30-09-2025.IntPrj\Network Model.IntPrjfolder\Network Data.IntPrjfolder\SUR 138 kV.ElmNet\POWERSHIP AZUA KPS 26.ElmSite\Planta_POWERSHIP AZUA KPS26 1.ElmComp\MAN 18V/51/60DDF.ElmComp\Governor.ElmDsl,gov_MAN Governor/Actuator_v3,SmI:IntMat,6,5,95.0
\VM-PF.IntUser\PDD 30-09-2025.IntPrj\Network Model.IntPrjfolder\Network Data.IntPrjfolder\SUR 138 kV.ElmNet\POWERSHIP AZUA KPS 26.ElmSite\Planta_POWERSHIP AZUA KPS26 1.ElmComp\MAN 18V/51/60DDF.ElmComp\Governor.ElmDsl,gov_MAN Governor/Actuator_v3,SmI:IntMat,6,6,95.0
\VM-PF.IntUser\PDD 30-09-2025.IntPrj\Network Model.IntPrjfolder\Network Data.IntPrjfolder\SUR 138 kV.ElmNet\POWERSHIP AZUA KPS 26.ElmSite\Planta_POWERSHIP AZUA KPS26 1.ElmComp\MAN 18V/51/60DDF.ElmComp\Governor.ElmDsl,gov_MAN Governor/Actuator_v3,SmI:IntMat,6,7,100.0
\VM-PF.IntUser\PDD 30-09-2025.IntPrj\Network Model.IntPrjfolder\Network Data.IntPrjfolder\SUR 138 kV.ElmNet\POWERSHIP AZUA KPS 26.ElmSite\Planta_POWERSHIP AZUA KPS26 1.ElmComp\MAN 18V/51/60DDF.ElmComp\Governor.ElmDsl,gov_MAN Governor/Actuator_v3,SmI:IntMat,6,8,100.0
\VM-PF.IntUser\PDD 30-09-2025.IntPrj\Network Model.IntPrjfolder\Network Data.IntPrjfolder\SUR 138 kV.ElmNet\POWERSHIP AZUA KPS 26.ElmSite\Planta_POWERSHIP AZUA KPS26 1.ElmComp\MAN 18V/51/60DDF.ElmComp\Governor.ElmDsl,gov_MAN Governor/Actuator_v3,SmI:IntMat,6,9,110.0
\VM-PF.IntUser\PDD 30-09-2025.IntPrj\Network Model.IntPrjfolder\Network Data.IntPrjfolder\SUR 138 kV.ElmNet\POWERSHIP AZUA KPS 26.ElmSite\Planta_POWERSHIP AZUA KPS26 1.ElmComp\MAN 18V/51/60DDF.ElmComp\Governor.ElmDsl,gov_MAN Governor/Actuator_v3,SmI:IntMat,6,10,110.0
\VM-PF.IntUser\PDD 30-09-2025.IntPrj\Network Model.IntPrjfolder\Network Data.IntPrjfolder\SUR 138 kV.ElmNet\POWERSHIP AZUA KPS 26.ElmSite\Planta_POWERSHIP AZUA KPS26 1.ElmComp\MAN 18V/51/60DDF.ElmComp\Governor.ElmDsl,gov_MAN Governor/Actuator_v3,SmI:IntMat,7,0,550.0
\VM-PF.IntUser\PDD 30-09-2025.IntPrj\Network Model.IntPrjfolder\Network Data.IntPrjfolder\SUR 138 kV.ElmNet\POWERSHIP AZUA KPS 26.ElmSite\Planta_POWERSHIP AZUA KPS26 1.ElmComp\MAN 18V/51/60DDF.ElmComp\Governor.ElmDsl,gov_MAN Governor/Actuator_v3,SmI:IntMat,7,1,65.0
\VM-PF.IntUser\PDD 30-09-2025.IntPrj\Network Model.IntPrjfolder\Network Data.IntPrjfolder\SUR 138 kV.ElmNet\POWERSHIP AZUA KPS 26.ElmSite\Planta_POWERSHIP AZUA KPS26 1.ElmComp\MAN 18V/51/60DDF.ElmComp\Governor.ElmDsl,gov_MAN Governor/Actuator_v3,SmI:IntMat,7,2,70.0
\VM-PF.IntUser\PDD 30-09-2025.IntPrj\Network Model.IntPrjfolder\Network Data.IntPrjfolder\SUR 138 kV.ElmNet\POWERSHIP AZUA KPS 26.ElmSite\Planta_POWERSHIP AZUA KPS26 1.ElmComp\MAN 18V/51/60DDF.ElmComp\Governor.ElmDsl,gov_MAN Governor/Actuator_v3,SmI:IntMat,7,3,70.0
\VM-PF.IntUser\PDD 30-09-2025.IntPrj\Network Model.IntPrjfolder\Network Data.IntPrjfolder\SUR 138 kV.ElmNet\POWERSHIP AZUA KPS 26.ElmSite\Planta_POWERSHIP AZUA KPS26 1.ElmComp\MAN 18V/51/60DDF.ElmComp\Governor.ElmDsl,gov_MAN Governor/Actuator_v3,SmI:IntMat,7,4,80.0
\VM-PF.IntUser\PDD 30-09-2025.IntPrj\Network Model.IntPrjfolder\Network Data.IntPrjfolder\SUR 138 kV.ElmNet\POWERSHIP AZUA KPS 26.ElmSite\Planta_POWERSHIP AZUA KPS26 1.ElmComp\MAN 18V/51/60DDF.ElmComp\Governor.ElmDsl,gov_MAN Governor/Actuator_v3,SmI:IntMat,7,5,100.0
\VM-PF.IntUser\PDD 30-09-2025.IntPrj\Network Model.IntPrjfolder\Network Data.IntPrjfolder\SUR 138 kV.ElmNet\POWERSHIP AZUA KPS 26.ElmSite\Planta_POWERSHIP AZUA KPS26 1.ElmComp\MAN 18V/51/60DDF.ElmComp\Governor.ElmDsl,gov_MAN Governor/Actuator_v3,SmI:IntMat,7,6,100.0
\VM-PF.IntUser\PDD 30-09-2025.IntPrj\Network Model.IntPrjfolder\Network Data.IntPrjfolder\SUR 138 kV.ElmNet\POWERSHIP AZUA KPS 26.ElmSite\Planta_POWERSHIP AZUA KPS26 1.ElmComp\MAN 18V/51/60DDF.ElmComp\Governor.ElmDsl,gov_MAN Governor/Actuator_v3,SmI:IntMat,7,7,100.0
\VM-PF.IntUser\PDD 30-09-2025.IntPrj\Network Model.IntPrjfolder\Network Data.IntPrjfolder\SUR 138 kV.ElmNet\POWERSHIP AZUA KPS 26.ElmSite\Planta_POWERSHIP AZUA KPS26 1.ElmComp\MAN 18V/51/60DDF.ElmComp\Governor.ElmDsl,gov_MAN Governor/Actuator_v3,SmI:IntMat,7,8,100.0
\VM-PF.IntUser\PDD 30-09-2025.IntPrj\Network Model.IntPrjfolder\Network Data.IntPrjfolder\SUR 138 kV.ElmNet\POWERSHIP AZUA KPS 26.ElmSite\Planta_POWERSHIP AZUA KPS26 1.ElmComp\MAN 18V/51/60DDF.ElmComp\Governor.ElmDsl,gov_MAN Governor/Actuator_v3,SmI:IntMat,7,9,100.0
\VM-PF.IntUser\PDD 30-09-2025.IntPrj\Network Model.IntPrjfolder\Network Data.IntPrjfolder\SUR 138 kV.ElmNet\POWERSHIP AZUA KPS 26.ElmSite\Planta_POWERSHIP AZUA KPS26 1.ElmComp\MAN 18V/51/60DDF.ElmComp\Governor.ElmDsl,gov_MAN Governor/Actuator_v3,SmI:IntMat,7,10,100.0
\VM-PF.IntUser\PDD 30-09-2025.IntPrj\Network Model.IntPrjfolder\Network Data.IntPrjfolder\SUR 138 kV.ElmNet\POWERSHIP AZUA KPS 26.ElmSite\Planta_POWERSHIP AZUA KPS26 1.ElmComp\MAN 18V/51/60DDF.ElmComp\Governor.ElmDsl,gov_MAN Governor/Actuator_v3,SmI:IntMat,8,0,575.0
\VM-PF.IntUser\PDD 30-09-2025.IntPrj\Network Model.IntPrjfolder\Network Data.IntPrjfolder\SUR 138 kV.ElmNet\POWERSHIP AZUA KPS 26.ElmSite\Planta_POWERSHIP AZUA KPS26 1.ElmComp\MAN 18V/51/60DDF.ElmComp\Governor.ElmDsl,gov_MAN Governor/Actuator_v3,SmI:IntMat,8,1,80.0
\VM-PF.IntUser\PDD 30-09-2025.IntPrj\Network Model.IntPrjfolder\Network Data.IntPrjfolder\SUR 138 kV.ElmNet\POWERSHIP AZUA KPS 26.ElmSite\Planta_POWERSHIP AZUA KPS26 1.ElmComp\MAN 18V/51/60DDF.ElmComp\Governor.ElmDsl,gov_MAN Governor/Actuator_v3,SmI:IntMat,8,2,80.0
\VM-PF.IntUser\PDD 30-09-2025.IntPrj\Network Model.IntPrjfolder\Network Data.IntPrjfolder\SUR 138 kV.ElmNet\POWERSHIP AZUA KPS 26.ElmSite\Planta_POWERSHIP AZUA KPS26 1.ElmComp\MAN 18V/51/60DDF.ElmComp\Governor.ElmDsl,gov_MAN Governor/Actuator_v3,SmI:IntMat,8,3,80.0
\VM-PF.IntUser\PDD 30-09-2025.IntPrj\Network Model.IntPrjfolder\Network Data.IntPrjfolder\SUR 138 kV.ElmNet\POWERSHIP AZUA KPS 26.ElmSite\Planta_POWERSHIP AZUA KPS26 1.ElmComp\MAN 18V/51/60DDF.ElmComp\Governor.ElmDsl,gov_MAN Governor/Actuator_v3,SmI:IntMat,8,4,80.0
\VM-PF.IntUser\PDD 30-09-2025.IntPrj\Network Model.IntPrjfolder\Network Data.IntPrjfolder\SUR 138 kV.ElmNet\POWERSHIP AZUA KPS 26.ElmSite\Planta_POWERSHIP AZUA KPS26 1.ElmComp\MAN 18V/51/60DDF.ElmComp\Governor.ElmDsl,gov_MAN Governor/Actuator_v3,SmI:IntMat,8,5,100.0
\VM-PF.IntUser\PDD 30-09-2025.IntPrj\Network Model.IntPrjfolder\Network Data.IntPrjfolder\SUR 138 kV.ElmNet\POWERSHIP AZUA KPS 26.ElmSite\Planta_POWERSHIP AZUA KPS26 1.ElmComp\MAN 18V/51/60DDF.ElmComp\Governor.ElmDsl,gov_MAN Governor/Actuator_v3,SmI:IntMat,8,6,100.0
\VM-PF.IntUser\PDD 30-09-2025.IntPrj\Network Model.IntPrjfolder\Network Data.IntPrjfolder\SUR 138 kV.ElmNet\POWERSHIP AZUA KPS 26.ElmSite\Planta_POWERSHIP AZUA KPS26 1.ElmComp\MAN 18V/51/60DDF.ElmComp\Governor.ElmDsl,gov_MAN Governor/Actuator_v3,SmI:IntMat,8,7,100.0
\VM-PF.IntUser\PDD 30-09-2025.IntPrj\Network Model.IntPrjfolder\Network Data.IntPrjfolder\SUR 138 kV.ElmNet\POWERSHIP AZUA KPS 26.ElmSite\Planta_POWERSHIP AZUA KPS26 1.ElmComp\MAN 18V/51/60DDF.ElmComp\Governor.ElmDsl,gov_MAN Governor/Actuator_v3,SmI:IntMat,8,8,100.0
\VM-PF.IntUser\PDD 30-09-2025.IntPrj\Network Model.IntPrjfolder\Network Data.IntPrjfolder\SUR 138 kV.ElmNet\POWERSHIP AZUA KPS 26.ElmSite\Planta_POWERSHIP AZUA KPS26 1.ElmComp\MAN 18V/51/60DDF.ElmComp\Governor.ElmDsl,gov_MAN Governor/Actuator_v3,SmI:IntMat,8,9,100.0
\VM-PF.IntUser\PDD 30-09-2025.IntPrj\Network Model.IntPrjfolder\Network Data.IntPrjfolder\SUR 138 kV.ElmNet\POWERSHIP AZUA KPS 26.ElmSite\Planta_POWERSHIP AZUA KPS26 1.ElmComp\MAN 18V/51/60DDF.ElmComp\Governor.ElmDsl,gov_MAN Governor/Actuator_v3,SmI:IntMat,8,10,100.0
\VM-PF.IntUser\PDD 30-09-2025.IntPrj\Network Model.IntPrjfolder\Network Data.IntPrjfolder\SUR 138 kV.ElmNet\POWERSHIP AZUA KPS 26.ElmSite\Planta_POWERSHIP AZUA KPS26 1.ElmComp\MAN 18V/51/60DDF.ElmComp\Governor.ElmDsl,gov_MAN Governor/Actuator_v3,SmI:IntMat,9,0,600.0
\VM-PF.IntUser\PDD 30-09-2025.IntPrj\Network Model.IntPrjfolder\Network Data.IntPrjfolder\SUR 138 kV.ElmNet\POWERSHIP AZUA KPS 26.ElmSite\Planta_POWERSHIP AZUA KPS26 1.ElmComp\MAN 18V/51/60DDF.ElmComp\Governor.ElmDsl,gov_MAN Governor/Actuator_v3,SmI:IntMat,9,1,100.0
\VM-PF.IntUser\PDD 30-09-2025.IntPrj\Network Model.IntPrjfolder\Network Data.IntPrjfolder\SUR 138 kV.ElmNet\POWERSHIP AZUA KPS 26.ElmSite\Planta_POWERSHIP AZUA KPS26 1.ElmComp\MAN 18V/51/60DDF.ElmComp\Governor.ElmDsl,gov_MAN Governor/Actuator_v3,SmI:IntMat,9,2,100.0
\VM-PF.IntUser\PDD 30-09-2025.IntPrj\Network Model.IntPrjfolder\Network Data.IntPrjfolder\SUR 138 kV.ElmNet\POWERSHIP AZUA KPS 26.ElmSite\Planta_POWERSHIP AZUA KPS26 1.ElmComp\MAN 18V/51/60DDF.ElmComp\Governor.ElmDsl,gov_MAN Governor/Actuator_v3,SmI:IntMat,9,3,100.0
\VM-PF.IntUser\PDD 30-09-2025.IntPrj\Network Model.IntPrjfolder\Network Data.IntPrjfolder\SUR 138 kV.ElmNet\POWERSHIP AZUA KPS 26.ElmSite\Planta_POWERSHIP AZUA KPS26 1.ElmComp\MAN 18V/51/60DDF.ElmComp\Governor.ElmDsl,gov_MAN Governor/Actuator_v3,SmI:IntMat,9,4,100.0
\VM-PF.IntUser\PDD 30-09-2025.IntPrj\Network Model.IntPrjfolder\Network Data.IntPrjfolder\SUR 138 kV.ElmNet\POWERSHIP AZUA KPS 26.ElmSite\Planta_POWERSHIP AZUA KPS26 1.ElmComp\MAN 18V/51/60DDF.ElmComp\Governor.ElmDsl,gov_MAN Governor/Actuator_v3,SmI:IntMat,9,5,100.0
\VM-PF.IntUser\PDD 30-09-2025.IntPrj\Network Model.IntPrjfolder\Network Data.IntPrjfolder\SUR 138 kV.ElmNet\POWERSHIP AZUA KPS 26.ElmSite\Planta_POWERSHIP AZUA KPS26 1.ElmComp\MAN 18V/51/60DDF.ElmComp\Governor.ElmDsl,gov_MAN Governor/Actuator_v3,SmI:IntMat,9,6,100.0
\VM-PF.IntUser\PDD 30-09-2025.IntPrj\Network Model.IntPrjfolder\Network Data.IntPrjfolder\SUR 138 kV.ElmNet\POWERSHIP AZUA KPS 26.ElmSite\Planta_POWERSHIP AZUA KPS26 1.ElmComp\MAN 18V/51/60DDF.ElmComp\Governor.ElmDsl,gov_MAN Governor/Actuator_v3,SmI:IntMat,9,7,100.0
\VM-PF.IntUser\PDD 30-09-2025.IntPrj\Network Model.IntPrjfolder\Network Data.IntPrjfolder\SUR 138 kV.ElmNet\POWERSHIP AZUA KPS 26.ElmSite\Planta_POWERSHIP AZUA KPS26 1.ElmComp\MAN 18V/51/60DDF.ElmComp\Governor.ElmDsl,gov_MAN Governor/Actuator_v3,SmI:IntMat,9,8,100.0
\VM-PF.IntUser\PDD 30-09-2025.IntPrj\Network Model.IntPrjfolder\Network Data.IntPrjfolder\SUR 138 kV.ElmNet\POWERSHIP AZUA KPS 26.ElmSite\Planta_POWERSHIP AZUA KPS26 1.ElmComp\MAN 18V/51/60DDF.ElmComp\Governor.ElmDsl,gov_MAN Governor/Actuator_v3,SmI:IntMat,9,9,100.0
\VM-PF.IntUser\PDD 30-09-2025.IntPrj\Network Model.IntPrjfolder\Network Data.IntPrjfolder\SUR 138 kV.ElmNet\POWERSHIP AZUA KPS 26.ElmSite\Planta_POWERSHIP AZUA KPS26 1.ElmComp\MAN 18V/51/60DDF.ElmComp\Governor.ElmDsl,gov_MAN Governor/Actuator_v3,SmI:IntMat,9,10,100.0
\VM-PF.IntUser\PDD 30-09-2025.IntPrj\Network Model.IntPrjfolder\Network Data.IntPrjfolder\SUR 138 kV.ElmNet\POWERSHIP AZUA KPS 26.ElmSite\Planta_POWERSHIP AZUA KPS26 1.ElmComp\MAN 18V/51/60DDF.ElmComp\Governor.ElmDsl,gov_MAN Governor/Actuator_v3,SmI:IntMat,10,0,650.0
\VM-PF.IntUser\PDD 30-09-2025.IntPrj\Network Model.IntPrjfolder\Network Data.IntPrjfolder\SUR 138 kV.ElmNet\POWERSHIP AZUA KPS 26.ElmSite\Planta_POWERSHIP AZUA KPS26 1.ElmComp\MAN 18V/51/60DDF.ElmComp\Governor.ElmDsl,gov_MAN Governor/Actuator_v3,SmI:IntMat,10,1,100.0
\VM-PF.IntUser\PDD 30-09-2025.IntPrj\Network Model.IntPrjfolder\Network Data.IntPrjfolder\SUR 138 kV.ElmNet\POWERSHIP AZUA KPS 26.ElmSite\Planta_POWERSHIP AZUA KPS26 1.ElmComp\MAN 18V/51/60DDF.ElmComp\Governor.ElmDsl,gov_MAN Governor/Actuator_v3,SmI:IntMat,10,2,100.0
\VM-PF.IntUser\PDD 30-09-2025.IntPrj\Network Model.IntPrjfolder\Network Data.IntPrjfolder\SUR 138 kV.ElmNet\POWERSHIP AZUA KPS 26.ElmSite\Planta_POWERSHIP AZUA KPS26 1.ElmComp\MAN 18V/51/60DDF.ElmComp\Governor.ElmDsl,gov_MAN Governor/Actuator_v3,SmI:IntMat,10,3,100.0
\VM-PF.IntUser\PDD 30-09-2025.IntPrj\Network Model.IntPrjfolder\Network Data.IntPrjfolder\SUR 138 kV.ElmNet\POWERSHIP AZUA KPS 26.ElmSite\Planta_POWERSHIP AZUA KPS26 1.ElmComp\MAN 18V/51/60DDF.ElmComp\Governor.ElmDsl,gov_MAN Governor/Actuator_v3,SmI:IntMat,10,4,100.0
\VM-PF.IntUser\PDD 30-09-2025.IntPrj\Network Model.IntPrjfolder\Network Data.IntPrjfolder\SUR 138 kV.ElmNet\POWERSHIP AZUA KPS 26.ElmSite\Planta_POWERSHIP AZUA KPS26 1.ElmComp\MAN 18V/51/60DDF.ElmComp\Governor.ElmDsl,gov_MAN Governor/Actuator_v3,SmI:IntMat,10,5,100.0
\VM-PF.IntUser\PDD 30-09-2025.IntPrj\Network Model.IntPrjfolder\Network Data.IntPrjfolder\SUR 138 kV.ElmNet\POWERSHIP AZUA KPS 26.ElmSite\Planta_POWERSHIP AZUA KPS26 1.ElmComp\MAN 18V/51/60DDF.ElmComp\Governor.ElmDsl,gov_MAN Governor/Actuator_v3,SmI:IntMat,10,6,100.0
\VM-PF.IntUser\PDD 30-09-2025.IntPrj\Network Model.IntPrjfolder\Network Data.IntPrjfolder\SUR 138 kV.ElmNet\POWERSHIP AZUA KPS 26.ElmSite\Planta_POWERSHIP AZUA KPS26 1.ElmComp\MAN 18V/51/60DDF.ElmComp\Governor.ElmDsl,gov_MAN Governor/Actuator_v3,SmI:IntMat,10,7,100.0
\VM-PF.IntUser\PDD 30-09-2025.IntPrj\Network Model.IntPrjfolder\Network Data.IntPrjfolder\SUR 138 kV.ElmNet\POWERSHIP AZUA KPS 26.ElmSite\Planta_POWERSHIP AZUA KPS26 1.ElmComp\MAN 18V/51/60DDF.ElmComp\Governor.ElmDsl,gov_MAN Governor/Actuator_v3,SmI:IntMat,10,8,100.0
\VM-PF.IntUser\PDD 30-09-2025.IntPrj\Network Model.IntPrjfolder\Network Data.IntPrjfolder\SUR 138 kV.ElmNet\POWERSHIP AZUA KPS 26.ElmSite\Planta_POWERSHIP AZUA KPS26 1.ElmComp\MAN 18V/51/60DDF.ElmComp\Governor.ElmDsl,gov_MAN Governor/Actuator_v3,SmI:IntMat,10,9,100.0
\VM-PF.IntUser\PDD 30-09-2025.IntPrj\Network Model.IntPrjfolder\Network Data.IntPrjfolder\SUR 138 kV.ElmNet\POWERSHIP AZUA KPS 26.ElmSite\Planta_POWERSHIP AZUA KPS26 1.ElmComp\MAN 18V/51/60DDF.ElmComp\Governor.ElmDsl,gov_MAN Governor/Actuator_v3,SmI:IntMat,10,10,100.0
\VM-PF.IntUser\PDD 30-09-2025.IntPrj\Network Model.IntPrjfolder\Network Data.IntPrjfolder\SUR 138 kV.ElmNet\POWERSHIP AZUA KPS 26.ElmSite\Planta_POWERSHIP AZUA KPS26 1.ElmComp\MAN 18V/51/60DDF.ElmComp\Governor.ElmDsl,gov_MAN Governor/Actuator_v3,SmP:IntMat,0,0,0.0
\VM-PF.IntUser\PDD 30-09-2025.IntPrj\Network Model.IntPrjfolder\Network Data.IntPrjfolder\SUR 138 kV.ElmNet\POWERSHIP AZUA KPS 26.ElmSite\Planta_POWERSHIP AZUA KPS26 1.ElmComp\MAN 18V/51/60DDF.ElmComp\Governor.ElmDsl,gov_MAN Governor/Actuator_v3,SmP:IntMat,0,1,0.0
\VM-PF.IntUser\PDD 30-09-2025.IntPrj\Network Model.IntPrjfolder\Network Data.IntPrjfolder\SUR 138 kV.ElmNet\POWERSHIP AZUA KPS 26.ElmSite\Planta_POWERSHIP AZUA KPS26 1.ElmComp\MAN 18V/51/60DDF.ElmComp\Governor.ElmDsl,gov_MAN Governor/Actuator_v3,SmP:IntMat,0,2,10.0
\VM-PF.IntUser\PDD 30-09-2025.IntPrj\Network Model.IntPrjfolder\Network Data.IntPrjfolder\SUR 138 kV.ElmNet\POWERSHIP AZUA KPS 26.ElmSite\Planta_POWERSHIP AZUA KPS26 1.ElmComp\MAN 18V/51/60DDF.ElmComp\Governor.ElmDsl,gov_MAN Governor/Actuator_v3,SmP:IntMat,0,3,20.0
\VM-PF.IntUser\PDD 30-09-2025.IntPrj\Network Model.IntPrjfolder\Network Data.IntPrjfolder\SUR 138 kV.ElmNet\POWERSHIP AZUA KPS 26.ElmSite\Planta_POWERSHIP AZUA KPS26 1.ElmComp\MAN 18V/51/60DDF.ElmComp\Governor.ElmDsl,gov_MAN Governor/Actuator_v3,SmP:IntMat,0,4,30.0
\VM-PF.IntUser\PDD 30-09-2025.IntPrj\Network Model.IntPrjfolder\Network Data.IntPrjfolder\SUR 138 kV.ElmNet\POWERSHIP AZUA KPS 26.ElmSite\Planta_POWERSHIP AZUA KPS26 1.ElmComp\MAN 18V/51/60DDF.ElmComp\Governor.ElmDsl,gov_MAN Governor/Actuator_v3,SmP:IntMat,0,5,42.0
\VM-PF.IntUser\PDD 30-09-2025.IntPrj\Network Model.IntPrjfolder\Network Data.IntPrjfolder\SUR 138 kV.ElmNet\POWERSHIP AZUA KPS 26.ElmSite\Planta_POWERSHIP AZUA KPS26 1.ElmComp\MAN 18V/51/60DDF.ElmComp\Governor.ElmDsl,gov_MAN Governor/Actuator_v3,SmP:IntMat,0,6,60.0
\VM-PF.IntUser\PDD 30-09-2025.IntPrj\Network Model.IntPrjfolder\Network Data.IntPrjfolder\SUR 138 kV.ElmNet\POWERSHIP AZUA KPS 26.ElmSite\Planta_POWERSHIP AZUA KPS26 1.ElmComp\MAN 18V/51/60DDF.ElmComp\Governor.ElmDsl,gov_MAN Governor/Actuator_v3,SmP:IntMat,0,7,73.0
\VM-PF.IntUser\PDD 30-09-2025.IntPrj\Network Model.IntPrjfolder\Network Data.IntPrjfolder\SUR 138 kV.ElmNet\POWERSHIP AZUA KPS 26.ElmSite\Planta_POWERSHIP AZUA KPS26 1.ElmComp\MAN 18V/51/60DDF.ElmComp\Governor.ElmDsl,gov_MAN Governor/Actuator_v3,SmP:IntMat,0,8,83.0
\VM-PF.IntUser\PDD 30-09-2025.IntPrj\Network Model.IntPrjfolder\Network Data.IntPrjfolder\SUR 138 kV.ElmNet\POWERSHIP AZUA KPS 26.ElmSite\Planta_POWERSHIP AZUA KPS26 1.ElmComp\MAN 18V/51/60DDF.ElmComp\Governor.ElmDsl,gov_MAN Governor/Actuator_v3,SmP:IntMat,0,9,90.0
\VM-PF.IntUser\PDD 30-09-2025.IntPrj\Network Model.IntPrjfolder\Network Data.IntPrjfolder\SUR 138 kV.ElmNet\POWERSHIP AZUA KPS 26.ElmSite\Planta_POWERSHIP AZUA KPS26 1.ElmComp\MAN 18V/51/60DDF.ElmComp\Governor.ElmDsl,gov_MAN Governor/Actuator_v3,SmP:IntMat,0,10,100.0
\VM-PF.IntUser\PDD 30-09-2025.IntPrj\Network Model.IntPrjfolder\Network Data.IntPrjfolder\SUR 138 kV.ElmNet\POWERSHIP AZUA KPS 26.ElmSite\Planta_POWERSHIP AZUA KPS26 1.ElmComp\MAN 18V/51/60DDF.ElmComp\Governor.ElmDsl,gov_MAN Governor/Actuator_v3,SmP:IntMat,1,0,0.0
\VM-PF.IntUser\PDD 30-09-2025.IntPrj\Network Model.IntPrjfolder\Network Data.IntPrjfolder\SUR 138 kV.ElmNet\POWERSHIP AZUA KPS 26.ElmSite\Planta_POWERSHIP AZUA KPS26 1.ElmComp\MAN 18V/51/60DDF.ElmComp\Governor.ElmDsl,gov_MAN Governor/Actuator_v3,SmP:IntMat,1,1,150.0
\VM-PF.IntUser\PDD 30-09-2025.IntPrj\Network Model.IntPrjfolder\Network Data.IntPrjfolder\SUR 138 kV.ElmNet\POWERSHIP AZUA KPS 26.ElmSite\Planta_POWERSHIP AZUA KPS26 1.ElmComp\MAN 18V/51/60DDF.ElmComp\Governor.ElmDsl,gov_MAN Governor/Actuator_v3,SmP:IntMat,1,2,150.0
\VM-PF.IntUser\PDD 30-09-2025.IntPrj\Network Model.IntPrjfolder\Network Data.IntPrjfolder\SUR 138 kV.ElmNet\POWERSHIP AZUA KPS 26.ElmSite\Planta_POWERSHIP AZUA KPS26 1.ElmComp\MAN 18V/51/60DDF.ElmComp\Governor.ElmDsl,gov_MAN Governor/Actuator_v3,SmP:IntMat,1,3,150.0
\VM-PF.IntUser\PDD 30-09-2025.IntPrj\Network Model.IntPrjfolder\Network Data.IntPrjfolder\SUR 138 kV.ElmNet\POWERSHIP AZUA KPS 26.ElmSite\Planta_POWERSHIP AZUA KPS26 1.ElmComp\MAN 18V/51/60DDF.ElmComp\Governor.ElmDsl,gov_MAN Governor/Actuator_v3,SmP:IntMat,1,4,150.0
\VM-PF.IntUser\PDD 30-09-2025.IntPrj\Network Model.IntPrjfolder\Network Data.IntPrjfolder\SUR 138 kV.ElmNet\POWERSHIP AZUA KPS 26.ElmSite\Planta_POWERSHIP AZUA KPS26 1.ElmComp\MAN 18V/51/60DDF.ElmComp\Governor.ElmDsl,gov_MAN Governor/Actuator_v3,SmP:IntMat,1,5,150.0
\VM-PF.IntUser\PDD 30-09-2025.IntPrj\Network Model.IntPrjfolder\Network Data.IntPrjfolder\SUR 138 kV.ElmNet\POWERSHIP AZUA KPS 26.ElmSite\Planta_POWERSHIP AZUA KPS26 1.ElmComp\MAN 18V/51/60DDF.ElmComp\Governor.ElmDsl,gov_MAN Governor/Actuator_v3,SmP:IntMat,1,6,100.0
\VM-PF.IntUser\PDD 30-09-2025.IntPrj\Network Model.IntPrjfolder\Network Data.IntPrjfolder\SUR 138 kV.ElmNet\POWERSHIP AZUA KPS 26.ElmSite\Planta_POWERSHIP AZUA KPS26 1.ElmComp\MAN 18V/51/60DDF.ElmComp\Governor.ElmDsl,gov_MAN Governor/Actuator_v3,SmP:IntMat,1,7,100.0
\VM-PF.IntUser\PDD 30-09-2025.IntPrj\Network Model.IntPrjfolder\Network Data.IntPrjfolder\SUR 138 kV.ElmNet\POWERSHIP AZUA KPS 26.ElmSite\Planta_POWERSHIP AZUA KPS26 1.ElmComp\MAN 18V/51/60DDF.ElmComp\Governor.ElmDsl,gov_MAN Governor/Actuator_v3,SmP:IntMat,1,8,100.0
\VM-PF.IntUser\PDD 30-09-2025.IntPrj\Network Model.IntPrjfolder\Network Data.IntPrjfolder\SUR 138 kV.ElmNet\POWERSHIP AZUA KPS 26.ElmSite\Planta_POWERSHIP AZUA KPS26 1.ElmComp\MAN 18V/51/60DDF.ElmComp\Governor.ElmDsl,gov_MAN Governor/Actuator_v3,SmP:IntMat,1,9,100.0
\VM-PF.IntUser\PDD 30-09-2025.IntPrj\Network Model.IntPrjfolder\Network Data.IntPrjfolder\SUR 138 kV.ElmNet\POWERSHIP AZUA KPS 26.ElmSite\Planta_POWERSHIP AZUA KPS26 1.ElmComp\MAN 18V/51/60DDF.ElmComp\Governor.ElmDsl,gov_MAN Governor/Actuator_v3,SmP:IntMat,1,10,100.0
\VM-PF.IntUser\PDD 30-09-2025.IntPrj\Network Model.IntPrjfolder\Network Data.IntPrjfolder\SUR 138 kV.ElmNet\POWERSHIP AZUA KPS 26.ElmSite\Planta_POWERSHIP AZUA KPS26 1.ElmComp\MAN 18V/51/60DDF.ElmComp\Governor.ElmDsl,gov_MAN Governor/Actuator_v3,SmP:IntMat,2,0,100.0
\VM-PF.IntUser\PDD 30-09-2025.IntPrj\Network Model.IntPrjfolder\Network Data.IntPrjfolder\SUR 138 kV.ElmNet\POWERSHIP AZUA KPS 26.ElmSite\Planta_POWERSHIP AZUA KPS26 1.ElmComp\MAN 18V/51/60DDF.ElmComp\Governor.ElmDsl,gov_MAN Governor/Actuator_v3,SmP:IntMat,2,1,100.0
\VM-PF.IntUser\PDD 30-09-2025.IntPrj\Network Model.IntPrjfolder\Network Data.IntPrjfolder\SUR 138 kV.ElmNet\POWERSHIP AZUA KPS 26.ElmSite\Planta_POWERSHIP AZUA KPS26 1.ElmComp\MAN 18V/51/60DDF.ElmComp\Governor.ElmDsl,gov_MAN Governor/Actuator_v3,SmP:IntMat,2,2,100.0
\VM-PF.IntUser\PDD 30-09-2025.IntPrj\Network Model.IntPrjfolder\Network Data.IntPrjfolder\SUR 138 kV.ElmNet\POWERSHIP AZUA KPS 26.ElmSite\Planta_POWERSHIP AZUA KPS26 1.ElmComp\MAN 18V/51/60DDF.ElmComp\Governor.ElmDsl,gov_MAN Governor/Actuator_v3,SmP:IntMat,2,3,100.0
\VM-PF.IntUser\PDD 30-09-2025.IntPrj\Network Model.IntPrjfolder\Network Data.IntPrjfolder\SUR 138 kV.ElmNet\POWERSHIP AZUA KPS 26.ElmSite\Planta_POWERSHIP AZUA KPS26 1.ElmComp\MAN 18V/51/60DDF.ElmComp\Governor.ElmDsl,gov_MAN Governor/Actuator_v3,SmP:IntMat,2,4,100.0
\VM-PF.IntUser\PDD 30-09-2025.IntPrj\Network Model.IntPrjfolder\Network Data.IntPrjfolder\SUR 138 kV.ElmNet\POWERSHIP AZUA KPS 26.ElmSite\Planta_POWERSHIP AZUA KPS26 1.ElmComp\MAN 18V/51/60DDF.ElmComp\Governor.ElmDsl,gov_MAN Governor/Actuator_v3,SmP:IntMat,2,5,100.0
\VM-PF.IntUser\PDD 30-09-2025.IntPrj\Network Model.IntPrjfolder\Network Data.IntPrjfolder\SUR 138 kV.ElmNet\POWERSHIP AZUA KPS 26.ElmSite\Planta_POWERSHIP AZUA KPS26 1.ElmComp\MAN 18V/51/60DDF.ElmComp\Governor.ElmDsl,gov_MAN Governor/Actuator_v3,SmP:IntMat,2,6,100.0
\VM-PF.IntUser\PDD 30-09-2025.IntPrj\Network Model.IntPrjfolder\Network Data.IntPrjfolder\SUR 138 kV.ElmNet\POWERSHIP AZUA KPS 26.ElmSite\Planta_POWERSHIP AZUA KPS26 1.ElmComp\MAN 18V/51/60DDF.ElmComp\Governor.ElmDsl,gov_MAN Governor/Actuator_v3,SmP:IntMat,2,7,100.0
\VM-PF.IntUser\PDD 30-09-2025.IntPrj\Network Model.IntPrjfolder\Network Data.IntPrjfolder\SUR 138 kV.ElmNet\POWERSHIP AZUA KPS 26.ElmSite\Planta_POWERSHIP AZUA KPS26 1.ElmComp\MAN 18V/51/60DDF.ElmComp\Governor.ElmDsl,gov_MAN Governor/Actuator_v3,SmP:IntMat,2,8,100.0
\VM-PF.IntUser\PDD 30-09-2025.IntPrj\Network Model.IntPrjfolder\Network Data.IntPrjfolder\SUR 138 kV.ElmNet\POWERSHIP AZUA KPS 26.ElmSite\Planta_POWERSHIP AZUA KPS26 1.ElmComp\MAN 18V/51/60DDF.ElmComp\Governor.ElmDsl,gov_MAN Governor/Actuator_v3,SmP:IntMat,2,9,100.0
\VM-PF.IntUser\PDD 30-09-2025.IntPrj\Network Model.IntPrjfolder\Network Data.IntPrjfolder\SUR 138 kV.ElmNet\POWERSHIP AZUA KPS 26.ElmSite\Planta_POWERSHIP AZUA KPS26 1.ElmComp\MAN 18V/51/60DDF.ElmComp\Governor.ElmDsl,gov_MAN Governor/Actuator_v3,SmP:IntMat,2,10,100.0
\VM-PF.IntUser\PDD 30-09-2025.IntPrj\Network Model.IntPrjfolder\Network Data.IntPrjfolder\SUR 138 kV.ElmNet\POWERSHIP AZUA KPS 26.ElmSite\Planta_POWERSHIP AZUA KPS26 1.ElmComp\MAN 18V/51/60DDF.ElmComp\Governor.ElmDsl,gov_MAN Governor/Actuator_v3,SmP:IntMat,3,0,200.0
\VM-PF.IntUser\PDD 30-09-2025.IntPrj\Network Model.IntPrjfolder\Network Data.IntPrjfolder\SUR 138 kV.ElmNet\POWERSHIP AZUA KPS 26.ElmSite\Planta_POWERSHIP AZUA KPS26 1.ElmComp\MAN 18V/51/60DDF.ElmComp\Governor.ElmDsl,gov_MAN Governor/Actuator_v3,SmP:IntMat,3,1,100.0
\VM-PF.IntUser\PDD 30-09-2025.IntPrj\Network Model.IntPrjfolder\Network Data.IntPrjfolder\SUR 138 kV.ElmNet\POWERSHIP AZUA KPS 26.ElmSite\Planta_POWERSHIP AZUA KPS26 1.ElmComp\MAN 18V/51/60DDF.ElmComp\Governor.ElmDsl,gov_MAN Governor/Actuator_v3,SmP:IntMat,3,2,100.0
\VM-PF.IntUser\PDD 30-09-2025.IntPrj\Network Model.IntPrjfolder\Network Data.IntPrjfolder\SUR 138 kV.ElmNet\POWERSHIP AZUA KPS 26.ElmSite\Planta_POWERSHIP AZUA KPS26 1.ElmComp\MAN 18V/51/60DDF.ElmComp\Governor.ElmDsl,gov_MAN Governor/Actuator_v3,SmP:IntMat,3,3,100.0
\VM-PF.IntUser\PDD 30-09-2025.IntPrj\Network Model.IntPrjfolder\Network Data.IntPrjfolder\SUR 138 kV.ElmNet\POWERSHIP AZUA KPS 26.ElmSite\Planta_POWERSHIP AZUA KPS26 1.ElmComp\MAN 18V/51/60DDF.ElmComp\Governor.ElmDsl,gov_MAN Governor/Actuator_v3,SmP:IntMat,3,4,100.0
\VM-PF.IntUser\PDD 30-09-2025.IntPrj\Network Model.IntPrjfolder\Network Data.IntPrjfolder\SUR 138 kV.ElmNet\POWERSHIP AZUA KPS 26.ElmSite\Planta_POWERSHIP AZUA KPS26 1.ElmComp\MAN 18V/51/60DDF.ElmComp\Governor.ElmDsl,gov_MAN Governor/Actuator_v3,SmP:IntMat,3,5,100.0
\VM-PF.IntUser\PDD 30-09-2025.IntPrj\Network Model.IntPrjfolder\Network Data.IntPrjfolder\SUR 138 kV.ElmNet\POWERSHIP AZUA KPS 26.ElmSite\Planta_POWERSHIP AZUA KPS26 1.ElmComp\MAN 18V/51/60DDF.ElmComp\Governor.ElmDsl,gov_MAN Governor/Actuator_v3,SmP:IntMat,3,6,100.0
\VM-PF.IntUser\PDD 30-09-2025.IntPrj\Network Model.IntPrjfolder\Network Data.IntPrjfolder\SUR 138 kV.ElmNet\POWERSHIP AZUA KPS 26.ElmSite\Planta_POWERSHIP AZUA KPS26 1.ElmComp\MAN 18V/51/60DDF.ElmComp\Governor.ElmDsl,gov_MAN Governor/Actuator_v3,SmP:IntMat,3,7,100.0
\VM-PF.IntUser\PDD 30-09-2025.IntPrj\Network Model.IntPrjfolder\Network Data.IntPrjfolder\SUR 138 kV.ElmNet\POWERSHIP AZUA KPS 26.ElmSite\Planta_POWERSHIP AZUA KPS26 1.ElmComp\MAN 18V/51/60DDF.ElmComp\Governor.ElmDsl,gov_MAN Governor/Actuator_v3,SmP:IntMat,3,8,100.0
\VM-PF.IntUser\PDD 30-09-2025.IntPrj\Network Model.IntPrjfolder\Network Data.IntPrjfolder\SUR 138 kV.ElmNet\POWERSHIP AZUA KPS 26.ElmSite\Planta_POWERSHIP AZUA KPS26 1.ElmComp\MAN 18V/51/60DDF.ElmComp\Governor.ElmDsl,gov_MAN Governor/Actuator_v3,SmP:IntMat,3,9,100.0
\VM-PF.IntUser\PDD 30-09-2025.IntPrj\Network Model.IntPrjfolder\Network Data.IntPrjfolder\SUR 138 kV.ElmNet\POWERSHIP AZUA KPS 26.ElmSite\Planta_POWERSHIP AZUA KPS26 1.ElmComp\MAN 18V/51/60DDF.ElmComp\Governor.ElmDsl,gov_MAN Governor/Actuator_v3,SmP:IntMat,3,10,100.0
\VM-PF.IntUser\PDD 30-09-2025.IntPrj\Network Model.IntPrjfolder\Network Data.IntPrjfolder\SUR 138 kV.ElmNet\POWERSHIP AZUA KPS 26.ElmSite\Planta_POWERSHIP AZUA KPS26 1.ElmComp\MAN 18V/51/60DDF.ElmComp\Governor.ElmDsl,gov_MAN Governor/Actuator_v3,SmP:IntMat,4,0,300.0
\VM-PF.IntUser\PDD 30-09-2025.IntPrj\Network Model.IntPrjfolder\Network Data.IntPrjfolder\SUR 138 kV.ElmNet\POWERSHIP AZUA KPS 26.ElmSite\Planta_POWERSHIP AZUA KPS26 1.ElmComp\MAN 18V/51/60DDF.ElmComp\Governor.ElmDsl,gov_MAN Governor/Actuator_v3,SmP:IntMat,4,1,45.0
\VM-PF.IntUser\PDD 30-09-2025.IntPrj\Network Model.IntPrjfolder\Network Data.IntPrjfolder\SUR 138 kV.ElmNet\POWERSHIP AZUA KPS 26.ElmSite\Planta_POWERSHIP AZUA KPS26 1.ElmComp\MAN 18V/51/60DDF.ElmComp\Governor.ElmDsl,gov_MAN Governor/Actuator_v3,SmP:IntMat,4,2,45.0
\VM-PF.IntUser\PDD 30-09-2025.IntPrj\Network Model.IntPrjfolder\Network Data.IntPrjfolder\SUR 138 kV.ElmNet\POWERSHIP AZUA KPS 26.ElmSite\Planta_POWERSHIP AZUA KPS26 1.ElmComp\MAN 18V/51/60DDF.ElmComp\Governor.ElmDsl,gov_MAN Governor/Actuator_v3,SmP:IntMat,4,3,45.0
\VM-PF.IntUser\PDD 30-09-2025.IntPrj\Network Model.IntPrjfolder\Network Data.IntPrjfolder\SUR 138 kV.ElmNet\POWERSHIP AZUA KPS 26.ElmSite\Planta_POWERSHIP AZUA KPS26 1.ElmComp\MAN 18V/51/60DDF.ElmComp\Governor.ElmDsl,gov_MAN Governor/Actuator_v3,SmP:IntMat,4,4,40.0
\VM-PF.IntUser\PDD 30-09-2025.IntPrj\Network Model.IntPrjfolder\Network Data.IntPrjfolder\SUR 138 kV.ElmNet\POWERSHIP AZUA KPS 26.ElmSite\Planta_POWERSHIP AZUA KPS26 1.ElmComp\MAN 18V/51/60DDF.ElmComp\Governor.ElmDsl,gov_MAN Governor/Actuator_v3,SmP:IntMat,4,5,40.0
\VM-PF.IntUser\PDD 30-09-2025.IntPrj\Network Model.IntPrjfolder\Network Data.IntPrjfolder\SUR 138 kV.ElmNet\POWERSHIP AZUA KPS 26.ElmSite\Planta_POWERSHIP AZUA KPS26 1.ElmComp\MAN 18V/51/60DDF.ElmComp\Governor.ElmDsl,gov_MAN Governor/Actuator_v3,SmP:IntMat,4,6,100.0
\VM-PF.IntUser\PDD 30-09-2025.IntPrj\Network Model.IntPrjfolder\Network Data.IntPrjfolder\SUR 138 kV.ElmNet\POWERSHIP AZUA KPS 26.ElmSite\Planta_POWERSHIP AZUA KPS26 1.ElmComp\MAN 18V/51/60DDF.ElmComp\Governor.ElmDsl,gov_MAN Governor/Actuator_v3,SmP:IntMat,4,7,100.0
\VM-PF.IntUser\PDD 30-09-2025.IntPrj\Network Model.IntPrjfolder\Network Data.IntPrjfolder\SUR 138 kV.ElmNet\POWERSHIP AZUA KPS 26.ElmSite\Planta_POWERSHIP AZUA KPS26 1.ElmComp\MAN 18V/51/60DDF.ElmComp\Governor.ElmDsl,gov_MAN Governor/Actuator_v3,SmP:IntMat,4,8,100.0
\VM-PF.IntUser\PDD 30-09-2025.IntPrj\Network Model.IntPrjfolder\Network Data.IntPrjfolder\SUR 138 kV.ElmNet\POWERSHIP AZUA KPS 26.ElmSite\Planta_POWERSHIP AZUA KPS26 1.ElmComp\MAN 18V/51/60DDF.ElmComp\Governor.ElmDsl,gov_MAN Governor/Actuator_v3,SmP:IntMat,4,9,100.0
\VM-PF.IntUser\PDD 30-09-2025.IntPrj\Network Model.IntPrjfolder\Network Data.IntPrjfolder\SUR 138 kV.ElmNet\POWERSHIP AZUA KPS 26.ElmSite\Planta_POWERSHIP AZUA KPS26 1.ElmComp\MAN 18V/51/60DDF.ElmComp\Governor.ElmDsl,gov_MAN Governor/Actuator_v3,SmP:IntMat,4,10,100.0
\VM-PF.IntUser\PDD 30-09-2025.IntPrj\Network Model.IntPrjfolder\Network Data.IntPrjfolder\SUR 138 kV.ElmNet\POWERSHIP AZUA KPS 26.ElmSite\Planta_POWERSHIP AZUA KPS26 1.ElmComp\MAN 18V/51/60DDF.ElmComp\Governor.ElmDsl,gov_MAN Governor/Actuator_v3,SmP:IntMat,5,0,400.0
\VM-PF.IntUser\PDD 30-09-2025.IntPrj\Network Model.IntPrjfolder\Network Data.IntPrjfolder\SUR 138 kV.ElmNet\POWERSHIP AZUA KPS 26.ElmSite\Planta_POWERSHIP AZUA KPS26 1.ElmComp\MAN 18V/51/60DDF.ElmComp\Governor.ElmDsl,gov_MAN Governor/Actuator_v3,SmP:IntMat,5,1,45.0
\VM-PF.IntUser\PDD 30-09-2025.IntPrj\Network Model.IntPrjfolder\Network Data.IntPrjfolder\SUR 138 kV.ElmNet\POWERSHIP AZUA KPS 26.ElmSite\Planta_POWERSHIP AZUA KPS26 1.ElmComp\MAN 18V/51/60DDF.ElmComp\Governor.ElmDsl,gov_MAN Governor/Actuator_v3,SmP:IntMat,5,2,45.0
\VM-PF.IntUser\PDD 30-09-2025.IntPrj\Network Model.IntPrjfolder\Network Data.IntPrjfolder\SUR 138 kV.ElmNet\POWERSHIP AZUA KPS 26.ElmSite\Planta_POWERSHIP AZUA KPS26 1.ElmComp\MAN 18V/51/60DDF.ElmComp\Governor.ElmDsl,gov_MAN Governor/Actuator_v3,SmP:IntMat,5,3,45.0
\VM-PF.IntUser\PDD 30-09-2025.IntPrj\Network Model.IntPrjfolder\Network Data.IntPrjfolder\SUR 138 kV.ElmNet\POWERSHIP AZUA KPS 26.ElmSite\Planta_POWERSHIP AZUA KPS26 1.ElmComp\MAN 18V/51/60DDF.ElmComp\Governor.ElmDsl,gov_MAN Governor/Actuator_v3,SmP:IntMat,5,4,55.0
\VM-PF.IntUser\PDD 30-09-2025.IntPrj\Network Model.IntPrjfolder\Network Data.IntPrjfolder\SUR 138 kV.ElmNet\POWERSHIP AZUA KPS 26.ElmSite\Planta_POWERSHIP AZUA KPS26 1.ElmComp\MAN 18V/51/60DDF.ElmComp\Governor.ElmDsl,gov_MAN Governor/Actuator_v3,SmP:IntMat,5,5,90.0
\VM-PF.IntUser\PDD 30-09-2025.IntPrj\Network Model.IntPrjfolder\Network Data.IntPrjfolder\SUR 138 kV.ElmNet\POWERSHIP AZUA KPS 26.ElmSite\Planta_POWERSHIP AZUA KPS26 1.ElmComp\MAN 18V/51/60DDF.ElmComp\Governor.ElmDsl,gov_MAN Governor/Actuator_v3,SmP:IntMat,5,6,95.0
\VM-PF.IntUser\PDD 30-09-2025.IntPrj\Network Model.IntPrjfolder\Network Data.IntPrjfolder\SUR 138 kV.ElmNet\POWERSHIP AZUA KPS 26.ElmSite\Planta_POWERSHIP AZUA KPS26 1.ElmComp\MAN 18V/51/60DDF.ElmComp\Governor.ElmDsl,gov_MAN Governor/Actuator_v3,SmP:IntMat,5,7,95.0
\VM-PF.IntUser\PDD 30-09-2025.IntPrj\Network Model.IntPrjfolder\Network Data.IntPrjfolder\SUR 138 kV.ElmNet\POWERSHIP AZUA KPS 26.ElmSite\Planta_POWERSHIP AZUA KPS26 1.ElmComp\MAN 18V/51/60DDF.ElmComp\Governor.ElmDsl,gov_MAN Governor/Actuator_v3,SmP:IntMat,5,8,100.0
\VM-PF.IntUser\PDD 30-09-2025.IntPrj\Network Model.IntPrjfolder\Network Data.IntPrjfolder\SUR 138 kV.ElmNet\POWERSHIP AZUA KPS 26.ElmSite\Planta_POWERSHIP AZUA KPS26 1.ElmComp\MAN 18V/51/60DDF.ElmComp\Governor.ElmDsl,gov_MAN Governor/Actuator_v3,SmP:IntMat,5,9,110.0
\VM-PF.IntUser\PDD 30-09-2025.IntPrj\Network Model.IntPrjfolder\Network Data.IntPrjfolder\SUR 138 kV.ElmNet\POWERSHIP AZUA KPS 26.ElmSite\Planta_POWERSHIP AZUA KPS26 1.ElmComp\MAN 18V/51/60DDF.ElmComp\Governor.ElmDsl,gov_MAN Governor/Actuator_v3,SmP:IntMat,5,10,110.0
\VM-PF.IntUser\PDD 30-09-2025.IntPrj\Network Model.IntPrjfolder\Network Data.IntPrjfolder\SUR 138 kV.ElmNet\POWERSHIP AZUA KPS 26.ElmSite\Planta_POWERSHIP AZUA KPS26 1.ElmComp\MAN 18V/51/60DDF.ElmComp\Governor.ElmDsl,gov_MAN Governor/Actuator_v3,SmP:IntMat,6,0,514.0
\VM-PF.IntUser\PDD 30-09-2025.IntPrj\Network Model.IntPrjfolder\Network Data.IntPrjfolder\SUR 138 kV.ElmNet\POWERSHIP AZUA KPS 26.ElmSite\Planta_POWERSHIP AZUA KPS26 1.ElmComp\MAN 18V/51/60DDF.ElmComp\Governor.ElmDsl,gov_MAN Governor/Actuator_v3,SmP:IntMat,6,1,45.0
\VM-PF.IntUser\PDD 30-09-2025.IntPrj\Network Model.IntPrjfolder\Network Data.IntPrjfolder\SUR 138 kV.ElmNet\POWERSHIP AZUA KPS 26.ElmSite\Planta_POWERSHIP AZUA KPS26 1.ElmComp\MAN 18V/51/60DDF.ElmComp\Governor.ElmDsl,gov_MAN Governor/Actuator_v3,SmP:IntMat,6,2,45.0
\VM-PF.IntUser\PDD 30-09-2025.IntPrj\Network Model.IntPrjfolder\Network Data.IntPrjfolder\SUR 138 kV.ElmNet\POWERSHIP AZUA KPS 26.ElmSite\Planta_POWERSHIP AZUA KPS26 1.ElmComp\MAN 18V/51/60DDF.ElmComp\Governor.ElmDsl,gov_MAN Governor/Actuator_v3,SmP:IntMat,6,3,45.0
\VM-PF.IntUser\PDD 30-09-2025.IntPrj\Network Model.IntPrjfolder\Network Data.IntPrjfolder\SUR 138 kV.ElmNet\POWERSHIP AZUA KPS 26.ElmSite\Planta_POWERSHIP AZUA KPS26 1.ElmComp\MAN 18V/51/60DDF.ElmComp\Governor.ElmDsl,gov_MAN Governor/Actuator_v3,SmP:IntMat,6,4,55.0
\VM-PF.IntUser\PDD 30-09-2025.IntPrj\Network Model.IntPrjfolder\Network Data.IntPrjfolder\SUR 138 kV.ElmNet\POWERSHIP AZUA KPS 26.ElmSite\Planta_POWERSHIP AZUA KPS26 1.ElmComp\MAN 18V/51/60DDF.ElmComp\Governor.ElmDsl,gov_MAN Governor/Actuator_v3,SmP:IntMat,6,5,90.0
\VM-PF.IntUser\PDD 30-09-2025.IntPrj\Network Model.IntPrjfolder\Network Data.IntPrjfolder\SUR 138 kV.ElmNet\POWERSHIP AZUA KPS 26.ElmSite\Planta_POWERSHIP AZUA KPS26 1.ElmComp\MAN 18V/51/60DDF.ElmComp\Governor.ElmDsl,gov_MAN Governor/Actuator_v3,SmP:IntMat,6,6,95.0
\VM-PF.IntUser\PDD 30-09-2025.IntPrj\Network Model.IntPrjfolder\Network Data.IntPrjfolder\SUR 138 kV.ElmNet\POWERSHIP AZUA KPS 26.ElmSite\Planta_POWERSHIP AZUA KPS26 1.ElmComp\MAN 18V/51/60DDF.ElmComp\Governor.ElmDsl,gov_MAN Governor/Actuator_v3,SmP:IntMat,6,7,95.0
\VM-PF.IntUser\PDD 30-09-2025.IntPrj\Network Model.IntPrjfolder\Network Data.IntPrjfolder\SUR 138 kV.ElmNet\POWERSHIP AZUA KPS 26.ElmSite\Planta_POWERSHIP AZUA KPS26 1.ElmComp\MAN 18V/51/60DDF.ElmComp\Governor.ElmDsl,gov_MAN Governor/Actuator_v3,SmP:IntMat,6,8,100.0
\VM-PF.IntUser\PDD 30-09-2025.IntPrj\Network Model.IntPrjfolder\Network Data.IntPrjfolder\SUR 138 kV.ElmNet\POWERSHIP AZUA KPS 26.ElmSite\Planta_POWERSHIP AZUA KPS26 1.ElmComp\MAN 18V/51/60DDF.ElmComp\Governor.ElmDsl,gov_MAN Governor/Actuator_v3,SmP:IntMat,6,9,110.0
\VM-PF.IntUser\PDD 30-09-2025.IntPrj\Network Model.IntPrjfolder\Network Data.IntPrjfolder\SUR 138 kV.ElmNet\POWERSHIP AZUA KPS 26.ElmSite\Planta_POWERSHIP AZUA KPS26 1.ElmComp\MAN 18V/51/60DDF.ElmComp\Governor.ElmDsl,gov_MAN Governor/Actuator_v3,SmP:IntMat,6,10,110.0
\VM-PF.IntUser\PDD 30-09-2025.IntPrj\Network Model.IntPrjfolder\Network Data.IntPrjfolder\SUR 138 kV.ElmNet\POWERSHIP AZUA KPS 26.ElmSite\Planta_POWERSHIP AZUA KPS26 1.ElmComp\MAN 18V/51/60DDF.ElmComp\Governor.ElmDsl,gov_MAN Governor/Actuator_v3,SmP:IntMat,7,0,550.0
\VM-PF.IntUser\PDD 30-09-2025.IntPrj\Network Model.IntPrjfolder\Network Data.IntPrjfolder\SUR 138 kV.ElmNet\POWERSHIP AZUA KPS 26.ElmSite\Planta_POWERSHIP AZUA KPS26 1.ElmComp\MAN 18V/51/60DDF.ElmComp\Governor.ElmDsl,gov_MAN Governor/Actuator_v3,SmP:IntMat,7,1,45.0
\VM-PF.IntUser\PDD 30-09-2025.IntPrj\Network Model.IntPrjfolder\Network Data.IntPrjfolder\SUR 138 kV.ElmNet\POWERSHIP AZUA KPS 26.ElmSite\Planta_POWERSHIP AZUA KPS26 1.ElmComp\MAN 18V/51/60DDF.ElmComp\Governor.ElmDsl,gov_MAN Governor/Actuator_v3,SmP:IntMat,7,2,45.0
\VM-PF.IntUser\PDD 30-09-2025.IntPrj\Network Model.IntPrjfolder\Network Data.IntPrjfolder\SUR 138 kV.ElmNet\POWERSHIP AZUA KPS 26.ElmSite\Planta_POWERSHIP AZUA KPS26 1.ElmComp\MAN 18V/51/60DDF.ElmComp\Governor.ElmDsl,gov_MAN Governor/Actuator_v3,SmP:IntMat,7,3,45.0
\VM-PF.IntUser\PDD 30-09-2025.IntPrj\Network Model.IntPrjfolder\Network Data.IntPrjfolder\SUR 138 kV.ElmNet\POWERSHIP AZUA KPS 26.ElmSite\Planta_POWERSHIP AZUA KPS26 1.ElmComp\MAN 18V/51/60DDF.ElmComp\Governor.ElmDsl,gov_MAN Governor/Actuator_v3,SmP:IntMat,7,4,85.0
\VM-PF.IntUser\PDD 30-09-2025.IntPrj\Network Model.IntPrjfolder\Network Data.IntPrjfolder\SUR 138 kV.ElmNet\POWERSHIP AZUA KPS 26.ElmSite\Planta_POWERSHIP AZUA KPS26 1.ElmComp\MAN 18V/51/60DDF.ElmComp\Governor.ElmDsl,gov_MAN Governor/Actuator_v3,SmP:IntMat,7,5,90.0
\VM-PF.IntUser\PDD 30-09-2025.IntPrj\Network Model.IntPrjfolder\Network Data.IntPrjfolder\SUR 138 kV.ElmNet\POWERSHIP AZUA KPS 26.ElmSite\Planta_POWERSHIP AZUA KPS26 1.ElmComp\MAN 18V/51/60DDF.ElmComp\Governor.ElmDsl,gov_MAN Governor/Actuator_v3,SmP:IntMat,7,6,95.0
\VM-PF.IntUser\PDD 30-09-2025.IntPrj\Network Model.IntPrjfolder\Network Data.IntPrjfolder\SUR 138 kV.ElmNet\POWERSHIP AZUA KPS 26.ElmSite\Planta_POWERSHIP AZUA KPS26 1.ElmComp\MAN 18V/51/60DDF.ElmComp\Governor.ElmDsl,gov_MAN Governor/Actuator_v3,SmP:IntMat,7,7,95.0
\VM-PF.IntUser\PDD 30-09-2025.IntPrj\Network Model.IntPrjfolder\Network Data.IntPrjfolder\SUR 138 kV.ElmNet\POWERSHIP AZUA KPS 26.ElmSite\Planta_POWERSHIP AZUA KPS26 1.ElmComp\MAN 18V/51/60DDF.ElmComp\Governor.ElmDsl,gov_MAN Governor/Actuator_v3,SmP:IntMat,7,8,100.0
\VM-PF.IntUser\PDD 30-09-2025.IntPrj\Network Model.IntPrjfolder\Network Data.IntPrjfolder\SUR 138 kV.ElmNet\POWERSHIP AZUA KPS 26.ElmSite\Planta_POWERSHIP AZUA KPS26 1.ElmComp\MAN 18V/51/60DDF.ElmComp\Governor.ElmDsl,gov_MAN Governor/Actuator_v3,SmP:IntMat,7,9,110.0
\VM-PF.IntUser\PDD 30-09-2025.IntPrj\Network Model.IntPrjfolder\Network Data.IntPrjfolder\SUR 138 kV.ElmNet\POWERSHIP AZUA KPS 26.ElmSite\Planta_POWERSHIP AZUA KPS26 1.ElmComp\MAN 18V/51/60DDF.ElmComp\Governor.ElmDsl,gov_MAN Governor/Actuator_v3,SmP:IntMat,7,10,110.0
\VM-PF.IntUser\PDD 30-09-2025.IntPrj\Network Model.IntPrjfolder\Network Data.IntPrjfolder\SUR 138 kV.ElmNet\POWERSHIP AZUA KPS 26.ElmSite\Planta_POWERSHIP AZUA KPS26 1.ElmComp\MAN 18V/51/60DDF.ElmComp\Governor.ElmDsl,gov_MAN Governor/Actuator_v3,SmP:IntMat,8,0,575.0
\VM-PF.IntUser\PDD 30-09-2025.IntPrj\Network Model.IntPrjfolder\Network Data.IntPrjfolder\SUR 138 kV.ElmNet\POWERSHIP AZUA KPS 26.ElmSite\Planta_POWERSHIP AZUA KPS26 1.ElmComp\MAN 18V/51/60DDF.ElmComp\Governor.ElmDsl,gov_MAN Governor/Actuator_v3,SmP:IntMat,8,1,60.0
\VM-PF.IntUser\PDD 30-09-2025.IntPrj\Network Model.IntPrjfolder\Network Data.IntPrjfolder\SUR 138 kV.ElmNet\POWERSHIP AZUA KPS 26.ElmSite\Planta_POWERSHIP AZUA KPS26 1.ElmComp\MAN 18V/51/60DDF.ElmComp\Governor.ElmDsl,gov_MAN Governor/Actuator_v3,SmP:IntMat,8,2,45.0
\VM-PF.IntUser\PDD 30-09-2025.IntPrj\Network Model.IntPrjfolder\Network Data.IntPrjfolder\SUR 138 kV.ElmNet\POWERSHIP AZUA KPS 26.ElmSite\Planta_POWERSHIP AZUA KPS26 1.ElmComp\MAN 18V/51/60DDF.ElmComp\Governor.ElmDsl,gov_MAN Governor/Actuator_v3,SmP:IntMat,8,3,45.0
\VM-PF.IntUser\PDD 30-09-2025.IntPrj\Network Model.IntPrjfolder\Network Data.IntPrjfolder\SUR 138 kV.ElmNet\POWERSHIP AZUA KPS 26.ElmSite\Planta_POWERSHIP AZUA KPS26 1.ElmComp\MAN 18V/51/60DDF.ElmComp\Governor.ElmDsl,gov_MAN Governor/Actuator_v3,SmP:IntMat,8,4,85.0
\VM-PF.IntUser\PDD 30-09-2025.IntPrj\Network Model.IntPrjfolder\Network Data.IntPrjfolder\SUR 138 kV.ElmNet\POWERSHIP AZUA KPS 26.ElmSite\Planta_POWERSHIP AZUA KPS26 1.ElmComp\MAN 18V/51/60DDF.ElmComp\Governor.ElmDsl,gov_MAN Governor/Actuator_v3,SmP:IntMat,8,5,90.0
\VM-PF.IntUser\PDD 30-09-2025.IntPrj\Network Model.IntPrjfolder\Network Data.IntPrjfolder\SUR 138 kV.ElmNet\POWERSHIP AZUA KPS 26.ElmSite\Planta_POWERSHIP AZUA KPS26 1.ElmComp\MAN 18V/51/60DDF.ElmComp\Governor.ElmDsl,gov_MAN Governor/Actuator_v3,SmP:IntMat,8,6,95.0
\VM-PF.IntUser\PDD 30-09-2025.IntPrj\Network Model.IntPrjfolder\Network Data.IntPrjfolder\SUR 138 kV.ElmNet\POWERSHIP AZUA KPS 26.ElmSite\Planta_POWERSHIP AZUA KPS26 1.ElmComp\MAN 18V/51/60DDF.ElmComp\Governor.ElmDsl,gov_MAN Governor/Actuator_v3,SmP:IntMat,8,7,95.0
\VM-PF.IntUser\PDD 30-09-2025.IntPrj\Network Model.IntPrjfolder\Network Data.IntPrjfolder\SUR 138 kV.ElmNet\POWERSHIP AZUA KPS 26.ElmSite\Planta_POWERSHIP AZUA KPS26 1.ElmComp\MAN 18V/51/60DDF.ElmComp\Governor.ElmDsl,gov_MAN Governor/Actuator_v3,SmP:IntMat,8,8,100.0
\VM-PF.IntUser\PDD 30-09-2025.IntPrj\Network Model.IntPrjfolder\Network Data.IntPrjfolder\SUR 138 kV.ElmNet\POWERSHIP AZUA KPS 26.ElmSite\Planta_POWERSHIP AZUA KPS26 1.ElmComp\MAN 18V/51/60DDF.ElmComp\Governor.ElmDsl,gov_MAN Governor/Actuator_v3,SmP:IntMat,8,9,110.0
\VM-PF.IntUser\PDD 30-09-2025.IntPrj\Network Model.IntPrjfolder\Network Data.IntPrjfolder\SUR 138 kV.ElmNet\POWERSHIP AZUA KPS 26.ElmSite\Planta_POWERSHIP AZUA KPS26 1.ElmComp\MAN 18V/51/60DDF.ElmComp\Governor.ElmDsl,gov_MAN Governor/Actuator_v3,SmP:IntMat,8,10,110.0
\VM-PF.IntUser\PDD 30-09-2025.IntPrj\Network Model.IntPrjfolder\Network Data.IntPrjfolder\SUR 138 kV.ElmNet\POWERSHIP AZUA KPS 26.ElmSite\Planta_POWERSHIP AZUA KPS26 1.ElmComp\MAN 18V/51/60DDF.ElmComp\Governor.ElmDsl,gov_MAN Governor/Actuator_v3,SmP:IntMat,9,0,600.0
\VM-PF.IntUser\PDD 30-09-2025.IntPrj\Network Model.IntPrjfolder\Network Data.IntPrjfolder\SUR 138 kV.ElmNet\POWERSHIP AZUA KPS 26.ElmSite\Planta_POWERSHIP AZUA KPS26 1.ElmComp\MAN 18V/51/60DDF.ElmComp\Governor.ElmDsl,gov_MAN Governor/Actuator_v3,SmP:IntMat,9,1,150.0
\VM-PF.IntUser\PDD 30-09-2025.IntPrj\Network Model.IntPrjfolder\Network Data.IntPrjfolder\SUR 138 kV.ElmNet\POWERSHIP AZUA KPS 26.ElmSite\Planta_POWERSHIP AZUA KPS26 1.ElmComp\MAN 18V/51/60DDF.ElmComp\Governor.ElmDsl,gov_MAN Governor/Actuator_v3,SmP:IntMat,9,2,150.0
\VM-PF.IntUser\PDD 30-09-2025.IntPrj\Network Model.IntPrjfolder\Network Data.IntPrjfolder\SUR 138 kV.ElmNet\POWERSHIP AZUA KPS 26.ElmSite\Planta_POWERSHIP AZUA KPS26 1.ElmComp\MAN 18V/51/60DDF.ElmComp\Governor.ElmDsl,gov_MAN Governor/Actuator_v3,SmP:IntMat,9,3,150.0
\VM-PF.IntUser\PDD 30-09-2025.IntPrj\Network Model.IntPrjfolder\Network Data.IntPrjfolder\SUR 138 kV.ElmNet\POWERSHIP AZUA KPS 26.ElmSite\Planta_POWERSHIP AZUA KPS26 1.ElmComp\MAN 18V/51/60DDF.ElmComp\Governor.ElmDsl,gov_MAN Governor/Actuator_v3,SmP:IntMat,9,4,150.0
\VM-PF.IntUser\PDD 30-09-2025.IntPrj\Network Model.IntPrjfolder\Network Data.IntPrjfolder\SUR 138 kV.ElmNet\POWERSHIP AZUA KPS 26.ElmSite\Planta_POWERSHIP AZUA KPS26 1.ElmComp\MAN 18V/51/60DDF.ElmComp\Governor.ElmDsl,gov_MAN Governor/Actuator_v3,SmP:IntMat,9,5,150.0
\VM-PF.IntUser\PDD 30-09-2025.IntPrj\Network Model.IntPrjfolder\Network Data.IntPrjfolder\SUR 138 kV.ElmNet\POWERSHIP AZUA KPS 26.ElmSite\Planta_POWERSHIP AZUA KPS26 1.ElmComp\MAN 18V/51/60DDF.ElmComp\Governor.ElmDsl,gov_MAN Governor/Actuator_v3,SmP:IntMat,9,6,150.0
\VM-PF.IntUser\PDD 30-09-2025.IntPrj\Network Model.IntPrjfolder\Network Data.IntPrjfolder\SUR 138 kV.ElmNet\POWERSHIP AZUA KPS 26.ElmSite\Planta_POWERSHIP AZUA KPS26 1.ElmComp\MAN 18V/51/60DDF.ElmComp\Governor.ElmDsl,gov_MAN Governor/Actuator_v3,SmP:IntMat,9,7,150.0
\VM-PF.IntUser\PDD 30-09-2025.IntPrj\Network Model.IntPrjfolder\Network Data.IntPrjfolder\SUR 138 kV.ElmNet\POWERSHIP AZUA KPS 26.ElmSite\Planta_POWERSHIP AZUA KPS26 1.ElmComp\MAN 18V/51/60DDF.ElmComp\Governor.ElmDsl,gov_MAN Governor/Actuator_v3,SmP:IntMat,9,8,150.0
\VM-PF.IntUser\PDD 30-09-2025.IntPrj\Network Model.IntPrjfolder\Network Data.IntPrjfolder\SUR 138 kV.ElmNet\POWERSHIP AZUA KPS 26.ElmSite\Planta_POWERSHIP AZUA KPS26 1.ElmComp\MAN 18V/51/60DDF.ElmComp\Governor.ElmDsl,gov_MAN Governor/Actuator_v3,SmP:IntMat,9,9,150.0
\VM-PF.IntUser\PDD 30-09-2025.IntPrj\Network Model.IntPrjfolder\Network Data.IntPrjfolder\SUR 138 kV.ElmNet\POWERSHIP AZUA KPS 26.ElmSite\Planta_POWERSHIP AZUA KPS26 1.ElmComp\MAN 18V/51/60DDF.ElmComp\Governor.ElmDsl,gov_MAN Governor/Actuator_v3,SmP:IntMat,9,10,150.0
\VM-PF.IntUser\PDD 30-09-2025.IntPrj\Network Model.IntPrjfolder\Network Data.IntPrjfolder\SUR 138 kV.ElmNet\POWERSHIP AZUA KPS 26.ElmSite\Planta_POWERSHIP AZUA KPS26 1.ElmComp\MAN 18V/51/60DDF.ElmComp\Governor.ElmDsl,gov_MAN Governor/Actuator_v3,SmP:IntMat,10,0,650.0
\VM-PF.IntUser\PDD 30-09-2025.IntPrj\Network Model.IntPrjfolder\Network Data.IntPrjfolder\SUR 138 kV.ElmNet\POWERSHIP AZUA KPS 26.ElmSite\Planta_POWERSHIP AZUA KPS26 1.ElmComp\MAN 18V/51/60DDF.ElmComp\Governor.ElmDsl,gov_MAN Governor/Actuator_v3,SmP:IntMat,10,1,150.0
\VM-PF.IntUser\PDD 30-09-2025.IntPrj\Network Model.IntPrjfolder\Network Data.IntPrjfolder\SUR 138 kV.ElmNet\POWERSHIP AZUA KPS 26.ElmSite\Planta_POWERSHIP AZUA KPS26 1.ElmComp\MAN 18V/51/60DDF.ElmComp\Governor.ElmDsl,gov_MAN Governor/Actuator_v3,SmP:IntMat,10,2,150.0
\VM-PF.IntUser\PDD 30-09-2025.IntPrj\Network Model.IntPrjfolder\Network Data.IntPrjfolder\SUR 138 kV.ElmNet\POWERSHIP AZUA KPS 26.ElmSite\Planta_POWERSHIP AZUA KPS26 1.ElmComp\MAN 18V/51/60DDF.ElmComp\Governor.ElmDsl,gov_MAN Governor/Actuator_v3,SmP:IntMat,10,3,150.0
\VM-PF.IntUser\PDD 30-09-2025.IntPrj\Network Model.IntPrjfolder\Network Data.IntPrjfolder\SUR 138 kV.ElmNet\POWERSHIP AZUA KPS 26.ElmSite\Planta_POWERSHIP AZUA KPS26 1.ElmComp\MAN 18V/51/60DDF.ElmComp\Governor.ElmDsl,gov_MAN Governor/Actuator_v3,SmP:IntMat,10,4,150.0
\VM-PF.IntUser\PDD 30-09-2025.IntPrj\Network Model.IntPrjfolder\Network Data.IntPrjfolder\SUR 138 kV.ElmNet\POWERSHIP AZUA KPS 26.ElmSite\Planta_POWERSHIP AZUA KPS26 1.ElmComp\MAN 18V/51/60DDF.ElmComp\Governor.ElmDsl,gov_MAN Governor/Actuator_v3,SmP:IntMat,10,5,150.0
\VM-PF.IntUser\PDD 30-09-2025.IntPrj\Network Model.IntPrjfolder\Network Data.IntPrjfolder\SUR 138 kV.ElmNet\POWERSHIP AZUA KPS 26.ElmSite\Planta_POWERSHIP AZUA KPS26 1.ElmComp\MAN 18V/51/60DDF.ElmComp\Governor.ElmDsl,gov_MAN Governor/Actuator_v3,SmP:IntMat,10,6,150.0
\VM-PF.IntUser\PDD 30-09-2025.IntPrj\Network Model.IntPrjfolder\Network Data.IntPrjfolder\SUR 138 kV.ElmNet\POWERSHIP AZUA KPS 26.ElmSite\Planta_POWERSHIP AZUA KPS26 1.ElmComp\MAN 18V/51/60DDF.ElmComp\Governor.ElmDsl,gov_MAN Governor/Actuator_v3,SmP:IntMat,10,7,150.0
\VM-PF.IntUser\PDD 30-09-2025.IntPrj\Network Model.IntPrjfolder\Network Data.IntPrjfolder\SUR 138 kV.ElmNet\POWERSHIP AZUA KPS 26.ElmSite\Planta_POWERSHIP AZUA KPS26 1.ElmComp\MAN 18V/51/60DDF.ElmComp\Governor.ElmDsl,gov_MAN Governor/Actuator_v3,SmP:IntMat,10,8,150.0
\VM-PF.IntUser\PDD 30-09-2025.IntPrj\Network Model.IntPrjfolder\Network Data.IntPrjfolder\SUR 138 kV.ElmNet\POWERSHIP AZUA KPS 26.ElmSite\Planta_POWERSHIP AZUA KPS26 1.ElmComp\MAN 18V/51/60DDF.ElmComp\Governor.ElmDsl,gov_MAN Governor/Actuator_v3,SmP:IntMat,10,9,150.0
\VM-PF.IntUser\PDD 30-09-2025.IntPrj\Network Model.IntPrjfolder\Network Data.IntPrjfolder\SUR 138 kV.ElmNet\POWERSHIP AZUA KPS 26.ElmSite\Planta_POWERSHIP AZUA KPS26 1.ElmComp\MAN 18V/51/60DDF.ElmComp\Governor.ElmDsl,gov_MAN Governor/Actuator_v3,SmP:IntMat,10,10,150.0
\VM-PF.IntUser\PDD 30-09-2025.IntPrj\Network Model.IntPrjfolder\Network Data.IntPrjfolder\SUR 138 kV.ElmNet\POWERSHIP AZUA KPS 26.ElmSite\Planta_POWERSHIP AZUA KPS26 1.ElmComp\MAN 18V/51/60DDF.ElmComp\Governor.ElmDsl,gov_MAN Governor/Actuator_v3,deltaME:IntMat,0,0,0.0
\VM-PF.IntUser\PDD 30-09-2025.IntPrj\Network Model.IntPrjfolder\Network Data.IntPrjfolder\SUR 138 kV.ElmNet\POWERSHIP AZUA KPS 26.ElmSite\Planta_POWERSHIP AZUA KPS26 1.ElmComp\MAN 18V/51/60DDF.ElmComp\Governor.ElmDsl,gov_MAN Governor/Actuator_v3,deltaME:IntMat,0,1,0.0
\VM-PF.IntUser\PDD 30-09-2025.IntPrj\Network Model.IntPrjfolder\Network Data.IntPrjfolder\SUR 138 kV.ElmNet\POWERSHIP AZUA KPS 26.ElmSite\Planta_POWERSHIP AZUA KPS26 1.ElmComp\MAN 18V/51/60DDF.ElmComp\Governor.ElmDsl,gov_MAN Governor/Actuator_v3,deltaME:IntMat,1,0,0.05
\VM-PF.IntUser\PDD 30-09-2025.IntPrj\Network Model.IntPrjfolder\Network Data.IntPrjfolder\SUR 138 kV.ElmNet\POWERSHIP AZUA KPS 26.ElmSite\Planta_POWERSHIP AZUA KPS26 1.ElmComp\MAN 18V/51/60DDF.ElmComp\Governor.ElmDsl,gov_MAN Governor/Actuator_v3,deltaME:IntMat,1,1,0.0
\VM-PF.IntUser\PDD 30-09-2025.IntPrj\Network Model.IntPrjfolder\Network Data.IntPrjfolder\SUR 138 kV.ElmNet\POWERSHIP AZUA KPS 26.ElmSite\Planta_POWERSHIP AZUA KPS26 1.ElmComp\MAN 18V/51/60DDF.ElmComp\Governor.ElmDsl,gov_MAN Governor/Actuator_v3,deltaME:IntMat,2,0,0.1
\VM-PF.IntUser\PDD 30-09-2025.IntPrj\Network Model.IntPrjfolder\Network Data.IntPrjfolder\SUR 138 kV.ElmNet\POWERSHIP AZUA KPS 26.ElmSite\Planta_POWERSHIP AZUA KPS26 1.ElmComp\MAN 18V/51/60DDF.ElmComp\Governor.ElmDsl,gov_MAN Governor/Actuator_v3,deltaME:IntMat,2,1,0.0
\VM-PF.IntUser\PDD 30-09-2025.IntPrj\Network Model.IntPrjfolder\Network Data.IntPrjfolder\SUR 138 kV.ElmNet\POWERSHIP AZUA KPS 26.ElmSite\Planta_POWERSHIP AZUA KPS26 1.ElmComp\MAN 18V/51/60DDF.ElmComp\Governor.ElmDsl,gov_MAN Governor/Actuator_v3,deltaME:IntMat,3,0,0.15
\VM-PF.IntUser\PDD 30-09-2025.IntPrj\Network Model.IntPrjfolder\Network Data.IntPrjfolder\SUR 138 kV.ElmNet\POWERSHIP AZUA KPS 26.ElmSite\Planta_POWERSHIP AZUA KPS26 1.ElmComp\MAN 18V/51/60DDF.ElmComp\Governor.ElmDsl,gov_MAN Governor/Actuator_v3,deltaME:IntMat,3,1,0.0
\VM-PF.IntUser\PDD 30-09-2025.IntPrj\Network Model.IntPrjfolder\Network Data.IntPrjfolder\SUR 138 kV.ElmNet\POWERSHIP AZUA KPS 26.ElmSite\Planta_POWERSHIP AZUA KPS26 1.ElmComp\MAN 18V/51/60DDF.ElmComp\Governor.ElmDsl,gov_MAN Governor/Actuator_v3,deltaME:IntMat,4,0,0.2
\VM-PF.IntUser\PDD 30-09-2025.IntPrj\Network Model.IntPrjfolder\Network Data.IntPrjfolder\SUR 138 kV.ElmNet\POWERSHIP AZUA KPS 26.ElmSite\Planta_POWERSHIP AZUA KPS26 1.ElmComp\MAN 18V/51/60DDF.ElmComp\Governor.ElmDsl,gov_MAN Governor/Actuator_v3,deltaME:IntMat,4,1,0.0
\VM-PF.IntUser\PDD 30-09-2025.IntPrj\Network Model.IntPrjfolder\Network Data.IntPrjfolder\SUR 138 kV.ElmNet\POWERSHIP AZUA KPS 26.ElmSite\Planta_POWERSHIP AZUA KPS26 1.ElmComp\MAN 18V/51/60DDF.ElmComp\Governor.ElmDsl,gov_MAN Governor/Actuator_v3,deltaME:IntMat,5,0,0.25
\VM-PF.IntUser\PDD 30-09-2025.IntPrj\Network Model.IntPrjfolder\Network Data.IntPrjfolder\SUR 138 kV.ElmNet\POWERSHIP AZUA KPS 26.ElmSite\Planta_POWERSHIP AZUA KPS26 1.ElmComp\MAN 18V/51/60DDF.ElmComp\Governor.ElmDsl,gov_MAN Governor/Actuator_v3,deltaME:IntMat,5,1,0.0
\VM-PF.IntUser\PDD 30-09-2025.IntPrj\Network Model.IntPrjfolder\Network Data.IntPrjfolder\SUR 138 kV.ElmNet\POWERSHIP AZUA KPS 26.ElmSite\Planta_POWERSHIP AZUA KPS26 1.ElmComp\MAN 18V/51/60DDF.ElmComp\Governor.ElmDsl,gov_MAN Governor/Actuator_v3,deltaME:IntMat,6,0,0.3
\VM-PF.IntUser\PDD 30-09-2025.IntPrj\Network Model.IntPrjfolder\Network Data.IntPrjfolder\SUR 138 kV.ElmNet\POWERSHIP AZUA KPS 26.ElmSite\Planta_POWERSHIP AZUA KPS26 1.ElmComp\MAN 18V/51/60DDF.ElmComp\Governor.ElmDsl,gov_MAN Governor/Actuator_v3,deltaME:IntMat,6,1,0.0
\VM-PF.IntUser\PDD 30-09-2025.IntPrj\Network Model.IntPrjfolder\Network Data.IntPrjfolder\SUR 138 kV.ElmNet\POWERSHIP AZUA KPS 26.ElmSite\Planta_POWERSHIP AZUA KPS26 1.ElmComp\MAN 18V/51/60DDF.ElmComp\Governor.ElmDsl,gov_MAN Governor/Actuator_v3,deltaME:IntMat,7,0,0.35
\VM-PF.IntUser\PDD 30-09-2025.IntPrj\Network Model.IntPrjfolder\Network Data.IntPrjfolder\SUR 138 kV.ElmNet\POWERSHIP AZUA KPS 26.ElmSite\Planta_POWERSHIP AZUA KPS26 1.ElmComp\MAN 18V/51/60DDF.ElmComp\Governor.ElmDsl,gov_MAN Governor/Actuator_v3,deltaME:IntMat,7,1,0.0
\VM-PF.IntUser\PDD 30-09-2025.IntPrj\Network Model.IntPrjfolder\Network Data.IntPrjfolder\SUR 138 kV.ElmNet\POWERSHIP AZUA KPS 26.ElmSite\Planta_POWERSHIP AZUA KPS26 1.ElmComp\MAN 18V/51/60DDF.ElmComp\Governor.ElmDsl,gov_MAN Governor/Actuator_v3,deltaME:IntMat,8,0,0.4
\VM-PF.IntUser\PDD 30-09-2025.IntPrj\Network Model.IntPrjfolder\Network Data.IntPrjfolder\SUR 138 kV.ElmNet\POWERSHIP AZUA KPS 26.ElmSite\Planta_POWERSHIP AZUA KPS26 1.ElmComp\MAN 18V/51/60DDF.ElmComp\Governor.ElmDsl,gov_MAN Governor/Actuator_v3,deltaME:IntMat,8,1,0.0
\VM-PF.IntUser\PDD 30-09-2025.IntPrj\Network Model.IntPrjfolder\Network Data.IntPrjfolder\SUR 138 kV.ElmNet\POWERSHIP AZUA KPS 26.ElmSite\Planta_POWERSHIP AZUA KPS26 1.ElmComp\MAN 18V/51/60DDF.ElmComp\Governor.ElmDsl,gov_MAN Governor/Actuator_v3,deltaME:IntMat,9,0,0.45
\VM-PF.IntUser\PDD 30-09-2025.IntPrj\Network Model.IntPrjfolder\Network Data.IntPrjfolder\SUR 138 kV.ElmNet\POWERSHIP AZUA KPS 26.ElmSite\Planta_POWERSHIP AZUA KPS26 1.ElmComp\MAN 18V/51/60DDF.ElmComp\Governor.ElmDsl,gov_MAN Governor/Actuator_v3,deltaME:IntMat,9,1,0.0
\VM-PF.IntUser\PDD 30-09-2025.IntPrj\Network Model.IntPrjfolder\Network Data.IntPrjfolder\SUR 138 kV.ElmNet\POWERSHIP AZUA KPS 26.ElmSite\Planta_POWERSHIP AZUA KPS26 1.ElmComp\MAN 18V/51/60DDF.ElmComp\Governor.ElmDsl,gov_MAN Governor/Actuator_v3,deltaME:IntMat,10,0,0.5
\VM-PF.IntUser\PDD 30-09-2025.IntPrj\Network Model.IntPrjfolder\Network Data.IntPrjfolder\SUR 138 kV.ElmNet\POWERSHIP AZUA KPS 26.ElmSite\Planta_POWERSHIP AZUA KPS26 1.ElmComp\MAN 18V/51/60DDF.ElmComp\Governor.ElmDsl,gov_MAN Governor/Actuator_v3,deltaME:IntMat,10,1,0.0
\VM-PF.IntUser\PDD 30-09-2025.IntPrj\Network Model.IntPrjfolder\Network Data.IntPrjfolder\SUR 138 kV.ElmNet\POWERSHIP AZUA KPS 26.ElmSite\Planta_POWERSHIP AZUA KPS26 1.ElmComp\MAN 18V/51/60DDF.ElmComp\Governor.ElmDsl,gov_MAN Governor/Actuator_v3,deltaME:IntMat,11,0,0.55
\VM-PF.IntUser\PDD 30-09-2025.IntPrj\Network Model.IntPrjfolder\Network Data.IntPrjfolder\SUR 138 kV.ElmNet\POWERSHIP AZUA KPS 26.ElmSite\Planta_POWERSHIP AZUA KPS26 1.ElmComp\MAN 18V/51/60DDF.ElmComp\Governor.ElmDsl,gov_MAN Governor/Actuator_v3,deltaME:IntMat,11,1,0.0
\VM-PF.IntUser\PDD 30-09-2025.IntPrj\Network Model.IntPrjfolder\Network Data.IntPrjfolder\SUR 138 kV.ElmNet\POWERSHIP AZUA KPS 26.ElmSite\Planta_POWERSHIP AZUA KPS26 1.ElmComp\MAN 18V/51/60DDF.ElmComp\Governor.ElmDsl,gov_MAN Governor/Actuator_v3,deltaME:IntMat,12,0,0.6
\VM-PF.IntUser\PDD 30-09-2025.IntPrj\Network Model.IntPrjfolder\Network Data.IntPrjfolder\SUR 138 kV.ElmNet\POWERSHIP AZUA KPS 26.ElmSite\Planta_POWERSHIP AZUA KPS26 1.ElmComp\MAN 18V/51/60DDF.ElmComp\Governor.ElmDsl,gov_MAN Governor/Actuator_v3,deltaME:IntMat,12,1,0.0
\VM-PF.IntUser\PDD 30-09-2025.IntPrj\Network Model.IntPrjfolder\Network Data.IntPrjfolder\SUR 138 kV.ElmNet\POWERSHIP AZUA KPS 26.ElmSite\Planta_POWERSHIP AZUA KPS26 1.ElmComp\MAN 18V/51/60DDF.ElmComp\Governor.ElmDsl,gov_MAN Governor/Actuator_v3,deltaME:IntMat,13,0,0.65
\VM-PF.IntUser\PDD 30-09-2025.IntPrj\Network Model.IntPrjfolder\Network Data.IntPrjfolder\SUR 138 kV.ElmNet\POWERSHIP AZUA KPS 26.ElmSite\Planta_POWERSHIP AZUA KPS26 1.ElmComp\MAN 18V/51/60DDF.ElmComp\Governor.ElmDsl,gov_MAN Governor/Actuator_v3,deltaME:IntMat,13,1,0.0
\VM-PF.IntUser\PDD 30-09-2025.IntPrj\Network Model.IntPrjfolder\Network Data.IntPrjfolder\SUR 138 kV.ElmNet\POWERSHIP AZUA KPS 26.ElmSite\Planta_POWERSHIP AZUA KPS26 1.ElmComp\MAN 18V/51/60DDF.ElmComp\Governor.ElmDsl,gov_MAN Governor/Actuator_v3,deltaME:IntMat,14,0,0.7
\VM-PF.IntUser\PDD 30-09-2025.IntPrj\Network Model.IntPrjfolder\Network Data.IntPrjfolder\SUR 138 kV.ElmNet\POWERSHIP AZUA KPS 26.ElmSite\Planta_POWERSHIP AZUA KPS26 1.ElmComp\MAN 18V/51/60DDF.ElmComp\Governor.ElmDsl,gov_MAN Governor/Actuator_v3,deltaME:IntMat,14,1,0.0
\VM-PF.IntUser\PDD 30-09-2025.IntPrj\Network Model.IntPrjfolder\Network Data.IntPrjfolder\SUR 138 kV.ElmNet\POWERSHIP AZUA KPS 26.ElmSite\Planta_POWERSHIP AZUA KPS26 1.ElmComp\MAN 18V/51/60DDF.ElmComp\Governor.ElmDsl,gov_MAN Governor/Actuator_v3,deltaME:IntMat,15,0,0.75
\VM-PF.IntUser\PDD 30-09-2025.IntPrj\Network Model.IntPrjfolder\Network Data.IntPrjfolder\SUR 138 kV.ElmNet\POWERSHIP AZUA KPS 26.ElmSite\Planta_POWERSHIP AZUA KPS26 1.ElmComp\MAN 18V/51/60DDF.ElmComp\Governor.ElmDsl,gov_MAN Governor/Actuator_v3,deltaME:IntMat,15,1,0.0
\VM-PF.IntUser\PDD 30-09-2025.IntPrj\Network Model.IntPrjfolder\Network Data.IntPrjfolder\SUR 138 kV.ElmNet\POWERSHIP AZUA KPS 26.ElmSite\Planta_POWERSHIP AZUA KPS26 1.ElmComp\MAN 18V/51/60DDF.ElmComp\Governor.ElmDsl,gov_MAN Governor/Actuator_v3,deltaME:IntMat,16,0,0.8
\VM-PF.IntUser\PDD 30-09-2025.IntPrj\Network Model.IntPrjfolder\Network Data.IntPrjfolder\SUR 138 kV.ElmNet\POWERSHIP AZUA KPS 26.ElmSite\Planta_POWERSHIP AZUA KPS26 1.ElmComp\MAN 18V/51/60DDF.ElmComp\Governor.ElmDsl,gov_MAN Governor/Actuator_v3,deltaME:IntMat,16,1,0.0
\VM-PF.IntUser\PDD 30-09-2025.IntPrj\Network Model.IntPrjfolder\Network Data.IntPrjfolder\SUR 138 kV.ElmNet\POWERSHIP AZUA KPS 26.ElmSite\Planta_POWERSHIP AZUA KPS26 1.ElmComp\MAN 18V/51/60DDF.ElmComp\Governor.ElmDsl,gov_MAN Governor/Actuator_v3,deltaME:IntMat,17,0,0.85
\VM-PF.IntUser\PDD 30-09-2025.IntPrj\Network Model.IntPrjfolder\Network Data.IntPrjfolder\SUR 138 kV.ElmNet\POWERSHIP AZUA KPS 26.ElmSite\Planta_POWERSHIP AZUA KPS26 1.ElmComp\MAN 18V/51/60DDF.ElmComp\Governor.ElmDsl,gov_MAN Governor/Actuator_v3,deltaME:IntMat,17,1,0.0
\VM-PF.IntUser\PDD 30-09-2025.IntPrj\Network Model.IntPrjfolder\Network Data.IntPrjfolder\SUR 138 kV.ElmNet\POWERSHIP AZUA KPS 26.ElmSite\Planta_POWERSHIP AZUA KPS26 1.ElmComp\MAN 18V/51/60DDF.ElmComp\Governor.ElmDsl,gov_MAN Governor/Actuator_v3,deltaME:IntMat,18,0,0.9
\VM-PF.IntUser\PDD 30-09-2025.IntPrj\Network Model.IntPrjfolder\Network Data.IntPrjfolder\SUR 138 kV.ElmNet\POWERSHIP AZUA KPS 26.ElmSite\Planta_POWERSHIP AZUA KPS26 1.ElmComp\MAN 18V/51/60DDF.ElmComp\Governor.ElmDsl,gov_MAN Governor/Actuator_v3,deltaME:IntMat,18,1,0.0
\VM-PF.IntUser\PDD 30-09-2025.IntPrj\Network Model.IntPrjfolder\Network Data.IntPrjfolder\SUR 138 kV.ElmNet\POWERSHIP AZUA KPS 26.ElmSite\Planta_POWERSHIP AZUA KPS26 1.ElmComp\MAN 18V/51/60DDF.ElmComp\Governor.ElmDsl,gov_MAN Governor/Actuator_v3,deltaME:IntMat,19,0,0.95
\VM-PF.IntUser\PDD 30-09-2025.IntPrj\Network Model.IntPrjfolder\Network Data.IntPrjfolder\SUR 138 kV.ElmNet\POWERSHIP AZUA KPS 26.ElmSite\Planta_POWERSHIP AZUA KPS26 1.ElmComp\MAN 18V/51/60DDF.ElmComp\Governor.ElmDsl,gov_MAN Governor/Actuator_v3,deltaME:IntMat,19,1,0.0
\VM-PF.IntUser\PDD 30-09-2025.IntPrj\Network Model.IntPrjfolder\Network Data.IntPrjfolder\SUR 138 kV.ElmNet\POWERSHIP AZUA KPS 26.ElmSite\Planta_POWERSHIP AZUA KPS26 1.ElmComp\MAN 18V/51/60DDF.ElmComp\Governor.ElmDsl,gov_MAN Governor/Actuator_v3,deltaME:IntMat,20,0,1.0
\VM-PF.IntUser\PDD 30-09-2025.IntPrj\Network Model.IntPrjfolder\Network Data.IntPrjfolder\SUR 138 kV.ElmNet\POWERSHIP AZUA KPS 26.ElmSite\Planta_POWERSHIP AZUA KPS26 1.ElmComp\MAN 18V/51/60DDF.ElmComp\Governor.ElmDsl,gov_MAN Governor/Actuator_v3,deltaME:IntMat,20,1,0.0
\VM-PF.IntUser\PDD 30-09-2025.IntPrj\Network Model.IntPrjfolder\Network Data.IntPrjfolder\SUR 138 kV.ElmNet\POWERSHIP AZUA KPS 26.ElmSite\Planta_POWERSHIP AZUA KPS26 2.ElmComp\MAN 18V/51/60DDF.ElmComp\Engine.ElmDsl,eng_MAN Diesel Engine_v2,NRGM:IntMat,0,0,0.0
\VM-PF.IntUser\PDD 30-09-2025.IntPrj\Network Model.IntPrjfolder\Network Data.IntPrjfolder\SUR 138 kV.ElmNet\POWERSHIP AZUA KPS 26.ElmSite\Planta_POWERSHIP AZUA KPS26 2.ElmComp\MAN 18V/51/60DDF.ElmComp\Engine.ElmDsl,eng_MAN Diesel Engine_v2,NRGM:IntMat,0,1,0.01
\VM-PF.IntUser\PDD 30-09-2025.IntPrj\Network Model.IntPrjfolder\Network Data.IntPrjfolder\SUR 138 kV.ElmNet\POWERSHIP AZUA KPS 26.ElmSite\Planta_POWERSHIP AZUA KPS26 2.ElmComp\MAN 18V/51/60DDF.ElmComp\Engine.ElmDsl,eng_MAN Diesel Engine_v2,NRGM:IntMat,1,0,0.82
\VM-PF.IntUser\PDD 30-09-2025.IntPrj\Network Model.IntPrjfolder\Network Data.IntPrjfolder\SUR 138 kV.ElmNet\POWERSHIP AZUA KPS 26.ElmSite\Planta_POWERSHIP AZUA KPS26 2.ElmComp\MAN 18V/51/60DDF.ElmComp\Engine.ElmDsl,eng_MAN Diesel Engine_v2,NRGM:IntMat,1,1,0.01
\VM-PF.IntUser\PDD 30-09-2025.IntPrj\Network Model.IntPrjfolder\Network Data.IntPrjfolder\SUR 138 kV.ElmNet\POWERSHIP AZUA KPS 26.ElmSite\Planta_POWERSHIP AZUA KPS26 2.ElmComp\MAN 18V/51/60DDF.ElmComp\Engine.ElmDsl,eng_MAN Diesel Engine_v2,NRGM:IntMat,2,0,6.0
\VM-PF.IntUser\PDD 30-09-2025.IntPrj\Network Model.IntPrjfolder\Network Data.IntPrjfolder\SUR 138 kV.ElmNet\POWERSHIP AZUA KPS 26.ElmSite\Planta_POWERSHIP AZUA KPS26 2.ElmComp\MAN 18V/51/60DDF.ElmComp\Engine.ElmDsl,eng_MAN Diesel Engine_v2,NRGM:IntMat,2,1,0.08
\VM-PF.IntUser\PDD 30-09-2025.IntPrj\Network Model.IntPrjfolder\Network Data.IntPrjfolder\SUR 138 kV.ElmNet\POWERSHIP AZUA KPS 26.ElmSite\Planta_POWERSHIP AZUA KPS26 2.ElmComp\MAN 18V/51/60DDF.ElmComp\Engine.ElmDsl,eng_MAN Diesel Engine_v2,NRGM:IntMat,3,0,80.0
\VM-PF.IntUser\PDD 30-09-2025.IntPrj\Network Model.IntPrjfolder\Network Data.IntPrjfolder\SUR 138 kV.ElmNet\POWERSHIP AZUA KPS 26.ElmSite\Planta_POWERSHIP AZUA KPS26 2.ElmComp\MAN 18V/51/60DDF.ElmComp\Engine.ElmDsl,eng_MAN Diesel Engine_v2,NRGM:IntMat,3,1,1.08
\VM-PF.IntUser\PDD 30-09-2025.IntPrj\Network Model.IntPrjfolder\Network Data.IntPrjfolder\SUR 138 kV.ElmNet\POWERSHIP AZUA KPS 26.ElmSite\Planta_POWERSHIP AZUA KPS26 2.ElmComp\MAN 18V/51/60DDF.ElmComp\Engine.ElmDsl,eng_MAN Diesel Engine_v2,NRGM:IntMat,4,0,100.0
\VM-PF.IntUser\PDD 30-09-2025.IntPrj\Network Model.IntPrjfolder\Network Data.IntPrjfolder\SUR 138 kV.ElmNet\POWERSHIP AZUA KPS 26.ElmSite\Planta_POWERSHIP AZUA KPS26 2.ElmComp\MAN 18V/51/60DDF.ElmComp\Engine.ElmDsl,eng_MAN Diesel Engine_v2,NRGM:IntMat,4,1,1.35027
\VM-PF.IntUser\PDD 30-09-2025.IntPrj\Network Model.IntPrjfolder\Network Data.IntPrjfolder\SUR 138 kV.ElmNet\POWERSHIP AZUA KPS 26.ElmSite\Planta_POWERSHIP AZUA KPS26 2.ElmComp\MAN 18V/51/60DDF.ElmComp\Engine.ElmDsl,eng_MAN Diesel Engine_v2,NRGM:IntMat,5,0,110.0
\VM-PF.IntUser\PDD 30-09-2025.IntPrj\Network Model.IntPrjfolder\Network Data.IntPrjfolder\SUR 138 kV.ElmNet\POWERSHIP AZUA KPS 26.ElmSite\Planta_POWERSHIP AZUA KPS26 2.ElmComp\MAN 18V/51/60DDF.ElmComp\Engine.ElmDsl,eng_MAN Diesel Engine_v2,NRGM:IntMat,5,1,1.35027
\VM-PF.IntUser\PDD 30-09-2025.IntPrj\Network Model.IntPrjfolder\Network Data.IntPrjfolder\SUR 138 kV.ElmNet\POWERSHIP AZUA KPS 26.ElmSite\Planta_POWERSHIP AZUA KPS26 2.ElmComp\MAN 18V/51/60DDF.ElmComp\Governor.ElmDsl,gov_MAN Governor/Actuator_v3,Itable:IntMat,0,0,-30.0
\VM-PF.IntUser\PDD 30-09-2025.IntPrj\Network Model.IntPrjfolder\Network Data.IntPrjfolder\SUR 138 kV.ElmNet\POWERSHIP AZUA KPS 26.ElmSite\Planta_POWERSHIP AZUA KPS26 2.ElmComp\MAN 18V/51/60DDF.ElmComp\Governor.ElmDsl,gov_MAN Governor/Actuator_v3,Itable:IntMat,0,1,20.0
\VM-PF.IntUser\PDD 30-09-2025.IntPrj\Network Model.IntPrjfolder\Network Data.IntPrjfolder\SUR 138 kV.ElmNet\POWERSHIP AZUA KPS 26.ElmSite\Planta_POWERSHIP AZUA KPS26 2.ElmComp\MAN 18V/51/60DDF.ElmComp\Governor.ElmDsl,gov_MAN Governor/Actuator_v3,Itable:IntMat,1,0,-20.0
\VM-PF.IntUser\PDD 30-09-2025.IntPrj\Network Model.IntPrjfolder\Network Data.IntPrjfolder\SUR 138 kV.ElmNet\POWERSHIP AZUA KPS 26.ElmSite\Planta_POWERSHIP AZUA KPS26 2.ElmComp\MAN 18V/51/60DDF.ElmComp\Governor.ElmDsl,gov_MAN Governor/Actuator_v3,Itable:IntMat,1,1,20.0
\VM-PF.IntUser\PDD 30-09-2025.IntPrj\Network Model.IntPrjfolder\Network Data.IntPrjfolder\SUR 138 kV.ElmNet\POWERSHIP AZUA KPS 26.ElmSite\Planta_POWERSHIP AZUA KPS26 2.ElmComp\MAN 18V/51/60DDF.ElmComp\Governor.ElmDsl,gov_MAN Governor/Actuator_v3,Itable:IntMat,2,0,-15.0
\VM-PF.IntUser\PDD 30-09-2025.IntPrj\Network Model.IntPrjfolder\Network Data.IntPrjfolder\SUR 138 kV.ElmNet\POWERSHIP AZUA KPS 26.ElmSite\Planta_POWERSHIP AZUA KPS26 2.ElmComp\MAN 18V/51/60DDF.ElmComp\Governor.ElmDsl,gov_MAN Governor/Actuator_v3,Itable:IntMat,2,1,20.0
\VM-PF.IntUser\PDD 30-09-2025.IntPrj\Network Model.IntPrjfolder\Network Data.IntPrjfolder\SUR 138 kV.ElmNet\POWERSHIP AZUA KPS 26.ElmSite\Planta_POWERSHIP AZUA KPS26 2.ElmComp\MAN 18V/51/60DDF.ElmComp\Governor.ElmDsl,gov_MAN Governor/Actuator_v3,Itable:IntMat,3,0,-10.0
\VM-PF.IntUser\PDD 30-09-2025.IntPrj\Network Model.IntPrjfolder\Network Data.IntPrjfolder\SUR 138 kV.ElmNet\POWERSHIP AZUA KPS 26.ElmSite\Planta_POWERSHIP AZUA KPS26 2.ElmComp\MAN 18V/51/60DDF.ElmComp\Governor.ElmDsl,gov_MAN Governor/Actuator_v3,Itable:IntMat,3,1,20.0
\VM-PF.IntUser\PDD 30-09-2025.IntPrj\Network Model.IntPrjfolder\Network Data.IntPrjfolder\SUR 138 kV.ElmNet\POWERSHIP AZUA KPS 26.ElmSite\Planta_POWERSHIP AZUA KPS26 2.ElmComp\MAN 18V/51/60DDF.ElmComp\Governor.ElmDsl,gov_MAN Governor/Actuator_v3,Itable:IntMat,4,0,-5.0
\VM-PF.IntUser\PDD 30-09-2025.IntPrj\Network Model.IntPrjfolder\Network Data.IntPrjfolder\SUR 138 kV.ElmNet\POWERSHIP AZUA KPS 26.ElmSite\Planta_POWERSHIP AZUA KPS26 2.ElmComp\MAN 18V/51/60DDF.ElmComp\Governor.ElmDsl,gov_MAN Governor/Actuator_v3,Itable:IntMat,4,1,20.0
\VM-PF.IntUser\PDD 30-09-2025.IntPrj\Network Model.IntPrjfolder\Network Data.IntPrjfolder\SUR 138 kV.ElmNet\POWERSHIP AZUA KPS 26.ElmSite\Planta_POWERSHIP AZUA KPS26 2.ElmComp\MAN 18V/51/60DDF.ElmComp\Governor.ElmDsl,gov_MAN Governor/Actuator_v3,Itable:IntMat,5,0,5.0
\VM-PF.IntUser\PDD 30-09-2025.IntPrj\Network Model.IntPrjfolder\Network Data.IntPrjfolder\SUR 138 kV.ElmNet\POWERSHIP AZUA KPS 26.ElmSite\Planta_POWERSHIP AZUA KPS26 2.ElmComp\MAN 18V/51/60DDF.ElmComp\Governor.ElmDsl,gov_MAN Governor/Actuator_v3,Itable:IntMat,5,1,20.0
\VM-PF.IntUser\PDD 30-09-2025.IntPrj\Network Model.IntPrjfolder\Network Data.IntPrjfolder\SUR 138 kV.ElmNet\POWERSHIP AZUA KPS 26.ElmSite\Planta_POWERSHIP AZUA KPS26 2.ElmComp\MAN 18V/51/60DDF.ElmComp\Governor.ElmDsl,gov_MAN Governor/Actuator_v3,Itable:IntMat,6,0,10.0
\VM-PF.IntUser\PDD 30-09-2025.IntPrj\Network Model.IntPrjfolder\Network Data.IntPrjfolder\SUR 138 kV.ElmNet\POWERSHIP AZUA KPS 26.ElmSite\Planta_POWERSHIP AZUA KPS26 2.ElmComp\MAN 18V/51/60DDF.ElmComp\Governor.ElmDsl,gov_MAN Governor/Actuator_v3,Itable:IntMat,6,1,20.0
\VM-PF.IntUser\PDD 30-09-2025.IntPrj\Network Model.IntPrjfolder\Network Data.IntPrjfolder\SUR 138 kV.ElmNet\POWERSHIP AZUA KPS 26.ElmSite\Planta_POWERSHIP AZUA KPS26 2.ElmComp\MAN 18V/51/60DDF.ElmComp\Governor.ElmDsl,gov_MAN Governor/Actuator_v3,Itable:IntMat,7,0,15.0
\VM-PF.IntUser\PDD 30-09-2025.IntPrj\Network Model.IntPrjfolder\Network Data.IntPrjfolder\SUR 138 kV.ElmNet\POWERSHIP AZUA KPS 26.ElmSite\Planta_POWERSHIP AZUA KPS26 2.ElmComp\MAN 18V/51/60DDF.ElmComp\Governor.ElmDsl,gov_MAN Governor/Actuator_v3,Itable:IntMat,7,1,20.0
\VM-PF.IntUser\PDD 30-09-2025.IntPrj\Network Model.IntPrjfolder\Network Data.IntPrjfolder\SUR 138 kV.ElmNet\POWERSHIP AZUA KPS 26.ElmSite\Planta_POWERSHIP AZUA KPS26 2.ElmComp\MAN 18V/51/60DDF.ElmComp\Governor.ElmDsl,gov_MAN Governor/Actuator_v3,Itable:IntMat,8,0,20.0
\VM-PF.IntUser\PDD 30-09-2025.IntPrj\Network Model.IntPrjfolder\Network Data.IntPrjfolder\SUR 138 kV.ElmNet\POWERSHIP AZUA KPS 26.ElmSite\Planta_POWERSHIP AZUA KPS26 2.ElmComp\MAN 18V/51/60DDF.ElmComp\Governor.ElmDsl,gov_MAN Governor/Actuator_v3,Itable:IntMat,8,1,20.0
\VM-PF.IntUser\PDD 30-09-2025.IntPrj\Network Model.IntPrjfolder\Network Data.IntPrjfolder\SUR 138 kV.ElmNet\POWERSHIP AZUA KPS 26.ElmSite\Planta_POWERSHIP AZUA KPS26 2.ElmComp\MAN 18V/51/60DDF.ElmComp\Governor.ElmDsl,gov_MAN Governor/Actuator_v3,Itable:IntMat,9,0,30.0
\VM-PF.IntUser\PDD 30-09-2025.IntPrj\Network Model.IntPrjfolder\Network Data.IntPrjfolder\SUR 138 kV.ElmNet\POWERSHIP AZUA KPS 26.ElmSite\Planta_POWERSHIP AZUA KPS26 2.ElmComp\MAN 18V/51/60DDF.ElmComp\Governor.ElmDsl,gov_MAN Governor/Actuator_v3,Itable:IntMat,9,1,20.0
\VM-PF.IntUser\PDD 30-09-2025.IntPrj\Network Model.IntPrjfolder\Network Data.IntPrjfolder\SUR 138 kV.ElmNet\POWERSHIP AZUA KPS 26.ElmSite\Planta_POWERSHIP AZUA KPS26 2.ElmComp\MAN 18V/51/60DDF.ElmComp\Governor.ElmDsl,gov_MAN Governor/Actuator_v3,NRGME:IntMat,0,0,0.0
\VM-PF.IntUser\PDD 30-09-2025.IntPrj\Network Model.IntPrjfolder\Network Data.IntPrjfolder\SUR 138 kV.ElmNet\POWERSHIP AZUA KPS 26.ElmSite\Planta_POWERSHIP AZUA KPS26 2.ElmComp\MAN 18V/51/60DDF.ElmComp\Governor.ElmDsl,gov_MAN Governor/Actuator_v3,NRGME:IntMat,0,1,21.71814
\VM-PF.IntUser\PDD 30-09-2025.IntPrj\Network Model.IntPrjfolder\Network Data.IntPrjfolder\SUR 138 kV.ElmNet\POWERSHIP AZUA KPS 26.ElmSite\Planta_POWERSHIP AZUA KPS26 2.ElmComp\MAN 18V/51/60DDF.ElmComp\Governor.ElmDsl,gov_MAN Governor/Actuator_v3,NRGME:IntMat,1,0,0.05
\VM-PF.IntUser\PDD 30-09-2025.IntPrj\Network Model.IntPrjfolder\Network Data.IntPrjfolder\SUR 138 kV.ElmNet\POWERSHIP AZUA KPS 26.ElmSite\Planta_POWERSHIP AZUA KPS26 2.ElmComp\MAN 18V/51/60DDF.ElmComp\Governor.ElmDsl,gov_MAN Governor/Actuator_v3,NRGME:IntMat,1,1,25.196228
\VM-PF.IntUser\PDD 30-09-2025.IntPrj\Network Model.IntPrjfolder\Network Data.IntPrjfolder\SUR 138 kV.ElmNet\POWERSHIP AZUA KPS 26.ElmSite\Planta_POWERSHIP AZUA KPS26 2.ElmComp\MAN 18V/51/60DDF.ElmComp\Governor.ElmDsl,gov_MAN Governor/Actuator_v3,NRGME:IntMat,2,0,0.1
\VM-PF.IntUser\PDD 30-09-2025.IntPrj\Network Model.IntPrjfolder\Network Data.IntPrjfolder\SUR 138 kV.ElmNet\POWERSHIP AZUA KPS 26.ElmSite\Planta_POWERSHIP AZUA KPS26 2.ElmComp\MAN 18V/51/60DDF.ElmComp\Governor.ElmDsl,gov_MAN Governor/Actuator_v3,NRGME:IntMat,2,1,28.748657
\VM-PF.IntUser\PDD 30-09-2025.IntPrj\Network Model.IntPrjfolder\Network Data.IntPrjfolder\SUR 138 kV.ElmNet\POWERSHIP AZUA KPS 26.ElmSite\Planta_POWERSHIP AZUA KPS26 2.ElmComp\MAN 18V/51/60DDF.ElmComp\Governor.ElmDsl,gov_MAN Governor/Actuator_v3,NRGME:IntMat,3,0,0.15
\VM-PF.IntUser\PDD 30-09-2025.IntPrj\Network Model.IntPrjfolder\Network Data.IntPrjfolder\SUR 138 kV.ElmNet\POWERSHIP AZUA KPS 26.ElmSite\Planta_POWERSHIP AZUA KPS26 2.ElmComp\MAN 18V/51/60DDF.ElmComp\Governor.ElmDsl,gov_MAN Governor/Actuator_v3,NRGME:IntMat,3,1,32.542694
\VM-PF.IntUser\PDD 30-09-2025.IntPrj\Network Model.IntPrjfolder\Network Data.IntPrjfolder\SUR 138 kV.ElmNet\POWERSHIP AZUA KPS 26.ElmSite\Planta_POWERSHIP AZUA KPS26 2.ElmComp\MAN 18V/51/60DDF.ElmComp\Governor.ElmDsl,gov_MAN Governor/Actuator_v3,NRGME:IntMat,4,0,0.2
\VM-PF.IntUser\PDD 30-09-2025.IntPrj\Network Model.IntPrjfolder\Network Data.IntPrjfolder\SUR 138 kV.ElmNet\POWERSHIP AZUA KPS 26.ElmSite\Planta_POWERSHIP AZUA KPS26 2.ElmComp\MAN 18V/51/60DDF.ElmComp\Governor.ElmDsl,gov_MAN Governor/Actuator_v3,NRGME:IntMat,4,1,36.315491
\VM-PF.IntUser\PDD 30-09-2025.IntPrj\Network Model.IntPrjfolder\Network Data.IntPrjfolder\SUR 138 kV.ElmNet\POWERSHIP AZUA KPS 26.ElmSite\Planta_POWERSHIP AZUA KPS26 2.ElmComp\MAN 18V/51/60DDF.ElmComp\Governor.ElmDsl,gov_MAN Governor/Actuator_v3,NRGME:IntMat,5,0,0.25
\VM-PF.IntUser\PDD 30-09-2025.IntPrj\Network Model.IntPrjfolder\Network Data.IntPrjfolder\SUR 138 kV.ElmNet\POWERSHIP AZUA KPS 26.ElmSite\Planta_POWERSHIP AZUA KPS26 2.ElmComp\MAN 18V/51/60DDF.ElmComp\Governor.ElmDsl,gov_MAN Governor/Actuator_v3,NRGME:IntMat,5,1,40.064392
\VM-PF.IntUser\PDD 30-09-2025.IntPrj\Network Model.IntPrjfolder\Network Data.IntPrjfolder\SUR 138 kV.ElmNet\POWERSHIP AZUA KPS 26.ElmSite\Planta_POWERSHIP AZUA KPS26 2.ElmComp\MAN 18V/51/60DDF.ElmComp\Governor.ElmDsl,gov_MAN Governor/Actuator_v3,NRGME:IntMat,6,0,0.3
\VM-PF.IntUser\PDD 30-09-2025.IntPrj\Network Model.IntPrjfolder\Network Data.IntPrjfolder\SUR 138 kV.ElmNet\POWERSHIP AZUA KPS 26.ElmSite\Planta_POWERSHIP AZUA KPS26 2.ElmComp\MAN 18V/51/60DDF.ElmComp\Governor.ElmDsl,gov_MAN Governor/Actuator_v3,NRGME:IntMat,6,1,43.669922
\VM-PF.IntUser\PDD 30-09-2025.IntPrj\Network Model.IntPrjfolder\Network Data.IntPrjfolder\SUR 138 kV.ElmNet\POWERSHIP AZUA KPS 26.ElmSite\Planta_POWERSHIP AZUA KPS26 2.ElmComp\MAN 18V/51/60DDF.ElmComp\Governor.ElmDsl,gov_MAN Governor/Actuator_v3,NRGME:IntMat,7,0,0.35
\VM-PF.IntUser\PDD 30-09-2025.IntPrj\Network Model.IntPrjfolder\Network Data.IntPrjfolder\SUR 138 kV.ElmNet\POWERSHIP AZUA KPS 26.ElmSite\Planta_POWERSHIP AZUA KPS26 2.ElmComp\MAN 18V/51/60DDF.ElmComp\Governor.ElmDsl,gov_MAN Governor/Actuator_v3,NRGME:IntMat,7,1,47.248901
\VM-PF.IntUser\PDD 30-09-2025.IntPrj\Network Model.IntPrjfolder\Network Data.IntPrjfolder\SUR 138 kV.ElmNet\POWERSHIP AZUA KPS 26.ElmSite\Planta_POWERSHIP AZUA KPS26 2.ElmComp\MAN 18V/51/60DDF.ElmComp\Governor.ElmDsl,gov_MAN Governor/Actuator_v3,NRGME:IntMat,8,0,0.4
\VM-PF.IntUser\PDD 30-09-2025.IntPrj\Network Model.IntPrjfolder\Network Data.IntPrjfolder\SUR 138 kV.ElmNet\POWERSHIP AZUA KPS 26.ElmSite\Planta_POWERSHIP AZUA KPS26 2.ElmComp\MAN 18V/51/60DDF.ElmComp\Governor.ElmDsl,gov_MAN Governor/Actuator_v3,NRGME:IntMat,8,1,50.862396
\VM-PF.IntUser\PDD 30-09-2025.IntPrj\Network Model.IntPrjfolder\Network Data.IntPrjfolder\SUR 138 kV.ElmNet\POWERSHIP AZUA KPS 26.ElmSite\Planta_POWERSHIP AZUA KPS26 2.ElmComp\MAN 18V/51/60DDF.ElmComp\Governor.ElmDsl,gov_MAN Governor/Actuator_v3,NRGME:IntMat,9,0,0.45
\VM-PF.IntUser\PDD 30-09-2025.IntPrj\Network Model.IntPrjfolder\Network Data.IntPrjfolder\SUR 138 kV.ElmNet\POWERSHIP AZUA KPS 26.ElmSite\Planta_POWERSHIP AZUA KPS26 2.ElmComp\MAN 18V/51/60DDF.ElmComp\Governor.ElmDsl,gov_MAN Governor/Actuator_v3,NRGME:IntMat,9,1,54.521027
\VM-PF.IntUser\PDD 30-09-2025.IntPrj\Network Model.IntPrjfolder\Network Data.IntPrjfolder\SUR 138 kV.ElmNet\POWERSHIP AZUA KPS 26.ElmSite\Planta_POWERSHIP AZUA KPS26 2.ElmComp\MAN 18V/51/60DDF.ElmComp\Governor.ElmDsl,gov_MAN Governor/Actuator_v3,NRGME:IntMat,10,0,0.5
\VM-PF.IntUser\PDD 30-09-2025.IntPrj\Network Model.IntPrjfolder\Network Data.IntPrjfolder\SUR 138 kV.ElmNet\POWERSHIP AZUA KPS 26.ElmSite\Planta_POWERSHIP AZUA KPS26 2.ElmComp\MAN 18V/51/60DDF.ElmComp\Governor.ElmDsl,gov_MAN Governor/Actuator_v3,NRGME:IntMat,10,1,58.200897
\VM-PF.IntUser\PDD 30-09-2025.IntPrj\Network Model.IntPrjfolder\Network Data.IntPrjfolder\SUR 138 kV.ElmNet\POWERSHIP AZUA KPS 26.ElmSite\Planta_POWERSHIP AZUA KPS26 2.ElmComp\MAN 18V/51/60DDF.ElmComp\Governor.ElmDsl,gov_MAN Governor/Actuator_v3,NRGME:IntMat,11,0,0.55
\VM-PF.IntUser\PDD 30-09-2025.IntPrj\Network Model.IntPrjfolder\Network Data.IntPrjfolder\SUR 138 kV.ElmNet\POWERSHIP AZUA KPS 26.ElmSite\Planta_POWERSHIP AZUA KPS26 2.ElmComp\MAN 18V/51/60DDF.ElmComp\Governor.ElmDsl,gov_MAN Governor/Actuator_v3,NRGME:IntMat,11,1,61.862183
\VM-PF.IntUser\PDD 30-09-2025.IntPrj\Network Model.IntPrjfolder\Network Data.IntPrjfolder\SUR 138 kV.ElmNet\POWERSHIP AZUA KPS 26.ElmSite\Planta_POWERSHIP AZUA KPS26 2.ElmComp\MAN 18V/51/60DDF.ElmComp\Governor.ElmDsl,gov_MAN Governor/Actuator_v3,NRGME:IntMat,12,0,0.6
\VM-PF.IntUser\PDD 30-09-2025.IntPrj\Network Model.IntPrjfolder\Network Data.IntPrjfolder\SUR 138 kV.ElmNet\POWERSHIP AZUA KPS 26.ElmSite\Planta_POWERSHIP AZUA KPS26 2.ElmComp\MAN 18V/51/60DDF.ElmComp\Governor.ElmDsl,gov_MAN Governor/Actuator_v3,NRGME:IntMat,12,1,65.518158
\VM-PF.IntUser\PDD 30-09-2025.IntPrj\Network Model.IntPrjfolder\Network Data.IntPrjfolder\SUR 138 kV.ElmNet\POWERSHIP AZUA KPS 26.ElmSite\Planta_POWERSHIP AZUA KPS26 2.ElmComp\MAN 18V/51/60DDF.ElmComp\Governor.ElmDsl,gov_MAN Governor/Actuator_v3,NRGME:IntMat,13,0,0.65
\VM-PF.IntUser\PDD 30-09-2025.IntPrj\Network Model.IntPrjfolder\Network Data.IntPrjfolder\SUR 138 kV.ElmNet\POWERSHIP AZUA KPS 26.ElmSite\Planta_POWERSHIP AZUA KPS26 2.ElmComp\MAN 18V/51/60DDF.ElmComp\Governor.ElmDsl,gov_MAN Governor/Actuator_v3,NRGME:IntMat,13,1,69.179443
\VM-PF.IntUser\PDD 30-09-2025.IntPrj\Network Model.IntPrjfolder\Network Data.IntPrjfolder\SUR 138 kV.ElmNet\POWERSHIP AZUA KPS 26.ElmSite\Planta_POWERSHIP AZUA KPS26 2.ElmComp\MAN 18V/51/60DDF.ElmComp\Governor.ElmDsl,gov_MAN Governor/Actuator_v3,NRGME:IntMat,14,0,0.7
\VM-PF.IntUser\PDD 30-09-2025.IntPrj\Network Model.IntPrjfolder\Network Data.IntPrjfolder\SUR 138 kV.ElmNet\POWERSHIP AZUA KPS 26.ElmSite\Planta_POWERSHIP AZUA KPS26 2.ElmComp\MAN 18V/51/60DDF.ElmComp\Governor.ElmDsl,gov_MAN Governor/Actuator_v3,NRGME:IntMat,14,1,72.816833
\VM-PF.IntUser\PDD 30-09-2025.IntPrj\Network Model.IntPrjfolder\Network Data.IntPrjfolder\SUR 138 kV.ElmNet\POWERSHIP AZUA KPS 26.ElmSite\Planta_POWERSHIP AZUA KPS26 2.ElmComp\MAN 18V/51/60DDF.ElmComp\Governor.ElmDsl,gov_MAN Governor/Actuator_v3,NRGME:IntMat,15,0,0.75
\VM-PF.IntUser\PDD 30-09-2025.IntPrj\Network Model.IntPrjfolder\Network Data.IntPrjfolder\SUR 138 kV.ElmNet\POWERSHIP AZUA KPS 26.ElmSite\Planta_POWERSHIP AZUA KPS26 2.ElmComp\MAN 18V/51/60DDF.ElmComp\Governor.ElmDsl,gov_MAN Governor/Actuator_v3,NRGME:IntMat,15,1,76.528564
\VM-PF.IntUser\PDD 30-09-2025.IntPrj\Network Model.IntPrjfolder\Network Data.IntPrjfolder\SUR 138 kV.ElmNet\POWERSHIP AZUA KPS 26.ElmSite\Planta_POWERSHIP AZUA KPS26 2.ElmComp\MAN 18V/51/60DDF.ElmComp\Governor.ElmDsl,gov_MAN Governor/Actuator_v3,NRGME:IntMat,16,0,0.8
\VM-PF.IntUser\PDD 30-09-2025.IntPrj\Network Model.IntPrjfolder\Network Data.IntPrjfolder\SUR 138 kV.ElmNet\POWERSHIP AZUA KPS 26.ElmSite\Planta_POWERSHIP AZUA KPS26 2.ElmComp\MAN 18V/51/60DDF.ElmComp\Governor.ElmDsl,gov_MAN Governor/Actuator_v3,NRGME:IntMat,16,1,80.24826
\VM-PF.IntUser\PDD 30-09-2025.IntPrj\Network Model.IntPrjfolder\Network Data.IntPrjfolder\SUR 138 kV.ElmNet\POWERSHIP AZUA KPS 26.ElmSite\Planta_POWERSHIP AZUA KPS26 2.ElmComp\MAN 18V/51/60DDF.ElmComp\Governor.ElmDsl,gov_MAN Governor/Actuator_v3,NRGME:IntMat,17,0,0.85
\VM-PF.IntUser\PDD 30-09-2025.IntPrj\Network Model.IntPrjfolder\Network Data.IntPrjfolder\SUR 138 kV.ElmNet\POWERSHIP AZUA KPS 26.ElmSite\Planta_POWERSHIP AZUA KPS26 2.ElmComp\MAN 18V/51/60DDF.ElmComp\Governor.ElmDsl,gov_MAN Governor/Actuator_v3,NRGME:IntMat,17,1,83.967957
\VM-PF.IntUser\PDD 30-09-2025.IntPrj\Network Model.IntPrjfolder\Network Data.IntPrjfolder\SUR 138 kV.ElmNet\POWERSHIP AZUA KPS 26.ElmSite\Planta_POWERSHIP AZUA KPS26 2.ElmComp\MAN 18V/51/60DDF.ElmComp\Governor.ElmDsl,gov_MAN Governor/Actuator_v3,NRGME:IntMat,18,0,0.9
\VM-PF.IntUser\PDD 30-09-2025.IntPrj\Network Model.IntPrjfolder\Network Data.IntPrjfolder\SUR 138 kV.ElmNet\POWERSHIP AZUA KPS 26.ElmSite\Planta_POWERSHIP AZUA KPS26 2.ElmComp\MAN 18V/51/60DDF.ElmComp\Governor.ElmDsl,gov_MAN Governor/Actuator_v3,NRGME:IntMat,18,1,87.687653
\VM-PF.IntUser\PDD 30-09-2025.IntPrj\Network Model.IntPrjfolder\Network Data.IntPrjfolder\SUR 138 kV.ElmNet\POWERSHIP AZUA KPS 26.ElmSite\Planta_POWERSHIP AZUA KPS26 2.ElmComp\MAN 18V/51/60DDF.ElmComp\Governor.ElmDsl,gov_MAN Governor/Actuator_v3,NRGME:IntMat,19,0,0.95
\VM-PF.IntUser\PDD 30-09-2025.IntPrj\Network Model.IntPrjfolder\Network Data.IntPrjfolder\SUR 138 kV.ElmNet\POWERSHIP AZUA KPS 26.ElmSite\Planta_POWERSHIP AZUA KPS26 2.ElmComp\MAN 18V/51/60DDF.ElmComp\Governor.ElmDsl,gov_MAN Governor/Actuator_v3,NRGME:IntMat,19,1,91.407349
\VM-PF.IntUser\PDD 30-09-2025.IntPrj\Network Model.IntPrjfolder\Network Data.IntPrjfolder\SUR 138 kV.ElmNet\POWERSHIP AZUA KPS 26.ElmSite\Planta_POWERSHIP AZUA KPS26 2.ElmComp\MAN 18V/51/60DDF.ElmComp\Governor.ElmDsl,gov_MAN Governor/Actuator_v3,NRGME:IntMat,20,0,1.0
\VM-PF.IntUser\PDD 30-09-2025.IntPrj\Network Model.IntPrjfolder\Network Data.IntPrjfolder\SUR 138 kV.ElmNet\POWERSHIP AZUA KPS 26.ElmSite\Planta_POWERSHIP AZUA KPS26 2.ElmComp\MAN 18V/51/60DDF.ElmComp\Governor.ElmDsl,gov_MAN Governor/Actuator_v3,NRGME:IntMat,20,1,95.12704
\VM-PF.IntUser\PDD 30-09-2025.IntPrj\Network Model.IntPrjfolder\Network Data.IntPrjfolder\SUR 138 kV.ElmNet\POWERSHIP AZUA KPS 26.ElmSite\Planta_POWERSHIP AZUA KPS26 2.ElmComp\MAN 18V/51/60DDF.ElmComp\Governor.ElmDsl,gov_MAN Governor/Actuator_v3,Ptable:IntMat,0,0,-30.0
\VM-PF.IntUser\PDD 30-09-2025.IntPrj\Network Model.IntPrjfolder\Network Data.IntPrjfolder\SUR 138 kV.ElmNet\POWERSHIP AZUA KPS 26.ElmSite\Planta_POWERSHIP AZUA KPS26 2.ElmComp\MAN 18V/51/60DDF.ElmComp\Governor.ElmDsl,gov_MAN Governor/Actuator_v3,Ptable:IntMat,0,1,37.0
\VM-PF.IntUser\PDD 30-09-2025.IntPrj\Network Model.IntPrjfolder\Network Data.IntPrjfolder\SUR 138 kV.ElmNet\POWERSHIP AZUA KPS 26.ElmSite\Planta_POWERSHIP AZUA KPS26 2.ElmComp\MAN 18V/51/60DDF.ElmComp\Governor.ElmDsl,gov_MAN Governor/Actuator_v3,Ptable:IntMat,1,0,-20.0
\VM-PF.IntUser\PDD 30-09-2025.IntPrj\Network Model.IntPrjfolder\Network Data.IntPrjfolder\SUR 138 kV.ElmNet\POWERSHIP AZUA KPS 26.ElmSite\Planta_POWERSHIP AZUA KPS26 2.ElmComp\MAN 18V/51/60DDF.ElmComp\Governor.ElmDsl,gov_MAN Governor/Actuator_v3,Ptable:IntMat,1,1,37.0
\VM-PF.IntUser\PDD 30-09-2025.IntPrj\Network Model.IntPrjfolder\Network Data.IntPrjfolder\SUR 138 kV.ElmNet\POWERSHIP AZUA KPS 26.ElmSite\Planta_POWERSHIP AZUA KPS26 2.ElmComp\MAN 18V/51/60DDF.ElmComp\Governor.ElmDsl,gov_MAN Governor/Actuator_v3,Ptable:IntMat,2,0,-15.0
\VM-PF.IntUser\PDD 30-09-2025.IntPrj\Network Model.IntPrjfolder\Network Data.IntPrjfolder\SUR 138 kV.ElmNet\POWERSHIP AZUA KPS 26.ElmSite\Planta_POWERSHIP AZUA KPS26 2.ElmComp\MAN 18V/51/60DDF.ElmComp\Governor.ElmDsl,gov_MAN Governor/Actuator_v3,Ptable:IntMat,2,1,37.0
\VM-PF.IntUser\PDD 30-09-2025.IntPrj\Network Model.IntPrjfolder\Network Data.IntPrjfolder\SUR 138 kV.ElmNet\POWERSHIP AZUA KPS 26.ElmSite\Planta_POWERSHIP AZUA KPS26 2.ElmComp\MAN 18V/51/60DDF.ElmComp\Governor.ElmDsl,gov_MAN Governor/Actuator_v3,Ptable:IntMat,3,0,-10.0
\VM-PF.IntUser\PDD 30-09-2025.IntPrj\Network Model.IntPrjfolder\Network Data.IntPrjfolder\SUR 138 kV.ElmNet\POWERSHIP AZUA KPS 26.ElmSite\Planta_POWERSHIP AZUA KPS26 2.ElmComp\MAN 18V/51/60DDF.ElmComp\Governor.ElmDsl,gov_MAN Governor/Actuator_v3,Ptable:IntMat,3,1,37.0
\VM-PF.IntUser\PDD 30-09-2025.IntPrj\Network Model.IntPrjfolder\Network Data.IntPrjfolder\SUR 138 kV.ElmNet\POWERSHIP AZUA KPS 26.ElmSite\Planta_POWERSHIP AZUA KPS26 2.ElmComp\MAN 18V/51/60DDF.ElmComp\Governor.ElmDsl,gov_MAN Governor/Actuator_v3,Ptable:IntMat,4,0,-5.0
\VM-PF.IntUser\PDD 30-09-2025.IntPrj\Network Model.IntPrjfolder\Network Data.IntPrjfolder\SUR 138 kV.ElmNet\POWERSHIP AZUA KPS 26.ElmSite\Planta_POWERSHIP AZUA KPS26 2.ElmComp\MAN 18V/51/60DDF.ElmComp\Governor.ElmDsl,gov_MAN Governor/Actuator_v3,Ptable:IntMat,4,1,37.0
\VM-PF.IntUser\PDD 30-09-2025.IntPrj\Network Model.IntPrjfolder\Network Data.IntPrjfolder\SUR 138 kV.ElmNet\POWERSHIP AZUA KPS 26.ElmSite\Planta_POWERSHIP AZUA KPS26 2.ElmComp\MAN 18V/51/60DDF.ElmComp\Governor.ElmDsl,gov_MAN Governor/Actuator_v3,Ptable:IntMat,5,0,5.0
\VM-PF.IntUser\PDD 30-09-2025.IntPrj\Network Model.IntPrjfolder\Network Data.IntPrjfolder\SUR 138 kV.ElmNet\POWERSHIP AZUA KPS 26.ElmSite\Planta_POWERSHIP AZUA KPS26 2.ElmComp\MAN 18V/51/60DDF.ElmComp\Governor.ElmDsl,gov_MAN Governor/Actuator_v3,Ptable:IntMat,5,1,37.0
\VM-PF.IntUser\PDD 30-09-2025.IntPrj\Network Model.IntPrjfolder\Network Data.IntPrjfolder\SUR 138 kV.ElmNet\POWERSHIP AZUA KPS 26.ElmSite\Planta_POWERSHIP AZUA KPS26 2.ElmComp\MAN 18V/51/60DDF.ElmComp\Governor.ElmDsl,gov_MAN Governor/Actuator_v3,Ptable:IntMat,6,0,10.0
\VM-PF.IntUser\PDD 30-09-2025.IntPrj\Network Model.IntPrjfolder\Network Data.IntPrjfolder\SUR 138 kV.ElmNet\POWERSHIP AZUA KPS 26.ElmSite\Planta_POWERSHIP AZUA KPS26 2.ElmComp\MAN 18V/51/60DDF.ElmComp\Governor.ElmDsl,gov_MAN Governor/Actuator_v3,Ptable:IntMat,6,1,37.0
\VM-PF.IntUser\PDD 30-09-2025.IntPrj\Network Model.IntPrjfolder\Network Data.IntPrjfolder\SUR 138 kV.ElmNet\POWERSHIP AZUA KPS 26.ElmSite\Planta_POWERSHIP AZUA KPS26 2.ElmComp\MAN 18V/51/60DDF.ElmComp\Governor.ElmDsl,gov_MAN Governor/Actuator_v3,Ptable:IntMat,7,0,15.0
\VM-PF.IntUser\PDD 30-09-2025.IntPrj\Network Model.IntPrjfolder\Network Data.IntPrjfolder\SUR 138 kV.ElmNet\POWERSHIP AZUA KPS 26.ElmSite\Planta_POWERSHIP AZUA KPS26 2.ElmComp\MAN 18V/51/60DDF.ElmComp\Governor.ElmDsl,gov_MAN Governor/Actuator_v3,Ptable:IntMat,7,1,37.0
\VM-PF.IntUser\PDD 30-09-2025.IntPrj\Network Model.IntPrjfolder\Network Data.IntPrjfolder\SUR 138 kV.ElmNet\POWERSHIP AZUA KPS 26.ElmSite\Planta_POWERSHIP AZUA KPS26 2.ElmComp\MAN 18V/51/60DDF.ElmComp\Governor.ElmDsl,gov_MAN Governor/Actuator_v3,Ptable:IntMat,8,0,20.0
\VM-PF.IntUser\PDD 30-09-2025.IntPrj\Network Model.IntPrjfolder\Network Data.IntPrjfolder\SUR 138 kV.ElmNet\POWERSHIP AZUA KPS 26.ElmSite\Planta_POWERSHIP AZUA KPS26 2.ElmComp\MAN 18V/51/60DDF.ElmComp\Governor.ElmDsl,gov_MAN Governor/Actuator_v3,Ptable:IntMat,8,1,37.0
\VM-PF.IntUser\PDD 30-09-2025.IntPrj\Network Model.IntPrjfolder\Network Data.IntPrjfolder\SUR 138 kV.ElmNet\POWERSHIP AZUA KPS 26.ElmSite\Planta_POWERSHIP AZUA KPS26 2.ElmComp\MAN 18V/51/60DDF.ElmComp\Governor.ElmDsl,gov_MAN Governor/Actuator_v3,Ptable:IntMat,9,0,30.0
\VM-PF.IntUser\PDD 30-09-2025.IntPrj\Network Model.IntPrjfolder\Network Data.IntPrjfolder\SUR 138 kV.ElmNet\POWERSHIP AZUA KPS 26.ElmSite\Planta_POWERSHIP AZUA KPS26 2.ElmComp\MAN 18V/51/60DDF.ElmComp\Governor.ElmDsl,gov_MAN Governor/Actuator_v3,Ptable:IntMat,9,1,37.0
\VM-PF.IntUser\PDD 30-09-2025.IntPrj\Network Model.IntPrjfolder\Network Data.IntPrjfolder\SUR 138 kV.ElmNet\POWERSHIP AZUA KPS 26.ElmSite\Planta_POWERSHIP AZUA KPS26 2.ElmComp\MAN 18V/51/60DDF.ElmComp\Governor.ElmDsl,gov_MAN Governor/Actuator_v3,SmD:IntMat,0,0,0.0
\VM-PF.IntUser\PDD 30-09-2025.IntPrj\Network Model.IntPrjfolder\Network Data.IntPrjfolder\SUR 138 kV.ElmNet\POWERSHIP AZUA KPS 26.ElmSite\Planta_POWERSHIP AZUA KPS26 2.ElmComp\MAN 18V/51/60DDF.ElmComp\Governor.ElmDsl,gov_MAN Governor/Actuator_v3,SmD:IntMat,0,1,0.0
\VM-PF.IntUser\PDD 30-09-2025.IntPrj\Network Model.IntPrjfolder\Network Data.IntPrjfolder\SUR 138 kV.ElmNet\POWERSHIP AZUA KPS 26.ElmSite\Planta_POWERSHIP AZUA KPS26 2.ElmComp\MAN 18V/51/60DDF.ElmComp\Governor.ElmDsl,gov_MAN Governor/Actuator_v3,SmD:IntMat,0,2,10.0
\VM-PF.IntUser\PDD 30-09-2025.IntPrj\Network Model.IntPrjfolder\Network Data.IntPrjfolder\SUR 138 kV.ElmNet\POWERSHIP AZUA KPS 26.ElmSite\Planta_POWERSHIP AZUA KPS26 2.ElmComp\MAN 18V/51/60DDF.ElmComp\Governor.ElmDsl,gov_MAN Governor/Actuator_v3,SmD:IntMat,0,3,20.0
\VM-PF.IntUser\PDD 30-09-2025.IntPrj\Network Model.IntPrjfolder\Network Data.IntPrjfolder\SUR 138 kV.ElmNet\POWERSHIP AZUA KPS 26.ElmSite\Planta_POWERSHIP AZUA KPS26 2.ElmComp\MAN 18V/51/60DDF.ElmComp\Governor.ElmDsl,gov_MAN Governor/Actuator_v3,SmD:IntMat,0,4,30.0
\VM-PF.IntUser\PDD 30-09-2025.IntPrj\Network Model.IntPrjfolder\Network Data.IntPrjfolder\SUR 138 kV.ElmNet\POWERSHIP AZUA KPS 26.ElmSite\Planta_POWERSHIP AZUA KPS26 2.ElmComp\MAN 18V/51/60DDF.ElmComp\Governor.ElmDsl,gov_MAN Governor/Actuator_v3,SmD:IntMat,0,5,42.0
\VM-PF.IntUser\PDD 30-09-2025.IntPrj\Network Model.IntPrjfolder\Network Data.IntPrjfolder\SUR 138 kV.ElmNet\POWERSHIP AZUA KPS 26.ElmSite\Planta_POWERSHIP AZUA KPS26 2.ElmComp\MAN 18V/51/60DDF.ElmComp\Governor.ElmDsl,gov_MAN Governor/Actuator_v3,SmD:IntMat,0,6,60.0
\VM-PF.IntUser\PDD 30-09-2025.IntPrj\Network Model.IntPrjfolder\Network Data.IntPrjfolder\SUR 138 kV.ElmNet\POWERSHIP AZUA KPS 26.ElmSite\Planta_POWERSHIP AZUA KPS26 2.ElmComp\MAN 18V/51/60DDF.ElmComp\Governor.ElmDsl,gov_MAN Governor/Actuator_v3,SmD:IntMat,0,7,73.0
\VM-PF.IntUser\PDD 30-09-2025.IntPrj\Network Model.IntPrjfolder\Network Data.IntPrjfolder\SUR 138 kV.ElmNet\POWERSHIP AZUA KPS 26.ElmSite\Planta_POWERSHIP AZUA KPS26 2.ElmComp\MAN 18V/51/60DDF.ElmComp\Governor.ElmDsl,gov_MAN Governor/Actuator_v3,SmD:IntMat,0,8,83.0
\VM-PF.IntUser\PDD 30-09-2025.IntPrj\Network Model.IntPrjfolder\Network Data.IntPrjfolder\SUR 138 kV.ElmNet\POWERSHIP AZUA KPS 26.ElmSite\Planta_POWERSHIP AZUA KPS26 2.ElmComp\MAN 18V/51/60DDF.ElmComp\Governor.ElmDsl,gov_MAN Governor/Actuator_v3,SmD:IntMat,0,9,90.0
\VM-PF.IntUser\PDD 30-09-2025.IntPrj\Network Model.IntPrjfolder\Network Data.IntPrjfolder\SUR 138 kV.ElmNet\POWERSHIP AZUA KPS 26.ElmSite\Planta_POWERSHIP AZUA KPS26 2.ElmComp\MAN 18V/51/60DDF.ElmComp\Governor.ElmDsl,gov_MAN Governor/Actuator_v3,SmD:IntMat,0,10,100.0
\VM-PF.IntUser\PDD 30-09-2025.IntPrj\Network Model.IntPrjfolder\Network Data.IntPrjfolder\SUR 138 kV.ElmNet\POWERSHIP AZUA KPS 26.ElmSite\Planta_POWERSHIP AZUA KPS26 2.ElmComp\MAN 18V/51/60DDF.ElmComp\Governor.ElmDsl,gov_MAN Governor/Actuator_v3,SmD:IntMat,1,0,0.0
\VM-PF.IntUser\PDD 30-09-2025.IntPrj\Network Model.IntPrjfolder\Network Data.IntPrjfolder\SUR 138 kV.ElmNet\POWERSHIP AZUA KPS 26.ElmSite\Planta_POWERSHIP AZUA KPS26 2.ElmComp\MAN 18V/51/60DDF.ElmComp\Governor.ElmDsl,gov_MAN Governor/Actuator_v3,SmD:IntMat,1,1,100.0
\VM-PF.IntUser\PDD 30-09-2025.IntPrj\Network Model.IntPrjfolder\Network Data.IntPrjfolder\SUR 138 kV.ElmNet\POWERSHIP AZUA KPS 26.ElmSite\Planta_POWERSHIP AZUA KPS26 2.ElmComp\MAN 18V/51/60DDF.ElmComp\Governor.ElmDsl,gov_MAN Governor/Actuator_v3,SmD:IntMat,1,2,100.0
\VM-PF.IntUser\PDD 30-09-2025.IntPrj\Network Model.IntPrjfolder\Network Data.IntPrjfolder\SUR 138 kV.ElmNet\POWERSHIP AZUA KPS 26.ElmSite\Planta_POWERSHIP AZUA KPS26 2.ElmComp\MAN 18V/51/60DDF.ElmComp\Governor.ElmDsl,gov_MAN Governor/Actuator_v3,SmD:IntMat,1,3,100.0
\VM-PF.IntUser\PDD 30-09-2025.IntPrj\Network Model.IntPrjfolder\Network Data.IntPrjfolder\SUR 138 kV.ElmNet\POWERSHIP AZUA KPS 26.ElmSite\Planta_POWERSHIP AZUA KPS26 2.ElmComp\MAN 18V/51/60DDF.ElmComp\Governor.ElmDsl,gov_MAN Governor/Actuator_v3,SmD:IntMat,1,4,100.0
\VM-PF.IntUser\PDD 30-09-2025.IntPrj\Network Model.IntPrjfolder\Network Data.IntPrjfolder\SUR 138 kV.ElmNet\POWERSHIP AZUA KPS 26.ElmSite\Planta_POWERSHIP AZUA KPS26 2.ElmComp\MAN 18V/51/60DDF.ElmComp\Governor.ElmDsl,gov_MAN Governor/Actuator_v3,SmD:IntMat,1,5,100.0
\VM-PF.IntUser\PDD 30-09-2025.IntPrj\Network Model.IntPrjfolder\Network Data.IntPrjfolder\SUR 138 kV.ElmNet\POWERSHIP AZUA KPS 26.ElmSite\Planta_POWERSHIP AZUA KPS26 2.ElmComp\MAN 18V/51/60DDF.ElmComp\Governor.ElmDsl,gov_MAN Governor/Actuator_v3,SmD:IntMat,1,6,100.0
\VM-PF.IntUser\PDD 30-09-2025.IntPrj\Network Model.IntPrjfolder\Network Data.IntPrjfolder\SUR 138 kV.ElmNet\POWERSHIP AZUA KPS 26.ElmSite\Planta_POWERSHIP AZUA KPS26 2.ElmComp\MAN 18V/51/60DDF.ElmComp\Governor.ElmDsl,gov_MAN Governor/Actuator_v3,SmD:IntMat,1,7,100.0
\VM-PF.IntUser\PDD 30-09-2025.IntPrj\Network Model.IntPrjfolder\Network Data.IntPrjfolder\SUR 138 kV.ElmNet\POWERSHIP AZUA KPS 26.ElmSite\Planta_POWERSHIP AZUA KPS26 2.ElmComp\MAN 18V/51/60DDF.ElmComp\Governor.ElmDsl,gov_MAN Governor/Actuator_v3,SmD:IntMat,1,8,100.0
\VM-PF.IntUser\PDD 30-09-2025.IntPrj\Network Model.IntPrjfolder\Network Data.IntPrjfolder\SUR 138 kV.ElmNet\POWERSHIP AZUA KPS 26.ElmSite\Planta_POWERSHIP AZUA KPS26 2.ElmComp\MAN 18V/51/60DDF.ElmComp\Governor.ElmDsl,gov_MAN Governor/Actuator_v3,SmD:IntMat,1,9,100.0
\VM-PF.IntUser\PDD 30-09-2025.IntPrj\Network Model.IntPrjfolder\Network Data.IntPrjfolder\SUR 138 kV.ElmNet\POWERSHIP AZUA KPS 26.ElmSite\Planta_POWERSHIP AZUA KPS26 2.ElmComp\MAN 18V/51/60DDF.ElmComp\Governor.ElmDsl,gov_MAN Governor/Actuator_v3,SmD:IntMat,1,10,100.0
\VM-PF.IntUser\PDD 30-09-2025.IntPrj\Network Model.IntPrjfolder\Network Data.IntPrjfolder\SUR 138 kV.ElmNet\POWERSHIP AZUA KPS 26.ElmSite\Planta_POWERSHIP AZUA KPS26 2.ElmComp\MAN 18V/51/60DDF.ElmComp\Governor.ElmDsl,gov_MAN Governor/Actuator_v3,SmD:IntMat,2,0,100.0
\VM-PF.IntUser\PDD 30-09-2025.IntPrj\Network Model.IntPrjfolder\Network Data.IntPrjfolder\SUR 138 kV.ElmNet\POWERSHIP AZUA KPS 26.ElmSite\Planta_POWERSHIP AZUA KPS26 2.ElmComp\MAN 18V/51/60DDF.ElmComp\Governor.ElmDsl,gov_MAN Governor/Actuator_v3,SmD:IntMat,2,1,100.0
\VM-PF.IntUser\PDD 30-09-2025.IntPrj\Network Model.IntPrjfolder\Network Data.IntPrjfolder\SUR 138 kV.ElmNet\POWERSHIP AZUA KPS 26.ElmSite\Planta_POWERSHIP AZUA KPS26 2.ElmComp\MAN 18V/51/60DDF.ElmComp\Governor.ElmDsl,gov_MAN Governor/Actuator_v3,SmD:IntMat,2,2,100.0
\VM-PF.IntUser\PDD 30-09-2025.IntPrj\Network Model.IntPrjfolder\Network Data.IntPrjfolder\SUR 138 kV.ElmNet\POWERSHIP AZUA KPS 26.ElmSite\Planta_POWERSHIP AZUA KPS26 2.ElmComp\MAN 18V/51/60DDF.ElmComp\Governor.ElmDsl,gov_MAN Governor/Actuator_v3,SmD:IntMat,2,3,100.0
\VM-PF.IntUser\PDD 30-09-2025.IntPrj\Network Model.IntPrjfolder\Network Data.IntPrjfolder\SUR 138 kV.ElmNet\POWERSHIP AZUA KPS 26.ElmSite\Planta_POWERSHIP AZUA KPS26 2.ElmComp\MAN 18V/51/60DDF.ElmComp\Governor.ElmDsl,gov_MAN Governor/Actuator_v3,SmD:IntMat,2,4,100.0
\VM-PF.IntUser\PDD 30-09-2025.IntPrj\Network Model.IntPrjfolder\Network Data.IntPrjfolder\SUR 138 kV.ElmNet\POWERSHIP AZUA KPS 26.ElmSite\Planta_POWERSHIP AZUA KPS26 2.ElmComp\MAN 18V/51/60DDF.ElmComp\Governor.ElmDsl,gov_MAN Governor/Actuator_v3,SmD:IntMat,2,5,100.0
\VM-PF.IntUser\PDD 30-09-2025.IntPrj\Network Model.IntPrjfolder\Network Data.IntPrjfolder\SUR 138 kV.ElmNet\POWERSHIP AZUA KPS 26.ElmSite\Planta_POWERSHIP AZUA KPS26 2.ElmComp\MAN 18V/51/60DDF.ElmComp\Governor.ElmDsl,gov_MAN Governor/Actuator_v3,SmD:IntMat,2,6,100.0
\VM-PF.IntUser\PDD 30-09-2025.IntPrj\Network Model.IntPrjfolder\Network Data.IntPrjfolder\SUR 138 kV.ElmNet\POWERSHIP AZUA KPS 26.ElmSite\Planta_POWERSHIP AZUA KPS26 2.ElmComp\MAN 18V/51/60DDF.ElmComp\Governor.ElmDsl,gov_MAN Governor/Actuator_v3,SmD:IntMat,2,7,100.0
\VM-PF.IntUser\PDD 30-09-2025.IntPrj\Network Model.IntPrjfolder\Network Data.IntPrjfolder\SUR 138 kV.ElmNet\POWERSHIP AZUA KPS 26.ElmSite\Planta_POWERSHIP AZUA KPS26 2.ElmComp\MAN 18V/51/60DDF.ElmComp\Governor.ElmDsl,gov_MAN Governor/Actuator_v3,SmD:IntMat,2,8,100.0
\VM-PF.IntUser\PDD 30-09-2025.IntPrj\Network Model.IntPrjfolder\Network Data.IntPrjfolder\SUR 138 kV.ElmNet\POWERSHIP AZUA KPS 26.ElmSite\Planta_POWERSHIP AZUA KPS26 2.ElmComp\MAN 18V/51/60DDF.ElmComp\Governor.ElmDsl,gov_MAN Governor/Actuator_v3,SmD:IntMat,2,9,100.0
\VM-PF.IntUser\PDD 30-09-2025.IntPrj\Network Model.IntPrjfolder\Network Data.IntPrjfolder\SUR 138 kV.ElmNet\POWERSHIP AZUA KPS 26.ElmSite\Planta_POWERSHIP AZUA KPS26 2.ElmComp\MAN 18V/51/60DDF.ElmComp\Governor.ElmDsl,gov_MAN Governor/Actuator_v3,SmD:IntMat,2,10,100.0
\VM-PF.IntUser\PDD 30-09-2025.IntPrj\Network Model.IntPrjfolder\Network Data.IntPrjfolder\SUR 138 kV.ElmNet\POWERSHIP AZUA KPS 26.ElmSite\Planta_POWERSHIP AZUA KPS26 2.ElmComp\MAN 18V/51/60DDF.ElmComp\Governor.ElmDsl,gov_MAN Governor/Actuator_v3,SmD:IntMat,3,0,200.0
\VM-PF.IntUser\PDD 30-09-2025.IntPrj\Network Model.IntPrjfolder\Network Data.IntPrjfolder\SUR 138 kV.ElmNet\POWERSHIP AZUA KPS 26.ElmSite\Planta_POWERSHIP AZUA KPS26 2.ElmComp\MAN 18V/51/60DDF.ElmComp\Governor.ElmDsl,gov_MAN Governor/Actuator_v3,SmD:IntMat,3,1,100.0
\VM-PF.IntUser\PDD 30-09-2025.IntPrj\Network Model.IntPrjfolder\Network Data.IntPrjfolder\SUR 138 kV.ElmNet\POWERSHIP AZUA KPS 26.ElmSite\Planta_POWERSHIP AZUA KPS26 2.ElmComp\MAN 18V/51/60DDF.ElmComp\Governor.ElmDsl,gov_MAN Governor/Actuator_v3,SmD:IntMat,3,2,100.0
\VM-PF.IntUser\PDD 30-09-2025.IntPrj\Network Model.IntPrjfolder\Network Data.IntPrjfolder\SUR 138 kV.ElmNet\POWERSHIP AZUA KPS 26.ElmSite\Planta_POWERSHIP AZUA KPS26 2.ElmComp\MAN 18V/51/60DDF.ElmComp\Governor.ElmDsl,gov_MAN Governor/Actuator_v3,SmD:IntMat,3,3,100.0
\VM-PF.IntUser\PDD 30-09-2025.IntPrj\Network Model.IntPrjfolder\Network Data.IntPrjfolder\SUR 138 kV.ElmNet\POWERSHIP AZUA KPS 26.ElmSite\Planta_POWERSHIP AZUA KPS26 2.ElmComp\MAN 18V/51/60DDF.ElmComp\Governor.ElmDsl,gov_MAN Governor/Actuator_v3,SmD:IntMat,3,4,100.0
\VM-PF.IntUser\PDD 30-09-2025.IntPrj\Network Model.IntPrjfolder\Network Data.IntPrjfolder\SUR 138 kV.ElmNet\POWERSHIP AZUA KPS 26.ElmSite\Planta_POWERSHIP AZUA KPS26 2.ElmComp\MAN 18V/51/60DDF.ElmComp\Governor.ElmDsl,gov_MAN Governor/Actuator_v3,SmD:IntMat,3,5,100.0
\VM-PF.IntUser\PDD 30-09-2025.IntPrj\Network Model.IntPrjfolder\Network Data.IntPrjfolder\SUR 138 kV.ElmNet\POWERSHIP AZUA KPS 26.ElmSite\Planta_POWERSHIP AZUA KPS26 2.ElmComp\MAN 18V/51/60DDF.ElmComp\Governor.ElmDsl,gov_MAN Governor/Actuator_v3,SmD:IntMat,3,6,100.0
\VM-PF.IntUser\PDD 30-09-2025.IntPrj\Network Model.IntPrjfolder\Network Data.IntPrjfolder\SUR 138 kV.ElmNet\POWERSHIP AZUA KPS 26.ElmSite\Planta_POWERSHIP AZUA KPS26 2.ElmComp\MAN 18V/51/60DDF.ElmComp\Governor.ElmDsl,gov_MAN Governor/Actuator_v3,SmD:IntMat,3,7,100.0
\VM-PF.IntUser\PDD 30-09-2025.IntPrj\Network Model.IntPrjfolder\Network Data.IntPrjfolder\SUR 138 kV.ElmNet\POWERSHIP AZUA KPS 26.ElmSite\Planta_POWERSHIP AZUA KPS26 2.ElmComp\MAN 18V/51/60DDF.ElmComp\Governor.ElmDsl,gov_MAN Governor/Actuator_v3,SmD:IntMat,3,8,100.0
\VM-PF.IntUser\PDD 30-09-2025.IntPrj\Network Model.IntPrjfolder\Network Data.IntPrjfolder\SUR 138 kV.ElmNet\POWERSHIP AZUA KPS 26.ElmSite\Planta_POWERSHIP AZUA KPS26 2.ElmComp\MAN 18V/51/60DDF.ElmComp\Governor.ElmDsl,gov_MAN Governor/Actuator_v3,SmD:IntMat,3,9,100.0
\VM-PF.IntUser\PDD 30-09-2025.IntPrj\Network Model.IntPrjfolder\Network Data.IntPrjfolder\SUR 138 kV.ElmNet\POWERSHIP AZUA KPS 26.ElmSite\Planta_POWERSHIP AZUA KPS26 2.ElmComp\MAN 18V/51/60DDF.ElmComp\Governor.ElmDsl,gov_MAN Governor/Actuator_v3,SmD:IntMat,3,10,100.0
\VM-PF.IntUser\PDD 30-09-2025.IntPrj\Network Model.IntPrjfolder\Network Data.IntPrjfolder\SUR 138 kV.ElmNet\POWERSHIP AZUA KPS 26.ElmSite\Planta_POWERSHIP AZUA KPS26 2.ElmComp\MAN 18V/51/60DDF.ElmComp\Governor.ElmDsl,gov_MAN Governor/Actuator_v3,SmD:IntMat,4,0,300.0
\VM-PF.IntUser\PDD 30-09-2025.IntPrj\Network Model.IntPrjfolder\Network Data.IntPrjfolder\SUR 138 kV.ElmNet\POWERSHIP AZUA KPS 26.ElmSite\Planta_POWERSHIP AZUA KPS26 2.ElmComp\MAN 18V/51/60DDF.ElmComp\Governor.ElmDsl,gov_MAN Governor/Actuator_v3,SmD:IntMat,4,1,100.0
\VM-PF.IntUser\PDD 30-09-2025.IntPrj\Network Model.IntPrjfolder\Network Data.IntPrjfolder\SUR 138 kV.ElmNet\POWERSHIP AZUA KPS 26.ElmSite\Planta_POWERSHIP AZUA KPS26 2.ElmComp\MAN 18V/51/60DDF.ElmComp\Governor.ElmDsl,gov_MAN Governor/Actuator_v3,SmD:IntMat,4,2,100.0
\VM-PF.IntUser\PDD 30-09-2025.IntPrj\Network Model.IntPrjfolder\Network Data.IntPrjfolder\SUR 138 kV.ElmNet\POWERSHIP AZUA KPS 26.ElmSite\Planta_POWERSHIP AZUA KPS26 2.ElmComp\MAN 18V/51/60DDF.ElmComp\Governor.ElmDsl,gov_MAN Governor/Actuator_v3,SmD:IntMat,4,3,100.0
\VM-PF.IntUser\PDD 30-09-2025.IntPrj\Network Model.IntPrjfolder\Network Data.IntPrjfolder\SUR 138 kV.ElmNet\POWERSHIP AZUA KPS 26.ElmSite\Planta_POWERSHIP AZUA KPS26 2.ElmComp\MAN 18V/51/60DDF.ElmComp\Governor.ElmDsl,gov_MAN Governor/Actuator_v3,SmD:IntMat,4,4,100.0
\VM-PF.IntUser\PDD 30-09-2025.IntPrj\Network Model.IntPrjfolder\Network Data.IntPrjfolder\SUR 138 kV.ElmNet\POWERSHIP AZUA KPS 26.ElmSite\Planta_POWERSHIP AZUA KPS26 2.ElmComp\MAN 18V/51/60DDF.ElmComp\Governor.ElmDsl,gov_MAN Governor/Actuator_v3,SmD:IntMat,4,5,100.0
\VM-PF.IntUser\PDD 30-09-2025.IntPrj\Network Model.IntPrjfolder\Network Data.IntPrjfolder\SUR 138 kV.ElmNet\POWERSHIP AZUA KPS 26.ElmSite\Planta_POWERSHIP AZUA KPS26 2.ElmComp\MAN 18V/51/60DDF.ElmComp\Governor.ElmDsl,gov_MAN Governor/Actuator_v3,SmD:IntMat,4,6,100.0
\VM-PF.IntUser\PDD 30-09-2025.IntPrj\Network Model.IntPrjfolder\Network Data.IntPrjfolder\SUR 138 kV.ElmNet\POWERSHIP AZUA KPS 26.ElmSite\Planta_POWERSHIP AZUA KPS26 2.ElmComp\MAN 18V/51/60DDF.ElmComp\Governor.ElmDsl,gov_MAN Governor/Actuator_v3,SmD:IntMat,4,7,100.0
\VM-PF.IntUser\PDD 30-09-2025.IntPrj\Network Model.IntPrjfolder\Network Data.IntPrjfolder\SUR 138 kV.ElmNet\POWERSHIP AZUA KPS 26.ElmSite\Planta_POWERSHIP AZUA KPS26 2.ElmComp\MAN 18V/51/60DDF.ElmComp\Governor.ElmDsl,gov_MAN Governor/Actuator_v3,SmD:IntMat,4,8,100.0
\VM-PF.IntUser\PDD 30-09-2025.IntPrj\Network Model.IntPrjfolder\Network Data.IntPrjfolder\SUR 138 kV.ElmNet\POWERSHIP AZUA KPS 26.ElmSite\Planta_POWERSHIP AZUA KPS26 2.ElmComp\MAN 18V/51/60DDF.ElmComp\Governor.ElmDsl,gov_MAN Governor/Actuator_v3,SmD:IntMat,4,9,100.0
\VM-PF.IntUser\PDD 30-09-2025.IntPrj\Network Model.IntPrjfolder\Network Data.IntPrjfolder\SUR 138 kV.ElmNet\POWERSHIP AZUA KPS 26.ElmSite\Planta_POWERSHIP AZUA KPS26 2.ElmComp\MAN 18V/51/60DDF.ElmComp\Governor.ElmDsl,gov_MAN Governor/Actuator_v3,SmD:IntMat,4,10,100.0
\VM-PF.IntUser\PDD 30-09-2025.IntPrj\Network Model.IntPrjfolder\Network Data.IntPrjfolder\SUR 138 kV.ElmNet\POWERSHIP AZUA KPS 26.ElmSite\Planta_POWERSHIP AZUA KPS26 2.ElmComp\MAN 18V/51/60DDF.ElmComp\Governor.ElmDsl,gov_MAN Governor/Actuator_v3,SmD:IntMat,5,0,400.0
\VM-PF.IntUser\PDD 30-09-2025.IntPrj\Network Model.IntPrjfolder\Network Data.IntPrjfolder\SUR 138 kV.ElmNet\POWERSHIP AZUA KPS 26.ElmSite\Planta_POWERSHIP AZUA KPS26 2.ElmComp\MAN 18V/51/60DDF.ElmComp\Governor.ElmDsl,gov_MAN Governor/Actuator_v3,SmD:IntMat,5,1,100.0
\VM-PF.IntUser\PDD 30-09-2025.IntPrj\Network Model.IntPrjfolder\Network Data.IntPrjfolder\SUR 138 kV.ElmNet\POWERSHIP AZUA KPS 26.ElmSite\Planta_POWERSHIP AZUA KPS26 2.ElmComp\MAN 18V/51/60DDF.ElmComp\Governor.ElmDsl,gov_MAN Governor/Actuator_v3,SmD:IntMat,5,2,100.0
\VM-PF.IntUser\PDD 30-09-2025.IntPrj\Network Model.IntPrjfolder\Network Data.IntPrjfolder\SUR 138 kV.ElmNet\POWERSHIP AZUA KPS 26.ElmSite\Planta_POWERSHIP AZUA KPS26 2.ElmComp\MAN 18V/51/60DDF.ElmComp\Governor.ElmDsl,gov_MAN Governor/Actuator_v3,SmD:IntMat,5,3,100.0
\VM-PF.IntUser\PDD 30-09-2025.IntPrj\Network Model.IntPrjfolder\Network Data.IntPrjfolder\SUR 138 kV.ElmNet\POWERSHIP AZUA KPS 26.ElmSite\Planta_POWERSHIP AZUA KPS26 2.ElmComp\MAN 18V/51/60DDF.ElmComp\Governor.ElmDsl,gov_MAN Governor/Actuator_v3,SmD:IntMat,5,4,100.0
\VM-PF.IntUser\PDD 30-09-2025.IntPrj\Network Model.IntPrjfolder\Network Data.IntPrjfolder\SUR 138 kV.ElmNet\POWERSHIP AZUA KPS 26.ElmSite\Planta_POWERSHIP AZUA KPS26 2.ElmComp\MAN 18V/51/60DDF.ElmComp\Governor.ElmDsl,gov_MAN Governor/Actuator_v3,SmD:IntMat,5,5,100.0
\VM-PF.IntUser\PDD 30-09-2025.IntPrj\Network Model.IntPrjfolder\Network Data.IntPrjfolder\SUR 138 kV.ElmNet\POWERSHIP AZUA KPS 26.ElmSite\Planta_POWERSHIP AZUA KPS26 2.ElmComp\MAN 18V/51/60DDF.ElmComp\Governor.ElmDsl,gov_MAN Governor/Actuator_v3,SmD:IntMat,5,6,100.0
\VM-PF.IntUser\PDD 30-09-2025.IntPrj\Network Model.IntPrjfolder\Network Data.IntPrjfolder\SUR 138 kV.ElmNet\POWERSHIP AZUA KPS 26.ElmSite\Planta_POWERSHIP AZUA KPS26 2.ElmComp\MAN 18V/51/60DDF.ElmComp\Governor.ElmDsl,gov_MAN Governor/Actuator_v3,SmD:IntMat,5,7,100.0
\VM-PF.IntUser\PDD 30-09-2025.IntPrj\Network Model.IntPrjfolder\Network Data.IntPrjfolder\SUR 138 kV.ElmNet\POWERSHIP AZUA KPS 26.ElmSite\Planta_POWERSHIP AZUA KPS26 2.ElmComp\MAN 18V/51/60DDF.ElmComp\Governor.ElmDsl,gov_MAN Governor/Actuator_v3,SmD:IntMat,5,8,100.0
\VM-PF.IntUser\PDD 30-09-2025.IntPrj\Network Model.IntPrjfolder\Network Data.IntPrjfolder\SUR 138 kV.ElmNet\POWERSHIP AZUA KPS 26.ElmSite\Planta_POWERSHIP AZUA KPS26 2.ElmComp\MAN 18V/51/60DDF.ElmComp\Governor.ElmDsl,gov_MAN Governor/Actuator_v3,SmD:IntMat,5,9,100.0
\VM-PF.IntUser\PDD 30-09-2025.IntPrj\Network Model.IntPrjfolder\Network Data.IntPrjfolder\SUR 138 kV.ElmNet\POWERSHIP AZUA KPS 26.ElmSite\Planta_POWERSHIP AZUA KPS26 2.ElmComp\MAN 18V/51/60DDF.ElmComp\Governor.ElmDsl,gov_MAN Governor/Actuator_v3,SmD:IntMat,5,10,100.0
\VM-PF.IntUser\PDD 30-09-2025.IntPrj\Network Model.IntPrjfolder\Network Data.IntPrjfolder\SUR 138 kV.ElmNet\POWERSHIP AZUA KPS 26.ElmSite\Planta_POWERSHIP AZUA KPS26 2.ElmComp\MAN 18V/51/60DDF.ElmComp\Governor.ElmDsl,gov_MAN Governor/Actuator_v3,SmD:IntMat,6,0,514.0
\VM-PF.IntUser\PDD 30-09-2025.IntPrj\Network Model.IntPrjfolder\Network Data.IntPrjfolder\SUR 138 kV.ElmNet\POWERSHIP AZUA KPS 26.ElmSite\Planta_POWERSHIP AZUA KPS26 2.ElmComp\MAN 18V/51/60DDF.ElmComp\Governor.ElmDsl,gov_MAN Governor/Actuator_v3,SmD:IntMat,6,1,100.0
\VM-PF.IntUser\PDD 30-09-2025.IntPrj\Network Model.IntPrjfolder\Network Data.IntPrjfolder\SUR 138 kV.ElmNet\POWERSHIP AZUA KPS 26.ElmSite\Planta_POWERSHIP AZUA KPS26 2.ElmComp\MAN 18V/51/60DDF.ElmComp\Governor.ElmDsl,gov_MAN Governor/Actuator_v3,SmD:IntMat,6,2,100.0
\VM-PF.IntUser\PDD 30-09-2025.IntPrj\Network Model.IntPrjfolder\Network Data.IntPrjfolder\SUR 138 kV.ElmNet\POWERSHIP AZUA KPS 26.ElmSite\Planta_POWERSHIP AZUA KPS26 2.ElmComp\MAN 18V/51/60DDF.ElmComp\Governor.ElmDsl,gov_MAN Governor/Actuator_v3,SmD:IntMat,6,3,100.0
\VM-PF.IntUser\PDD 30-09-2025.IntPrj\Network Model.IntPrjfolder\Network Data.IntPrjfolder\SUR 138 kV.ElmNet\POWERSHIP AZUA KPS 26.ElmSite\Planta_POWERSHIP AZUA KPS26 2.ElmComp\MAN 18V/51/60DDF.ElmComp\Governor.ElmDsl,gov_MAN Governor/Actuator_v3,SmD:IntMat,6,4,100.0
\VM-PF.IntUser\PDD 30-09-2025.IntPrj\Network Model.IntPrjfolder\Network Data.IntPrjfolder\SUR 138 kV.ElmNet\POWERSHIP AZUA KPS 26.ElmSite\Planta_POWERSHIP AZUA KPS26 2.ElmComp\MAN 18V/51/60DDF.ElmComp\Governor.ElmDsl,gov_MAN Governor/Actuator_v3,SmD:IntMat,6,5,100.0
\VM-PF.IntUser\PDD 30-09-2025.IntPrj\Network Model.IntPrjfolder\Network Data.IntPrjfolder\SUR 138 kV.ElmNet\POWERSHIP AZUA KPS 26.ElmSite\Planta_POWERSHIP AZUA KPS26 2.ElmComp\MAN 18V/51/60DDF.ElmComp\Governor.ElmDsl,gov_MAN Governor/Actuator_v3,SmD:IntMat,6,6,23.0
\VM-PF.IntUser\PDD 30-09-2025.IntPrj\Network Model.IntPrjfolder\Network Data.IntPrjfolder\SUR 138 kV.ElmNet\POWERSHIP AZUA KPS 26.ElmSite\Planta_POWERSHIP AZUA KPS26 2.ElmComp\MAN 18V/51/60DDF.ElmComp\Governor.ElmDsl,gov_MAN Governor/Actuator_v3,SmD:IntMat,6,7,23.0
\VM-PF.IntUser\PDD 30-09-2025.IntPrj\Network Model.IntPrjfolder\Network Data.IntPrjfolder\SUR 138 kV.ElmNet\POWERSHIP AZUA KPS 26.ElmSite\Planta_POWERSHIP AZUA KPS26 2.ElmComp\MAN 18V/51/60DDF.ElmComp\Governor.ElmDsl,gov_MAN Governor/Actuator_v3,SmD:IntMat,6,8,23.0
\VM-PF.IntUser\PDD 30-09-2025.IntPrj\Network Model.IntPrjfolder\Network Data.IntPrjfolder\SUR 138 kV.ElmNet\POWERSHIP AZUA KPS 26.ElmSite\Planta_POWERSHIP AZUA KPS26 2.ElmComp\MAN 18V/51/60DDF.ElmComp\Governor.ElmDsl,gov_MAN Governor/Actuator_v3,SmD:IntMat,6,9,23.0
\VM-PF.IntUser\PDD 30-09-2025.IntPrj\Network Model.IntPrjfolder\Network Data.IntPrjfolder\SUR 138 kV.ElmNet\POWERSHIP AZUA KPS 26.ElmSite\Planta_POWERSHIP AZUA KPS26 2.ElmComp\MAN 18V/51/60DDF.ElmComp\Governor.ElmDsl,gov_MAN Governor/Actuator_v3,SmD:IntMat,6,10,23.0
\VM-PF.IntUser\PDD 30-09-2025.IntPrj\Network Model.IntPrjfolder\Network Data.IntPrjfolder\SUR 138 kV.ElmNet\POWERSHIP AZUA KPS 26.ElmSite\Planta_POWERSHIP AZUA KPS26 2.ElmComp\MAN 18V/51/60DDF.ElmComp\Governor.ElmDsl,gov_MAN Governor/Actuator_v3,SmD:IntMat,7,0,600.0
\VM-PF.IntUser\PDD 30-09-2025.IntPrj\Network Model.IntPrjfolder\Network Data.IntPrjfolder\SUR 138 kV.ElmNet\POWERSHIP AZUA KPS 26.ElmSite\Planta_POWERSHIP AZUA KPS26 2.ElmComp\MAN 18V/51/60DDF.ElmComp\Governor.ElmDsl,gov_MAN Governor/Actuator_v3,SmD:IntMat,7,1,100.0
\VM-PF.IntUser\PDD 30-09-2025.IntPrj\Network Model.IntPrjfolder\Network Data.IntPrjfolder\SUR 138 kV.ElmNet\POWERSHIP AZUA KPS 26.ElmSite\Planta_POWERSHIP AZUA KPS26 2.ElmComp\MAN 18V/51/60DDF.ElmComp\Governor.ElmDsl,gov_MAN Governor/Actuator_v3,SmD:IntMat,7,2,100.0
\VM-PF.IntUser\PDD 30-09-2025.IntPrj\Network Model.IntPrjfolder\Network Data.IntPrjfolder\SUR 138 kV.ElmNet\POWERSHIP AZUA KPS 26.ElmSite\Planta_POWERSHIP AZUA KPS26 2.ElmComp\MAN 18V/51/60DDF.ElmComp\Governor.ElmDsl,gov_MAN Governor/Actuator_v3,SmD:IntMat,7,3,100.0
\VM-PF.IntUser\PDD 30-09-2025.IntPrj\Network Model.IntPrjfolder\Network Data.IntPrjfolder\SUR 138 kV.ElmNet\POWERSHIP AZUA KPS 26.ElmSite\Planta_POWERSHIP AZUA KPS26 2.ElmComp\MAN 18V/51/60DDF.ElmComp\Governor.ElmDsl,gov_MAN Governor/Actuator_v3,SmD:IntMat,7,4,100.0
\VM-PF.IntUser\PDD 30-09-2025.IntPrj\Network Model.IntPrjfolder\Network Data.IntPrjfolder\SUR 138 kV.ElmNet\POWERSHIP AZUA KPS 26.ElmSite\Planta_POWERSHIP AZUA KPS26 2.ElmComp\MAN 18V/51/60DDF.ElmComp\Governor.ElmDsl,gov_MAN Governor/Actuator_v3,SmD:IntMat,7,5,100.0
\VM-PF.IntUser\PDD 30-09-2025.IntPrj\Network Model.IntPrjfolder\Network Data.IntPrjfolder\SUR 138 kV.ElmNet\POWERSHIP AZUA KPS 26.ElmSite\Planta_POWERSHIP AZUA KPS26 2.ElmComp\MAN 18V/51/60DDF.ElmComp\Governor.ElmDsl,gov_MAN Governor/Actuator_v3,SmD:IntMat,7,6,23.0
\VM-PF.IntUser\PDD 30-09-2025.IntPrj\Network Model.IntPrjfolder\Network Data.IntPrjfolder\SUR 138 kV.ElmNet\POWERSHIP AZUA KPS 26.ElmSite\Planta_POWERSHIP AZUA KPS26 2.ElmComp\MAN 18V/51/60DDF.ElmComp\Governor.ElmDsl,gov_MAN Governor/Actuator_v3,SmD:IntMat,7,7,23.0
\VM-PF.IntUser\PDD 30-09-2025.IntPrj\Network Model.IntPrjfolder\Network Data.IntPrjfolder\SUR 138 kV.ElmNet\POWERSHIP AZUA KPS 26.ElmSite\Planta_POWERSHIP AZUA KPS26 2.ElmComp\MAN 18V/51/60DDF.ElmComp\Governor.ElmDsl,gov_MAN Governor/Actuator_v3,SmD:IntMat,7,8,23.0
\VM-PF.IntUser\PDD 30-09-2025.IntPrj\Network Model.IntPrjfolder\Network Data.IntPrjfolder\SUR 138 kV.ElmNet\POWERSHIP AZUA KPS 26.ElmSite\Planta_POWERSHIP AZUA KPS26 2.ElmComp\MAN 18V/51/60DDF.ElmComp\Governor.ElmDsl,gov_MAN Governor/Actuator_v3,SmD:IntMat,7,9,23.0
\VM-PF.IntUser\PDD 30-09-2025.IntPrj\Network Model.IntPrjfolder\Network Data.IntPrjfolder\SUR 138 kV.ElmNet\POWERSHIP AZUA KPS 26.ElmSite\Planta_POWERSHIP AZUA KPS26 2.ElmComp\MAN 18V/51/60DDF.ElmComp\Governor.ElmDsl,gov_MAN Governor/Actuator_v3,SmD:IntMat,7,10,23.0
\VM-PF.IntUser\PDD 30-09-2025.IntPrj\Network Model.IntPrjfolder\Network Data.IntPrjfolder\SUR 138 kV.ElmNet\POWERSHIP AZUA KPS 26.ElmSite\Planta_POWERSHIP AZUA KPS26 2.ElmComp\MAN 18V/51/60DDF.ElmComp\Governor.ElmDsl,gov_MAN Governor/Actuator_v3,SmI:IntMat,0,0,0.0
\VM-PF.IntUser\PDD 30-09-2025.IntPrj\Network Model.IntPrjfolder\Network Data.IntPrjfolder\SUR 138 kV.ElmNet\POWERSHIP AZUA KPS 26.ElmSite\Planta_POWERSHIP AZUA KPS26 2.ElmComp\MAN 18V/51/60DDF.ElmComp\Governor.ElmDsl,gov_MAN Governor/Actuator_v3,SmI:IntMat,0,1,0.0
\VM-PF.IntUser\PDD 30-09-2025.IntPrj\Network Model.IntPrjfolder\Network Data.IntPrjfolder\SUR 138 kV.ElmNet\POWERSHIP AZUA KPS 26.ElmSite\Planta_POWERSHIP AZUA KPS26 2.ElmComp\MAN 18V/51/60DDF.ElmComp\Governor.ElmDsl,gov_MAN Governor/Actuator_v3,SmI:IntMat,0,2,10.0
\VM-PF.IntUser\PDD 30-09-2025.IntPrj\Network Model.IntPrjfolder\Network Data.IntPrjfolder\SUR 138 kV.ElmNet\POWERSHIP AZUA KPS 26.ElmSite\Planta_POWERSHIP AZUA KPS26 2.ElmComp\MAN 18V/51/60DDF.ElmComp\Governor.ElmDsl,gov_MAN Governor/Actuator_v3,SmI:IntMat,0,3,20.0
\VM-PF.IntUser\PDD 30-09-2025.IntPrj\Network Model.IntPrjfolder\Network Data.IntPrjfolder\SUR 138 kV.ElmNet\POWERSHIP AZUA KPS 26.ElmSite\Planta_POWERSHIP AZUA KPS26 2.ElmComp\MAN 18V/51/60DDF.ElmComp\Governor.ElmDsl,gov_MAN Governor/Actuator_v3,SmI:IntMat,0,4,30.0
\VM-PF.IntUser\PDD 30-09-2025.IntPrj\Network Model.IntPrjfolder\Network Data.IntPrjfolder\SUR 138 kV.ElmNet\POWERSHIP AZUA KPS 26.ElmSite\Planta_POWERSHIP AZUA KPS26 2.ElmComp\MAN 18V/51/60DDF.ElmComp\Governor.ElmDsl,gov_MAN Governor/Actuator_v3,SmI:IntMat,0,5,42.0
\VM-PF.IntUser\PDD 30-09-2025.IntPrj\Network Model.IntPrjfolder\Network Data.IntPrjfolder\SUR 138 kV.ElmNet\POWERSHIP AZUA KPS 26.ElmSite\Planta_POWERSHIP AZUA KPS26 2.ElmComp\MAN 18V/51/60DDF.ElmComp\Governor.ElmDsl,gov_MAN Governor/Actuator_v3,SmI:IntMat,0,6,60.0
\VM-PF.IntUser\PDD 30-09-2025.IntPrj\Network Model.IntPrjfolder\Network Data.IntPrjfolder\SUR 138 kV.ElmNet\POWERSHIP AZUA KPS 26.ElmSite\Planta_POWERSHIP AZUA KPS26 2.ElmComp\MAN 18V/51/60DDF.ElmComp\Governor.ElmDsl,gov_MAN Governor/Actuator_v3,SmI:IntMat,0,7,73.0
\VM-PF.IntUser\PDD 30-09-2025.IntPrj\Network Model.IntPrjfolder\Network Data.IntPrjfolder\SUR 138 kV.ElmNet\POWERSHIP AZUA KPS 26.ElmSite\Planta_POWERSHIP AZUA KPS26 2.ElmComp\MAN 18V/51/60DDF.ElmComp\Governor.ElmDsl,gov_MAN Governor/Actuator_v3,SmI:IntMat,0,8,83.0
\VM-PF.IntUser\PDD 30-09-2025.IntPrj\Network Model.IntPrjfolder\Network Data.IntPrjfolder\SUR 138 kV.ElmNet\POWERSHIP AZUA KPS 26.ElmSite\Planta_POWERSHIP AZUA KPS26 2.ElmComp\MAN 18V/51/60DDF.ElmComp\Governor.ElmDsl,gov_MAN Governor/Actuator_v3,SmI:IntMat,0,9,90.0
\VM-PF.IntUser\PDD 30-09-2025.IntPrj\Network Model.IntPrjfolder\Network Data.IntPrjfolder\SUR 138 kV.ElmNet\POWERSHIP AZUA KPS 26.ElmSite\Planta_POWERSHIP AZUA KPS26 2.ElmComp\MAN 18V/51/60DDF.ElmComp\Governor.ElmDsl,gov_MAN Governor/Actuator_v3,SmI:IntMat,0,10,100.0
\VM-PF.IntUser\PDD 30-09-2025.IntPrj\Network Model.IntPrjfolder\Network Data.IntPrjfolder\SUR 138 kV.ElmNet\POWERSHIP AZUA KPS 26.ElmSite\Planta_POWERSHIP AZUA KPS26 2.ElmComp\MAN 18V/51/60DDF.ElmComp\Governor.ElmDsl,gov_MAN Governor/Actuator_v3,SmI:IntMat,1,0,0.0
\VM-PF.IntUser\PDD 30-09-2025.IntPrj\Network Model.IntPrjfolder\Network Data.IntPrjfolder\SUR 138 kV.ElmNet\POWERSHIP AZUA KPS 26.ElmSite\Planta_POWERSHIP AZUA KPS26 2.ElmComp\MAN 18V/51/60DDF.ElmComp\Governor.ElmDsl,gov_MAN Governor/Actuator_v3,SmI:IntMat,1,1,200.0
\VM-PF.IntUser\PDD 30-09-2025.IntPrj\Network Model.IntPrjfolder\Network Data.IntPrjfolder\SUR 138 kV.ElmNet\POWERSHIP AZUA KPS 26.ElmSite\Planta_POWERSHIP AZUA KPS26 2.ElmComp\MAN 18V/51/60DDF.ElmComp\Governor.ElmDsl,gov_MAN Governor/Actuator_v3,SmI:IntMat,1,2,200.0
\VM-PF.IntUser\PDD 30-09-2025.IntPrj\Network Model.IntPrjfolder\Network Data.IntPrjfolder\SUR 138 kV.ElmNet\POWERSHIP AZUA KPS 26.ElmSite\Planta_POWERSHIP AZUA KPS26 2.ElmComp\MAN 18V/51/60DDF.ElmComp\Governor.ElmDsl,gov_MAN Governor/Actuator_v3,SmI:IntMat,1,3,200.0
\VM-PF.IntUser\PDD 30-09-2025.IntPrj\Network Model.IntPrjfolder\Network Data.IntPrjfolder\SUR 138 kV.ElmNet\POWERSHIP AZUA KPS 26.ElmSite\Planta_POWERSHIP AZUA KPS26 2.ElmComp\MAN 18V/51/60DDF.ElmComp\Governor.ElmDsl,gov_MAN Governor/Actuator_v3,SmI:IntMat,1,4,200.0
\VM-PF.IntUser\PDD 30-09-2025.IntPrj\Network Model.IntPrjfolder\Network Data.IntPrjfolder\SUR 138 kV.ElmNet\POWERSHIP AZUA KPS 26.ElmSite\Planta_POWERSHIP AZUA KPS26 2.ElmComp\MAN 18V/51/60DDF.ElmComp\Governor.ElmDsl,gov_MAN Governor/Actuator_v3,SmI:IntMat,1,5,200.0
\VM-PF.IntUser\PDD 30-09-2025.IntPrj\Network Model.IntPrjfolder\Network Data.IntPrjfolder\SUR 138 kV.ElmNet\POWERSHIP AZUA KPS 26.ElmSite\Planta_POWERSHIP AZUA KPS26 2.ElmComp\MAN 18V/51/60DDF.ElmComp\Governor.ElmDsl,gov_MAN Governor/Actuator_v3,SmI:IntMat,1,6,60.0
\VM-PF.IntUser\PDD 30-09-2025.IntPrj\Network Model.IntPrjfolder\Network Data.IntPrjfolder\SUR 138 kV.ElmNet\POWERSHIP AZUA KPS 26.ElmSite\Planta_POWERSHIP AZUA KPS26 2.ElmComp\MAN 18V/51/60DDF.ElmComp\Governor.ElmDsl,gov_MAN Governor/Actuator_v3,SmI:IntMat,1,7,100.0
\VM-PF.IntUser\PDD 30-09-2025.IntPrj\Network Model.IntPrjfolder\Network Data.IntPrjfolder\SUR 138 kV.ElmNet\POWERSHIP AZUA KPS 26.ElmSite\Planta_POWERSHIP AZUA KPS26 2.ElmComp\MAN 18V/51/60DDF.ElmComp\Governor.ElmDsl,gov_MAN Governor/Actuator_v3,SmI:IntMat,1,8,100.0
\VM-PF.IntUser\PDD 30-09-2025.IntPrj\Network Model.IntPrjfolder\Network Data.IntPrjfolder\SUR 138 kV.ElmNet\POWERSHIP AZUA KPS 26.ElmSite\Planta_POWERSHIP AZUA KPS26 2.ElmComp\MAN 18V/51/60DDF.ElmComp\Governor.ElmDsl,gov_MAN Governor/Actuator_v3,SmI:IntMat,1,9,100.0
\VM-PF.IntUser\PDD 30-09-2025.IntPrj\Network Model.IntPrjfolder\Network Data.IntPrjfolder\SUR 138 kV.ElmNet\POWERSHIP AZUA KPS 26.ElmSite\Planta_POWERSHIP AZUA KPS26 2.ElmComp\MAN 18V/51/60DDF.ElmComp\Governor.ElmDsl,gov_MAN Governor/Actuator_v3,SmI:IntMat,1,10,100.0
\VM-PF.IntUser\PDD 30-09-2025.IntPrj\Network Model.IntPrjfolder\Network Data.IntPrjfolder\SUR 138 kV.ElmNet\POWERSHIP AZUA KPS 26.ElmSite\Planta_POWERSHIP AZUA KPS26 2.ElmComp\MAN 18V/51/60DDF.ElmComp\Governor.ElmDsl,gov_MAN Governor/Actuator_v3,SmI:IntMat,2,0,100.0
\VM-PF.IntUser\PDD 30-09-2025.IntPrj\Network Model.IntPrjfolder\Network Data.IntPrjfolder\SUR 138 kV.ElmNet\POWERSHIP AZUA KPS 26.ElmSite\Planta_POWERSHIP AZUA KPS26 2.ElmComp\MAN 18V/51/60DDF.ElmComp\Governor.ElmDsl,gov_MAN Governor/Actuator_v3,SmI:IntMat,2,1,180.0
\VM-PF.IntUser\PDD 30-09-2025.IntPrj\Network Model.IntPrjfolder\Network Data.IntPrjfolder\SUR 138 kV.ElmNet\POWERSHIP AZUA KPS 26.ElmSite\Planta_POWERSHIP AZUA KPS26 2.ElmComp\MAN 18V/51/60DDF.ElmComp\Governor.ElmDsl,gov_MAN Governor/Actuator_v3,SmI:IntMat,2,2,180.0
\VM-PF.IntUser\PDD 30-09-2025.IntPrj\Network Model.IntPrjfolder\Network Data.IntPrjfolder\SUR 138 kV.ElmNet\POWERSHIP AZUA KPS 26.ElmSite\Planta_POWERSHIP AZUA KPS26 2.ElmComp\MAN 18V/51/60DDF.ElmComp\Governor.ElmDsl,gov_MAN Governor/Actuator_v3,SmI:IntMat,2,3,180.0
\VM-PF.IntUser\PDD 30-09-2025.IntPrj\Network Model.IntPrjfolder\Network Data.IntPrjfolder\SUR 138 kV.ElmNet\POWERSHIP AZUA KPS 26.ElmSite\Planta_POWERSHIP AZUA KPS26 2.ElmComp\MAN 18V/51/60DDF.ElmComp\Governor.ElmDsl,gov_MAN Governor/Actuator_v3,SmI:IntMat,2,4,180.0
\VM-PF.IntUser\PDD 30-09-2025.IntPrj\Network Model.IntPrjfolder\Network Data.IntPrjfolder\SUR 138 kV.ElmNet\POWERSHIP AZUA KPS 26.ElmSite\Planta_POWERSHIP AZUA KPS26 2.ElmComp\MAN 18V/51/60DDF.ElmComp\Governor.ElmDsl,gov_MAN Governor/Actuator_v3,SmI:IntMat,2,5,180.0
\VM-PF.IntUser\PDD 30-09-2025.IntPrj\Network Model.IntPrjfolder\Network Data.IntPrjfolder\SUR 138 kV.ElmNet\POWERSHIP AZUA KPS 26.ElmSite\Planta_POWERSHIP AZUA KPS26 2.ElmComp\MAN 18V/51/60DDF.ElmComp\Governor.ElmDsl,gov_MAN Governor/Actuator_v3,SmI:IntMat,2,6,50.0
\VM-PF.IntUser\PDD 30-09-2025.IntPrj\Network Model.IntPrjfolder\Network Data.IntPrjfolder\SUR 138 kV.ElmNet\POWERSHIP AZUA KPS 26.ElmSite\Planta_POWERSHIP AZUA KPS26 2.ElmComp\MAN 18V/51/60DDF.ElmComp\Governor.ElmDsl,gov_MAN Governor/Actuator_v3,SmI:IntMat,2,7,100.0
\VM-PF.IntUser\PDD 30-09-2025.IntPrj\Network Model.IntPrjfolder\Network Data.IntPrjfolder\SUR 138 kV.ElmNet\POWERSHIP AZUA KPS 26.ElmSite\Planta_POWERSHIP AZUA KPS26 2.ElmComp\MAN 18V/51/60DDF.ElmComp\Governor.ElmDsl,gov_MAN Governor/Actuator_v3,SmI:IntMat,2,8,100.0
\VM-PF.IntUser\PDD 30-09-2025.IntPrj\Network Model.IntPrjfolder\Network Data.IntPrjfolder\SUR 138 kV.ElmNet\POWERSHIP AZUA KPS 26.ElmSite\Planta_POWERSHIP AZUA KPS26 2.ElmComp\MAN 18V/51/60DDF.ElmComp\Governor.ElmDsl,gov_MAN Governor/Actuator_v3,SmI:IntMat,2,9,100.0
\VM-PF.IntUser\PDD 30-09-2025.IntPrj\Network Model.IntPrjfolder\Network Data.IntPrjfolder\SUR 138 kV.ElmNet\POWERSHIP AZUA KPS 26.ElmSite\Planta_POWERSHIP AZUA KPS26 2.ElmComp\MAN 18V/51/60DDF.ElmComp\Governor.ElmDsl,gov_MAN Governor/Actuator_v3,SmI:IntMat,2,10,100.0
\VM-PF.IntUser\PDD 30-09-2025.IntPrj\Network Model.IntPrjfolder\Network Data.IntPrjfolder\SUR 138 kV.ElmNet\POWERSHIP AZUA KPS 26.ElmSite\Planta_POWERSHIP AZUA KPS26 2.ElmComp\MAN 18V/51/60DDF.ElmComp\Governor.ElmDsl,gov_MAN Governor/Actuator_v3,SmI:IntMat,3,0,200.0
\VM-PF.IntUser\PDD 30-09-2025.IntPrj\Network Model.IntPrjfolder\Network Data.IntPrjfolder\SUR 138 kV.ElmNet\POWERSHIP AZUA KPS 26.ElmSite\Planta_POWERSHIP AZUA KPS26 2.ElmComp\MAN 18V/51/60DDF.ElmComp\Governor.ElmDsl,gov_MAN Governor/Actuator_v3,SmI:IntMat,3,1,120.0
\VM-PF.IntUser\PDD 30-09-2025.IntPrj\Network Model.IntPrjfolder\Network Data.IntPrjfolder\SUR 138 kV.ElmNet\POWERSHIP AZUA KPS 26.ElmSite\Planta_POWERSHIP AZUA KPS26 2.ElmComp\MAN 18V/51/60DDF.ElmComp\Governor.ElmDsl,gov_MAN Governor/Actuator_v3,SmI:IntMat,3,2,120.0
\VM-PF.IntUser\PDD 30-09-2025.IntPrj\Network Model.IntPrjfolder\Network Data.IntPrjfolder\SUR 138 kV.ElmNet\POWERSHIP AZUA KPS 26.ElmSite\Planta_POWERSHIP AZUA KPS26 2.ElmComp\MAN 18V/51/60DDF.ElmComp\Governor.ElmDsl,gov_MAN Governor/Actuator_v3,SmI:IntMat,3,3,120.0
\VM-PF.IntUser\PDD 30-09-2025.IntPrj\Network Model.IntPrjfolder\Network Data.IntPrjfolder\SUR 138 kV.ElmNet\POWERSHIP AZUA KPS 26.ElmSite\Planta_POWERSHIP AZUA KPS26 2.ElmComp\MAN 18V/51/60DDF.ElmComp\Governor.ElmDsl,gov_MAN Governor/Actuator_v3,SmI:IntMat,3,4,120.0
\VM-PF.IntUser\PDD 30-09-2025.IntPrj\Network Model.IntPrjfolder\Network Data.IntPrjfolder\SUR 138 kV.ElmNet\POWERSHIP AZUA KPS 26.ElmSite\Planta_POWERSHIP AZUA KPS26 2.ElmComp\MAN 18V/51/60DDF.ElmComp\Governor.ElmDsl,gov_MAN Governor/Actuator_v3,SmI:IntMat,3,5,120.0
\VM-PF.IntUser\PDD 30-09-2025.IntPrj\Network Model.IntPrjfolder\Network Data.IntPrjfolder\SUR 138 kV.ElmNet\POWERSHIP AZUA KPS 26.ElmSite\Planta_POWERSHIP AZUA KPS26 2.ElmComp\MAN 18V/51/60DDF.ElmComp\Governor.ElmDsl,gov_MAN Governor/Actuator_v3,SmI:IntMat,3,6,45.0
\VM-PF.IntUser\PDD 30-09-2025.IntPrj\Network Model.IntPrjfolder\Network Data.IntPrjfolder\SUR 138 kV.ElmNet\POWERSHIP AZUA KPS 26.ElmSite\Planta_POWERSHIP AZUA KPS26 2.ElmComp\MAN 18V/51/60DDF.ElmComp\Governor.ElmDsl,gov_MAN Governor/Actuator_v3,SmI:IntMat,3,7,100.0
\VM-PF.IntUser\PDD 30-09-2025.IntPrj\Network Model.IntPrjfolder\Network Data.IntPrjfolder\SUR 138 kV.ElmNet\POWERSHIP AZUA KPS 26.ElmSite\Planta_POWERSHIP AZUA KPS26 2.ElmComp\MAN 18V/51/60DDF.ElmComp\Governor.ElmDsl,gov_MAN Governor/Actuator_v3,SmI:IntMat,3,8,100.0
\VM-PF.IntUser\PDD 30-09-2025.IntPrj\Network Model.IntPrjfolder\Network Data.IntPrjfolder\SUR 138 kV.ElmNet\POWERSHIP AZUA KPS 26.ElmSite\Planta_POWERSHIP AZUA KPS26 2.ElmComp\MAN 18V/51/60DDF.ElmComp\Governor.ElmDsl,gov_MAN Governor/Actuator_v3,SmI:IntMat,3,9,100.0
\VM-PF.IntUser\PDD 30-09-2025.IntPrj\Network Model.IntPrjfolder\Network Data.IntPrjfolder\SUR 138 kV.ElmNet\POWERSHIP AZUA KPS 26.ElmSite\Planta_POWERSHIP AZUA KPS26 2.ElmComp\MAN 18V/51/60DDF.ElmComp\Governor.ElmDsl,gov_MAN Governor/Actuator_v3,SmI:IntMat,3,10,100.0
\VM-PF.IntUser\PDD 30-09-2025.IntPrj\Network Model.IntPrjfolder\Network Data.IntPrjfolder\SUR 138 kV.ElmNet\POWERSHIP AZUA KPS 26.ElmSite\Planta_POWERSHIP AZUA KPS26 2.ElmComp\MAN 18V/51/60DDF.ElmComp\Governor.ElmDsl,gov_MAN Governor/Actuator_v3,SmI:IntMat,4,0,300.0
\VM-PF.IntUser\PDD 30-09-2025.IntPrj\Network Model.IntPrjfolder\Network Data.IntPrjfolder\SUR 138 kV.ElmNet\POWERSHIP AZUA KPS 26.ElmSite\Planta_POWERSHIP AZUA KPS26 2.ElmComp\MAN 18V/51/60DDF.ElmComp\Governor.ElmDsl,gov_MAN Governor/Actuator_v3,SmI:IntMat,4,1,40.0
\VM-PF.IntUser\PDD 30-09-2025.IntPrj\Network Model.IntPrjfolder\Network Data.IntPrjfolder\SUR 138 kV.ElmNet\POWERSHIP AZUA KPS 26.ElmSite\Planta_POWERSHIP AZUA KPS26 2.ElmComp\MAN 18V/51/60DDF.ElmComp\Governor.ElmDsl,gov_MAN Governor/Actuator_v3,SmI:IntMat,4,2,40.0
\VM-PF.IntUser\PDD 30-09-2025.IntPrj\Network Model.IntPrjfolder\Network Data.IntPrjfolder\SUR 138 kV.ElmNet\POWERSHIP AZUA KPS 26.ElmSite\Planta_POWERSHIP AZUA KPS26 2.ElmComp\MAN 18V/51/60DDF.ElmComp\Governor.ElmDsl,gov_MAN Governor/Actuator_v3,SmI:IntMat,4,3,40.0
\VM-PF.IntUser\PDD 30-09-2025.IntPrj\Network Model.IntPrjfolder\Network Data.IntPrjfolder\SUR 138 kV.ElmNet\POWERSHIP AZUA KPS 26.ElmSite\Planta_POWERSHIP AZUA KPS26 2.ElmComp\MAN 18V/51/60DDF.ElmComp\Governor.ElmDsl,gov_MAN Governor/Actuator_v3,SmI:IntMat,4,4,40.0
\VM-PF.IntUser\PDD 30-09-2025.IntPrj\Network Model.IntPrjfolder\Network Data.IntPrjfolder\SUR 138 kV.ElmNet\POWERSHIP AZUA KPS 26.ElmSite\Planta_POWERSHIP AZUA KPS26 2.ElmComp\MAN 18V/51/60DDF.ElmComp\Governor.ElmDsl,gov_MAN Governor/Actuator_v3,SmI:IntMat,4,5,40.0
\VM-PF.IntUser\PDD 30-09-2025.IntPrj\Network Model.IntPrjfolder\Network Data.IntPrjfolder\SUR 138 kV.ElmNet\POWERSHIP AZUA KPS 26.ElmSite\Planta_POWERSHIP AZUA KPS26 2.ElmComp\MAN 18V/51/60DDF.ElmComp\Governor.ElmDsl,gov_MAN Governor/Actuator_v3,SmI:IntMat,4,6,40.0
\VM-PF.IntUser\PDD 30-09-2025.IntPrj\Network Model.IntPrjfolder\Network Data.IntPrjfolder\SUR 138 kV.ElmNet\POWERSHIP AZUA KPS 26.ElmSite\Planta_POWERSHIP AZUA KPS26 2.ElmComp\MAN 18V/51/60DDF.ElmComp\Governor.ElmDsl,gov_MAN Governor/Actuator_v3,SmI:IntMat,4,7,100.0
\VM-PF.IntUser\PDD 30-09-2025.IntPrj\Network Model.IntPrjfolder\Network Data.IntPrjfolder\SUR 138 kV.ElmNet\POWERSHIP AZUA KPS 26.ElmSite\Planta_POWERSHIP AZUA KPS26 2.ElmComp\MAN 18V/51/60DDF.ElmComp\Governor.ElmDsl,gov_MAN Governor/Actuator_v3,SmI:IntMat,4,8,100.0
\VM-PF.IntUser\PDD 30-09-2025.IntPrj\Network Model.IntPrjfolder\Network Data.IntPrjfolder\SUR 138 kV.ElmNet\POWERSHIP AZUA KPS 26.ElmSite\Planta_POWERSHIP AZUA KPS26 2.ElmComp\MAN 18V/51/60DDF.ElmComp\Governor.ElmDsl,gov_MAN Governor/Actuator_v3,SmI:IntMat,4,9,100.0
\VM-PF.IntUser\PDD 30-09-2025.IntPrj\Network Model.IntPrjfolder\Network Data.IntPrjfolder\SUR 138 kV.ElmNet\POWERSHIP AZUA KPS 26.ElmSite\Planta_POWERSHIP AZUA KPS26 2.ElmComp\MAN 18V/51/60DDF.ElmComp\Governor.ElmDsl,gov_MAN Governor/Actuator_v3,SmI:IntMat,4,10,100.0
\VM-PF.IntUser\PDD 30-09-2025.IntPrj\Network Model.IntPrjfolder\Network Data.IntPrjfolder\SUR 138 kV.ElmNet\POWERSHIP AZUA KPS 26.ElmSite\Planta_POWERSHIP AZUA KPS26 2.ElmComp\MAN 18V/51/60DDF.ElmComp\Governor.ElmDsl,gov_MAN Governor/Actuator_v3,SmI:IntMat,5,0,400.0
\VM-PF.IntUser\PDD 30-09-2025.IntPrj\Network Model.IntPrjfolder\Network Data.IntPrjfolder\SUR 138 kV.ElmNet\POWERSHIP AZUA KPS 26.ElmSite\Planta_POWERSHIP AZUA KPS26 2.ElmComp\MAN 18V/51/60DDF.ElmComp\Governor.ElmDsl,gov_MAN Governor/Actuator_v3,SmI:IntMat,5,1,40.0
\VM-PF.IntUser\PDD 30-09-2025.IntPrj\Network Model.IntPrjfolder\Network Data.IntPrjfolder\SUR 138 kV.ElmNet\POWERSHIP AZUA KPS 26.ElmSite\Planta_POWERSHIP AZUA KPS26 2.ElmComp\MAN 18V/51/60DDF.ElmComp\Governor.ElmDsl,gov_MAN Governor/Actuator_v3,SmI:IntMat,5,2,40.0
\VM-PF.IntUser\PDD 30-09-2025.IntPrj\Network Model.IntPrjfolder\Network Data.IntPrjfolder\SUR 138 kV.ElmNet\POWERSHIP AZUA KPS 26.ElmSite\Planta_POWERSHIP AZUA KPS26 2.ElmComp\MAN 18V/51/60DDF.ElmComp\Governor.ElmDsl,gov_MAN Governor/Actuator_v3,SmI:IntMat,5,3,50.0
\VM-PF.IntUser\PDD 30-09-2025.IntPrj\Network Model.IntPrjfolder\Network Data.IntPrjfolder\SUR 138 kV.ElmNet\POWERSHIP AZUA KPS 26.ElmSite\Planta_POWERSHIP AZUA KPS26 2.ElmComp\MAN 18V/51/60DDF.ElmComp\Governor.ElmDsl,gov_MAN Governor/Actuator_v3,SmI:IntMat,5,4,80.0
\VM-PF.IntUser\PDD 30-09-2025.IntPrj\Network Model.IntPrjfolder\Network Data.IntPrjfolder\SUR 138 kV.ElmNet\POWERSHIP AZUA KPS 26.ElmSite\Planta_POWERSHIP AZUA KPS26 2.ElmComp\MAN 18V/51/60DDF.ElmComp\Governor.ElmDsl,gov_MAN Governor/Actuator_v3,SmI:IntMat,5,5,95.0
\VM-PF.IntUser\PDD 30-09-2025.IntPrj\Network Model.IntPrjfolder\Network Data.IntPrjfolder\SUR 138 kV.ElmNet\POWERSHIP AZUA KPS 26.ElmSite\Planta_POWERSHIP AZUA KPS26 2.ElmComp\MAN 18V/51/60DDF.ElmComp\Governor.ElmDsl,gov_MAN Governor/Actuator_v3,SmI:IntMat,5,6,95.0
\VM-PF.IntUser\PDD 30-09-2025.IntPrj\Network Model.IntPrjfolder\Network Data.IntPrjfolder\SUR 138 kV.ElmNet\POWERSHIP AZUA KPS 26.ElmSite\Planta_POWERSHIP AZUA KPS26 2.ElmComp\MAN 18V/51/60DDF.ElmComp\Governor.ElmDsl,gov_MAN Governor/Actuator_v3,SmI:IntMat,5,7,100.0
\VM-PF.IntUser\PDD 30-09-2025.IntPrj\Network Model.IntPrjfolder\Network Data.IntPrjfolder\SUR 138 kV.ElmNet\POWERSHIP AZUA KPS 26.ElmSite\Planta_POWERSHIP AZUA KPS26 2.ElmComp\MAN 18V/51/60DDF.ElmComp\Governor.ElmDsl,gov_MAN Governor/Actuator_v3,SmI:IntMat,5,8,100.0
\VM-PF.IntUser\PDD 30-09-2025.IntPrj\Network Model.IntPrjfolder\Network Data.IntPrjfolder\SUR 138 kV.ElmNet\POWERSHIP AZUA KPS 26.ElmSite\Planta_POWERSHIP AZUA KPS26 2.ElmComp\MAN 18V/51/60DDF.ElmComp\Governor.ElmDsl,gov_MAN Governor/Actuator_v3,SmI:IntMat,5,9,100.0
\VM-PF.IntUser\PDD 30-09-2025.IntPrj\Network Model.IntPrjfolder\Network Data.IntPrjfolder\SUR 138 kV.ElmNet\POWERSHIP AZUA KPS 26.ElmSite\Planta_POWERSHIP AZUA KPS26 2.ElmComp\MAN 18V/51/60DDF.ElmComp\Governor.ElmDsl,gov_MAN Governor/Actuator_v3,SmI:IntMat,5,10,100.0
\VM-PF.IntUser\PDD 30-09-2025.IntPrj\Network Model.IntPrjfolder\Network Data.IntPrjfolder\SUR 138 kV.ElmNet\POWERSHIP AZUA KPS 26.ElmSite\Planta_POWERSHIP AZUA KPS26 2.ElmComp\MAN 18V/51/60DDF.ElmComp\Governor.ElmDsl,gov_MAN Governor/Actuator_v3,SmI:IntMat,6,0,514.0
\VM-PF.IntUser\PDD 30-09-2025.IntPrj\Network Model.IntPrjfolder\Network Data.IntPrjfolder\SUR 138 kV.ElmNet\POWERSHIP AZUA KPS 26.ElmSite\Planta_POWERSHIP AZUA KPS26 2.ElmComp\MAN 18V/51/60DDF.ElmComp\Governor.ElmDsl,gov_MAN Governor/Actuator_v3,SmI:IntMat,6,1,50.0
\VM-PF.IntUser\PDD 30-09-2025.IntPrj\Network Model.IntPrjfolder\Network Data.IntPrjfolder\SUR 138 kV.ElmNet\POWERSHIP AZUA KPS 26.ElmSite\Planta_POWERSHIP AZUA KPS26 2.ElmComp\MAN 18V/51/60DDF.ElmComp\Governor.ElmDsl,gov_MAN Governor/Actuator_v3,SmI:IntMat,6,2,45.0
\VM-PF.IntUser\PDD 30-09-2025.IntPrj\Network Model.IntPrjfolder\Network Data.IntPrjfolder\SUR 138 kV.ElmNet\POWERSHIP AZUA KPS 26.ElmSite\Planta_POWERSHIP AZUA KPS26 2.ElmComp\MAN 18V/51/60DDF.ElmComp\Governor.ElmDsl,gov_MAN Governor/Actuator_v3,SmI:IntMat,6,3,50.0
\VM-PF.IntUser\PDD 30-09-2025.IntPrj\Network Model.IntPrjfolder\Network Data.IntPrjfolder\SUR 138 kV.ElmNet\POWERSHIP AZUA KPS 26.ElmSite\Planta_POWERSHIP AZUA KPS26 2.ElmComp\MAN 18V/51/60DDF.ElmComp\Governor.ElmDsl,gov_MAN Governor/Actuator_v3,SmI:IntMat,6,4,80.0
\VM-PF.IntUser\PDD 30-09-2025.IntPrj\Network Model.IntPrjfolder\Network Data.IntPrjfolder\SUR 138 kV.ElmNet\POWERSHIP AZUA KPS 26.ElmSite\Planta_POWERSHIP AZUA KPS26 2.ElmComp\MAN 18V/51/60DDF.ElmComp\Governor.ElmDsl,gov_MAN Governor/Actuator_v3,SmI:IntMat,6,5,95.0
\VM-PF.IntUser\PDD 30-09-2025.IntPrj\Network Model.IntPrjfolder\Network Data.IntPrjfolder\SUR 138 kV.ElmNet\POWERSHIP AZUA KPS 26.ElmSite\Planta_POWERSHIP AZUA KPS26 2.ElmComp\MAN 18V/51/60DDF.ElmComp\Governor.ElmDsl,gov_MAN Governor/Actuator_v3,SmI:IntMat,6,6,95.0
\VM-PF.IntUser\PDD 30-09-2025.IntPrj\Network Model.IntPrjfolder\Network Data.IntPrjfolder\SUR 138 kV.ElmNet\POWERSHIP AZUA KPS 26.ElmSite\Planta_POWERSHIP AZUA KPS26 2.ElmComp\MAN 18V/51/60DDF.ElmComp\Governor.ElmDsl,gov_MAN Governor/Actuator_v3,SmI:IntMat,6,7,100.0
\VM-PF.IntUser\PDD 30-09-2025.IntPrj\Network Model.IntPrjfolder\Network Data.IntPrjfolder\SUR 138 kV.ElmNet\POWERSHIP AZUA KPS 26.ElmSite\Planta_POWERSHIP AZUA KPS26 2.ElmComp\MAN 18V/51/60DDF.ElmComp\Governor.ElmDsl,gov_MAN Governor/Actuator_v3,SmI:IntMat,6,8,100.0
\VM-PF.IntUser\PDD 30-09-2025.IntPrj\Network Model.IntPrjfolder\Network Data.IntPrjfolder\SUR 138 kV.ElmNet\POWERSHIP AZUA KPS 26.ElmSite\Planta_POWERSHIP AZUA KPS26 2.ElmComp\MAN 18V/51/60DDF.ElmComp\Governor.ElmDsl,gov_MAN Governor/Actuator_v3,SmI:IntMat,6,9,110.0
\VM-PF.IntUser\PDD 30-09-2025.IntPrj\Network Model.IntPrjfolder\Network Data.IntPrjfolder\SUR 138 kV.ElmNet\POWERSHIP AZUA KPS 26.ElmSite\Planta_POWERSHIP AZUA KPS26 2.ElmComp\MAN 18V/51/60DDF.ElmComp\Governor.ElmDsl,gov_MAN Governor/Actuator_v3,SmI:IntMat,6,10,110.0
\VM-PF.IntUser\PDD 30-09-2025.IntPrj\Network Model.IntPrjfolder\Network Data.IntPrjfolder\SUR 138 kV.ElmNet\POWERSHIP AZUA KPS 26.ElmSite\Planta_POWERSHIP AZUA KPS26 2.ElmComp\MAN 18V/51/60DDF.ElmComp\Governor.ElmDsl,gov_MAN Governor/Actuator_v3,SmI:IntMat,7,0,550.0
\VM-PF.IntUser\PDD 30-09-2025.IntPrj\Network Model.IntPrjfolder\Network Data.IntPrjfolder\SUR 138 kV.ElmNet\POWERSHIP AZUA KPS 26.ElmSite\Planta_POWERSHIP AZUA KPS26 2.ElmComp\MAN 18V/51/60DDF.ElmComp\Governor.ElmDsl,gov_MAN Governor/Actuator_v3,SmI:IntMat,7,1,65.0
\VM-PF.IntUser\PDD 30-09-2025.IntPrj\Network Model.IntPrjfolder\Network Data.IntPrjfolder\SUR 138 kV.ElmNet\POWERSHIP AZUA KPS 26.ElmSite\Planta_POWERSHIP AZUA KPS26 2.ElmComp\MAN 18V/51/60DDF.ElmComp\Governor.ElmDsl,gov_MAN Governor/Actuator_v3,SmI:IntMat,7,2,70.0
\VM-PF.IntUser\PDD 30-09-2025.IntPrj\Network Model.IntPrjfolder\Network Data.IntPrjfolder\SUR 138 kV.ElmNet\POWERSHIP AZUA KPS 26.ElmSite\Planta_POWERSHIP AZUA KPS26 2.ElmComp\MAN 18V/51/60DDF.ElmComp\Governor.ElmDsl,gov_MAN Governor/Actuator_v3,SmI:IntMat,7,3,70.0
\VM-PF.IntUser\PDD 30-09-2025.IntPrj\Network Model.IntPrjfolder\Network Data.IntPrjfolder\SUR 138 kV.ElmNet\POWERSHIP AZUA KPS 26.ElmSite\Planta_POWERSHIP AZUA KPS26 2.ElmComp\MAN 18V/51/60DDF.ElmComp\Governor.ElmDsl,gov_MAN Governor/Actuator_v3,SmI:IntMat,7,4,80.0
\VM-PF.IntUser\PDD 30-09-2025.IntPrj\Network Model.IntPrjfolder\Network Data.IntPrjfolder\SUR 138 kV.ElmNet\POWERSHIP AZUA KPS 26.ElmSite\Planta_POWERSHIP AZUA KPS26 2.ElmComp\MAN 18V/51/60DDF.ElmComp\Governor.ElmDsl,gov_MAN Governor/Actuator_v3,SmI:IntMat,7,5,100.0
\VM-PF.IntUser\PDD 30-09-2025.IntPrj\Network Model.IntPrjfolder\Network Data.IntPrjfolder\SUR 138 kV.ElmNet\POWERSHIP AZUA KPS 26.ElmSite\Planta_POWERSHIP AZUA KPS26 2.ElmComp\MAN 18V/51/60DDF.ElmComp\Governor.ElmDsl,gov_MAN Governor/Actuator_v3,SmI:IntMat,7,6,100.0
\VM-PF.IntUser\PDD 30-09-2025.IntPrj\Network Model.IntPrjfolder\Network Data.IntPrjfolder\SUR 138 kV.ElmNet\POWERSHIP AZUA KPS 26.ElmSite\Planta_POWERSHIP AZUA KPS26 2.ElmComp\MAN 18V/51/60DDF.ElmComp\Governor.ElmDsl,gov_MAN Governor/Actuator_v3,SmI:IntMat,7,7,100.0
\VM-PF.IntUser\PDD 30-09-2025.IntPrj\Network Model.IntPrjfolder\Network Data.IntPrjfolder\SUR 138 kV.ElmNet\POWERSHIP AZUA KPS 26.ElmSite\Planta_POWERSHIP AZUA KPS26 2.ElmComp\MAN 18V/51/60DDF.ElmComp\Governor.ElmDsl,gov_MAN Governor/Actuator_v3,SmI:IntMat,7,8,100.0
\VM-PF.IntUser\PDD 30-09-2025.IntPrj\Network Model.IntPrjfolder\Network Data.IntPrjfolder\SUR 138 kV.ElmNet\POWERSHIP AZUA KPS 26.ElmSite\Planta_POWERSHIP AZUA KPS26 2.ElmComp\MAN 18V/51/60DDF.ElmComp\Governor.ElmDsl,gov_MAN Governor/Actuator_v3,SmI:IntMat,7,9,100.0
\VM-PF.IntUser\PDD 30-09-2025.IntPrj\Network Model.IntPrjfolder\Network Data.IntPrjfolder\SUR 138 kV.ElmNet\POWERSHIP AZUA KPS 26.ElmSite\Planta_POWERSHIP AZUA KPS26 2.ElmComp\MAN 18V/51/60DDF.ElmComp\Governor.ElmDsl,gov_MAN Governor/Actuator_v3,SmI:IntMat,7,10,100.0
\VM-PF.IntUser\PDD 30-09-2025.IntPrj\Network Model.IntPrjfolder\Network Data.IntPrjfolder\SUR 138 kV.ElmNet\POWERSHIP AZUA KPS 26.ElmSite\Planta_POWERSHIP AZUA KPS26 2.ElmComp\MAN 18V/51/60DDF.ElmComp\Governor.ElmDsl,gov_MAN Governor/Actuator_v3,SmI:IntMat,8,0,575.0
\VM-PF.IntUser\PDD 30-09-2025.IntPrj\Network Model.IntPrjfolder\Network Data.IntPrjfolder\SUR 138 kV.ElmNet\POWERSHIP AZUA KPS 26.ElmSite\Planta_POWERSHIP AZUA KPS26 2.ElmComp\MAN 18V/51/60DDF.ElmComp\Governor.ElmDsl,gov_MAN Governor/Actuator_v3,SmI:IntMat,8,1,80.0
\VM-PF.IntUser\PDD 30-09-2025.IntPrj\Network Model.IntPrjfolder\Network Data.IntPrjfolder\SUR 138 kV.ElmNet\POWERSHIP AZUA KPS 26.ElmSite\Planta_POWERSHIP AZUA KPS26 2.ElmComp\MAN 18V/51/60DDF.ElmComp\Governor.ElmDsl,gov_MAN Governor/Actuator_v3,SmI:IntMat,8,2,80.0
\VM-PF.IntUser\PDD 30-09-2025.IntPrj\Network Model.IntPrjfolder\Network Data.IntPrjfolder\SUR 138 kV.ElmNet\POWERSHIP AZUA KPS 26.ElmSite\Planta_POWERSHIP AZUA KPS26 2.ElmComp\MAN 18V/51/60DDF.ElmComp\Governor.ElmDsl,gov_MAN Governor/Actuator_v3,SmI:IntMat,8,3,80.0
\VM-PF.IntUser\PDD 30-09-2025.IntPrj\Network Model.IntPrjfolder\Network Data.IntPrjfolder\SUR 138 kV.ElmNet\POWERSHIP AZUA KPS 26.ElmSite\Planta_POWERSHIP AZUA KPS26 2.ElmComp\MAN 18V/51/60DDF.ElmComp\Governor.ElmDsl,gov_MAN Governor/Actuator_v3,SmI:IntMat,8,4,80.0
\VM-PF.IntUser\PDD 30-09-2025.IntPrj\Network Model.IntPrjfolder\Network Data.IntPrjfolder\SUR 138 kV.ElmNet\POWERSHIP AZUA KPS 26.ElmSite\Planta_POWERSHIP AZUA KPS26 2.ElmComp\MAN 18V/51/60DDF.ElmComp\Governor.ElmDsl,gov_MAN Governor/Actuator_v3,SmI:IntMat,8,5,100.0
\VM-PF.IntUser\PDD 30-09-2025.IntPrj\Network Model.IntPrjfolder\Network Data.IntPrjfolder\SUR 138 kV.ElmNet\POWERSHIP AZUA KPS 26.ElmSite\Planta_POWERSHIP AZUA KPS26 2.ElmComp\MAN 18V/51/60DDF.ElmComp\Governor.ElmDsl,gov_MAN Governor/Actuator_v3,SmI:IntMat,8,6,100.0
\VM-PF.IntUser\PDD 30-09-2025.IntPrj\Network Model.IntPrjfolder\Network Data.IntPrjfolder\SUR 138 kV.ElmNet\POWERSHIP AZUA KPS 26.ElmSite\Planta_POWERSHIP AZUA KPS26 2.ElmComp\MAN 18V/51/60DDF.ElmComp\Governor.ElmDsl,gov_MAN Governor/Actuator_v3,SmI:IntMat,8,7,100.0
\VM-PF.IntUser\PDD 30-09-2025.IntPrj\Network Model.IntPrjfolder\Network Data.IntPrjfolder\SUR 138 kV.ElmNet\POWERSHIP AZUA KPS 26.ElmSite\Planta_POWERSHIP AZUA KPS26 2.ElmComp\MAN 18V/51/60DDF.ElmComp\Governor.ElmDsl,gov_MAN Governor/Actuator_v3,SmI:IntMat,8,8,100.0
\VM-PF.IntUser\PDD 30-09-2025.IntPrj\Network Model.IntPrjfolder\Network Data.IntPrjfolder\SUR 138 kV.ElmNet\POWERSHIP AZUA KPS 26.ElmSite\Planta_POWERSHIP AZUA KPS26 2.ElmComp\MAN 18V/51/60DDF.ElmComp\Governor.ElmDsl,gov_MAN Governor/Actuator_v3,SmI:IntMat,8,9,100.0
\VM-PF.IntUser\PDD 30-09-2025.IntPrj\Network Model.IntPrjfolder\Network Data.IntPrjfolder\SUR 138 kV.ElmNet\POWERSHIP AZUA KPS 26.ElmSite\Planta_POWERSHIP AZUA KPS26 2.ElmComp\MAN 18V/51/60DDF.ElmComp\Governor.ElmDsl,gov_MAN Governor/Actuator_v3,SmI:IntMat,8,10,100.0
\VM-PF.IntUser\PDD 30-09-2025.IntPrj\Network Model.IntPrjfolder\Network Data.IntPrjfolder\SUR 138 kV.ElmNet\POWERSHIP AZUA KPS 26.ElmSite\Planta_POWERSHIP AZUA KPS26 2.ElmComp\MAN 18V/51/60DDF.ElmComp\Governor.ElmDsl,gov_MAN Governor/Actuator_v3,SmI:IntMat,9,0,600.0
\VM-PF.IntUser\PDD 30-09-2025.IntPrj\Network Model.IntPrjfolder\Network Data.IntPrjfolder\SUR 138 kV.ElmNet\POWERSHIP AZUA KPS 26.ElmSite\Planta_POWERSHIP AZUA KPS26 2.ElmComp\MAN 18V/51/60DDF.ElmComp\Governor.ElmDsl,gov_MAN Governor/Actuator_v3,SmI:IntMat,9,1,100.0
\VM-PF.IntUser\PDD 30-09-2025.IntPrj\Network Model.IntPrjfolder\Network Data.IntPrjfolder\SUR 138 kV.ElmNet\POWERSHIP AZUA KPS 26.ElmSite\Planta_POWERSHIP AZUA KPS26 2.ElmComp\MAN 18V/51/60DDF.ElmComp\Governor.ElmDsl,gov_MAN Governor/Actuator_v3,SmI:IntMat,9,2,100.0
\VM-PF.IntUser\PDD 30-09-2025.IntPrj\Network Model.IntPrjfolder\Network Data.IntPrjfolder\SUR 138 kV.ElmNet\POWERSHIP AZUA KPS 26.ElmSite\Planta_POWERSHIP AZUA KPS26 2.ElmComp\MAN 18V/51/60DDF.ElmComp\Governor.ElmDsl,gov_MAN Governor/Actuator_v3,SmI:IntMat,9,3,100.0
\VM-PF.IntUser\PDD 30-09-2025.IntPrj\Network Model.IntPrjfolder\Network Data.IntPrjfolder\SUR 138 kV.ElmNet\POWERSHIP AZUA KPS 26.ElmSite\Planta_POWERSHIP AZUA KPS26 2.ElmComp\MAN 18V/51/60DDF.ElmComp\Governor.ElmDsl,gov_MAN Governor/Actuator_v3,SmI:IntMat,9,4,100.0
\VM-PF.IntUser\PDD 30-09-2025.IntPrj\Network Model.IntPrjfolder\Network Data.IntPrjfolder\SUR 138 kV.ElmNet\POWERSHIP AZUA KPS 26.ElmSite\Planta_POWERSHIP AZUA KPS26 2.ElmComp\MAN 18V/51/60DDF.ElmComp\Governor.ElmDsl,gov_MAN Governor/Actuator_v3,SmI:IntMat,9,5,100.0
\VM-PF.IntUser\PDD 30-09-2025.IntPrj\Network Model.IntPrjfolder\Network Data.IntPrjfolder\SUR 138 kV.ElmNet\POWERSHIP AZUA KPS 26.ElmSite\Planta_POWERSHIP AZUA KPS26 2.ElmComp\MAN 18V/51/60DDF.ElmComp\Governor.ElmDsl,gov_MAN Governor/Actuator_v3,SmI:IntMat,9,6,100.0
\VM-PF.IntUser\PDD 30-09-2025.IntPrj\Network Model.IntPrjfolder\Network Data.IntPrjfolder\SUR 138 kV.ElmNet\POWERSHIP AZUA KPS 26.ElmSite\Planta_POWERSHIP AZUA KPS26 2.ElmComp\MAN 18V/51/60DDF.ElmComp\Governor.ElmDsl,gov_MAN Governor/Actuator_v3,SmI:IntMat,9,7,100.0
\VM-PF.IntUser\PDD 30-09-2025.IntPrj\Network Model.IntPrjfolder\Network Data.IntPrjfolder\SUR 138 kV.ElmNet\POWERSHIP AZUA KPS 26.ElmSite\Planta_POWERSHIP AZUA KPS26 2.ElmComp\MAN 18V/51/60DDF.ElmComp\Governor.ElmDsl,gov_MAN Governor/Actuator_v3,SmI:IntMat,9,8,100.0
\VM-PF.IntUser\PDD 30-09-2025.IntPrj\Network Model.IntPrjfolder\Network Data.IntPrjfolder\SUR 138 kV.ElmNet\POWERSHIP AZUA KPS 26.ElmSite\Planta_POWERSHIP AZUA KPS26 2.ElmComp\MAN 18V/51/60DDF.ElmComp\Governor.ElmDsl,gov_MAN Governor/Actuator_v3,SmI:IntMat,9,9,100.0
\VM-PF.IntUser\PDD 30-09-2025.IntPrj\Network Model.IntPrjfolder\Network Data.IntPrjfolder\SUR 138 kV.ElmNet\POWERSHIP AZUA KPS 26.ElmSite\Planta_POWERSHIP AZUA KPS26 2.ElmComp\MAN 18V/51/60DDF.ElmComp\Governor.ElmDsl,gov_MAN Governor/Actuator_v3,SmI:IntMat,9,10,100.0
\VM-PF.IntUser\PDD 30-09-2025.IntPrj\Network Model.IntPrjfolder\Network Data.IntPrjfolder\SUR 138 kV.ElmNet\POWERSHIP AZUA KPS 26.ElmSite\Planta_POWERSHIP AZUA KPS26 2.ElmComp\MAN 18V/51/60DDF.ElmComp\Governor.ElmDsl,gov_MAN Governor/Actuator_v3,SmI:IntMat,10,0,650.0
\VM-PF.IntUser\PDD 30-09-2025.IntPrj\Network Model.IntPrjfolder\Network Data.IntPrjfolder\SUR 138 kV.ElmNet\POWERSHIP AZUA KPS 26.ElmSite\Planta_POWERSHIP AZUA KPS26 2.ElmComp\MAN 18V/51/60DDF.ElmComp\Governor.ElmDsl,gov_MAN Governor/Actuator_v3,SmI:IntMat,10,1,100.0
\VM-PF.IntUser\PDD 30-09-2025.IntPrj\Network Model.IntPrjfolder\Network Data.IntPrjfolder\SUR 138 kV.ElmNet\POWERSHIP AZUA KPS 26.ElmSite\Planta_POWERSHIP AZUA KPS26 2.ElmComp\MAN 18V/51/60DDF.ElmComp\Governor.ElmDsl,gov_MAN Governor/Actuator_v3,SmI:IntMat,10,2,100.0
\VM-PF.IntUser\PDD 30-09-2025.IntPrj\Network Model.IntPrjfolder\Network Data.IntPrjfolder\SUR 138 kV.ElmNet\POWERSHIP AZUA KPS 26.ElmSite\Planta_POWERSHIP AZUA KPS26 2.ElmComp\MAN 18V/51/60DDF.ElmComp\Governor.ElmDsl,gov_MAN Governor/Actuator_v3,SmI:IntMat,10,3,100.0
\VM-PF.IntUser\PDD 30-09-2025.IntPrj\Network Model.IntPrjfolder\Network Data.IntPrjfolder\SUR 138 kV.ElmNet\POWERSHIP AZUA KPS 26.ElmSite\Planta_POWERSHIP AZUA KPS26 2.ElmComp\MAN 18V/51/60DDF.ElmComp\Governor.ElmDsl,gov_MAN Governor/Actuator_v3,SmI:IntMat,10,4,100.0
\VM-PF.IntUser\PDD 30-09-2025.IntPrj\Network Model.IntPrjfolder\Network Data.IntPrjfolder\SUR 138 kV.ElmNet\POWERSHIP AZUA KPS 26.ElmSite\Planta_POWERSHIP AZUA KPS26 2.ElmComp\MAN 18V/51/60DDF.ElmComp\Governor.ElmDsl,gov_MAN Governor/Actuator_v3,SmI:IntMat,10,5,100.0
\VM-PF.IntUser\PDD 30-09-2025.IntPrj\Network Model.IntPrjfolder\Network Data.IntPrjfolder\SUR 138 kV.ElmNet\POWERSHIP AZUA KPS 26.ElmSite\Planta_POWERSHIP AZUA KPS26 2.ElmComp\MAN 18V/51/60DDF.ElmComp\Governor.ElmDsl,gov_MAN Governor/Actuator_v3,SmI:IntMat,10,6,100.0
\VM-PF.IntUser\PDD 30-09-2025.IntPrj\Network Model.IntPrjfolder\Network Data.IntPrjfolder\SUR 138 kV.ElmNet\POWERSHIP AZUA KPS 26.ElmSite\Planta_POWERSHIP AZUA KPS26 2.ElmComp\MAN 18V/51/60DDF.ElmComp\Governor.ElmDsl,gov_MAN Governor/Actuator_v3,SmI:IntMat,10,7,100.0
\VM-PF.IntUser\PDD 30-09-2025.IntPrj\Network Model.IntPrjfolder\Network Data.IntPrjfolder\SUR 138 kV.ElmNet\POWERSHIP AZUA KPS 26.ElmSite\Planta_POWERSHIP AZUA KPS26 2.ElmComp\MAN 18V/51/60DDF.ElmComp\Governor.ElmDsl,gov_MAN Governor/Actuator_v3,SmI:IntMat,10,8,100.0
\VM-PF.IntUser\PDD 30-09-2025.IntPrj\Network Model.IntPrjfolder\Network Data.IntPrjfolder\SUR 138 kV.ElmNet\POWERSHIP AZUA KPS 26.ElmSite\Planta_POWERSHIP AZUA KPS26 2.ElmComp\MAN 18V/51/60DDF.ElmComp\Governor.ElmDsl,gov_MAN Governor/Actuator_v3,SmI:IntMat,10,9,100.0
\VM-PF.IntUser\PDD 30-09-2025.IntPrj\Network Model.IntPrjfolder\Network Data.IntPrjfolder\SUR 138 kV.ElmNet\POWERSHIP AZUA KPS 26.ElmSite\Planta_POWERSHIP AZUA KPS26 2.ElmComp\MAN 18V/51/60DDF.ElmComp\Governor.ElmDsl,gov_MAN Governor/Actuator_v3,SmI:IntMat,10,10,100.0
\VM-PF.IntUser\PDD 30-09-2025.IntPrj\Network Model.IntPrjfolder\Network Data.IntPrjfolder\SUR 138 kV.ElmNet\POWERSHIP AZUA KPS 26.ElmSite\Planta_POWERSHIP AZUA KPS26 2.ElmComp\MAN 18V/51/60DDF.ElmComp\Governor.ElmDsl,gov_MAN Governor/Actuator_v3,SmP:IntMat,0,0,0.0
\VM-PF.IntUser\PDD 30-09-2025.IntPrj\Network Model.IntPrjfolder\Network Data.IntPrjfolder\SUR 138 kV.ElmNet\POWERSHIP AZUA KPS 26.ElmSite\Planta_POWERSHIP AZUA KPS26 2.ElmComp\MAN 18V/51/60DDF.ElmComp\Governor.ElmDsl,gov_MAN Governor/Actuator_v3,SmP:IntMat,0,1,0.0
\VM-PF.IntUser\PDD 30-09-2025.IntPrj\Network Model.IntPrjfolder\Network Data.IntPrjfolder\SUR 138 kV.ElmNet\POWERSHIP AZUA KPS 26.ElmSite\Planta_POWERSHIP AZUA KPS26 2.ElmComp\MAN 18V/51/60DDF.ElmComp\Governor.ElmDsl,gov_MAN Governor/Actuator_v3,SmP:IntMat,0,2,10.0
\VM-PF.IntUser\PDD 30-09-2025.IntPrj\Network Model.IntPrjfolder\Network Data.IntPrjfolder\SUR 138 kV.ElmNet\POWERSHIP AZUA KPS 26.ElmSite\Planta_POWERSHIP AZUA KPS26 2.ElmComp\MAN 18V/51/60DDF.ElmComp\Governor.ElmDsl,gov_MAN Governor/Actuator_v3,SmP:IntMat,0,3,20.0
\VM-PF.IntUser\PDD 30-09-2025.IntPrj\Network Model.IntPrjfolder\Network Data.IntPrjfolder\SUR 138 kV.ElmNet\POWERSHIP AZUA KPS 26.ElmSite\Planta_POWERSHIP AZUA KPS26 2.ElmComp\MAN 18V/51/60DDF.ElmComp\Governor.ElmDsl,gov_MAN Governor/Actuator_v3,SmP:IntMat,0,4,30.0
\VM-PF.IntUser\PDD 30-09-2025.IntPrj\Network Model.IntPrjfolder\Network Data.IntPrjfolder\SUR 138 kV.ElmNet\POWERSHIP AZUA KPS 26.ElmSite\Planta_POWERSHIP AZUA KPS26 2.ElmComp\MAN 18V/51/60DDF.ElmComp\Governor.ElmDsl,gov_MAN Governor/Actuator_v3,SmP:IntMat,0,5,42.0
\VM-PF.IntUser\PDD 30-09-2025.IntPrj\Network Model.IntPrjfolder\Network Data.IntPrjfolder\SUR 138 kV.ElmNet\POWERSHIP AZUA KPS 26.ElmSite\Planta_POWERSHIP AZUA KPS26 2.ElmComp\MAN 18V/51/60DDF.ElmComp\Governor.ElmDsl,gov_MAN Governor/Actuator_v3,SmP:IntMat,0,6,60.0
\VM-PF.IntUser\PDD 30-09-2025.IntPrj\Network Model.IntPrjfolder\Network Data.IntPrjfolder\SUR 138 kV.ElmNet\POWERSHIP AZUA KPS 26.ElmSite\Planta_POWERSHIP AZUA KPS26 2.ElmComp\MAN 18V/51/60DDF.ElmComp\Governor.ElmDsl,gov_MAN Governor/Actuator_v3,SmP:IntMat,0,7,73.0
\VM-PF.IntUser\PDD 30-09-2025.IntPrj\Network Model.IntPrjfolder\Network Data.IntPrjfolder\SUR 138 kV.ElmNet\POWERSHIP AZUA KPS 26.ElmSite\Planta_POWERSHIP AZUA KPS26 2.ElmComp\MAN 18V/51/60DDF.ElmComp\Governor.ElmDsl,gov_MAN Governor/Actuator_v3,SmP:IntMat,0,8,83.0
\VM-PF.IntUser\PDD 30-09-2025.IntPrj\Network Model.IntPrjfolder\Network Data.IntPrjfolder\SUR 138 kV.ElmNet\POWERSHIP AZUA KPS 26.ElmSite\Planta_POWERSHIP AZUA KPS26 2.ElmComp\MAN 18V/51/60DDF.ElmComp\Governor.ElmDsl,gov_MAN Governor/Actuator_v3,SmP:IntMat,0,9,90.0
\VM-PF.IntUser\PDD 30-09-2025.IntPrj\Network Model.IntPrjfolder\Network Data.IntPrjfolder\SUR 138 kV.ElmNet\POWERSHIP AZUA KPS 26.ElmSite\Planta_POWERSHIP AZUA KPS26 2.ElmComp\MAN 18V/51/60DDF.ElmComp\Governor.ElmDsl,gov_MAN Governor/Actuator_v3,SmP:IntMat,0,10,100.0
\VM-PF.IntUser\PDD 30-09-2025.IntPrj\Network Model.IntPrjfolder\Network Data.IntPrjfolder\SUR 138 kV.ElmNet\POWERSHIP AZUA KPS 26.ElmSite\Planta_POWERSHIP AZUA KPS26 2.ElmComp\MAN 18V/51/60DDF.ElmComp\Governor.ElmDsl,gov_MAN Governor/Actuator_v3,SmP:IntMat,1,0,0.0
\VM-PF.IntUser\PDD 30-09-2025.IntPrj\Network Model.IntPrjfolder\Network Data.IntPrjfolder\SUR 138 kV.ElmNet\POWERSHIP AZUA KPS 26.ElmSite\Planta_POWERSHIP AZUA KPS26 2.ElmComp\MAN 18V/51/60DDF.ElmComp\Governor.ElmDsl,gov_MAN Governor/Actuator_v3,SmP:IntMat,1,1,150.0
\VM-PF.IntUser\PDD 30-09-2025.IntPrj\Network Model.IntPrjfolder\Network Data.IntPrjfolder\SUR 138 kV.ElmNet\POWERSHIP AZUA KPS 26.ElmSite\Planta_POWERSHIP AZUA KPS26 2.ElmComp\MAN 18V/51/60DDF.ElmComp\Governor.ElmDsl,gov_MAN Governor/Actuator_v3,SmP:IntMat,1,2,150.0
\VM-PF.IntUser\PDD 30-09-2025.IntPrj\Network Model.IntPrjfolder\Network Data.IntPrjfolder\SUR 138 kV.ElmNet\POWERSHIP AZUA KPS 26.ElmSite\Planta_POWERSHIP AZUA KPS26 2.ElmComp\MAN 18V/51/60DDF.ElmComp\Governor.ElmDsl,gov_MAN Governor/Actuator_v3,SmP:IntMat,1,3,150.0
\VM-PF.IntUser\PDD 30-09-2025.IntPrj\Network Model.IntPrjfolder\Network Data.IntPrjfolder\SUR 138 kV.ElmNet\POWERSHIP AZUA KPS 26.ElmSite\Planta_POWERSHIP AZUA KPS26 2.ElmComp\MAN 18V/51/60DDF.ElmComp\Governor.ElmDsl,gov_MAN Governor/Actuator_v3,SmP:IntMat,1,4,150.0
\VM-PF.IntUser\PDD 30-09-2025.IntPrj\Network Model.IntPrjfolder\Network Data.IntPrjfolder\SUR 138 kV.ElmNet\POWERSHIP AZUA KPS 26.ElmSite\Planta_POWERSHIP AZUA KPS26 2.ElmComp\MAN 18V/51/60DDF.ElmComp\Governor.ElmDsl,gov_MAN Governor/Actuator_v3,SmP:IntMat,1,5,150.0
\VM-PF.IntUser\PDD 30-09-2025.IntPrj\Network Model.IntPrjfolder\Network Data.IntPrjfolder\SUR 138 kV.ElmNet\POWERSHIP AZUA KPS 26.ElmSite\Planta_POWERSHIP AZUA KPS26 2.ElmComp\MAN 18V/51/60DDF.ElmComp\Governor.ElmDsl,gov_MAN Governor/Actuator_v3,SmP:IntMat,1,6,100.0
\VM-PF.IntUser\PDD 30-09-2025.IntPrj\Network Model.IntPrjfolder\Network Data.IntPrjfolder\SUR 138 kV.ElmNet\POWERSHIP AZUA KPS 26.ElmSite\Planta_POWERSHIP AZUA KPS26 2.ElmComp\MAN 18V/51/60DDF.ElmComp\Governor.ElmDsl,gov_MAN Governor/Actuator_v3,SmP:IntMat,1,7,100.0
\VM-PF.IntUser\PDD 30-09-2025.IntPrj\Network Model.IntPrjfolder\Network Data.IntPrjfolder\SUR 138 kV.ElmNet\POWERSHIP AZUA KPS 26.ElmSite\Planta_POWERSHIP AZUA KPS26 2.ElmComp\MAN 18V/51/60DDF.ElmComp\Governor.ElmDsl,gov_MAN Governor/Actuator_v3,SmP:IntMat,1,8,100.0
\VM-PF.IntUser\PDD 30-09-2025.IntPrj\Network Model.IntPrjfolder\Network Data.IntPrjfolder\SUR 138 kV.ElmNet\POWERSHIP AZUA KPS 26.ElmSite\Planta_POWERSHIP AZUA KPS26 2.ElmComp\MAN 18V/51/60DDF.ElmComp\Governor.ElmDsl,gov_MAN Governor/Actuator_v3,SmP:IntMat,1,9,100.0
\VM-PF.IntUser\PDD 30-09-2025.IntPrj\Network Model.IntPrjfolder\Network Data.IntPrjfolder\SUR 138 kV.ElmNet\POWERSHIP AZUA KPS 26.ElmSite\Planta_POWERSHIP AZUA KPS26 2.ElmComp\MAN 18V/51/60DDF.ElmComp\Governor.ElmDsl,gov_MAN Governor/Actuator_v3,SmP:IntMat,1,10,100.0
\VM-PF.IntUser\PDD 30-09-2025.IntPrj\Network Model.IntPrjfolder\Network Data.IntPrjfolder\SUR 138 kV.ElmNet\POWERSHIP AZUA KPS 26.ElmSite\Planta_POWERSHIP AZUA KPS26 2.ElmComp\MAN 18V/51/60DDF.ElmComp\Governor.ElmDsl,gov_MAN Governor/Actuator_v3,SmP:IntMat,2,0,100.0
\VM-PF.IntUser\PDD 30-09-2025.IntPrj\Network Model.IntPrjfolder\Network Data.IntPrjfolder\SUR 138 kV.ElmNet\POWERSHIP AZUA KPS 26.ElmSite\Planta_POWERSHIP AZUA KPS26 2.ElmComp\MAN 18V/51/60DDF.ElmComp\Governor.ElmDsl,gov_MAN Governor/Actuator_v3,SmP:IntMat,2,1,100.0
\VM-PF.IntUser\PDD 30-09-2025.IntPrj\Network Model.IntPrjfolder\Network Data.IntPrjfolder\SUR 138 kV.ElmNet\POWERSHIP AZUA KPS 26.ElmSite\Planta_POWERSHIP AZUA KPS26 2.ElmComp\MAN 18V/51/60DDF.ElmComp\Governor.ElmDsl,gov_MAN Governor/Actuator_v3,SmP:IntMat,2,2,100.0
\VM-PF.IntUser\PDD 30-09-2025.IntPrj\Network Model.IntPrjfolder\Network Data.IntPrjfolder\SUR 138 kV.ElmNet\POWERSHIP AZUA KPS 26.ElmSite\Planta_POWERSHIP AZUA KPS26 2.ElmComp\MAN 18V/51/60DDF.ElmComp\Governor.ElmDsl,gov_MAN Governor/Actuator_v3,SmP:IntMat,2,3,100.0
\VM-PF.IntUser\PDD 30-09-2025.IntPrj\Network Model.IntPrjfolder\Network Data.IntPrjfolder\SUR 138 kV.ElmNet\POWERSHIP AZUA KPS 26.ElmSite\Planta_POWERSHIP AZUA KPS26 2.ElmComp\MAN 18V/51/60DDF.ElmComp\Governor.ElmDsl,gov_MAN Governor/Actuator_v3,SmP:IntMat,2,4,100.0
\VM-PF.IntUser\PDD 30-09-2025.IntPrj\Network Model.IntPrjfolder\Network Data.IntPrjfolder\SUR 138 kV.ElmNet\POWERSHIP AZUA KPS 26.ElmSite\Planta_POWERSHIP AZUA KPS26 2.ElmComp\MAN 18V/51/60DDF.ElmComp\Governor.ElmDsl,gov_MAN Governor/Actuator_v3,SmP:IntMat,2,5,100.0
\VM-PF.IntUser\PDD 30-09-2025.IntPrj\Network Model.IntPrjfolder\Network Data.IntPrjfolder\SUR 138 kV.ElmNet\POWERSHIP AZUA KPS 26.ElmSite\Planta_POWERSHIP AZUA KPS26 2.ElmComp\MAN 18V/51/60DDF.ElmComp\Governor.ElmDsl,gov_MAN Governor/Actuator_v3,SmP:IntMat,2,6,100.0
\VM-PF.IntUser\PDD 30-09-2025.IntPrj\Network Model.IntPrjfolder\Network Data.IntPrjfolder\SUR 138 kV.ElmNet\POWERSHIP AZUA KPS 26.ElmSite\Planta_POWERSHIP AZUA KPS26 2.ElmComp\MAN 18V/51/60DDF.ElmComp\Governor.ElmDsl,gov_MAN Governor/Actuator_v3,SmP:IntMat,2,7,100.0
\VM-PF.IntUser\PDD 30-09-2025.IntPrj\Network Model.IntPrjfolder\Network Data.IntPrjfolder\SUR 138 kV.ElmNet\POWERSHIP AZUA KPS 26.ElmSite\Planta_POWERSHIP AZUA KPS26 2.ElmComp\MAN 18V/51/60DDF.ElmComp\Governor.ElmDsl,gov_MAN Governor/Actuator_v3,SmP:IntMat,2,8,100.0
\VM-PF.IntUser\PDD 30-09-2025.IntPrj\Network Model.IntPrjfolder\Network Data.IntPrjfolder\SUR 138 kV.ElmNet\POWERSHIP AZUA KPS 26.ElmSite\Planta_POWERSHIP AZUA KPS26 2.ElmComp\MAN 18V/51/60DDF.ElmComp\Governor.ElmDsl,gov_MAN Governor/Actuator_v3,SmP:IntMat,2,9,100.0
\VM-PF.IntUser\PDD 30-09-2025.IntPrj\Network Model.IntPrjfolder\Network Data.IntPrjfolder\SUR 138 kV.ElmNet\POWERSHIP AZUA KPS 26.ElmSite\Planta_POWERSHIP AZUA KPS26 2.ElmComp\MAN 18V/51/60DDF.ElmComp\Governor.ElmDsl,gov_MAN Governor/Actuator_v3,SmP:IntMat,2,10,100.0
\VM-PF.IntUser\PDD 30-09-2025.IntPrj\Network Model.IntPrjfolder\Network Data.IntPrjfolder\SUR 138 kV.ElmNet\POWERSHIP AZUA KPS 26.ElmSite\Planta_POWERSHIP AZUA KPS26 2.ElmComp\MAN 18V/51/60DDF.ElmComp\Governor.ElmDsl,gov_MAN Governor/Actuator_v3,SmP:IntMat,3,0,200.0
\VM-PF.IntUser\PDD 30-09-2025.IntPrj\Network Model.IntPrjfolder\Network Data.IntPrjfolder\SUR 138 kV.ElmNet\POWERSHIP AZUA KPS 26.ElmSite\Planta_POWERSHIP AZUA KPS26 2.ElmComp\MAN 18V/51/60DDF.ElmComp\Governor.ElmDsl,gov_MAN Governor/Actuator_v3,SmP:IntMat,3,1,100.0
\VM-PF.IntUser\PDD 30-09-2025.IntPrj\Network Model.IntPrjfolder\Network Data.IntPrjfolder\SUR 138 kV.ElmNet\POWERSHIP AZUA KPS 26.ElmSite\Planta_POWERSHIP AZUA KPS26 2.ElmComp\MAN 18V/51/60DDF.ElmComp\Governor.ElmDsl,gov_MAN Governor/Actuator_v3,SmP:IntMat,3,2,100.0
\VM-PF.IntUser\PDD 30-09-2025.IntPrj\Network Model.IntPrjfolder\Network Data.IntPrjfolder\SUR 138 kV.ElmNet\POWERSHIP AZUA KPS 26.ElmSite\Planta_POWERSHIP AZUA KPS26 2.ElmComp\MAN 18V/51/60DDF.ElmComp\Governor.ElmDsl,gov_MAN Governor/Actuator_v3,SmP:IntMat,3,3,100.0
\VM-PF.IntUser\PDD 30-09-2025.IntPrj\Network Model.IntPrjfolder\Network Data.IntPrjfolder\SUR 138 kV.ElmNet\POWERSHIP AZUA KPS 26.ElmSite\Planta_POWERSHIP AZUA KPS26 2.ElmComp\MAN 18V/51/60DDF.ElmComp\Governor.ElmDsl,gov_MAN Governor/Actuator_v3,SmP:IntMat,3,4,100.0
\VM-PF.IntUser\PDD 30-09-2025.IntPrj\Network Model.IntPrjfolder\Network Data.IntPrjfolder\SUR 138 kV.ElmNet\POWERSHIP AZUA KPS 26.ElmSite\Planta_POWERSHIP AZUA KPS26 2.ElmComp\MAN 18V/51/60DDF.ElmComp\Governor.ElmDsl,gov_MAN Governor/Actuator_v3,SmP:IntMat,3,5,100.0
\VM-PF.IntUser\PDD 30-09-2025.IntPrj\Network Model.IntPrjfolder\Network Data.IntPrjfolder\SUR 138 kV.ElmNet\POWERSHIP AZUA KPS 26.ElmSite\Planta_POWERSHIP AZUA KPS26 2.ElmComp\MAN 18V/51/60DDF.ElmComp\Governor.ElmDsl,gov_MAN Governor/Actuator_v3,SmP:IntMat,3,6,100.0
\VM-PF.IntUser\PDD 30-09-2025.IntPrj\Network Model.IntPrjfolder\Network Data.IntPrjfolder\SUR 138 kV.ElmNet\POWERSHIP AZUA KPS 26.ElmSite\Planta_POWERSHIP AZUA KPS26 2.ElmComp\MAN 18V/51/60DDF.ElmComp\Governor.ElmDsl,gov_MAN Governor/Actuator_v3,SmP:IntMat,3,7,100.0
\VM-PF.IntUser\PDD 30-09-2025.IntPrj\Network Model.IntPrjfolder\Network Data.IntPrjfolder\SUR 138 kV.ElmNet\POWERSHIP AZUA KPS 26.ElmSite\Planta_POWERSHIP AZUA KPS26 2.ElmComp\MAN 18V/51/60DDF.ElmComp\Governor.ElmDsl,gov_MAN Governor/Actuator_v3,SmP:IntMat,3,8,100.0
\VM-PF.IntUser\PDD 30-09-2025.IntPrj\Network Model.IntPrjfolder\Network Data.IntPrjfolder\SUR 138 kV.ElmNet\POWERSHIP AZUA KPS 26.ElmSite\Planta_POWERSHIP AZUA KPS26 2.ElmComp\MAN 18V/51/60DDF.ElmComp\Governor.ElmDsl,gov_MAN Governor/Actuator_v3,SmP:IntMat,3,9,100.0
\VM-PF.IntUser\PDD 30-09-2025.IntPrj\Network Model.IntPrjfolder\Network Data.IntPrjfolder\SUR 138 kV.ElmNet\POWERSHIP AZUA KPS 26.ElmSite\Planta_POWERSHIP AZUA KPS26 2.ElmComp\MAN 18V/51/60DDF.ElmComp\Governor.ElmDsl,gov_MAN Governor/Actuator_v3,SmP:IntMat,3,10,100.0
\VM-PF.IntUser\PDD 30-09-2025.IntPrj\Network Model.IntPrjfolder\Network Data.IntPrjfolder\SUR 138 kV.ElmNet\POWERSHIP AZUA KPS 26.ElmSite\Planta_POWERSHIP AZUA KPS26 2.ElmComp\MAN 18V/51/60DDF.ElmComp\Governor.ElmDsl,gov_MAN Governor/Actuator_v3,SmP:IntMat,4,0,300.0
\VM-PF.IntUser\PDD 30-09-2025.IntPrj\Network Model.IntPrjfolder\Network Data.IntPrjfolder\SUR 138 kV.ElmNet\POWERSHIP AZUA KPS 26.ElmSite\Planta_POWERSHIP AZUA KPS26 2.ElmComp\MAN 18V/51/60DDF.ElmComp\Governor.ElmDsl,gov_MAN Governor/Actuator_v3,SmP:IntMat,4,1,45.0
\VM-PF.IntUser\PDD 30-09-2025.IntPrj\Network Model.IntPrjfolder\Network Data.IntPrjfolder\SUR 138 kV.ElmNet\POWERSHIP AZUA KPS 26.ElmSite\Planta_POWERSHIP AZUA KPS26 2.ElmComp\MAN 18V/51/60DDF.ElmComp\Governor.ElmDsl,gov_MAN Governor/Actuator_v3,SmP:IntMat,4,2,45.0
\VM-PF.IntUser\PDD 30-09-2025.IntPrj\Network Model.IntPrjfolder\Network Data.IntPrjfolder\SUR 138 kV.ElmNet\POWERSHIP AZUA KPS 26.ElmSite\Planta_POWERSHIP AZUA KPS26 2.ElmComp\MAN 18V/51/60DDF.ElmComp\Governor.ElmDsl,gov_MAN Governor/Actuator_v3,SmP:IntMat,4,3,45.0
\VM-PF.IntUser\PDD 30-09-2025.IntPrj\Network Model.IntPrjfolder\Network Data.IntPrjfolder\SUR 138 kV.ElmNet\POWERSHIP AZUA KPS 26.ElmSite\Planta_POWERSHIP AZUA KPS26 2.ElmComp\MAN 18V/51/60DDF.ElmComp\Governor.ElmDsl,gov_MAN Governor/Actuator_v3,SmP:IntMat,4,4,40.0
\VM-PF.IntUser\PDD 30-09-2025.IntPrj\Network Model.IntPrjfolder\Network Data.IntPrjfolder\SUR 138 kV.ElmNet\POWERSHIP AZUA KPS 26.ElmSite\Planta_POWERSHIP AZUA KPS26 2.ElmComp\MAN 18V/51/60DDF.ElmComp\Governor.ElmDsl,gov_MAN Governor/Actuator_v3,SmP:IntMat,4,5,40.0
\VM-PF.IntUser\PDD 30-09-2025.IntPrj\Network Model.IntPrjfolder\Network Data.IntPrjfolder\SUR 138 kV.ElmNet\POWERSHIP AZUA KPS 26.ElmSite\Planta_POWERSHIP AZUA KPS26 2.ElmComp\MAN 18V/51/60DDF.ElmComp\Governor.ElmDsl,gov_MAN Governor/Actuator_v3,SmP:IntMat,4,6,100.0
\VM-PF.IntUser\PDD 30-09-2025.IntPrj\Network Model.IntPrjfolder\Network Data.IntPrjfolder\SUR 138 kV.ElmNet\POWERSHIP AZUA KPS 26.ElmSite\Planta_POWERSHIP AZUA KPS26 2.ElmComp\MAN 18V/51/60DDF.ElmComp\Governor.ElmDsl,gov_MAN Governor/Actuator_v3,SmP:IntMat,4,7,100.0
\VM-PF.IntUser\PDD 30-09-2025.IntPrj\Network Model.IntPrjfolder\Network Data.IntPrjfolder\SUR 138 kV.ElmNet\POWERSHIP AZUA KPS 26.ElmSite\Planta_POWERSHIP AZUA KPS26 2.ElmComp\MAN 18V/51/60DDF.ElmComp\Governor.ElmDsl,gov_MAN Governor/Actuator_v3,SmP:IntMat,4,8,100.0
\VM-PF.IntUser\PDD 30-09-2025.IntPrj\Network Model.IntPrjfolder\Network Data.IntPrjfolder\SUR 138 kV.ElmNet\POWERSHIP AZUA KPS 26.ElmSite\Planta_POWERSHIP AZUA KPS26 2.ElmComp\MAN 18V/51/60DDF.ElmComp\Governor.ElmDsl,gov_MAN Governor/Actuator_v3,SmP:IntMat,4,9,100.0
\VM-PF.IntUser\PDD 30-09-2025.IntPrj\Network Model.IntPrjfolder\Network Data.IntPrjfolder\SUR 138 kV.ElmNet\POWERSHIP AZUA KPS 26.ElmSite\Planta_POWERSHIP AZUA KPS26 2.ElmComp\MAN 18V/51/60DDF.ElmComp\Governor.ElmDsl,gov_MAN Governor/Actuator_v3,SmP:IntMat,4,10,100.0
\VM-PF.IntUser\PDD 30-09-2025.IntPrj\Network Model.IntPrjfolder\Network Data.IntPrjfolder\SUR 138 kV.ElmNet\POWERSHIP AZUA KPS 26.ElmSite\Planta_POWERSHIP AZUA KPS26 2.ElmComp\MAN 18V/51/60DDF.ElmComp\Governor.ElmDsl,gov_MAN Governor/Actuator_v3,SmP:IntMat,5,0,400.0
\VM-PF.IntUser\PDD 30-09-2025.IntPrj\Network Model.IntPrjfolder\Network Data.IntPrjfolder\SUR 138 kV.ElmNet\POWERSHIP AZUA KPS 26.ElmSite\Planta_POWERSHIP AZUA KPS26 2.ElmComp\MAN 18V/51/60DDF.ElmComp\Governor.ElmDsl,gov_MAN Governor/Actuator_v3,SmP:IntMat,5,1,45.0
\VM-PF.IntUser\PDD 30-09-2025.IntPrj\Network Model.IntPrjfolder\Network Data.IntPrjfolder\SUR 138 kV.ElmNet\POWERSHIP AZUA KPS 26.ElmSite\Planta_POWERSHIP AZUA KPS26 2.ElmComp\MAN 18V/51/60DDF.ElmComp\Governor.ElmDsl,gov_MAN Governor/Actuator_v3,SmP:IntMat,5,2,45.0
\VM-PF.IntUser\PDD 30-09-2025.IntPrj\Network Model.IntPrjfolder\Network Data.IntPrjfolder\SUR 138 kV.ElmNet\POWERSHIP AZUA KPS 26.ElmSite\Planta_POWERSHIP AZUA KPS26 2.ElmComp\MAN 18V/51/60DDF.ElmComp\Governor.ElmDsl,gov_MAN Governor/Actuator_v3,SmP:IntMat,5,3,45.0
\VM-PF.IntUser\PDD 30-09-2025.IntPrj\Network Model.IntPrjfolder\Network Data.IntPrjfolder\SUR 138 kV.ElmNet\POWERSHIP AZUA KPS 26.ElmSite\Planta_POWERSHIP AZUA KPS26 2.ElmComp\MAN 18V/51/60DDF.ElmComp\Governor.ElmDsl,gov_MAN Governor/Actuator_v3,SmP:IntMat,5,4,55.0
\VM-PF.IntUser\PDD 30-09-2025.IntPrj\Network Model.IntPrjfolder\Network Data.IntPrjfolder\SUR 138 kV.ElmNet\POWERSHIP AZUA KPS 26.ElmSite\Planta_POWERSHIP AZUA KPS26 2.ElmComp\MAN 18V/51/60DDF.ElmComp\Governor.ElmDsl,gov_MAN Governor/Actuator_v3,SmP:IntMat,5,5,90.0
\VM-PF.IntUser\PDD 30-09-2025.IntPrj\Network Model.IntPrjfolder\Network Data.IntPrjfolder\SUR 138 kV.ElmNet\POWERSHIP AZUA KPS 26.ElmSite\Planta_POWERSHIP AZUA KPS26 2.ElmComp\MAN 18V/51/60DDF.ElmComp\Governor.ElmDsl,gov_MAN Governor/Actuator_v3,SmP:IntMat,5,6,95.0
\VM-PF.IntUser\PDD 30-09-2025.IntPrj\Network Model.IntPrjfolder\Network Data.IntPrjfolder\SUR 138 kV.ElmNet\POWERSHIP AZUA KPS 26.ElmSite\Planta_POWERSHIP AZUA KPS26 2.ElmComp\MAN 18V/51/60DDF.ElmComp\Governor.ElmDsl,gov_MAN Governor/Actuator_v3,SmP:IntMat,5,7,95.0
\VM-PF.IntUser\PDD 30-09-2025.IntPrj\Network Model.IntPrjfolder\Network Data.IntPrjfolder\SUR 138 kV.ElmNet\POWERSHIP AZUA KPS 26.ElmSite\Planta_POWERSHIP AZUA KPS26 2.ElmComp\MAN 18V/51/60DDF.ElmComp\Governor.ElmDsl,gov_MAN Governor/Actuator_v3,SmP:IntMat,5,8,100.0
\VM-PF.IntUser\PDD 30-09-2025.IntPrj\Network Model.IntPrjfolder\Network Data.IntPrjfolder\SUR 138 kV.ElmNet\POWERSHIP AZUA KPS 26.ElmSite\Planta_POWERSHIP AZUA KPS26 2.ElmComp\MAN 18V/51/60DDF.ElmComp\Governor.ElmDsl,gov_MAN Governor/Actuator_v3,SmP:IntMat,5,9,110.0
\VM-PF.IntUser\PDD 30-09-2025.IntPrj\Network Model.IntPrjfolder\Network Data.IntPrjfolder\SUR 138 kV.ElmNet\POWERSHIP AZUA KPS 26.ElmSite\Planta_POWERSHIP AZUA KPS26 2.ElmComp\MAN 18V/51/60DDF.ElmComp\Governor.ElmDsl,gov_MAN Governor/Actuator_v3,SmP:IntMat,5,10,110.0
\VM-PF.IntUser\PDD 30-09-2025.IntPrj\Network Model.IntPrjfolder\Network Data.IntPrjfolder\SUR 138 kV.ElmNet\POWERSHIP AZUA KPS 26.ElmSite\Planta_POWERSHIP AZUA KPS26 2.ElmComp\MAN 18V/51/60DDF.ElmComp\Governor.ElmDsl,gov_MAN Governor/Actuator_v3,SmP:IntMat,6,0,514.0
\VM-PF.IntUser\PDD 30-09-2025.IntPrj\Network Model.IntPrjfolder\Network Data.IntPrjfolder\SUR 138 kV.ElmNet\POWERSHIP AZUA KPS 26.ElmSite\Planta_POWERSHIP AZUA KPS26 2.ElmComp\MAN 18V/51/60DDF.ElmComp\Governor.ElmDsl,gov_MAN Governor/Actuator_v3,SmP:IntMat,6,1,45.0
\VM-PF.IntUser\PDD 30-09-2025.IntPrj\Network Model.IntPrjfolder\Network Data.IntPrjfolder\SUR 138 kV.ElmNet\POWERSHIP AZUA KPS 26.ElmSite\Planta_POWERSHIP AZUA KPS26 2.ElmComp\MAN 18V/51/60DDF.ElmComp\Governor.ElmDsl,gov_MAN Governor/Actuator_v3,SmP:IntMat,6,2,45.0
\VM-PF.IntUser\PDD 30-09-2025.IntPrj\Network Model.IntPrjfolder\Network Data.IntPrjfolder\SUR 138 kV.ElmNet\POWERSHIP AZUA KPS 26.ElmSite\Planta_POWERSHIP AZUA KPS26 2.ElmComp\MAN 18V/51/60DDF.ElmComp\Governor.ElmDsl,gov_MAN Governor/Actuator_v3,SmP:IntMat,6,3,45.0
\VM-PF.IntUser\PDD 30-09-2025.IntPrj\Network Model.IntPrjfolder\Network Data.IntPrjfolder\SUR 138 kV.ElmNet\POWERSHIP AZUA KPS 26.ElmSite\Planta_POWERSHIP AZUA KPS26 2.ElmComp\MAN 18V/51/60DDF.ElmComp\Governor.ElmDsl,gov_MAN Governor/Actuator_v3,SmP:IntMat,6,4,55.0
\VM-PF.IntUser\PDD 30-09-2025.IntPrj\Network Model.IntPrjfolder\Network Data.IntPrjfolder\SUR 138 kV.ElmNet\POWERSHIP AZUA KPS 26.ElmSite\Planta_POWERSHIP AZUA KPS26 2.ElmComp\MAN 18V/51/60DDF.ElmComp\Governor.ElmDsl,gov_MAN Governor/Actuator_v3,SmP:IntMat,6,5,90.0
\VM-PF.IntUser\PDD 30-09-2025.IntPrj\Network Model.IntPrjfolder\Network Data.IntPrjfolder\SUR 138 kV.ElmNet\POWERSHIP AZUA KPS 26.ElmSite\Planta_POWERSHIP AZUA KPS26 2.ElmComp\MAN 18V/51/60DDF.ElmComp\Governor.ElmDsl,gov_MAN Governor/Actuator_v3,SmP:IntMat,6,6,95.0
\VM-PF.IntUser\PDD 30-09-2025.IntPrj\Network Model.IntPrjfolder\Network Data.IntPrjfolder\SUR 138 kV.ElmNet\POWERSHIP AZUA KPS 26.ElmSite\Planta_POWERSHIP AZUA KPS26 2.ElmComp\MAN 18V/51/60DDF.ElmComp\Governor.ElmDsl,gov_MAN Governor/Actuator_v3,SmP:IntMat,6,7,95.0
\VM-PF.IntUser\PDD 30-09-2025.IntPrj\Network Model.IntPrjfolder\Network Data.IntPrjfolder\SUR 138 kV.ElmNet\POWERSHIP AZUA KPS 26.ElmSite\Planta_POWERSHIP AZUA KPS26 2.ElmComp\MAN 18V/51/60DDF.ElmComp\Governor.ElmDsl,gov_MAN Governor/Actuator_v3,SmP:IntMat,6,8,100.0
\VM-PF.IntUser\PDD 30-09-2025.IntPrj\Network Model.IntPrjfolder\Network Data.IntPrjfolder\SUR 138 kV.ElmNet\POWERSHIP AZUA KPS 26.ElmSite\Planta_POWERSHIP AZUA KPS26 2.ElmComp\MAN 18V/51/60DDF.ElmComp\Governor.ElmDsl,gov_MAN Governor/Actuator_v3,SmP:IntMat,6,9,110.0
\VM-PF.IntUser\PDD 30-09-2025.IntPrj\Network Model.IntPrjfolder\Network Data.IntPrjfolder\SUR 138 kV.ElmNet\POWERSHIP AZUA KPS 26.ElmSite\Planta_POWERSHIP AZUA KPS26 2.ElmComp\MAN 18V/51/60DDF.ElmComp\Governor.ElmDsl,gov_MAN Governor/Actuator_v3,SmP:IntMat,6,10,110.0
\VM-PF.IntUser\PDD 30-09-2025.IntPrj\Network Model.IntPrjfolder\Network Data.IntPrjfolder\SUR 138 kV.ElmNet\POWERSHIP AZUA KPS 26.ElmSite\Planta_POWERSHIP AZUA KPS26 2.ElmComp\MAN 18V/51/60DDF.ElmComp\Governor.ElmDsl,gov_MAN Governor/Actuator_v3,SmP:IntMat,7,0,550.0
\VM-PF.IntUser\PDD 30-09-2025.IntPrj\Network Model.IntPrjfolder\Network Data.IntPrjfolder\SUR 138 kV.ElmNet\POWERSHIP AZUA KPS 26.ElmSite\Planta_POWERSHIP AZUA KPS26 2.ElmComp\MAN 18V/51/60DDF.ElmComp\Governor.ElmDsl,gov_MAN Governor/Actuator_v3,SmP:IntMat,7,1,45.0
\VM-PF.IntUser\PDD 30-09-2025.IntPrj\Network Model.IntPrjfolder\Network Data.IntPrjfolder\SUR 138 kV.ElmNet\POWERSHIP AZUA KPS 26.ElmSite\Planta_POWERSHIP AZUA KPS26 2.ElmComp\MAN 18V/51/60DDF.ElmComp\Governor.ElmDsl,gov_MAN Governor/Actuator_v3,SmP:IntMat,7,2,45.0
\VM-PF.IntUser\PDD 30-09-2025.IntPrj\Network Model.IntPrjfolder\Network Data.IntPrjfolder\SUR 138 kV.ElmNet\POWERSHIP AZUA KPS 26.ElmSite\Planta_POWERSHIP AZUA KPS26 2.ElmComp\MAN 18V/51/60DDF.ElmComp\Governor.ElmDsl,gov_MAN Governor/Actuator_v3,SmP:IntMat,7,3,45.0
\VM-PF.IntUser\PDD 30-09-2025.IntPrj\Network Model.IntPrjfolder\Network Data.IntPrjfolder\SUR 138 kV.ElmNet\POWERSHIP AZUA KPS 26.ElmSite\Planta_POWERSHIP AZUA KPS26 2.ElmComp\MAN 18V/51/60DDF.ElmComp\Governor.ElmDsl,gov_MAN Governor/Actuator_v3,SmP:IntMat,7,4,85.0
\VM-PF.IntUser\PDD 30-09-2025.IntPrj\Network Model.IntPrjfolder\Network Data.IntPrjfolder\SUR 138 kV.ElmNet\POWERSHIP AZUA KPS 26.ElmSite\Planta_POWERSHIP AZUA KPS26 2.ElmComp\MAN 18V/51/60DDF.ElmComp\Governor.ElmDsl,gov_MAN Governor/Actuator_v3,SmP:IntMat,7,5,90.0
\VM-PF.IntUser\PDD 30-09-2025.IntPrj\Network Model.IntPrjfolder\Network Data.IntPrjfolder\SUR 138 kV.ElmNet\POWERSHIP AZUA KPS 26.ElmSite\Planta_POWERSHIP AZUA KPS26 2.ElmComp\MAN 18V/51/60DDF.ElmComp\Governor.ElmDsl,gov_MAN Governor/Actuator_v3,SmP:IntMat,7,6,95.0
\VM-PF.IntUser\PDD 30-09-2025.IntPrj\Network Model.IntPrjfolder\Network Data.IntPrjfolder\SUR 138 kV.ElmNet\POWERSHIP AZUA KPS 26.ElmSite\Planta_POWERSHIP AZUA KPS26 2.ElmComp\MAN 18V/51/60DDF.ElmComp\Governor.ElmDsl,gov_MAN Governor/Actuator_v3,SmP:IntMat,7,7,95.0
\VM-PF.IntUser\PDD 30-09-2025.IntPrj\Network Model.IntPrjfolder\Network Data.IntPrjfolder\SUR 138 kV.ElmNet\POWERSHIP AZUA KPS 26.ElmSite\Planta_POWERSHIP AZUA KPS26 2.ElmComp\MAN 18V/51/60DDF.ElmComp\Governor.ElmDsl,gov_MAN Governor/Actuator_v3,SmP:IntMat,7,8,100.0
\VM-PF.IntUser\PDD 30-09-2025.IntPrj\Network Model.IntPrjfolder\Network Data.IntPrjfolder\SUR 138 kV.ElmNet\POWERSHIP AZUA KPS 26.ElmSite\Planta_POWERSHIP AZUA KPS26 2.ElmComp\MAN 18V/51/60DDF.ElmComp\Governor.ElmDsl,gov_MAN Governor/Actuator_v3,SmP:IntMat,7,9,110.0
\VM-PF.IntUser\PDD 30-09-2025.IntPrj\Network Model.IntPrjfolder\Network Data.IntPrjfolder\SUR 138 kV.ElmNet\POWERSHIP AZUA KPS 26.ElmSite\Planta_POWERSHIP AZUA KPS26 2.ElmComp\MAN 18V/51/60DDF.ElmComp\Governor.ElmDsl,gov_MAN Governor/Actuator_v3,SmP:IntMat,7,10,110.0
\VM-PF.IntUser\PDD 30-09-2025.IntPrj\Network Model.IntPrjfolder\Network Data.IntPrjfolder\SUR 138 kV.ElmNet\POWERSHIP AZUA KPS 26.ElmSite\Planta_POWERSHIP AZUA KPS26 2.ElmComp\MAN 18V/51/60DDF.ElmComp\Governor.ElmDsl,gov_MAN Governor/Actuator_v3,SmP:IntMat,8,0,575.0
\VM-PF.IntUser\PDD 30-09-2025.IntPrj\Network Model.IntPrjfolder\Network Data.IntPrjfolder\SUR 138 kV.ElmNet\POWERSHIP AZUA KPS 26.ElmSite\Planta_POWERSHIP AZUA KPS26 2.ElmComp\MAN 18V/51/60DDF.ElmComp\Governor.ElmDsl,gov_MAN Governor/Actuator_v3,SmP:IntMat,8,1,60.0
\VM-PF.IntUser\PDD 30-09-2025.IntPrj\Network Model.IntPrjfolder\Network Data.IntPrjfolder\SUR 138 kV.ElmNet\POWERSHIP AZUA KPS 26.ElmSite\Planta_POWERSHIP AZUA KPS26 2.ElmComp\MAN 18V/51/60DDF.ElmComp\Governor.ElmDsl,gov_MAN Governor/Actuator_v3,SmP:IntMat,8,2,45.0
\VM-PF.IntUser\PDD 30-09-2025.IntPrj\Network Model.IntPrjfolder\Network Data.IntPrjfolder\SUR 138 kV.ElmNet\POWERSHIP AZUA KPS 26.ElmSite\Planta_POWERSHIP AZUA KPS26 2.ElmComp\MAN 18V/51/60DDF.ElmComp\Governor.ElmDsl,gov_MAN Governor/Actuator_v3,SmP:IntMat,8,3,45.0
\VM-PF.IntUser\PDD 30-09-2025.IntPrj\Network Model.IntPrjfolder\Network Data.IntPrjfolder\SUR 138 kV.ElmNet\POWERSHIP AZUA KPS 26.ElmSite\Planta_POWERSHIP AZUA KPS26 2.ElmComp\MAN 18V/51/60DDF.ElmComp\Governor.ElmDsl,gov_MAN Governor/Actuator_v3,SmP:IntMat,8,4,85.0
\VM-PF.IntUser\PDD 30-09-2025.IntPrj\Network Model.IntPrjfolder\Network Data.IntPrjfolder\SUR 138 kV.ElmNet\POWERSHIP AZUA KPS 26.ElmSite\Planta_POWERSHIP AZUA KPS26 2.ElmComp\MAN 18V/51/60DDF.ElmComp\Governor.ElmDsl,gov_MAN Governor/Actuator_v3,SmP:IntMat,8,5,90.0
\VM-PF.IntUser\PDD 30-09-2025.IntPrj\Network Model.IntPrjfolder\Network Data.IntPrjfolder\SUR 138 kV.ElmNet\POWERSHIP AZUA KPS 26.ElmSite\Planta_POWERSHIP AZUA KPS26 2.ElmComp\MAN 18V/51/60DDF.ElmComp\Governor.ElmDsl,gov_MAN Governor/Actuator_v3,SmP:IntMat,8,6,95.0
\VM-PF.IntUser\PDD 30-09-2025.IntPrj\Network Model.IntPrjfolder\Network Data.IntPrjfolder\SUR 138 kV.ElmNet\POWERSHIP AZUA KPS 26.ElmSite\Planta_POWERSHIP AZUA KPS26 2.ElmComp\MAN 18V/51/60DDF.ElmComp\Governor.ElmDsl,gov_MAN Governor/Actuator_v3,SmP:IntMat,8,7,95.0
\VM-PF.IntUser\PDD 30-09-2025.IntPrj\Network Model.IntPrjfolder\Network Data.IntPrjfolder\SUR 138 kV.ElmNet\POWERSHIP AZUA KPS 26.ElmSite\Planta_POWERSHIP AZUA KPS26 2.ElmComp\MAN 18V/51/60DDF.ElmComp\Governor.ElmDsl,gov_MAN Governor/Actuator_v3,SmP:IntMat,8,8,100.0
\VM-PF.IntUser\PDD 30-09-2025.IntPrj\Network Model.IntPrjfolder\Network Data.IntPrjfolder\SUR 138 kV.ElmNet\POWERSHIP AZUA KPS 26.ElmSite\Planta_POWERSHIP AZUA KPS26 2.ElmComp\MAN 18V/51/60DDF.ElmComp\Governor.ElmDsl,gov_MAN Governor/Actuator_v3,SmP:IntMat,8,9,110.0
\VM-PF.IntUser\PDD 30-09-2025.IntPrj\Network Model.IntPrjfolder\Network Data.IntPrjfolder\SUR 138 kV.ElmNet\POWERSHIP AZUA KPS 26.ElmSite\Planta_POWERSHIP AZUA KPS26 2.ElmComp\MAN 18V/51/60DDF.ElmComp\Governor.ElmDsl,gov_MAN Governor/Actuator_v3,SmP:IntMat,8,10,110.0
\VM-PF.IntUser\PDD 30-09-2025.IntPrj\Network Model.IntPrjfolder\Network Data.IntPrjfolder\SUR 138 kV.ElmNet\POWERSHIP AZUA KPS 26.ElmSite\Planta_POWERSHIP AZUA KPS26 2.ElmComp\MAN 18V/51/60DDF.ElmComp\Governor.ElmDsl,gov_MAN Governor/Actuator_v3,SmP:IntMat,9,0,600.0
\VM-PF.IntUser\PDD 30-09-2025.IntPrj\Network Model.IntPrjfolder\Network Data.IntPrjfolder\SUR 138 kV.ElmNet\POWERSHIP AZUA KPS 26.ElmSite\Planta_POWERSHIP AZUA KPS26 2.ElmComp\MAN 18V/51/60DDF.ElmComp\Governor.ElmDsl,gov_MAN Governor/Actuator_v3,SmP:IntMat,9,1,150.0
\VM-PF.IntUser\PDD 30-09-2025.IntPrj\Network Model.IntPrjfolder\Network Data.IntPrjfolder\SUR 138 kV.ElmNet\POWERSHIP AZUA KPS 26.ElmSite\Planta_POWERSHIP AZUA KPS26 2.ElmComp\MAN 18V/51/60DDF.ElmComp\Governor.ElmDsl,gov_MAN Governor/Actuator_v3,SmP:IntMat,9,2,150.0
\VM-PF.IntUser\PDD 30-09-2025.IntPrj\Network Model.IntPrjfolder\Network Data.IntPrjfolder\SUR 138 kV.ElmNet\POWERSHIP AZUA KPS 26.ElmSite\Planta_POWERSHIP AZUA KPS26 2.ElmComp\MAN 18V/51/60DDF.ElmComp\Governor.ElmDsl,gov_MAN Governor/Actuator_v3,SmP:IntMat,9,3,150.0
\VM-PF.IntUser\PDD 30-09-2025.IntPrj\Network Model.IntPrjfolder\Network Data.IntPrjfolder\SUR 138 kV.ElmNet\POWERSHIP AZUA KPS 26.ElmSite\Planta_POWERSHIP AZUA KPS26 2.ElmComp\MAN 18V/51/60DDF.ElmComp\Governor.ElmDsl,gov_MAN Governor/Actuator_v3,SmP:IntMat,9,4,150.0
\VM-PF.IntUser\PDD 30-09-2025.IntPrj\Network Model.IntPrjfolder\Network Data.IntPrjfolder\SUR 138 kV.ElmNet\POWERSHIP AZUA KPS 26.ElmSite\Planta_POWERSHIP AZUA KPS26 2.ElmComp\MAN 18V/51/60DDF.ElmComp\Governor.ElmDsl,gov_MAN Governor/Actuator_v3,SmP:IntMat,9,5,150.0
\VM-PF.IntUser\PDD 30-09-2025.IntPrj\Network Model.IntPrjfolder\Network Data.IntPrjfolder\SUR 138 kV.ElmNet\POWERSHIP AZUA KPS 26.ElmSite\Planta_POWERSHIP AZUA KPS26 2.ElmComp\MAN 18V/51/60DDF.ElmComp\Governor.ElmDsl,gov_MAN Governor/Actuator_v3,SmP:IntMat,9,6,150.0
\VM-PF.IntUser\PDD 30-09-2025.IntPrj\Network Model.IntPrjfolder\Network Data.IntPrjfolder\SUR 138 kV.ElmNet\POWERSHIP AZUA KPS 26.ElmSite\Planta_POWERSHIP AZUA KPS26 2.ElmComp\MAN 18V/51/60DDF.ElmComp\Governor.ElmDsl,gov_MAN Governor/Actuator_v3,SmP:IntMat,9,7,150.0
\VM-PF.IntUser\PDD 30-09-2025.IntPrj\Network Model.IntPrjfolder\Network Data.IntPrjfolder\SUR 138 kV.ElmNet\POWERSHIP AZUA KPS 26.ElmSite\Planta_POWERSHIP AZUA KPS26 2.ElmComp\MAN 18V/51/60DDF.ElmComp\Governor.ElmDsl,gov_MAN Governor/Actuator_v3,SmP:IntMat,9,8,150.0
\VM-PF.IntUser\PDD 30-09-2025.IntPrj\Network Model.IntPrjfolder\Network Data.IntPrjfolder\SUR 138 kV.ElmNet\POWERSHIP AZUA KPS 26.ElmSite\Planta_POWERSHIP AZUA KPS26 2.ElmComp\MAN 18V/51/60DDF.ElmComp\Governor.ElmDsl,gov_MAN Governor/Actuator_v3,SmP:IntMat,9,9,150.0
\VM-PF.IntUser\PDD 30-09-2025.IntPrj\Network Model.IntPrjfolder\Network Data.IntPrjfolder\SUR 138 kV.ElmNet\POWERSHIP AZUA KPS 26.ElmSite\Planta_POWERSHIP AZUA KPS26 2.ElmComp\MAN 18V/51/60DDF.ElmComp\Governor.ElmDsl,gov_MAN Governor/Actuator_v3,SmP:IntMat,9,10,150.0
\VM-PF.IntUser\PDD 30-09-2025.IntPrj\Network Model.IntPrjfolder\Network Data.IntPrjfolder\SUR 138 kV.ElmNet\POWERSHIP AZUA KPS 26.ElmSite\Planta_POWERSHIP AZUA KPS26 2.ElmComp\MAN 18V/51/60DDF.ElmComp\Governor.ElmDsl,gov_MAN Governor/Actuator_v3,SmP:IntMat,10,0,650.0
\VM-PF.IntUser\PDD 30-09-2025.IntPrj\Network Model.IntPrjfolder\Network Data.IntPrjfolder\SUR 138 kV.ElmNet\POWERSHIP AZUA KPS 26.ElmSite\Planta_POWERSHIP AZUA KPS26 2.ElmComp\MAN 18V/51/60DDF.ElmComp\Governor.ElmDsl,gov_MAN Governor/Actuator_v3,SmP:IntMat,10,1,150.0
\VM-PF.IntUser\PDD 30-09-2025.IntPrj\Network Model.IntPrjfolder\Network Data.IntPrjfolder\SUR 138 kV.ElmNet\POWERSHIP AZUA KPS 26.ElmSite\Planta_POWERSHIP AZUA KPS26 2.ElmComp\MAN 18V/51/60DDF.ElmComp\Governor.ElmDsl,gov_MAN Governor/Actuator_v3,SmP:IntMat,10,2,150.0
\VM-PF.IntUser\PDD 30-09-2025.IntPrj\Network Model.IntPrjfolder\Network Data.IntPrjfolder\SUR 138 kV.ElmNet\POWERSHIP AZUA KPS 26.ElmSite\Planta_POWERSHIP AZUA KPS26 2.ElmComp\MAN 18V/51/60DDF.ElmComp\Governor.ElmDsl,gov_MAN Governor/Actuator_v3,SmP:IntMat,10,3,150.0
\VM-PF.IntUser\PDD 30-09-2025.IntPrj\Network Model.IntPrjfolder\Network Data.IntPrjfolder\SUR 138 kV.ElmNet\POWERSHIP AZUA KPS 26.ElmSite\Planta_POWERSHIP AZUA KPS26 2.ElmComp\MAN 18V/51/60DDF.ElmComp\Governor.ElmDsl,gov_MAN Governor/Actuator_v3,SmP:IntMat,10,4,150.0
\VM-PF.IntUser\PDD 30-09-2025.IntPrj\Network Model.IntPrjfolder\Network Data.IntPrjfolder\SUR 138 kV.ElmNet\POWERSHIP AZUA KPS 26.ElmSite\Planta_POWERSHIP AZUA KPS26 2.ElmComp\MAN 18V/51/60DDF.ElmComp\Governor.ElmDsl,gov_MAN Governor/Actuator_v3,SmP:IntMat,10,5,150.0
\VM-PF.IntUser\PDD 30-09-2025.IntPrj\Network Model.IntPrjfolder\Network Data.IntPrjfolder\SUR 138 kV.ElmNet\POWERSHIP AZUA KPS 26.ElmSite\Planta_POWERSHIP AZUA KPS26 2.ElmComp\MAN 18V/51/60DDF.ElmComp\Governor.ElmDsl,gov_MAN Governor/Actuator_v3,SmP:IntMat,10,6,150.0
\VM-PF.IntUser\PDD 30-09-2025.IntPrj\Network Model.IntPrjfolder\Network Data.IntPrjfolder\SUR 138 kV.ElmNet\POWERSHIP AZUA KPS 26.ElmSite\Planta_POWERSHIP AZUA KPS26 2.ElmComp\MAN 18V/51/60DDF.ElmComp\Governor.ElmDsl,gov_MAN Governor/Actuator_v3,SmP:IntMat,10,7,150.0
\VM-PF.IntUser\PDD 30-09-2025.IntPrj\Network Model.IntPrjfolder\Network Data.IntPrjfolder\SUR 138 kV.ElmNet\POWERSHIP AZUA KPS 26.ElmSite\Planta_POWERSHIP AZUA KPS26 2.ElmComp\MAN 18V/51/60DDF.ElmComp\Governor.ElmDsl,gov_MAN Governor/Actuator_v3,SmP:IntMat,10,8,150.0
\VM-PF.IntUser\PDD 30-09-2025.IntPrj\Network Model.IntPrjfolder\Network Data.IntPrjfolder\SUR 138 kV.ElmNet\POWERSHIP AZUA KPS 26.ElmSite\Planta_POWERSHIP AZUA KPS26 2.ElmComp\MAN 18V/51/60DDF.ElmComp\Governor.ElmDsl,gov_MAN Governor/Actuator_v3,SmP:IntMat,10,9,150.0
\VM-PF.IntUser\PDD 30-09-2025.IntPrj\Network Model.IntPrjfolder\Network Data.IntPrjfolder\SUR 138 kV.ElmNet\POWERSHIP AZUA KPS 26.ElmSite\Planta_POWERSHIP AZUA KPS26 2.ElmComp\MAN 18V/51/60DDF.ElmComp\Governor.ElmDsl,gov_MAN Governor/Actuator_v3,SmP:IntMat,10,10,150.0
\VM-PF.IntUser\PDD 30-09-2025.IntPrj\Network Model.IntPrjfolder\Network Data.IntPrjfolder\SUR 138 kV.ElmNet\POWERSHIP AZUA KPS 26.ElmSite\Planta_POWERSHIP AZUA KPS26 2.ElmComp\MAN 18V/51/60DDF.ElmComp\Governor.ElmDsl,gov_MAN Governor/Actuator_v3,deltaME:IntMat,0,0,0.0
\VM-PF.IntUser\PDD 30-09-2025.IntPrj\Network Model.IntPrjfolder\Network Data.IntPrjfolder\SUR 138 kV.ElmNet\POWERSHIP AZUA KPS 26.ElmSite\Planta_POWERSHIP AZUA KPS26 2.ElmComp\MAN 18V/51/60DDF.ElmComp\Governor.ElmDsl,gov_MAN Governor/Actuator_v3,deltaME:IntMat,0,1,0.0
\VM-PF.IntUser\PDD 30-09-2025.IntPrj\Network Model.IntPrjfolder\Network Data.IntPrjfolder\SUR 138 kV.ElmNet\POWERSHIP AZUA KPS 26.ElmSite\Planta_POWERSHIP AZUA KPS26 2.ElmComp\MAN 18V/51/60DDF.ElmComp\Governor.ElmDsl,gov_MAN Governor/Actuator_v3,deltaME:IntMat,1,0,0.05
\VM-PF.IntUser\PDD 30-09-2025.IntPrj\Network Model.IntPrjfolder\Network Data.IntPrjfolder\SUR 138 kV.ElmNet\POWERSHIP AZUA KPS 26.ElmSite\Planta_POWERSHIP AZUA KPS26 2.ElmComp\MAN 18V/51/60DDF.ElmComp\Governor.ElmDsl,gov_MAN Governor/Actuator_v3,deltaME:IntMat,1,1,0.0
\VM-PF.IntUser\PDD 30-09-2025.IntPrj\Network Model.IntPrjfolder\Network Data.IntPrjfolder\SUR 138 kV.ElmNet\POWERSHIP AZUA KPS 26.ElmSite\Planta_POWERSHIP AZUA KPS26 2.ElmComp\MAN 18V/51/60DDF.ElmComp\Governor.ElmDsl,gov_MAN Governor/Actuator_v3,deltaME:IntMat,2,0,0.1
\VM-PF.IntUser\PDD 30-09-2025.IntPrj\Network Model.IntPrjfolder\Network Data.IntPrjfolder\SUR 138 kV.ElmNet\POWERSHIP AZUA KPS 26.ElmSite\Planta_POWERSHIP AZUA KPS26 2.ElmComp\MAN 18V/51/60DDF.ElmComp\Governor.ElmDsl,gov_MAN Governor/Actuator_v3,deltaME:IntMat,2,1,0.0
\VM-PF.IntUser\PDD 30-09-2025.IntPrj\Network Model.IntPrjfolder\Network Data.IntPrjfolder\SUR 138 kV.ElmNet\POWERSHIP AZUA KPS 26.ElmSite\Planta_POWERSHIP AZUA KPS26 2.ElmComp\MAN 18V/51/60DDF.ElmComp\Governor.ElmDsl,gov_MAN Governor/Actuator_v3,deltaME:IntMat,3,0,0.15
\VM-PF.IntUser\PDD 30-09-2025.IntPrj\Network Model.IntPrjfolder\Network Data.IntPrjfolder\SUR 138 kV.ElmNet\POWERSHIP AZUA KPS 26.ElmSite\Planta_POWERSHIP AZUA KPS26 2.ElmComp\MAN 18V/51/60DDF.ElmComp\Governor.ElmDsl,gov_MAN Governor/Actuator_v3,deltaME:IntMat,3,1,0.0
\VM-PF.IntUser\PDD 30-09-2025.IntPrj\Network Model.IntPrjfolder\Network Data.IntPrjfolder\SUR 138 kV.ElmNet\POWERSHIP AZUA KPS 26.ElmSite\Planta_POWERSHIP AZUA KPS26 2.ElmComp\MAN 18V/51/60DDF.ElmComp\Governor.ElmDsl,gov_MAN Governor/Actuator_v3,deltaME:IntMat,4,0,0.2
\VM-PF.IntUser\PDD 30-09-2025.IntPrj\Network Model.IntPrjfolder\Network Data.IntPrjfolder\SUR 138 kV.ElmNet\POWERSHIP AZUA KPS 26.ElmSite\Planta_POWERSHIP AZUA KPS26 2.ElmComp\MAN 18V/51/60DDF.ElmComp\Governor.ElmDsl,gov_MAN Governor/Actuator_v3,deltaME:IntMat,4,1,0.0
\VM-PF.IntUser\PDD 30-09-2025.IntPrj\Network Model.IntPrjfolder\Network Data.IntPrjfolder\SUR 138 kV.ElmNet\POWERSHIP AZUA KPS 26.ElmSite\Planta_POWERSHIP AZUA KPS26 2.ElmComp\MAN 18V/51/60DDF.ElmComp\Governor.ElmDsl,gov_MAN Governor/Actuator_v3,deltaME:IntMat,5,0,0.25
\VM-PF.IntUser\PDD 30-09-2025.IntPrj\Network Model.IntPrjfolder\Network Data.IntPrjfolder\SUR 138 kV.ElmNet\POWERSHIP AZUA KPS 26.ElmSite\Planta_POWERSHIP AZUA KPS26 2.ElmComp\MAN 18V/51/60DDF.ElmComp\Governor.ElmDsl,gov_MAN Governor/Actuator_v3,deltaME:IntMat,5,1,0.0
\VM-PF.IntUser\PDD 30-09-2025.IntPrj\Network Model.IntPrjfolder\Network Data.IntPrjfolder\SUR 138 kV.ElmNet\POWERSHIP AZUA KPS 26.ElmSite\Planta_POWERSHIP AZUA KPS26 2.ElmComp\MAN 18V/51/60DDF.ElmComp\Governor.ElmDsl,gov_MAN Governor/Actuator_v3,deltaME:IntMat,6,0,0.3
\VM-PF.IntUser\PDD 30-09-2025.IntPrj\Network Model.IntPrjfolder\Network Data.IntPrjfolder\SUR 138 kV.ElmNet\POWERSHIP AZUA KPS 26.ElmSite\Planta_POWERSHIP AZUA KPS26 2.ElmComp\MAN 18V/51/60DDF.ElmComp\Governor.ElmDsl,gov_MAN Governor/Actuator_v3,deltaME:IntMat,6,1,0.0
\VM-PF.IntUser\PDD 30-09-2025.IntPrj\Network Model.IntPrjfolder\Network Data.IntPrjfolder\SUR 138 kV.ElmNet\POWERSHIP AZUA KPS 26.ElmSite\Planta_POWERSHIP AZUA KPS26 2.ElmComp\MAN 18V/51/60DDF.ElmComp\Governor.ElmDsl,gov_MAN Governor/Actuator_v3,deltaME:IntMat,7,0,0.35
\VM-PF.IntUser\PDD 30-09-2025.IntPrj\Network Model.IntPrjfolder\Network Data.IntPrjfolder\SUR 138 kV.ElmNet\POWERSHIP AZUA KPS 26.ElmSite\Planta_POWERSHIP AZUA KPS26 2.ElmComp\MAN 18V/51/60DDF.ElmComp\Governor.ElmDsl,gov_MAN Governor/Actuator_v3,deltaME:IntMat,7,1,0.0
\VM-PF.IntUser\PDD 30-09-2025.IntPrj\Network Model.IntPrjfolder\Network Data.IntPrjfolder\SUR 138 kV.ElmNet\POWERSHIP AZUA KPS 26.ElmSite\Planta_POWERSHIP AZUA KPS26 2.ElmComp\MAN 18V/51/60DDF.ElmComp\Governor.ElmDsl,gov_MAN Governor/Actuator_v3,deltaME:IntMat,8,0,0.4
\VM-PF.IntUser\PDD 30-09-2025.IntPrj\Network Model.IntPrjfolder\Network Data.IntPrjfolder\SUR 138 kV.ElmNet\POWERSHIP AZUA KPS 26.ElmSite\Planta_POWERSHIP AZUA KPS26 2.ElmComp\MAN 18V/51/60DDF.ElmComp\Governor.ElmDsl,gov_MAN Governor/Actuator_v3,deltaME:IntMat,8,1,0.0
\VM-PF.IntUser\PDD 30-09-2025.IntPrj\Network Model.IntPrjfolder\Network Data.IntPrjfolder\SUR 138 kV.ElmNet\POWERSHIP AZUA KPS 26.ElmSite\Planta_POWERSHIP AZUA KPS26 2.ElmComp\MAN 18V/51/60DDF.ElmComp\Governor.ElmDsl,gov_MAN Governor/Actuator_v3,deltaME:IntMat,9,0,0.45
\VM-PF.IntUser\PDD 30-09-2025.IntPrj\Network Model.IntPrjfolder\Network Data.IntPrjfolder\SUR 138 kV.ElmNet\POWERSHIP AZUA KPS 26.ElmSite\Planta_POWERSHIP AZUA KPS26 2.ElmComp\MAN 18V/51/60DDF.ElmComp\Governor.ElmDsl,gov_MAN Governor/Actuator_v3,deltaME:IntMat,9,1,0.0
\VM-PF.IntUser\PDD 30-09-2025.IntPrj\Network Model.IntPrjfolder\Network Data.IntPrjfolder\SUR 138 kV.ElmNet\POWERSHIP AZUA KPS 26.ElmSite\Planta_POWERSHIP AZUA KPS26 2.ElmComp\MAN 18V/51/60DDF.ElmComp\Governor.ElmDsl,gov_MAN Governor/Actuator_v3,deltaME:IntMat,10,0,0.5
\VM-PF.IntUser\PDD 30-09-2025.IntPrj\Network Model.IntPrjfolder\Network Data.IntPrjfolder\SUR 138 kV.ElmNet\POWERSHIP AZUA KPS 26.ElmSite\Planta_POWERSHIP AZUA KPS26 2.ElmComp\MAN 18V/51/60DDF.ElmComp\Governor.ElmDsl,gov_MAN Governor/Actuator_v3,deltaME:IntMat,10,1,0.0
\VM-PF.IntUser\PDD 30-09-2025.IntPrj\Network Model.IntPrjfolder\Network Data.IntPrjfolder\SUR 138 kV.ElmNet\POWERSHIP AZUA KPS 26.ElmSite\Planta_POWERSHIP AZUA KPS26 2.ElmComp\MAN 18V/51/60DDF.ElmComp\Governor.ElmDsl,gov_MAN Governor/Actuator_v3,deltaME:IntMat,11,0,0.55
\VM-PF.IntUser\PDD 30-09-2025.IntPrj\Network Model.IntPrjfolder\Network Data.IntPrjfolder\SUR 138 kV.ElmNet\POWERSHIP AZUA KPS 26.ElmSite\Planta_POWERSHIP AZUA KPS26 2.ElmComp\MAN 18V/51/60DDF.ElmComp\Governor.ElmDsl,gov_MAN Governor/Actuator_v3,deltaME:IntMat,11,1,0.0
\VM-PF.IntUser\PDD 30-09-2025.IntPrj\Network Model.IntPrjfolder\Network Data.IntPrjfolder\SUR 138 kV.ElmNet\POWERSHIP AZUA KPS 26.ElmSite\Planta_POWERSHIP AZUA KPS26 2.ElmComp\MAN 18V/51/60DDF.ElmComp\Governor.ElmDsl,gov_MAN Governor/Actuator_v3,deltaME:IntMat,12,0,0.6
\VM-PF.IntUser\PDD 30-09-2025.IntPrj\Network Model.IntPrjfolder\Network Data.IntPrjfolder\SUR 138 kV.ElmNet\POWERSHIP AZUA KPS 26.ElmSite\Planta_POWERSHIP AZUA KPS26 2.ElmComp\MAN 18V/51/60DDF.ElmComp\Governor.ElmDsl,gov_MAN Governor/Actuator_v3,deltaME:IntMat,12,1,0.0
\VM-PF.IntUser\PDD 30-09-2025.IntPrj\Network Model.IntPrjfolder\Network Data.IntPrjfolder\SUR 138 kV.ElmNet\POWERSHIP AZUA KPS 26.ElmSite\Planta_POWERSHIP AZUA KPS26 2.ElmComp\MAN 18V/51/60DDF.ElmComp\Governor.ElmDsl,gov_MAN Governor/Actuator_v3,deltaME:IntMat,13,0,0.65
\VM-PF.IntUser\PDD 30-09-2025.IntPrj\Network Model.IntPrjfolder\Network Data.IntPrjfolder\SUR 138 kV.ElmNet\POWERSHIP AZUA KPS 26.ElmSite\Planta_POWERSHIP AZUA KPS26 2.ElmComp\MAN 18V/51/60DDF.ElmComp\Governor.ElmDsl,gov_MAN Governor/Actuator_v3,deltaME:IntMat,13,1,0.0
\VM-PF.IntUser\PDD 30-09-2025.IntPrj\Network Model.IntPrjfolder\Network Data.IntPrjfolder\SUR 138 kV.ElmNet\POWERSHIP AZUA KPS 26.ElmSite\Planta_POWERSHIP AZUA KPS26 2.ElmComp\MAN 18V/51/60DDF.ElmComp\Governor.ElmDsl,gov_MAN Governor/Actuator_v3,deltaME:IntMat,14,0,0.7
\VM-PF.IntUser\PDD 30-09-2025.IntPrj\Network Model.IntPrjfolder\Network Data.IntPrjfolder\SUR 138 kV.ElmNet\POWERSHIP AZUA KPS 26.ElmSite\Planta_POWERSHIP AZUA KPS26 2.ElmComp\MAN 18V/51/60DDF.ElmComp\Governor.ElmDsl,gov_MAN Governor/Actuator_v3,deltaME:IntMat,14,1,0.0
\VM-PF.IntUser\PDD 30-09-2025.IntPrj\Network Model.IntPrjfolder\Network Data.IntPrjfolder\SUR 138 kV.ElmNet\POWERSHIP AZUA KPS 26.ElmSite\Planta_POWERSHIP AZUA KPS26 2.ElmComp\MAN 18V/51/60DDF.ElmComp\Governor.ElmDsl,gov_MAN Governor/Actuator_v3,deltaME:IntMat,15,0,0.75
\VM-PF.IntUser\PDD 30-09-2025.IntPrj\Network Model.IntPrjfolder\Network Data.IntPrjfolder\SUR 138 kV.ElmNet\POWERSHIP AZUA KPS 26.ElmSite\Planta_POWERSHIP AZUA KPS26 2.ElmComp\MAN 18V/51/60DDF.ElmComp\Governor.ElmDsl,gov_MAN Governor/Actuator_v3,deltaME:IntMat,15,1,0.0
\VM-PF.IntUser\PDD 30-09-2025.IntPrj\Network Model.IntPrjfolder\Network Data.IntPrjfolder\SUR 138 kV.ElmNet\POWERSHIP AZUA KPS 26.ElmSite\Planta_POWERSHIP AZUA KPS26 2.ElmComp\MAN 18V/51/60DDF.ElmComp\Governor.ElmDsl,gov_MAN Governor/Actuator_v3,deltaME:IntMat,16,0,0.8
\VM-PF.IntUser\PDD 30-09-2025.IntPrj\Network Model.IntPrjfolder\Network Data.IntPrjfolder\SUR 138 kV.ElmNet\POWERSHIP AZUA KPS 26.ElmSite\Planta_POWERSHIP AZUA KPS26 2.ElmComp\MAN 18V/51/60DDF.ElmComp\Governor.ElmDsl,gov_MAN Governor/Actuator_v3,deltaME:IntMat,16,1,0.0
\VM-PF.IntUser\PDD 30-09-2025.IntPrj\Network Model.IntPrjfolder\Network Data.IntPrjfolder\SUR 138 kV.ElmNet\POWERSHIP AZUA KPS 26.ElmSite\Planta_POWERSHIP AZUA KPS26 2.ElmComp\MAN 18V/51/60DDF.ElmComp\Governor.ElmDsl,gov_MAN Governor/Actuator_v3,deltaME:IntMat,17,0,0.85
\VM-PF.IntUser\PDD 30-09-2025.IntPrj\Network Model.IntPrjfolder\Network Data.IntPrjfolder\SUR 138 kV.ElmNet\POWERSHIP AZUA KPS 26.ElmSite\Planta_POWERSHIP AZUA KPS26 2.ElmComp\MAN 18V/51/60DDF.ElmComp\Governor.ElmDsl,gov_MAN Governor/Actuator_v3,deltaME:IntMat,17,1,0.0
\VM-PF.IntUser\PDD 30-09-2025.IntPrj\Network Model.IntPrjfolder\Network Data.IntPrjfolder\SUR 138 kV.ElmNet\POWERSHIP AZUA KPS 26.ElmSite\Planta_POWERSHIP AZUA KPS26 2.ElmComp\MAN 18V/51/60DDF.ElmComp\Governor.ElmDsl,gov_MAN Governor/Actuator_v3,deltaME:IntMat,18,0,0.9
\VM-PF.IntUser\PDD 30-09-2025.IntPrj\Network Model.IntPrjfolder\Network Data.IntPrjfolder\SUR 138 kV.ElmNet\POWERSHIP AZUA KPS 26.ElmSite\Planta_POWERSHIP AZUA KPS26 2.ElmComp\MAN 18V/51/60DDF.ElmComp\Governor.ElmDsl,gov_MAN Governor/Actuator_v3,deltaME:IntMat,18,1,0.0
\VM-PF.IntUser\PDD 30-09-2025.IntPrj\Network Model.IntPrjfolder\Network Data.IntPrjfolder\SUR 138 kV.ElmNet\POWERSHIP AZUA KPS 26.ElmSite\Planta_POWERSHIP AZUA KPS26 2.ElmComp\MAN 18V/51/60DDF.ElmComp\Governor.ElmDsl,gov_MAN Governor/Actuator_v3,deltaME:IntMat,19,0,0.95
\VM-PF.IntUser\PDD 30-09-2025.IntPrj\Network Model.IntPrjfolder\Network Data.IntPrjfolder\SUR 138 kV.ElmNet\POWERSHIP AZUA KPS 26.ElmSite\Planta_POWERSHIP AZUA KPS26 2.ElmComp\MAN 18V/51/60DDF.ElmComp\Governor.ElmDsl,gov_MAN Governor/Actuator_v3,deltaME:IntMat,19,1,0.0
\VM-PF.IntUser\PDD 30-09-2025.IntPrj\Network Model.IntPrjfolder\Network Data.IntPrjfolder\SUR 138 kV.ElmNet\POWERSHIP AZUA KPS 26.ElmSite\Planta_POWERSHIP AZUA KPS26 2.ElmComp\MAN 18V/51/60DDF.ElmComp\Governor.ElmDsl,gov_MAN Governor/Actuator_v3,deltaME:IntMat,20,0,1.0
\VM-PF.IntUser\PDD 30-09-2025.IntPrj\Network Model.IntPrjfolder\Network Data.IntPrjfolder\SUR 138 kV.ElmNet\POWERSHIP AZUA KPS 26.ElmSite\Planta_POWERSHIP AZUA KPS26 2.ElmComp\MAN 18V/51/60DDF.ElmComp\Governor.ElmDsl,gov_MAN Governor/Actuator_v3,deltaME:IntMat,20,1,0.0
\VM-PF.IntUser\PDD 30-09-2025.IntPrj\Network Model.IntPrjfolder\Network Data.IntPrjfolder\SUR 138 kV.ElmNet\POWERSHIP AZUA KPS 60.ElmSite\Planta_POWERSHIP AZUA KPS 60.ElmComp\MAN 18V/51/60DDF.ElmComp\Engine.ElmDsl,eng_MAN Diesel Engine_v2,NRGM:IntMat,0,0,0.0
\VM-PF.IntUser\PDD 30-09-2025.IntPrj\Network Model.IntPrjfolder\Network Data.IntPrjfolder\SUR 138 kV.ElmNet\POWERSHIP AZUA KPS 60.ElmSite\Planta_POWERSHIP AZUA KPS 60.ElmComp\MAN 18V/51/60DDF.ElmComp\Engine.ElmDsl,eng_MAN Diesel Engine_v2,NRGM:IntMat,0,1,0.01
\VM-PF.IntUser\PDD 30-09-2025.IntPrj\Network Model.IntPrjfolder\Network Data.IntPrjfolder\SUR 138 kV.ElmNet\POWERSHIP AZUA KPS 60.ElmSite\Planta_POWERSHIP AZUA KPS 60.ElmComp\MAN 18V/51/60DDF.ElmComp\Engine.ElmDsl,eng_MAN Diesel Engine_v2,NRGM:IntMat,1,0,0.82
\VM-PF.IntUser\PDD 30-09-2025.IntPrj\Network Model.IntPrjfolder\Network Data.IntPrjfolder\SUR 138 kV.ElmNet\POWERSHIP AZUA KPS 60.ElmSite\Planta_POWERSHIP AZUA KPS 60.ElmComp\MAN 18V/51/60DDF.ElmComp\Engine.ElmDsl,eng_MAN Diesel Engine_v2,NRGM:IntMat,1,1,0.01
\VM-PF.IntUser\PDD 30-09-2025.IntPrj\Network Model.IntPrjfolder\Network Data.IntPrjfolder\SUR 138 kV.ElmNet\POWERSHIP AZUA KPS 60.ElmSite\Planta_POWERSHIP AZUA KPS 60.ElmComp\MAN 18V/51/60DDF.ElmComp\Engine.ElmDsl,eng_MAN Diesel Engine_v2,NRGM:IntMat,2,0,6.0
\VM-PF.IntUser\PDD 30-09-2025.IntPrj\Network Model.IntPrjfolder\Network Data.IntPrjfolder\SUR 138 kV.ElmNet\POWERSHIP AZUA KPS 60.ElmSite\Planta_POWERSHIP AZUA KPS 60.ElmComp\MAN 18V/51/60DDF.ElmComp\Engine.ElmDsl,eng_MAN Diesel Engine_v2,NRGM:IntMat,2,1,0.08
\VM-PF.IntUser\PDD 30-09-2025.IntPrj\Network Model.IntPrjfolder\Network Data.IntPrjfolder\SUR 138 kV.ElmNet\POWERSHIP AZUA KPS 60.ElmSite\Planta_POWERSHIP AZUA KPS 60.ElmComp\MAN 18V/51/60DDF.ElmComp\Engine.ElmDsl,eng_MAN Diesel Engine_v2,NRGM:IntMat,3,0,80.0
\VM-PF.IntUser\PDD 30-09-2025.IntPrj\Network Model.IntPrjfolder\Network Data.IntPrjfolder\SUR 138 kV.ElmNet\POWERSHIP AZUA KPS 60.ElmSite\Planta_POWERSHIP AZUA KPS 60.ElmComp\MAN 18V/51/60DDF.ElmComp\Engine.ElmDsl,eng_MAN Diesel Engine_v2,NRGM:IntMat,3,1,1.08
\VM-PF.IntUser\PDD 30-09-2025.IntPrj\Network Model.IntPrjfolder\Network Data.IntPrjfolder\SUR 138 kV.ElmNet\POWERSHIP AZUA KPS 60.ElmSite\Planta_POWERSHIP AZUA KPS 60.ElmComp\MAN 18V/51/60DDF.ElmComp\Engine.ElmDsl,eng_MAN Diesel Engine_v2,NRGM:IntMat,4,0,100.0
\VM-PF.IntUser\PDD 30-09-2025.IntPrj\Network Model.IntPrjfolder\Network Data.IntPrjfolder\SUR 138 kV.ElmNet\POWERSHIP AZUA KPS 60.ElmSite\Planta_POWERSHIP AZUA KPS 60.ElmComp\MAN 18V/51/60DDF.ElmComp\Engine.ElmDsl,eng_MAN Diesel Engine_v2,NRGM:IntMat,4,1,1.35027
\VM-PF.IntUser\PDD 30-09-2025.IntPrj\Network Model.IntPrjfolder\Network Data.IntPrjfolder\SUR 138 kV.ElmNet\POWERSHIP AZUA KPS 60.ElmSite\Planta_POWERSHIP AZUA KPS 60.ElmComp\MAN 18V/51/60DDF.ElmComp\Engine.ElmDsl,eng_MAN Diesel Engine_v2,NRGM:IntMat,5,0,110.0
\VM-PF.IntUser\PDD 30-09-2025.IntPrj\Network Model.IntPrjfolder\Network Data.IntPrjfolder\SUR 138 kV.ElmNet\POWERSHIP AZUA KPS 60.ElmSite\Planta_POWERSHIP AZUA KPS 60.ElmComp\MAN 18V/51/60DDF.ElmComp\Engine.ElmDsl,eng_MAN Diesel Engine_v2,NRGM:IntMat,5,1,1.35027
\VM-PF.IntUser\PDD 30-09-2025.IntPrj\Network Model.IntPrjfolder\Network Data.IntPrjfolder\SUR 138 kV.ElmNet\POWERSHIP AZUA KPS 60.ElmSite\Planta_POWERSHIP AZUA KPS 60.ElmComp\MAN 18V/51/60DDF.ElmComp\Governor.ElmDsl,gov_MAN Governor/Actuator_v3,Itable:IntMat,0,0,-30.0
\VM-PF.IntUser\PDD 30-09-2025.IntPrj\Network Model.IntPrjfolder\Network Data.IntPrjfolder\SUR 138 kV.ElmNet\POWERSHIP AZUA KPS 60.ElmSite\Planta_POWERSHIP AZUA KPS 60.ElmComp\MAN 18V/51/60DDF.ElmComp\Governor.ElmDsl,gov_MAN Governor/Actuator_v3,Itable:IntMat,0,1,100.0
\VM-PF.IntUser\PDD 30-09-2025.IntPrj\Network Model.IntPrjfolder\Network Data.IntPrjfolder\SUR 138 kV.ElmNet\POWERSHIP AZUA KPS 60.ElmSite\Planta_POWERSHIP AZUA KPS 60.ElmComp\MAN 18V/51/60DDF.ElmComp\Governor.ElmDsl,gov_MAN Governor/Actuator_v3,Itable:IntMat,1,0,-20.0
\VM-PF.IntUser\PDD 30-09-2025.IntPrj\Network Model.IntPrjfolder\Network Data.IntPrjfolder\SUR 138 kV.ElmNet\POWERSHIP AZUA KPS 60.ElmSite\Planta_POWERSHIP AZUA KPS 60.ElmComp\MAN 18V/51/60DDF.ElmComp\Governor.ElmDsl,gov_MAN Governor/Actuator_v3,Itable:IntMat,1,1,100.0
\VM-PF.IntUser\PDD 30-09-2025.IntPrj\Network Model.IntPrjfolder\Network Data.IntPrjfolder\SUR 138 kV.ElmNet\POWERSHIP AZUA KPS 60.ElmSite\Planta_POWERSHIP AZUA KPS 60.ElmComp\MAN 18V/51/60DDF.ElmComp\Governor.ElmDsl,gov_MAN Governor/Actuator_v3,Itable:IntMat,2,0,-15.0
\VM-PF.IntUser\PDD 30-09-2025.IntPrj\Network Model.IntPrjfolder\Network Data.IntPrjfolder\SUR 138 kV.ElmNet\POWERSHIP AZUA KPS 60.ElmSite\Planta_POWERSHIP AZUA KPS 60.ElmComp\MAN 18V/51/60DDF.ElmComp\Governor.ElmDsl,gov_MAN Governor/Actuator_v3,Itable:IntMat,2,1,100.0
\VM-PF.IntUser\PDD 30-09-2025.IntPrj\Network Model.IntPrjfolder\Network Data.IntPrjfolder\SUR 138 kV.ElmNet\POWERSHIP AZUA KPS 60.ElmSite\Planta_POWERSHIP AZUA KPS 60.ElmComp\MAN 18V/51/60DDF.ElmComp\Governor.ElmDsl,gov_MAN Governor/Actuator_v3,Itable:IntMat,3,0,-10.0
\VM-PF.IntUser\PDD 30-09-2025.IntPrj\Network Model.IntPrjfolder\Network Data.IntPrjfolder\SUR 138 kV.ElmNet\POWERSHIP AZUA KPS 60.ElmSite\Planta_POWERSHIP AZUA KPS 60.ElmComp\MAN 18V/51/60DDF.ElmComp\Governor.ElmDsl,gov_MAN Governor/Actuator_v3,Itable:IntMat,3,1,100.0
\VM-PF.IntUser\PDD 30-09-2025.IntPrj\Network Model.IntPrjfolder\Network Data.IntPrjfolder\SUR 138 kV.ElmNet\POWERSHIP AZUA KPS 60.ElmSite\Planta_POWERSHIP AZUA KPS 60.ElmComp\MAN 18V/51/60DDF.ElmComp\Governor.ElmDsl,gov_MAN Governor/Actuator_v3,Itable:IntMat,4,0,-5.0
\VM-PF.IntUser\PDD 30-09-2025.IntPrj\Network Model.IntPrjfolder\Network Data.IntPrjfolder\SUR 138 kV.ElmNet\POWERSHIP AZUA KPS 60.ElmSite\Planta_POWERSHIP AZUA KPS 60.ElmComp\MAN 18V/51/60DDF.ElmComp\Governor.ElmDsl,gov_MAN Governor/Actuator_v3,Itable:IntMat,4,1,50.0
\VM-PF.IntUser\PDD 30-09-2025.IntPrj\Network Model.IntPrjfolder\Network Data.IntPrjfolder\SUR 138 kV.ElmNet\POWERSHIP AZUA KPS 60.ElmSite\Planta_POWERSHIP AZUA KPS 60.ElmComp\MAN 18V/51/60DDF.ElmComp\Governor.ElmDsl,gov_MAN Governor/Actuator_v3,Itable:IntMat,5,0,5.0
\VM-PF.IntUser\PDD 30-09-2025.IntPrj\Network Model.IntPrjfolder\Network Data.IntPrjfolder\SUR 138 kV.ElmNet\POWERSHIP AZUA KPS 60.ElmSite\Planta_POWERSHIP AZUA KPS 60.ElmComp\MAN 18V/51/60DDF.ElmComp\Governor.ElmDsl,gov_MAN Governor/Actuator_v3,Itable:IntMat,5,1,50.0
\VM-PF.IntUser\PDD 30-09-2025.IntPrj\Network Model.IntPrjfolder\Network Data.IntPrjfolder\SUR 138 kV.ElmNet\POWERSHIP AZUA KPS 60.ElmSite\Planta_POWERSHIP AZUA KPS 60.ElmComp\MAN 18V/51/60DDF.ElmComp\Governor.ElmDsl,gov_MAN Governor/Actuator_v3,Itable:IntMat,6,0,10.0
\VM-PF.IntUser\PDD 30-09-2025.IntPrj\Network Model.IntPrjfolder\Network Data.IntPrjfolder\SUR 138 kV.ElmNet\POWERSHIP AZUA KPS 60.ElmSite\Planta_POWERSHIP AZUA KPS 60.ElmComp\MAN 18V/51/60DDF.ElmComp\Governor.ElmDsl,gov_MAN Governor/Actuator_v3,Itable:IntMat,6,1,100.0
\VM-PF.IntUser\PDD 30-09-2025.IntPrj\Network Model.IntPrjfolder\Network Data.IntPrjfolder\SUR 138 kV.ElmNet\POWERSHIP AZUA KPS 60.ElmSite\Planta_POWERSHIP AZUA KPS 60.ElmComp\MAN 18V/51/60DDF.ElmComp\Governor.ElmDsl,gov_MAN Governor/Actuator_v3,Itable:IntMat,7,0,15.0
\VM-PF.IntUser\PDD 30-09-2025.IntPrj\Network Model.IntPrjfolder\Network Data.IntPrjfolder\SUR 138 kV.ElmNet\POWERSHIP AZUA KPS 60.ElmSite\Planta_POWERSHIP AZUA KPS 60.ElmComp\MAN 18V/51/60DDF.ElmComp\Governor.ElmDsl,gov_MAN Governor/Actuator_v3,Itable:IntMat,7,1,100.0
\VM-PF.IntUser\PDD 30-09-2025.IntPrj\Network Model.IntPrjfolder\Network Data.IntPrjfolder\SUR 138 kV.ElmNet\POWERSHIP AZUA KPS 60.ElmSite\Planta_POWERSHIP AZUA KPS 60.ElmComp\MAN 18V/51/60DDF.ElmComp\Governor.ElmDsl,gov_MAN Governor/Actuator_v3,Itable:IntMat,8,0,20.0
\VM-PF.IntUser\PDD 30-09-2025.IntPrj\Network Model.IntPrjfolder\Network Data.IntPrjfolder\SUR 138 kV.ElmNet\POWERSHIP AZUA KPS 60.ElmSite\Planta_POWERSHIP AZUA KPS 60.ElmComp\MAN 18V/51/60DDF.ElmComp\Governor.ElmDsl,gov_MAN Governor/Actuator_v3,Itable:IntMat,8,1,100.0
\VM-PF.IntUser\PDD 30-09-2025.IntPrj\Network Model.IntPrjfolder\Network Data.IntPrjfolder\SUR 138 kV.ElmNet\POWERSHIP AZUA KPS 60.ElmSite\Planta_POWERSHIP AZUA KPS 60.ElmComp\MAN 18V/51/60DDF.ElmComp\Governor.ElmDsl,gov_MAN Governor/Actuator_v3,Itable:IntMat,9,0,30.0
\VM-PF.IntUser\PDD 30-09-2025.IntPrj\Network Model.IntPrjfolder\Network Data.IntPrjfolder\SUR 138 kV.ElmNet\POWERSHIP AZUA KPS 60.ElmSite\Planta_POWERSHIP AZUA KPS 60.ElmComp\MAN 18V/51/60DDF.ElmComp\Governor.ElmDsl,gov_MAN Governor/Actuator_v3,Itable:IntMat,9,1,100.0
\VM-PF.IntUser\PDD 30-09-2025.IntPrj\Network Model.IntPrjfolder\Network Data.IntPrjfolder\SUR 138 kV.ElmNet\POWERSHIP AZUA KPS 60.ElmSite\Planta_POWERSHIP AZUA KPS 60.ElmComp\MAN 18V/51/60DDF.ElmComp\Governor.ElmDsl,gov_MAN Governor/Actuator_v3,NRGME:IntMat,0,0,0.0
\VM-PF.IntUser\PDD 30-09-2025.IntPrj\Network Model.IntPrjfolder\Network Data.IntPrjfolder\SUR 138 kV.ElmNet\POWERSHIP AZUA KPS 60.ElmSite\Planta_POWERSHIP AZUA KPS 60.ElmComp\MAN 18V/51/60DDF.ElmComp\Governor.ElmDsl,gov_MAN Governor/Actuator_v3,NRGME:IntMat,0,1,18.62677
\VM-PF.IntUser\PDD 30-09-2025.IntPrj\Network Model.IntPrjfolder\Network Data.IntPrjfolder\SUR 138 kV.ElmNet\POWERSHIP AZUA KPS 60.ElmSite\Planta_POWERSHIP AZUA KPS 60.ElmComp\MAN 18V/51/60DDF.ElmComp\Governor.ElmDsl,gov_MAN Governor/Actuator_v3,NRGME:IntMat,1,0,0.05
\VM-PF.IntUser\PDD 30-09-2025.IntPrj\Network Model.IntPrjfolder\Network Data.IntPrjfolder\SUR 138 kV.ElmNet\POWERSHIP AZUA KPS 60.ElmSite\Planta_POWERSHIP AZUA KPS 60.ElmComp\MAN 18V/51/60DDF.ElmComp\Governor.ElmDsl,gov_MAN Governor/Actuator_v3,NRGME:IntMat,1,1,22.282593
\VM-PF.IntUser\PDD 30-09-2025.IntPrj\Network Model.IntPrjfolder\Network Data.IntPrjfolder\SUR 138 kV.ElmNet\POWERSHIP AZUA KPS 60.ElmSite\Planta_POWERSHIP AZUA KPS 60.ElmComp\MAN 18V/51/60DDF.ElmComp\Governor.ElmDsl,gov_MAN Governor/Actuator_v3,NRGME:IntMat,2,0,0.1
\VM-PF.IntUser\PDD 30-09-2025.IntPrj\Network Model.IntPrjfolder\Network Data.IntPrjfolder\SUR 138 kV.ElmNet\POWERSHIP AZUA KPS 60.ElmSite\Planta_POWERSHIP AZUA KPS 60.ElmComp\MAN 18V/51/60DDF.ElmComp\Governor.ElmDsl,gov_MAN Governor/Actuator_v3,NRGME:IntMat,2,1,25.932983
\VM-PF.IntUser\PDD 30-09-2025.IntPrj\Network Model.IntPrjfolder\Network Data.IntPrjfolder\SUR 138 kV.ElmNet\POWERSHIP AZUA KPS 60.ElmSite\Planta_POWERSHIP AZUA KPS 60.ElmComp\MAN 18V/51/60DDF.ElmComp\Governor.ElmDsl,gov_MAN Governor/Actuator_v3,NRGME:IntMat,3,0,0.15
\VM-PF.IntUser\PDD 30-09-2025.IntPrj\Network Model.IntPrjfolder\Network Data.IntPrjfolder\SUR 138 kV.ElmNet\POWERSHIP AZUA KPS 60.ElmSite\Planta_POWERSHIP AZUA KPS 60.ElmComp\MAN 18V/51/60DDF.ElmComp\Governor.ElmDsl,gov_MAN Governor/Actuator_v3,NRGME:IntMat,3,1,29.610535
\VM-PF.IntUser\PDD 30-09-2025.IntPrj\Network Model.IntPrjfolder\Network Data.IntPrjfolder\SUR 138 kV.ElmNet\POWERSHIP AZUA KPS 60.ElmSite\Planta_POWERSHIP AZUA KPS 60.ElmComp\MAN 18V/51/60DDF.ElmComp\Governor.ElmDsl,gov_MAN Governor/Actuator_v3,NRGME:IntMat,4,0,0.2
\VM-PF.IntUser\PDD 30-09-2025.IntPrj\Network Model.IntPrjfolder\Network Data.IntPrjfolder\SUR 138 kV.ElmNet\POWERSHIP AZUA KPS 60.ElmSite\Planta_POWERSHIP AZUA KPS 60.ElmComp\MAN 18V/51/60DDF.ElmComp\Governor.ElmDsl,gov_MAN Governor/Actuator_v3,NRGME:IntMat,4,1,33.288086
\VM-PF.IntUser\PDD 30-09-2025.IntPrj\Network Model.IntPrjfolder\Network Data.IntPrjfolder\SUR 138 kV.ElmNet\POWERSHIP AZUA KPS 60.ElmSite\Planta_POWERSHIP AZUA KPS 60.ElmComp\MAN 18V/51/60DDF.ElmComp\Governor.ElmDsl,gov_MAN Governor/Actuator_v3,NRGME:IntMat,5,0,0.25
\VM-PF.IntUser\PDD 30-09-2025.IntPrj\Network Model.IntPrjfolder\Network Data.IntPrjfolder\SUR 138 kV.ElmNet\POWERSHIP AZUA KPS 60.ElmSite\Planta_POWERSHIP AZUA KPS 60.ElmComp\MAN 18V/51/60DDF.ElmComp\Governor.ElmDsl,gov_MAN Governor/Actuator_v3,NRGME:IntMat,5,1,36.971069
\VM-PF.IntUser\PDD 30-09-2025.IntPrj\Network Model.IntPrjfolder\Network Data.IntPrjfolder\SUR 138 kV.ElmNet\POWERSHIP AZUA KPS 60.ElmSite\Planta_POWERSHIP AZUA KPS 60.ElmComp\MAN 18V/51/60DDF.ElmComp\Governor.ElmDsl,gov_MAN Governor/Actuator_v3,NRGME:IntMat,6,0,0.3
\VM-PF.IntUser\PDD 30-09-2025.IntPrj\Network Model.IntPrjfolder\Network Data.IntPrjfolder\SUR 138 kV.ElmNet\POWERSHIP AZUA KPS 60.ElmSite\Planta_POWERSHIP AZUA KPS 60.ElmComp\MAN 18V/51/60DDF.ElmComp\Governor.ElmDsl,gov_MAN Governor/Actuator_v3,NRGME:IntMat,6,1,40.654053
\VM-PF.IntUser\PDD 30-09-2025.IntPrj\Network Model.IntPrjfolder\Network Data.IntPrjfolder\SUR 138 kV.ElmNet\POWERSHIP AZUA KPS 60.ElmSite\Planta_POWERSHIP AZUA KPS 60.ElmComp\MAN 18V/51/60DDF.ElmComp\Governor.ElmDsl,gov_MAN Governor/Actuator_v3,NRGME:IntMat,7,0,0.35
\VM-PF.IntUser\PDD 30-09-2025.IntPrj\Network Model.IntPrjfolder\Network Data.IntPrjfolder\SUR 138 kV.ElmNet\POWERSHIP AZUA KPS 60.ElmSite\Planta_POWERSHIP AZUA KPS 60.ElmComp\MAN 18V/51/60DDF.ElmComp\Governor.ElmDsl,gov_MAN Governor/Actuator_v3,NRGME:IntMat,7,1,44.353333
\VM-PF.IntUser\PDD 30-09-2025.IntPrj\Network Model.IntPrjfolder\Network Data.IntPrjfolder\SUR 138 kV.ElmNet\POWERSHIP AZUA KPS 60.ElmSite\Planta_POWERSHIP AZUA KPS 60.ElmComp\MAN 18V/51/60DDF.ElmComp\Governor.ElmDsl,gov_MAN Governor/Actuator_v3,NRGME:IntMat,8,0,0.4
\VM-PF.IntUser\PDD 30-09-2025.IntPrj\Network Model.IntPrjfolder\Network Data.IntPrjfolder\SUR 138 kV.ElmNet\POWERSHIP AZUA KPS 60.ElmSite\Planta_POWERSHIP AZUA KPS 60.ElmComp\MAN 18V/51/60DDF.ElmComp\Governor.ElmDsl,gov_MAN Governor/Actuator_v3,NRGME:IntMat,8,1,48.025452
\VM-PF.IntUser\PDD 30-09-2025.IntPrj\Network Model.IntPrjfolder\Network Data.IntPrjfolder\SUR 138 kV.ElmNet\POWERSHIP AZUA KPS 60.ElmSite\Planta_POWERSHIP AZUA KPS 60.ElmComp\MAN 18V/51/60DDF.ElmComp\Governor.ElmDsl,gov_MAN Governor/Actuator_v3,NRGME:IntMat,9,0,0.45
\VM-PF.IntUser\PDD 30-09-2025.IntPrj\Network Model.IntPrjfolder\Network Data.IntPrjfolder\SUR 138 kV.ElmNet\POWERSHIP AZUA KPS 60.ElmSite\Planta_POWERSHIP AZUA KPS 60.ElmComp\MAN 18V/51/60DDF.ElmComp\Governor.ElmDsl,gov_MAN Governor/Actuator_v3,NRGME:IntMat,9,1,51.708435
\VM-PF.IntUser\PDD 30-09-2025.IntPrj\Network Model.IntPrjfolder\Network Data.IntPrjfolder\SUR 138 kV.ElmNet\POWERSHIP AZUA KPS 60.ElmSite\Planta_POWERSHIP AZUA KPS 60.ElmComp\MAN 18V/51/60DDF.ElmComp\Governor.ElmDsl,gov_MAN Governor/Actuator_v3,NRGME:IntMat,10,0,0.5
\VM-PF.IntUser\PDD 30-09-2025.IntPrj\Network Model.IntPrjfolder\Network Data.IntPrjfolder\SUR 138 kV.ElmNet\POWERSHIP AZUA KPS 60.ElmSite\Planta_POWERSHIP AZUA KPS 60.ElmComp\MAN 18V/51/60DDF.ElmComp\Governor.ElmDsl,gov_MAN Governor/Actuator_v3,NRGME:IntMat,10,1,55.396851
\VM-PF.IntUser\PDD 30-09-2025.IntPrj\Network Model.IntPrjfolder\Network Data.IntPrjfolder\SUR 138 kV.ElmNet\POWERSHIP AZUA KPS 60.ElmSite\Planta_POWERSHIP AZUA KPS 60.ElmComp\MAN 18V/51/60DDF.ElmComp\Governor.ElmDsl,gov_MAN Governor/Actuator_v3,NRGME:IntMat,11,0,0.55
\VM-PF.IntUser\PDD 30-09-2025.IntPrj\Network Model.IntPrjfolder\Network Data.IntPrjfolder\SUR 138 kV.ElmNet\POWERSHIP AZUA KPS 60.ElmSite\Planta_POWERSHIP AZUA KPS 60.ElmComp\MAN 18V/51/60DDF.ElmComp\Governor.ElmDsl,gov_MAN Governor/Actuator_v3,NRGME:IntMat,11,1,59.036377
\VM-PF.IntUser\PDD 30-09-2025.IntPrj\Network Model.IntPrjfolder\Network Data.IntPrjfolder\SUR 138 kV.ElmNet\POWERSHIP AZUA KPS 60.ElmSite\Planta_POWERSHIP AZUA KPS 60.ElmComp\MAN 18V/51/60DDF.ElmComp\Governor.ElmDsl,gov_MAN Governor/Actuator_v3,NRGME:IntMat,12,0,0.6
\VM-PF.IntUser\PDD 30-09-2025.IntPrj\Network Model.IntPrjfolder\Network Data.IntPrjfolder\SUR 138 kV.ElmNet\POWERSHIP AZUA KPS 60.ElmSite\Planta_POWERSHIP AZUA KPS 60.ElmComp\MAN 18V/51/60DDF.ElmComp\Governor.ElmDsl,gov_MAN Governor/Actuator_v3,NRGME:IntMat,12,1,62.675903
\VM-PF.IntUser\PDD 30-09-2025.IntPrj\Network Model.IntPrjfolder\Network Data.IntPrjfolder\SUR 138 kV.ElmNet\POWERSHIP AZUA KPS 60.ElmSite\Planta_POWERSHIP AZUA KPS 60.ElmComp\MAN 18V/51/60DDF.ElmComp\Governor.ElmDsl,gov_MAN Governor/Actuator_v3,NRGME:IntMat,13,0,0.65
\VM-PF.IntUser\PDD 30-09-2025.IntPrj\Network Model.IntPrjfolder\Network Data.IntPrjfolder\SUR 138 kV.ElmNet\POWERSHIP AZUA KPS 60.ElmSite\Planta_POWERSHIP AZUA KPS 60.ElmComp\MAN 18V/51/60DDF.ElmComp\Governor.ElmDsl,gov_MAN Governor/Actuator_v3,NRGME:IntMat,13,1,66.31543
\VM-PF.IntUser\PDD 30-09-2025.IntPrj\Network Model.IntPrjfolder\Network Data.IntPrjfolder\SUR 138 kV.ElmNet\POWERSHIP AZUA KPS 60.ElmSite\Planta_POWERSHIP AZUA KPS 60.ElmComp\MAN 18V/51/60DDF.ElmComp\Governor.ElmDsl,gov_MAN Governor/Actuator_v3,NRGME:IntMat,14,0,0.7
\VM-PF.IntUser\PDD 30-09-2025.IntPrj\Network Model.IntPrjfolder\Network Data.IntPrjfolder\SUR 138 kV.ElmNet\POWERSHIP AZUA KPS 60.ElmSite\Planta_POWERSHIP AZUA KPS 60.ElmComp\MAN 18V/51/60DDF.ElmComp\Governor.ElmDsl,gov_MAN Governor/Actuator_v3,NRGME:IntMat,14,1,69.971252
\VM-PF.IntUser\PDD 30-09-2025.IntPrj\Network Model.IntPrjfolder\Network Data.IntPrjfolder\SUR 138 kV.ElmNet\POWERSHIP AZUA KPS 60.ElmSite\Planta_POWERSHIP AZUA KPS 60.ElmComp\MAN 18V/51/60DDF.ElmComp\Governor.ElmDsl,gov_MAN Governor/Actuator_v3,NRGME:IntMat,15,0,0.75
\VM-PF.IntUser\PDD 30-09-2025.IntPrj\Network Model.IntPrjfolder\Network Data.IntPrjfolder\SUR 138 kV.ElmNet\POWERSHIP AZUA KPS 60.ElmSite\Planta_POWERSHIP AZUA KPS 60.ElmComp\MAN 18V/51/60DDF.ElmComp\Governor.ElmDsl,gov_MAN Governor/Actuator_v3,NRGME:IntMat,15,1,73.627075
\VM-PF.IntUser\PDD 30-09-2025.IntPrj\Network Model.IntPrjfolder\Network Data.IntPrjfolder\SUR 138 kV.ElmNet\POWERSHIP AZUA KPS 60.ElmSite\Planta_POWERSHIP AZUA KPS 60.ElmComp\MAN 18V/51/60DDF.ElmComp\Governor.ElmDsl,gov_MAN Governor/Actuator_v3,NRGME:IntMat,16,0,0.8
\VM-PF.IntUser\PDD 30-09-2025.IntPrj\Network Model.IntPrjfolder\Network Data.IntPrjfolder\SUR 138 kV.ElmNet\POWERSHIP AZUA KPS 60.ElmSite\Planta_POWERSHIP AZUA KPS 60.ElmComp\MAN 18V/51/60DDF.ElmComp\Governor.ElmDsl,gov_MAN Governor/Actuator_v3,NRGME:IntMat,16,1,77.282898
\VM-PF.IntUser\PDD 30-09-2025.IntPrj\Network Model.IntPrjfolder\Network Data.IntPrjfolder\SUR 138 kV.ElmNet\POWERSHIP AZUA KPS 60.ElmSite\Planta_POWERSHIP AZUA KPS 60.ElmComp\MAN 18V/51/60DDF.ElmComp\Governor.ElmDsl,gov_MAN Governor/Actuator_v3,NRGME:IntMat,17,0,0.85
\VM-PF.IntUser\PDD 30-09-2025.IntPrj\Network Model.IntPrjfolder\Network Data.IntPrjfolder\SUR 138 kV.ElmNet\POWERSHIP AZUA KPS 60.ElmSite\Planta_POWERSHIP AZUA KPS 60.ElmComp\MAN 18V/51/60DDF.ElmComp\Governor.ElmDsl,gov_MAN Governor/Actuator_v3,NRGME:IntMat,17,1,80.938721
\VM-PF.IntUser\PDD 30-09-2025.IntPrj\Network Model.IntPrjfolder\Network Data.IntPrjfolder\SUR 138 kV.ElmNet\POWERSHIP AZUA KPS 60.ElmSite\Planta_POWERSHIP AZUA KPS 60.ElmComp\MAN 18V/51/60DDF.ElmComp\Governor.ElmDsl,gov_MAN Governor/Actuator_v3,NRGME:IntMat,18,0,0.9
\VM-PF.IntUser\PDD 30-09-2025.IntPrj\Network Model.IntPrjfolder\Network Data.IntPrjfolder\SUR 138 kV.ElmNet\POWERSHIP AZUA KPS 60.ElmSite\Planta_POWERSHIP AZUA KPS 60.ElmComp\MAN 18V/51/60DDF.ElmComp\Governor.ElmDsl,gov_MAN Governor/Actuator_v3,NRGME:IntMat,18,1,84.594543
\VM-PF.IntUser\PDD 30-09-2025.IntPrj\Network Model.IntPrjfolder\Network Data.IntPrjfolder\SUR 138 kV.ElmNet\POWERSHIP AZUA KPS 60.ElmSite\Planta_POWERSHIP AZUA KPS 60.ElmComp\MAN 18V/51/60DDF.ElmComp\Governor.ElmDsl,gov_MAN Governor/Actuator_v3,NRGME:IntMat,19,0,0.95
\VM-PF.IntUser\PDD 30-09-2025.IntPrj\Network Model.IntPrjfolder\Network Data.IntPrjfolder\SUR 138 kV.ElmNet\POWERSHIP AZUA KPS 60.ElmSite\Planta_POWERSHIP AZUA KPS 60.ElmComp\MAN 18V/51/60DDF.ElmComp\Governor.ElmDsl,gov_MAN Governor/Actuator_v3,NRGME:IntMat,19,1,88.250366
\VM-PF.IntUser\PDD 30-09-2025.IntPrj\Network Model.IntPrjfolder\Network Data.IntPrjfolder\SUR 138 kV.ElmNet\POWERSHIP AZUA KPS 60.ElmSite\Planta_POWERSHIP AZUA KPS 60.ElmComp\MAN 18V/51/60DDF.ElmComp\Governor.ElmDsl,gov_MAN Governor/Actuator_v3,NRGME:IntMat,20,0,1.0
\VM-PF.IntUser\PDD 30-09-2025.IntPrj\Network Model.IntPrjfolder\Network Data.IntPrjfolder\SUR 138 kV.ElmNet\POWERSHIP AZUA KPS 60.ElmSite\Planta_POWERSHIP AZUA KPS 60.ElmComp\MAN 18V/51/60DDF.ElmComp\Governor.ElmDsl,gov_MAN Governor/Actuator_v3,NRGME:IntMat,20,1,91.90618
\VM-PF.IntUser\PDD 30-09-2025.IntPrj\Network Model.IntPrjfolder\Network Data.IntPrjfolder\SUR 138 kV.ElmNet\POWERSHIP AZUA KPS 60.ElmSite\Planta_POWERSHIP AZUA KPS 60.ElmComp\MAN 18V/51/60DDF.ElmComp\Governor.ElmDsl,gov_MAN Governor/Actuator_v3,Ptable:IntMat,0,0,-30.0
\VM-PF.IntUser\PDD 30-09-2025.IntPrj\Network Model.IntPrjfolder\Network Data.IntPrjfolder\SUR 138 kV.ElmNet\POWERSHIP AZUA KPS 60.ElmSite\Planta_POWERSHIP AZUA KPS 60.ElmComp\MAN 18V/51/60DDF.ElmComp\Governor.ElmDsl,gov_MAN Governor/Actuator_v3,Ptable:IntMat,0,1,100.0
\VM-PF.IntUser\PDD 30-09-2025.IntPrj\Network Model.IntPrjfolder\Network Data.IntPrjfolder\SUR 138 kV.ElmNet\POWERSHIP AZUA KPS 60.ElmSite\Planta_POWERSHIP AZUA KPS 60.ElmComp\MAN 18V/51/60DDF.ElmComp\Governor.ElmDsl,gov_MAN Governor/Actuator_v3,Ptable:IntMat,1,0,-20.0
\VM-PF.IntUser\PDD 30-09-2025.IntPrj\Network Model.IntPrjfolder\Network Data.IntPrjfolder\SUR 138 kV.ElmNet\POWERSHIP AZUA KPS 60.ElmSite\Planta_POWERSHIP AZUA KPS 60.ElmComp\MAN 18V/51/60DDF.ElmComp\Governor.ElmDsl,gov_MAN Governor/Actuator_v3,Ptable:IntMat,1,1,100.0
\VM-PF.IntUser\PDD 30-09-2025.IntPrj\Network Model.IntPrjfolder\Network Data.IntPrjfolder\SUR 138 kV.ElmNet\POWERSHIP AZUA KPS 60.ElmSite\Planta_POWERSHIP AZUA KPS 60.ElmComp\MAN 18V/51/60DDF.ElmComp\Governor.ElmDsl,gov_MAN Governor/Actuator_v3,Ptable:IntMat,2,0,-15.0
\VM-PF.IntUser\PDD 30-09-2025.IntPrj\Network Model.IntPrjfolder\Network Data.IntPrjfolder\SUR 138 kV.ElmNet\POWERSHIP AZUA KPS 60.ElmSite\Planta_POWERSHIP AZUA KPS 60.ElmComp\MAN 18V/51/60DDF.ElmComp\Governor.ElmDsl,gov_MAN Governor/Actuator_v3,Ptable:IntMat,2,1,100.0
\VM-PF.IntUser\PDD 30-09-2025.IntPrj\Network Model.IntPrjfolder\Network Data.IntPrjfolder\SUR 138 kV.ElmNet\POWERSHIP AZUA KPS 60.ElmSite\Planta_POWERSHIP AZUA KPS 60.ElmComp\MAN 18V/51/60DDF.ElmComp\Governor.ElmDsl,gov_MAN Governor/Actuator_v3,Ptable:IntMat,3,0,-10.0
\VM-PF.IntUser\PDD 30-09-2025.IntPrj\Network Model.IntPrjfolder\Network Data.IntPrjfolder\SUR 138 kV.ElmNet\POWERSHIP AZUA KPS 60.ElmSite\Planta_POWERSHIP AZUA KPS 60.ElmComp\MAN 18V/51/60DDF.ElmComp\Governor.ElmDsl,gov_MAN Governor/Actuator_v3,Ptable:IntMat,3,1,100.0
\VM-PF.IntUser\PDD 30-09-2025.IntPrj\Network Model.IntPrjfolder\Network Data.IntPrjfolder\SUR 138 kV.ElmNet\POWERSHIP AZUA KPS 60.ElmSite\Planta_POWERSHIP AZUA KPS 60.ElmComp\MAN 18V/51/60DDF.ElmComp\Governor.ElmDsl,gov_MAN Governor/Actuator_v3,Ptable:IntMat,4,0,-5.0
\VM-PF.IntUser\PDD 30-09-2025.IntPrj\Network Model.IntPrjfolder\Network Data.IntPrjfolder\SUR 138 kV.ElmNet\POWERSHIP AZUA KPS 60.ElmSite\Planta_POWERSHIP AZUA KPS 60.ElmComp\MAN 18V/51/60DDF.ElmComp\Governor.ElmDsl,gov_MAN Governor/Actuator_v3,Ptable:IntMat,4,1,50.0
\VM-PF.IntUser\PDD 30-09-2025.IntPrj\Network Model.IntPrjfolder\Network Data.IntPrjfolder\SUR 138 kV.ElmNet\POWERSHIP AZUA KPS 60.ElmSite\Planta_POWERSHIP AZUA KPS 60.ElmComp\MAN 18V/51/60DDF.ElmComp\Governor.ElmDsl,gov_MAN Governor/Actuator_v3,Ptable:IntMat,5,0,5.0
\VM-PF.IntUser\PDD 30-09-2025.IntPrj\Network Model.IntPrjfolder\Network Data.IntPrjfolder\SUR 138 kV.ElmNet\POWERSHIP AZUA KPS 60.ElmSite\Planta_POWERSHIP AZUA KPS 60.ElmComp\MAN 18V/51/60DDF.ElmComp\Governor.ElmDsl,gov_MAN Governor/Actuator_v3,Ptable:IntMat,5,1,50.0
\VM-PF.IntUser\PDD 30-09-2025.IntPrj\Network Model.IntPrjfolder\Network Data.IntPrjfolder\SUR 138 kV.ElmNet\POWERSHIP AZUA KPS 60.ElmSite\Planta_POWERSHIP AZUA KPS 60.ElmComp\MAN 18V/51/60DDF.ElmComp\Governor.ElmDsl,gov_MAN Governor/Actuator_v3,Ptable:IntMat,6,0,10.0
\VM-PF.IntUser\PDD 30-09-2025.IntPrj\Network Model.IntPrjfolder\Network Data.IntPrjfolder\SUR 138 kV.ElmNet\POWERSHIP AZUA KPS 60.ElmSite\Planta_POWERSHIP AZUA KPS 60.ElmComp\MAN 18V/51/60DDF.ElmComp\Governor.ElmDsl,gov_MAN Governor/Actuator_v3,Ptable:IntMat,6,1,100.0
\VM-PF.IntUser\PDD 30-09-2025.IntPrj\Network Model.IntPrjfolder\Network Data.IntPrjfolder\SUR 138 kV.ElmNet\POWERSHIP AZUA KPS 60.ElmSite\Planta_POWERSHIP AZUA KPS 60.ElmComp\MAN 18V/51/60DDF.ElmComp\Governor.ElmDsl,gov_MAN Governor/Actuator_v3,Ptable:IntMat,7,0,15.0
\VM-PF.IntUser\PDD 30-09-2025.IntPrj\Network Model.IntPrjfolder\Network Data.IntPrjfolder\SUR 138 kV.ElmNet\POWERSHIP AZUA KPS 60.ElmSite\Planta_POWERSHIP AZUA KPS 60.ElmComp\MAN 18V/51/60DDF.ElmComp\Governor.ElmDsl,gov_MAN Governor/Actuator_v3,Ptable:IntMat,7,1,100.0
\VM-PF.IntUser\PDD 30-09-2025.IntPrj\Network Model.IntPrjfolder\Network Data.IntPrjfolder\SUR 138 kV.ElmNet\POWERSHIP AZUA KPS 60.ElmSite\Planta_POWERSHIP AZUA KPS 60.ElmComp\MAN 18V/51/60DDF.ElmComp\Governor.ElmDsl,gov_MAN Governor/Actuator_v3,Ptable:IntMat,8,0,20.0
\VM-PF.IntUser\PDD 30-09-2025.IntPrj\Network Model.IntPrjfolder\Network Data.IntPrjfolder\SUR 138 kV.ElmNet\POWERSHIP AZUA KPS 60.ElmSite\Planta_POWERSHIP AZUA KPS 60.ElmComp\MAN 18V/51/60DDF.ElmComp\Governor.ElmDsl,gov_MAN Governor/Actuator_v3,Ptable:IntMat,8,1,100.0
\VM-PF.IntUser\PDD 30-09-2025.IntPrj\Network Model.IntPrjfolder\Network Data.IntPrjfolder\SUR 138 kV.ElmNet\POWERSHIP AZUA KPS 60.ElmSite\Planta_POWERSHIP AZUA KPS 60.ElmComp\MAN 18V/51/60DDF.ElmComp\Governor.ElmDsl,gov_MAN Governor/Actuator_v3,Ptable:IntMat,9,0,30.0
\VM-PF.IntUser\PDD 30-09-2025.IntPrj\Network Model.IntPrjfolder\Network Data.IntPrjfolder\SUR 138 kV.ElmNet\POWERSHIP AZUA KPS 60.ElmSite\Planta_POWERSHIP AZUA KPS 60.ElmComp\MAN 18V/51/60DDF.ElmComp\Governor.ElmDsl,gov_MAN Governor/Actuator_v3,Ptable:IntMat,9,1,100.0
\VM-PF.IntUser\PDD 30-09-2025.IntPrj\Network Model.IntPrjfolder\Network Data.IntPrjfolder\SUR 138 kV.ElmNet\POWERSHIP AZUA KPS 60.ElmSite\Planta_POWERSHIP AZUA KPS 60.ElmComp\MAN 18V/51/60DDF.ElmComp\Governor.ElmDsl,gov_MAN Governor/Actuator_v3,SmD:IntMat,0,0,0.0
\VM-PF.IntUser\PDD 30-09-2025.IntPrj\Network Model.IntPrjfolder\Network Data.IntPrjfolder\SUR 138 kV.ElmNet\POWERSHIP AZUA KPS 60.ElmSite\Planta_POWERSHIP AZUA KPS 60.ElmComp\MAN 18V/51/60DDF.ElmComp\Governor.ElmDsl,gov_MAN Governor/Actuator_v3,SmD:IntMat,0,1,0.0
\VM-PF.IntUser\PDD 30-09-2025.IntPrj\Network Model.IntPrjfolder\Network Data.IntPrjfolder\SUR 138 kV.ElmNet\POWERSHIP AZUA KPS 60.ElmSite\Planta_POWERSHIP AZUA KPS 60.ElmComp\MAN 18V/51/60DDF.ElmComp\Governor.ElmDsl,gov_MAN Governor/Actuator_v3,SmD:IntMat,0,2,10.0
\VM-PF.IntUser\PDD 30-09-2025.IntPrj\Network Model.IntPrjfolder\Network Data.IntPrjfolder\SUR 138 kV.ElmNet\POWERSHIP AZUA KPS 60.ElmSite\Planta_POWERSHIP AZUA KPS 60.ElmComp\MAN 18V/51/60DDF.ElmComp\Governor.ElmDsl,gov_MAN Governor/Actuator_v3,SmD:IntMat,0,3,20.0
\VM-PF.IntUser\PDD 30-09-2025.IntPrj\Network Model.IntPrjfolder\Network Data.IntPrjfolder\SUR 138 kV.ElmNet\POWERSHIP AZUA KPS 60.ElmSite\Planta_POWERSHIP AZUA KPS 60.ElmComp\MAN 18V/51/60DDF.ElmComp\Governor.ElmDsl,gov_MAN Governor/Actuator_v3,SmD:IntMat,0,4,35.0
\VM-PF.IntUser\PDD 30-09-2025.IntPrj\Network Model.IntPrjfolder\Network Data.IntPrjfolder\SUR 138 kV.ElmNet\POWERSHIP AZUA KPS 60.ElmSite\Planta_POWERSHIP AZUA KPS 60.ElmComp\MAN 18V/51/60DDF.ElmComp\Governor.ElmDsl,gov_MAN Governor/Actuator_v3,SmD:IntMat,0,5,50.0
\VM-PF.IntUser\PDD 30-09-2025.IntPrj\Network Model.IntPrjfolder\Network Data.IntPrjfolder\SUR 138 kV.ElmNet\POWERSHIP AZUA KPS 60.ElmSite\Planta_POWERSHIP AZUA KPS 60.ElmComp\MAN 18V/51/60DDF.ElmComp\Governor.ElmDsl,gov_MAN Governor/Actuator_v3,SmD:IntMat,0,6,60.0
\VM-PF.IntUser\PDD 30-09-2025.IntPrj\Network Model.IntPrjfolder\Network Data.IntPrjfolder\SUR 138 kV.ElmNet\POWERSHIP AZUA KPS 60.ElmSite\Planta_POWERSHIP AZUA KPS 60.ElmComp\MAN 18V/51/60DDF.ElmComp\Governor.ElmDsl,gov_MAN Governor/Actuator_v3,SmD:IntMat,0,7,70.0
\VM-PF.IntUser\PDD 30-09-2025.IntPrj\Network Model.IntPrjfolder\Network Data.IntPrjfolder\SUR 138 kV.ElmNet\POWERSHIP AZUA KPS 60.ElmSite\Planta_POWERSHIP AZUA KPS 60.ElmComp\MAN 18V/51/60DDF.ElmComp\Governor.ElmDsl,gov_MAN Governor/Actuator_v3,SmD:IntMat,0,8,85.0
\VM-PF.IntUser\PDD 30-09-2025.IntPrj\Network Model.IntPrjfolder\Network Data.IntPrjfolder\SUR 138 kV.ElmNet\POWERSHIP AZUA KPS 60.ElmSite\Planta_POWERSHIP AZUA KPS 60.ElmComp\MAN 18V/51/60DDF.ElmComp\Governor.ElmDsl,gov_MAN Governor/Actuator_v3,SmD:IntMat,0,9,100.0
\VM-PF.IntUser\PDD 30-09-2025.IntPrj\Network Model.IntPrjfolder\Network Data.IntPrjfolder\SUR 138 kV.ElmNet\POWERSHIP AZUA KPS 60.ElmSite\Planta_POWERSHIP AZUA KPS 60.ElmComp\MAN 18V/51/60DDF.ElmComp\Governor.ElmDsl,gov_MAN Governor/Actuator_v3,SmD:IntMat,0,10,110.0
\VM-PF.IntUser\PDD 30-09-2025.IntPrj\Network Model.IntPrjfolder\Network Data.IntPrjfolder\SUR 138 kV.ElmNet\POWERSHIP AZUA KPS 60.ElmSite\Planta_POWERSHIP AZUA KPS 60.ElmComp\MAN 18V/51/60DDF.ElmComp\Governor.ElmDsl,gov_MAN Governor/Actuator_v3,SmD:IntMat,1,0,0.0
\VM-PF.IntUser\PDD 30-09-2025.IntPrj\Network Model.IntPrjfolder\Network Data.IntPrjfolder\SUR 138 kV.ElmNet\POWERSHIP AZUA KPS 60.ElmSite\Planta_POWERSHIP AZUA KPS 60.ElmComp\MAN 18V/51/60DDF.ElmComp\Governor.ElmDsl,gov_MAN Governor/Actuator_v3,SmD:IntMat,1,1,100.0
\VM-PF.IntUser\PDD 30-09-2025.IntPrj\Network Model.IntPrjfolder\Network Data.IntPrjfolder\SUR 138 kV.ElmNet\POWERSHIP AZUA KPS 60.ElmSite\Planta_POWERSHIP AZUA KPS 60.ElmComp\MAN 18V/51/60DDF.ElmComp\Governor.ElmDsl,gov_MAN Governor/Actuator_v3,SmD:IntMat,1,2,100.0
\VM-PF.IntUser\PDD 30-09-2025.IntPrj\Network Model.IntPrjfolder\Network Data.IntPrjfolder\SUR 138 kV.ElmNet\POWERSHIP AZUA KPS 60.ElmSite\Planta_POWERSHIP AZUA KPS 60.ElmComp\MAN 18V/51/60DDF.ElmComp\Governor.ElmDsl,gov_MAN Governor/Actuator_v3,SmD:IntMat,1,3,100.0
\VM-PF.IntUser\PDD 30-09-2025.IntPrj\Network Model.IntPrjfolder\Network Data.IntPrjfolder\SUR 138 kV.ElmNet\POWERSHIP AZUA KPS 60.ElmSite\Planta_POWERSHIP AZUA KPS 60.ElmComp\MAN 18V/51/60DDF.ElmComp\Governor.ElmDsl,gov_MAN Governor/Actuator_v3,SmD:IntMat,1,4,100.0
\VM-PF.IntUser\PDD 30-09-2025.IntPrj\Network Model.IntPrjfolder\Network Data.IntPrjfolder\SUR 138 kV.ElmNet\POWERSHIP AZUA KPS 60.ElmSite\Planta_POWERSHIP AZUA KPS 60.ElmComp\MAN 18V/51/60DDF.ElmComp\Governor.ElmDsl,gov_MAN Governor/Actuator_v3,SmD:IntMat,1,5,100.0
\VM-PF.IntUser\PDD 30-09-2025.IntPrj\Network Model.IntPrjfolder\Network Data.IntPrjfolder\SUR 138 kV.ElmNet\POWERSHIP AZUA KPS 60.ElmSite\Planta_POWERSHIP AZUA KPS 60.ElmComp\MAN 18V/51/60DDF.ElmComp\Governor.ElmDsl,gov_MAN Governor/Actuator_v3,SmD:IntMat,1,6,100.0
\VM-PF.IntUser\PDD 30-09-2025.IntPrj\Network Model.IntPrjfolder\Network Data.IntPrjfolder\SUR 138 kV.ElmNet\POWERSHIP AZUA KPS 60.ElmSite\Planta_POWERSHIP AZUA KPS 60.ElmComp\MAN 18V/51/60DDF.ElmComp\Governor.ElmDsl,gov_MAN Governor/Actuator_v3,SmD:IntMat,1,7,100.0
\VM-PF.IntUser\PDD 30-09-2025.IntPrj\Network Model.IntPrjfolder\Network Data.IntPrjfolder\SUR 138 kV.ElmNet\POWERSHIP AZUA KPS 60.ElmSite\Planta_POWERSHIP AZUA KPS 60.ElmComp\MAN 18V/51/60DDF.ElmComp\Governor.ElmDsl,gov_MAN Governor/Actuator_v3,SmD:IntMat,1,8,100.0
\VM-PF.IntUser\PDD 30-09-2025.IntPrj\Network Model.IntPrjfolder\Network Data.IntPrjfolder\SUR 138 kV.ElmNet\POWERSHIP AZUA KPS 60.ElmSite\Planta_POWERSHIP AZUA KPS 60.ElmComp\MAN 18V/51/60DDF.ElmComp\Governor.ElmDsl,gov_MAN Governor/Actuator_v3,SmD:IntMat,1,9,100.0
\VM-PF.IntUser\PDD 30-09-2025.IntPrj\Network Model.IntPrjfolder\Network Data.IntPrjfolder\SUR 138 kV.ElmNet\POWERSHIP AZUA KPS 60.ElmSite\Planta_POWERSHIP AZUA KPS 60.ElmComp\MAN 18V/51/60DDF.ElmComp\Governor.ElmDsl,gov_MAN Governor/Actuator_v3,SmD:IntMat,1,10,100.0
\VM-PF.IntUser\PDD 30-09-2025.IntPrj\Network Model.IntPrjfolder\Network Data.IntPrjfolder\SUR 138 kV.ElmNet\POWERSHIP AZUA KPS 60.ElmSite\Planta_POWERSHIP AZUA KPS 60.ElmComp\MAN 18V/51/60DDF.ElmComp\Governor.ElmDsl,gov_MAN Governor/Actuator_v3,SmD:IntMat,2,0,100.0
\VM-PF.IntUser\PDD 30-09-2025.IntPrj\Network Model.IntPrjfolder\Network Data.IntPrjfolder\SUR 138 kV.ElmNet\POWERSHIP AZUA KPS 60.ElmSite\Planta_POWERSHIP AZUA KPS 60.ElmComp\MAN 18V/51/60DDF.ElmComp\Governor.ElmDsl,gov_MAN Governor/Actuator_v3,SmD:IntMat,2,1,100.0
\VM-PF.IntUser\PDD 30-09-2025.IntPrj\Network Model.IntPrjfolder\Network Data.IntPrjfolder\SUR 138 kV.ElmNet\POWERSHIP AZUA KPS 60.ElmSite\Planta_POWERSHIP AZUA KPS 60.ElmComp\MAN 18V/51/60DDF.ElmComp\Governor.ElmDsl,gov_MAN Governor/Actuator_v3,SmD:IntMat,2,2,100.0
\VM-PF.IntUser\PDD 30-09-2025.IntPrj\Network Model.IntPrjfolder\Network Data.IntPrjfolder\SUR 138 kV.ElmNet\POWERSHIP AZUA KPS 60.ElmSite\Planta_POWERSHIP AZUA KPS 60.ElmComp\MAN 18V/51/60DDF.ElmComp\Governor.ElmDsl,gov_MAN Governor/Actuator_v3,SmD:IntMat,2,3,100.0
\VM-PF.IntUser\PDD 30-09-2025.IntPrj\Network Model.IntPrjfolder\Network Data.IntPrjfolder\SUR 138 kV.ElmNet\POWERSHIP AZUA KPS 60.ElmSite\Planta_POWERSHIP AZUA KPS 60.ElmComp\MAN 18V/51/60DDF.ElmComp\Governor.ElmDsl,gov_MAN Governor/Actuator_v3,SmD:IntMat,2,4,100.0
\VM-PF.IntUser\PDD 30-09-2025.IntPrj\Network Model.IntPrjfolder\Network Data.IntPrjfolder\SUR 138 kV.ElmNet\POWERSHIP AZUA KPS 60.ElmSite\Planta_POWERSHIP AZUA KPS 60.ElmComp\MAN 18V/51/60DDF.ElmComp\Governor.ElmDsl,gov_MAN Governor/Actuator_v3,SmD:IntMat,2,5,100.0
\VM-PF.IntUser\PDD 30-09-2025.IntPrj\Network Model.IntPrjfolder\Network Data.IntPrjfolder\SUR 138 kV.ElmNet\POWERSHIP AZUA KPS 60.ElmSite\Planta_POWERSHIP AZUA KPS 60.ElmComp\MAN 18V/51/60DDF.ElmComp\Governor.ElmDsl,gov_MAN Governor/Actuator_v3,SmD:IntMat,2,6,100.0
\VM-PF.IntUser\PDD 30-09-2025.IntPrj\Network Model.IntPrjfolder\Network Data.IntPrjfolder\SUR 138 kV.ElmNet\POWERSHIP AZUA KPS 60.ElmSite\Planta_POWERSHIP AZUA KPS 60.ElmComp\MAN 18V/51/60DDF.ElmComp\Governor.ElmDsl,gov_MAN Governor/Actuator_v3,SmD:IntMat,2,7,100.0
\VM-PF.IntUser\PDD 30-09-2025.IntPrj\Network Model.IntPrjfolder\Network Data.IntPrjfolder\SUR 138 kV.ElmNet\POWERSHIP AZUA KPS 60.ElmSite\Planta_POWERSHIP AZUA KPS 60.ElmComp\MAN 18V/51/60DDF.ElmComp\Governor.ElmDsl,gov_MAN Governor/Actuator_v3,SmD:IntMat,2,8,100.0
\VM-PF.IntUser\PDD 30-09-2025.IntPrj\Network Model.IntPrjfolder\Network Data.IntPrjfolder\SUR 138 kV.ElmNet\POWERSHIP AZUA KPS 60.ElmSite\Planta_POWERSHIP AZUA KPS 60.ElmComp\MAN 18V/51/60DDF.ElmComp\Governor.ElmDsl,gov_MAN Governor/Actuator_v3,SmD:IntMat,2,9,100.0
\VM-PF.IntUser\PDD 30-09-2025.IntPrj\Network Model.IntPrjfolder\Network Data.IntPrjfolder\SUR 138 kV.ElmNet\POWERSHIP AZUA KPS 60.ElmSite\Planta_POWERSHIP AZUA KPS 60.ElmComp\MAN 18V/51/60DDF.ElmComp\Governor.ElmDsl,gov_MAN Governor/Actuator_v3,SmD:IntMat,2,10,100.0
\VM-PF.IntUser\PDD 30-09-2025.IntPrj\Network Model.IntPrjfolder\Network Data.IntPrjfolder\SUR 138 kV.ElmNet\POWERSHIP AZUA KPS 60.ElmSite\Planta_POWERSHIP AZUA KPS 60.ElmComp\MAN 18V/51/60DDF.ElmComp\Governor.ElmDsl,gov_MAN Governor/Actuator_v3,SmD:IntMat,3,0,200.0
\VM-PF.IntUser\PDD 30-09-2025.IntPrj\Network Model.IntPrjfolder\Network Data.IntPrjfolder\SUR 138 kV.ElmNet\POWERSHIP AZUA KPS 60.ElmSite\Planta_POWERSHIP AZUA KPS 60.ElmComp\MAN 18V/51/60DDF.ElmComp\Governor.ElmDsl,gov_MAN Governor/Actuator_v3,SmD:IntMat,3,1,100.0
\VM-PF.IntUser\PDD 30-09-2025.IntPrj\Network Model.IntPrjfolder\Network Data.IntPrjfolder\SUR 138 kV.ElmNet\POWERSHIP AZUA KPS 60.ElmSite\Planta_POWERSHIP AZUA KPS 60.ElmComp\MAN 18V/51/60DDF.ElmComp\Governor.ElmDsl,gov_MAN Governor/Actuator_v3,SmD:IntMat,3,2,100.0
\VM-PF.IntUser\PDD 30-09-2025.IntPrj\Network Model.IntPrjfolder\Network Data.IntPrjfolder\SUR 138 kV.ElmNet\POWERSHIP AZUA KPS 60.ElmSite\Planta_POWERSHIP AZUA KPS 60.ElmComp\MAN 18V/51/60DDF.ElmComp\Governor.ElmDsl,gov_MAN Governor/Actuator_v3,SmD:IntMat,3,3,100.0
\VM-PF.IntUser\PDD 30-09-2025.IntPrj\Network Model.IntPrjfolder\Network Data.IntPrjfolder\SUR 138 kV.ElmNet\POWERSHIP AZUA KPS 60.ElmSite\Planta_POWERSHIP AZUA KPS 60.ElmComp\MAN 18V/51/60DDF.ElmComp\Governor.ElmDsl,gov_MAN Governor/Actuator_v3,SmD:IntMat,3,4,100.0
\VM-PF.IntUser\PDD 30-09-2025.IntPrj\Network Model.IntPrjfolder\Network Data.IntPrjfolder\SUR 138 kV.ElmNet\POWERSHIP AZUA KPS 60.ElmSite\Planta_POWERSHIP AZUA KPS 60.ElmComp\MAN 18V/51/60DDF.ElmComp\Governor.ElmDsl,gov_MAN Governor/Actuator_v3,SmD:IntMat,3,5,100.0
\VM-PF.IntUser\PDD 30-09-2025.IntPrj\Network Model.IntPrjfolder\Network Data.IntPrjfolder\SUR 138 kV.ElmNet\POWERSHIP AZUA KPS 60.ElmSite\Planta_POWERSHIP AZUA KPS 60.ElmComp\MAN 18V/51/60DDF.ElmComp\Governor.ElmDsl,gov_MAN Governor/Actuator_v3,SmD:IntMat,3,6,100.0
\VM-PF.IntUser\PDD 30-09-2025.IntPrj\Network Model.IntPrjfolder\Network Data.IntPrjfolder\SUR 138 kV.ElmNet\POWERSHIP AZUA KPS 60.ElmSite\Planta_POWERSHIP AZUA KPS 60.ElmComp\MAN 18V/51/60DDF.ElmComp\Governor.ElmDsl,gov_MAN Governor/Actuator_v3,SmD:IntMat,3,7,100.0
\VM-PF.IntUser\PDD 30-09-2025.IntPrj\Network Model.IntPrjfolder\Network Data.IntPrjfolder\SUR 138 kV.ElmNet\POWERSHIP AZUA KPS 60.ElmSite\Planta_POWERSHIP AZUA KPS 60.ElmComp\MAN 18V/51/60DDF.ElmComp\Governor.ElmDsl,gov_MAN Governor/Actuator_v3,SmD:IntMat,3,8,100.0
\VM-PF.IntUser\PDD 30-09-2025.IntPrj\Network Model.IntPrjfolder\Network Data.IntPrjfolder\SUR 138 kV.ElmNet\POWERSHIP AZUA KPS 60.ElmSite\Planta_POWERSHIP AZUA KPS 60.ElmComp\MAN 18V/51/60DDF.ElmComp\Governor.ElmDsl,gov_MAN Governor/Actuator_v3,SmD:IntMat,3,9,100.0
\VM-PF.IntUser\PDD 30-09-2025.IntPrj\Network Model.IntPrjfolder\Network Data.IntPrjfolder\SUR 138 kV.ElmNet\POWERSHIP AZUA KPS 60.ElmSite\Planta_POWERSHIP AZUA KPS 60.ElmComp\MAN 18V/51/60DDF.ElmComp\Governor.ElmDsl,gov_MAN Governor/Actuator_v3,SmD:IntMat,3,10,100.0
\VM-PF.IntUser\PDD 30-09-2025.IntPrj\Network Model.IntPrjfolder\Network Data.IntPrjfolder\SUR 138 kV.ElmNet\POWERSHIP AZUA KPS 60.ElmSite\Planta_POWERSHIP AZUA KPS 60.ElmComp\MAN 18V/51/60DDF.ElmComp\Governor.ElmDsl,gov_MAN Governor/Actuator_v3,SmD:IntMat,4,0,300.0
\VM-PF.IntUser\PDD 30-09-2025.IntPrj\Network Model.IntPrjfolder\Network Data.IntPrjfolder\SUR 138 kV.ElmNet\POWERSHIP AZUA KPS 60.ElmSite\Planta_POWERSHIP AZUA KPS 60.ElmComp\MAN 18V/51/60DDF.ElmComp\Governor.ElmDsl,gov_MAN Governor/Actuator_v3,SmD:IntMat,4,1,100.0
\VM-PF.IntUser\PDD 30-09-2025.IntPrj\Network Model.IntPrjfolder\Network Data.IntPrjfolder\SUR 138 kV.ElmNet\POWERSHIP AZUA KPS 60.ElmSite\Planta_POWERSHIP AZUA KPS 60.ElmComp\MAN 18V/51/60DDF.ElmComp\Governor.ElmDsl,gov_MAN Governor/Actuator_v3,SmD:IntMat,4,2,100.0
\VM-PF.IntUser\PDD 30-09-2025.IntPrj\Network Model.IntPrjfolder\Network Data.IntPrjfolder\SUR 138 kV.ElmNet\POWERSHIP AZUA KPS 60.ElmSite\Planta_POWERSHIP AZUA KPS 60.ElmComp\MAN 18V/51/60DDF.ElmComp\Governor.ElmDsl,gov_MAN Governor/Actuator_v3,SmD:IntMat,4,3,100.0
\VM-PF.IntUser\PDD 30-09-2025.IntPrj\Network Model.IntPrjfolder\Network Data.IntPrjfolder\SUR 138 kV.ElmNet\POWERSHIP AZUA KPS 60.ElmSite\Planta_POWERSHIP AZUA KPS 60.ElmComp\MAN 18V/51/60DDF.ElmComp\Governor.ElmDsl,gov_MAN Governor/Actuator_v3,SmD:IntMat,4,4,100.0
\VM-PF.IntUser\PDD 30-09-2025.IntPrj\Network Model.IntPrjfolder\Network Data.IntPrjfolder\SUR 138 kV.ElmNet\POWERSHIP AZUA KPS 60.ElmSite\Planta_POWERSHIP AZUA KPS 60.ElmComp\MAN 18V/51/60DDF.ElmComp\Governor.ElmDsl,gov_MAN Governor/Actuator_v3,SmD:IntMat,4,5,100.0
\VM-PF.IntUser\PDD 30-09-2025.IntPrj\Network Model.IntPrjfolder\Network Data.IntPrjfolder\SUR 138 kV.ElmNet\POWERSHIP AZUA KPS 60.ElmSite\Planta_POWERSHIP AZUA KPS 60.ElmComp\MAN 18V/51/60DDF.ElmComp\Governor.ElmDsl,gov_MAN Governor/Actuator_v3,SmD:IntMat,4,6,100.0
\VM-PF.IntUser\PDD 30-09-2025.IntPrj\Network Model.IntPrjfolder\Network Data.IntPrjfolder\SUR 138 kV.ElmNet\POWERSHIP AZUA KPS 60.ElmSite\Planta_POWERSHIP AZUA KPS 60.ElmComp\MAN 18V/51/60DDF.ElmComp\Governor.ElmDsl,gov_MAN Governor/Actuator_v3,SmD:IntMat,4,7,100.0
\VM-PF.IntUser\PDD 30-09-2025.IntPrj\Network Model.IntPrjfolder\Network Data.IntPrjfolder\SUR 138 kV.ElmNet\POWERSHIP AZUA KPS 60.ElmSite\Planta_POWERSHIP AZUA KPS 60.ElmComp\MAN 18V/51/60DDF.ElmComp\Governor.ElmDsl,gov_MAN Governor/Actuator_v3,SmD:IntMat,4,8,100.0
\VM-PF.IntUser\PDD 30-09-2025.IntPrj\Network Model.IntPrjfolder\Network Data.IntPrjfolder\SUR 138 kV.ElmNet\POWERSHIP AZUA KPS 60.ElmSite\Planta_POWERSHIP AZUA KPS 60.ElmComp\MAN 18V/51/60DDF.ElmComp\Governor.ElmDsl,gov_MAN Governor/Actuator_v3,SmD:IntMat,4,9,100.0
\VM-PF.IntUser\PDD 30-09-2025.IntPrj\Network Model.IntPrjfolder\Network Data.IntPrjfolder\SUR 138 kV.ElmNet\POWERSHIP AZUA KPS 60.ElmSite\Planta_POWERSHIP AZUA KPS 60.ElmComp\MAN 18V/51/60DDF.ElmComp\Governor.ElmDsl,gov_MAN Governor/Actuator_v3,SmD:IntMat,4,10,100.0
\VM-PF.IntUser\PDD 30-09-2025.IntPrj\Network Model.IntPrjfolder\Network Data.IntPrjfolder\SUR 138 kV.ElmNet\POWERSHIP AZUA KPS 60.ElmSite\Planta_POWERSHIP AZUA KPS 60.ElmComp\MAN 18V/51/60DDF.ElmComp\Governor.ElmDsl,gov_MAN Governor/Actuator_v3,SmD:IntMat,5,0,350.0
\VM-PF.IntUser\PDD 30-09-2025.IntPrj\Network Model.IntPrjfolder\Network Data.IntPrjfolder\SUR 138 kV.ElmNet\POWERSHIP AZUA KPS 60.ElmSite\Planta_POWERSHIP AZUA KPS 60.ElmComp\MAN 18V/51/60DDF.ElmComp\Governor.ElmDsl,gov_MAN Governor/Actuator_v3,SmD:IntMat,5,1,100.0
\VM-PF.IntUser\PDD 30-09-2025.IntPrj\Network Model.IntPrjfolder\Network Data.IntPrjfolder\SUR 138 kV.ElmNet\POWERSHIP AZUA KPS 60.ElmSite\Planta_POWERSHIP AZUA KPS 60.ElmComp\MAN 18V/51/60DDF.ElmComp\Governor.ElmDsl,gov_MAN Governor/Actuator_v3,SmD:IntMat,5,2,100.0
\VM-PF.IntUser\PDD 30-09-2025.IntPrj\Network Model.IntPrjfolder\Network Data.IntPrjfolder\SUR 138 kV.ElmNet\POWERSHIP AZUA KPS 60.ElmSite\Planta_POWERSHIP AZUA KPS 60.ElmComp\MAN 18V/51/60DDF.ElmComp\Governor.ElmDsl,gov_MAN Governor/Actuator_v3,SmD:IntMat,5,3,100.0
\VM-PF.IntUser\PDD 30-09-2025.IntPrj\Network Model.IntPrjfolder\Network Data.IntPrjfolder\SUR 138 kV.ElmNet\POWERSHIP AZUA KPS 60.ElmSite\Planta_POWERSHIP AZUA KPS 60.ElmComp\MAN 18V/51/60DDF.ElmComp\Governor.ElmDsl,gov_MAN Governor/Actuator_v3,SmD:IntMat,5,4,100.0
\VM-PF.IntUser\PDD 30-09-2025.IntPrj\Network Model.IntPrjfolder\Network Data.IntPrjfolder\SUR 138 kV.ElmNet\POWERSHIP AZUA KPS 60.ElmSite\Planta_POWERSHIP AZUA KPS 60.ElmComp\MAN 18V/51/60DDF.ElmComp\Governor.ElmDsl,gov_MAN Governor/Actuator_v3,SmD:IntMat,5,5,100.0
\VM-PF.IntUser\PDD 30-09-2025.IntPrj\Network Model.IntPrjfolder\Network Data.IntPrjfolder\SUR 138 kV.ElmNet\POWERSHIP AZUA KPS 60.ElmSite\Planta_POWERSHIP AZUA KPS 60.ElmComp\MAN 18V/51/60DDF.ElmComp\Governor.ElmDsl,gov_MAN Governor/Actuator_v3,SmD:IntMat,5,6,100.0
\VM-PF.IntUser\PDD 30-09-2025.IntPrj\Network Model.IntPrjfolder\Network Data.IntPrjfolder\SUR 138 kV.ElmNet\POWERSHIP AZUA KPS 60.ElmSite\Planta_POWERSHIP AZUA KPS 60.ElmComp\MAN 18V/51/60DDF.ElmComp\Governor.ElmDsl,gov_MAN Governor/Actuator_v3,SmD:IntMat,5,7,100.0
\VM-PF.IntUser\PDD 30-09-2025.IntPrj\Network Model.IntPrjfolder\Network Data.IntPrjfolder\SUR 138 kV.ElmNet\POWERSHIP AZUA KPS 60.ElmSite\Planta_POWERSHIP AZUA KPS 60.ElmComp\MAN 18V/51/60DDF.ElmComp\Governor.ElmDsl,gov_MAN Governor/Actuator_v3,SmD:IntMat,5,8,100.0
\VM-PF.IntUser\PDD 30-09-2025.IntPrj\Network Model.IntPrjfolder\Network Data.IntPrjfolder\SUR 138 kV.ElmNet\POWERSHIP AZUA KPS 60.ElmSite\Planta_POWERSHIP AZUA KPS 60.ElmComp\MAN 18V/51/60DDF.ElmComp\Governor.ElmDsl,gov_MAN Governor/Actuator_v3,SmD:IntMat,5,9,100.0
\VM-PF.IntUser\PDD 30-09-2025.IntPrj\Network Model.IntPrjfolder\Network Data.IntPrjfolder\SUR 138 kV.ElmNet\POWERSHIP AZUA KPS 60.ElmSite\Planta_POWERSHIP AZUA KPS 60.ElmComp\MAN 18V/51/60DDF.ElmComp\Governor.ElmDsl,gov_MAN Governor/Actuator_v3,SmD:IntMat,5,10,100.0
\VM-PF.IntUser\PDD 30-09-2025.IntPrj\Network Model.IntPrjfolder\Network Data.IntPrjfolder\SUR 138 kV.ElmNet\POWERSHIP AZUA KPS 60.ElmSite\Planta_POWERSHIP AZUA KPS 60.ElmComp\MAN 18V/51/60DDF.ElmComp\Governor.ElmDsl,gov_MAN Governor/Actuator_v3,SmD:IntMat,6,0,400.0
\VM-PF.IntUser\PDD 30-09-2025.IntPrj\Network Model.IntPrjfolder\Network Data.IntPrjfolder\SUR 138 kV.ElmNet\POWERSHIP AZUA KPS 60.ElmSite\Planta_POWERSHIP AZUA KPS 60.ElmComp\MAN 18V/51/60DDF.ElmComp\Governor.ElmDsl,gov_MAN Governor/Actuator_v3,SmD:IntMat,6,1,100.0
\VM-PF.IntUser\PDD 30-09-2025.IntPrj\Network Model.IntPrjfolder\Network Data.IntPrjfolder\SUR 138 kV.ElmNet\POWERSHIP AZUA KPS 60.ElmSite\Planta_POWERSHIP AZUA KPS 60.ElmComp\MAN 18V/51/60DDF.ElmComp\Governor.ElmDsl,gov_MAN Governor/Actuator_v3,SmD:IntMat,6,2,100.0
\VM-PF.IntUser\PDD 30-09-2025.IntPrj\Network Model.IntPrjfolder\Network Data.IntPrjfolder\SUR 138 kV.ElmNet\POWERSHIP AZUA KPS 60.ElmSite\Planta_POWERSHIP AZUA KPS 60.ElmComp\MAN 18V/51/60DDF.ElmComp\Governor.ElmDsl,gov_MAN Governor/Actuator_v3,SmD:IntMat,6,3,100.0
\VM-PF.IntUser\PDD 30-09-2025.IntPrj\Network Model.IntPrjfolder\Network Data.IntPrjfolder\SUR 138 kV.ElmNet\POWERSHIP AZUA KPS 60.ElmSite\Planta_POWERSHIP AZUA KPS 60.ElmComp\MAN 18V/51/60DDF.ElmComp\Governor.ElmDsl,gov_MAN Governor/Actuator_v3,SmD:IntMat,6,4,100.0
\VM-PF.IntUser\PDD 30-09-2025.IntPrj\Network Model.IntPrjfolder\Network Data.IntPrjfolder\SUR 138 kV.ElmNet\POWERSHIP AZUA KPS 60.ElmSite\Planta_POWERSHIP AZUA KPS 60.ElmComp\MAN 18V/51/60DDF.ElmComp\Governor.ElmDsl,gov_MAN Governor/Actuator_v3,SmD:IntMat,6,5,100.0
\VM-PF.IntUser\PDD 30-09-2025.IntPrj\Network Model.IntPrjfolder\Network Data.IntPrjfolder\SUR 138 kV.ElmNet\POWERSHIP AZUA KPS 60.ElmSite\Planta_POWERSHIP AZUA KPS 60.ElmComp\MAN 18V/51/60DDF.ElmComp\Governor.ElmDsl,gov_MAN Governor/Actuator_v3,SmD:IntMat,6,6,100.0
\VM-PF.IntUser\PDD 30-09-2025.IntPrj\Network Model.IntPrjfolder\Network Data.IntPrjfolder\SUR 138 kV.ElmNet\POWERSHIP AZUA KPS 60.ElmSite\Planta_POWERSHIP AZUA KPS 60.ElmComp\MAN 18V/51/60DDF.ElmComp\Governor.ElmDsl,gov_MAN Governor/Actuator_v3,SmD:IntMat,6,7,100.0
\VM-PF.IntUser\PDD 30-09-2025.IntPrj\Network Model.IntPrjfolder\Network Data.IntPrjfolder\SUR 138 kV.ElmNet\POWERSHIP AZUA KPS 60.ElmSite\Planta_POWERSHIP AZUA KPS 60.ElmComp\MAN 18V/51/60DDF.ElmComp\Governor.ElmDsl,gov_MAN Governor/Actuator_v3,SmD:IntMat,6,8,100.0
\VM-PF.IntUser\PDD 30-09-2025.IntPrj\Network Model.IntPrjfolder\Network Data.IntPrjfolder\SUR 138 kV.ElmNet\POWERSHIP AZUA KPS 60.ElmSite\Planta_POWERSHIP AZUA KPS 60.ElmComp\MAN 18V/51/60DDF.ElmComp\Governor.ElmDsl,gov_MAN Governor/Actuator_v3,SmD:IntMat,6,9,100.0
\VM-PF.IntUser\PDD 30-09-2025.IntPrj\Network Model.IntPrjfolder\Network Data.IntPrjfolder\SUR 138 kV.ElmNet\POWERSHIP AZUA KPS 60.ElmSite\Planta_POWERSHIP AZUA KPS 60.ElmComp\MAN 18V/51/60DDF.ElmComp\Governor.ElmDsl,gov_MAN Governor/Actuator_v3,SmD:IntMat,6,10,100.0
\VM-PF.IntUser\PDD 30-09-2025.IntPrj\Network Model.IntPrjfolder\Network Data.IntPrjfolder\SUR 138 kV.ElmNet\POWERSHIP AZUA KPS 60.ElmSite\Planta_POWERSHIP AZUA KPS 60.ElmComp\MAN 18V/51/60DDF.ElmComp\Governor.ElmDsl,gov_MAN Governor/Actuator_v3,SmD:IntMat,7,0,450.0
\VM-PF.IntUser\PDD 30-09-2025.IntPrj\Network Model.IntPrjfolder\Network Data.IntPrjfolder\SUR 138 kV.ElmNet\POWERSHIP AZUA KPS 60.ElmSite\Planta_POWERSHIP AZUA KPS 60.ElmComp\MAN 18V/51/60DDF.ElmComp\Governor.ElmDsl,gov_MAN Governor/Actuator_v3,SmD:IntMat,7,1,100.0
\VM-PF.IntUser\PDD 30-09-2025.IntPrj\Network Model.IntPrjfolder\Network Data.IntPrjfolder\SUR 138 kV.ElmNet\POWERSHIP AZUA KPS 60.ElmSite\Planta_POWERSHIP AZUA KPS 60.ElmComp\MAN 18V/51/60DDF.ElmComp\Governor.ElmDsl,gov_MAN Governor/Actuator_v3,SmD:IntMat,7,2,100.0
\VM-PF.IntUser\PDD 30-09-2025.IntPrj\Network Model.IntPrjfolder\Network Data.IntPrjfolder\SUR 138 kV.ElmNet\POWERSHIP AZUA KPS 60.ElmSite\Planta_POWERSHIP AZUA KPS 60.ElmComp\MAN 18V/51/60DDF.ElmComp\Governor.ElmDsl,gov_MAN Governor/Actuator_v3,SmD:IntMat,7,3,100.0
\VM-PF.IntUser\PDD 30-09-2025.IntPrj\Network Model.IntPrjfolder\Network Data.IntPrjfolder\SUR 138 kV.ElmNet\POWERSHIP AZUA KPS 60.ElmSite\Planta_POWERSHIP AZUA KPS 60.ElmComp\MAN 18V/51/60DDF.ElmComp\Governor.ElmDsl,gov_MAN Governor/Actuator_v3,SmD:IntMat,7,4,100.0
\VM-PF.IntUser\PDD 30-09-2025.IntPrj\Network Model.IntPrjfolder\Network Data.IntPrjfolder\SUR 138 kV.ElmNet\POWERSHIP AZUA KPS 60.ElmSite\Planta_POWERSHIP AZUA KPS 60.ElmComp\MAN 18V/51/60DDF.ElmComp\Governor.ElmDsl,gov_MAN Governor/Actuator_v3,SmD:IntMat,7,5,100.0
\VM-PF.IntUser\PDD 30-09-2025.IntPrj\Network Model.IntPrjfolder\Network Data.IntPrjfolder\SUR 138 kV.ElmNet\POWERSHIP AZUA KPS 60.ElmSite\Planta_POWERSHIP AZUA KPS 60.ElmComp\MAN 18V/51/60DDF.ElmComp\Governor.ElmDsl,gov_MAN Governor/Actuator_v3,SmD:IntMat,7,6,100.0
\VM-PF.IntUser\PDD 30-09-2025.IntPrj\Network Model.IntPrjfolder\Network Data.IntPrjfolder\SUR 138 kV.ElmNet\POWERSHIP AZUA KPS 60.ElmSite\Planta_POWERSHIP AZUA KPS 60.ElmComp\MAN 18V/51/60DDF.ElmComp\Governor.ElmDsl,gov_MAN Governor/Actuator_v3,SmD:IntMat,7,7,100.0
\VM-PF.IntUser\PDD 30-09-2025.IntPrj\Network Model.IntPrjfolder\Network Data.IntPrjfolder\SUR 138 kV.ElmNet\POWERSHIP AZUA KPS 60.ElmSite\Planta_POWERSHIP AZUA KPS 60.ElmComp\MAN 18V/51/60DDF.ElmComp\Governor.ElmDsl,gov_MAN Governor/Actuator_v3,SmD:IntMat,7,8,100.0
\VM-PF.IntUser\PDD 30-09-2025.IntPrj\Network Model.IntPrjfolder\Network Data.IntPrjfolder\SUR 138 kV.ElmNet\POWERSHIP AZUA KPS 60.ElmSite\Planta_POWERSHIP AZUA KPS 60.ElmComp\MAN 18V/51/60DDF.ElmComp\Governor.ElmDsl,gov_MAN Governor/Actuator_v3,SmD:IntMat,7,9,100.0
\VM-PF.IntUser\PDD 30-09-2025.IntPrj\Network Model.IntPrjfolder\Network Data.IntPrjfolder\SUR 138 kV.ElmNet\POWERSHIP AZUA KPS 60.ElmSite\Planta_POWERSHIP AZUA KPS 60.ElmComp\MAN 18V/51/60DDF.ElmComp\Governor.ElmDsl,gov_MAN Governor/Actuator_v3,SmD:IntMat,7,10,100.0
\VM-PF.IntUser\PDD 30-09-2025.IntPrj\Network Model.IntPrjfolder\Network Data.IntPrjfolder\SUR 138 kV.ElmNet\POWERSHIP AZUA KPS 60.ElmSite\Planta_POWERSHIP AZUA KPS 60.ElmComp\MAN 18V/51/60DDF.ElmComp\Governor.ElmDsl,gov_MAN Governor/Actuator_v3,SmD:IntMat,8,0,490.0
\VM-PF.IntUser\PDD 30-09-2025.IntPrj\Network Model.IntPrjfolder\Network Data.IntPrjfolder\SUR 138 kV.ElmNet\POWERSHIP AZUA KPS 60.ElmSite\Planta_POWERSHIP AZUA KPS 60.ElmComp\MAN 18V/51/60DDF.ElmComp\Governor.ElmDsl,gov_MAN Governor/Actuator_v3,SmD:IntMat,8,1,100.0
\VM-PF.IntUser\PDD 30-09-2025.IntPrj\Network Model.IntPrjfolder\Network Data.IntPrjfolder\SUR 138 kV.ElmNet\POWERSHIP AZUA KPS 60.ElmSite\Planta_POWERSHIP AZUA KPS 60.ElmComp\MAN 18V/51/60DDF.ElmComp\Governor.ElmDsl,gov_MAN Governor/Actuator_v3,SmD:IntMat,8,2,100.0
\VM-PF.IntUser\PDD 30-09-2025.IntPrj\Network Model.IntPrjfolder\Network Data.IntPrjfolder\SUR 138 kV.ElmNet\POWERSHIP AZUA KPS 60.ElmSite\Planta_POWERSHIP AZUA KPS 60.ElmComp\MAN 18V/51/60DDF.ElmComp\Governor.ElmDsl,gov_MAN Governor/Actuator_v3,SmD:IntMat,8,3,100.0
\VM-PF.IntUser\PDD 30-09-2025.IntPrj\Network Model.IntPrjfolder\Network Data.IntPrjfolder\SUR 138 kV.ElmNet\POWERSHIP AZUA KPS 60.ElmSite\Planta_POWERSHIP AZUA KPS 60.ElmComp\MAN 18V/51/60DDF.ElmComp\Governor.ElmDsl,gov_MAN Governor/Actuator_v3,SmD:IntMat,8,4,100.0
\VM-PF.IntUser\PDD 30-09-2025.IntPrj\Network Model.IntPrjfolder\Network Data.IntPrjfolder\SUR 138 kV.ElmNet\POWERSHIP AZUA KPS 60.ElmSite\Planta_POWERSHIP AZUA KPS 60.ElmComp\MAN 18V/51/60DDF.ElmComp\Governor.ElmDsl,gov_MAN Governor/Actuator_v3,SmD:IntMat,8,5,100.0
\VM-PF.IntUser\PDD 30-09-2025.IntPrj\Network Model.IntPrjfolder\Network Data.IntPrjfolder\SUR 138 kV.ElmNet\POWERSHIP AZUA KPS 60.ElmSite\Planta_POWERSHIP AZUA KPS 60.ElmComp\MAN 18V/51/60DDF.ElmComp\Governor.ElmDsl,gov_MAN Governor/Actuator_v3,SmD:IntMat,8,6,100.0
\VM-PF.IntUser\PDD 30-09-2025.IntPrj\Network Model.IntPrjfolder\Network Data.IntPrjfolder\SUR 138 kV.ElmNet\POWERSHIP AZUA KPS 60.ElmSite\Planta_POWERSHIP AZUA KPS 60.ElmComp\MAN 18V/51/60DDF.ElmComp\Governor.ElmDsl,gov_MAN Governor/Actuator_v3,SmD:IntMat,8,7,100.0
\VM-PF.IntUser\PDD 30-09-2025.IntPrj\Network Model.IntPrjfolder\Network Data.IntPrjfolder\SUR 138 kV.ElmNet\POWERSHIP AZUA KPS 60.ElmSite\Planta_POWERSHIP AZUA KPS 60.ElmComp\MAN 18V/51/60DDF.ElmComp\Governor.ElmDsl,gov_MAN Governor/Actuator_v3,SmD:IntMat,8,8,100.0
\VM-PF.IntUser\PDD 30-09-2025.IntPrj\Network Model.IntPrjfolder\Network Data.IntPrjfolder\SUR 138 kV.ElmNet\POWERSHIP AZUA KPS 60.ElmSite\Planta_POWERSHIP AZUA KPS 60.ElmComp\MAN 18V/51/60DDF.ElmComp\Governor.ElmDsl,gov_MAN Governor/Actuator_v3,SmD:IntMat,8,9,100.0
\VM-PF.IntUser\PDD 30-09-2025.IntPrj\Network Model.IntPrjfolder\Network Data.IntPrjfolder\SUR 138 kV.ElmNet\POWERSHIP AZUA KPS 60.ElmSite\Planta_POWERSHIP AZUA KPS 60.ElmComp\MAN 18V/51/60DDF.ElmComp\Governor.ElmDsl,gov_MAN Governor/Actuator_v3,SmD:IntMat,8,10,100.0
\VM-PF.IntUser\PDD 30-09-2025.IntPrj\Network Model.IntPrjfolder\Network Data.IntPrjfolder\SUR 138 kV.ElmNet\POWERSHIP AZUA KPS 60.ElmSite\Planta_POWERSHIP AZUA KPS 60.ElmComp\MAN 18V/51/60DDF.ElmComp\Governor.ElmDsl,gov_MAN Governor/Actuator_v3,SmD:IntMat,9,0,535.0
\VM-PF.IntUser\PDD 30-09-2025.IntPrj\Network Model.IntPrjfolder\Network Data.IntPrjfolder\SUR 138 kV.ElmNet\POWERSHIP AZUA KPS 60.ElmSite\Planta_POWERSHIP AZUA KPS 60.ElmComp\MAN 18V/51/60DDF.ElmComp\Governor.ElmDsl,gov_MAN Governor/Actuator_v3,SmD:IntMat,9,1,100.0
\VM-PF.IntUser\PDD 30-09-2025.IntPrj\Network Model.IntPrjfolder\Network Data.IntPrjfolder\SUR 138 kV.ElmNet\POWERSHIP AZUA KPS 60.ElmSite\Planta_POWERSHIP AZUA KPS 60.ElmComp\MAN 18V/51/60DDF.ElmComp\Governor.ElmDsl,gov_MAN Governor/Actuator_v3,SmD:IntMat,9,2,100.0
\VM-PF.IntUser\PDD 30-09-2025.IntPrj\Network Model.IntPrjfolder\Network Data.IntPrjfolder\SUR 138 kV.ElmNet\POWERSHIP AZUA KPS 60.ElmSite\Planta_POWERSHIP AZUA KPS 60.ElmComp\MAN 18V/51/60DDF.ElmComp\Governor.ElmDsl,gov_MAN Governor/Actuator_v3,SmD:IntMat,9,3,100.0
\VM-PF.IntUser\PDD 30-09-2025.IntPrj\Network Model.IntPrjfolder\Network Data.IntPrjfolder\SUR 138 kV.ElmNet\POWERSHIP AZUA KPS 60.ElmSite\Planta_POWERSHIP AZUA KPS 60.ElmComp\MAN 18V/51/60DDF.ElmComp\Governor.ElmDsl,gov_MAN Governor/Actuator_v3,SmD:IntMat,9,4,100.0
\VM-PF.IntUser\PDD 30-09-2025.IntPrj\Network Model.IntPrjfolder\Network Data.IntPrjfolder\SUR 138 kV.ElmNet\POWERSHIP AZUA KPS 60.ElmSite\Planta_POWERSHIP AZUA KPS 60.ElmComp\MAN 18V/51/60DDF.ElmComp\Governor.ElmDsl,gov_MAN Governor/Actuator_v3,SmD:IntMat,9,5,100.0
\VM-PF.IntUser\PDD 30-09-2025.IntPrj\Network Model.IntPrjfolder\Network Data.IntPrjfolder\SUR 138 kV.ElmNet\POWERSHIP AZUA KPS 60.ElmSite\Planta_POWERSHIP AZUA KPS 60.ElmComp\MAN 18V/51/60DDF.ElmComp\Governor.ElmDsl,gov_MAN Governor/Actuator_v3,SmD:IntMat,9,6,100.0
\VM-PF.IntUser\PDD 30-09-2025.IntPrj\Network Model.IntPrjfolder\Network Data.IntPrjfolder\SUR 138 kV.ElmNet\POWERSHIP AZUA KPS 60.ElmSite\Planta_POWERSHIP AZUA KPS 60.ElmComp\MAN 18V/51/60DDF.ElmComp\Governor.ElmDsl,gov_MAN Governor/Actuator_v3,SmD:IntMat,9,7,100.0
\VM-PF.IntUser\PDD 30-09-2025.IntPrj\Network Model.IntPrjfolder\Network Data.IntPrjfolder\SUR 138 kV.ElmNet\POWERSHIP AZUA KPS 60.ElmSite\Planta_POWERSHIP AZUA KPS 60.ElmComp\MAN 18V/51/60DDF.ElmComp\Governor.ElmDsl,gov_MAN Governor/Actuator_v3,SmD:IntMat,9,8,100.0
\VM-PF.IntUser\PDD 30-09-2025.IntPrj\Network Model.IntPrjfolder\Network Data.IntPrjfolder\SUR 138 kV.ElmNet\POWERSHIP AZUA KPS 60.ElmSite\Planta_POWERSHIP AZUA KPS 60.ElmComp\MAN 18V/51/60DDF.ElmComp\Governor.ElmDsl,gov_MAN Governor/Actuator_v3,SmD:IntMat,9,9,100.0
\VM-PF.IntUser\PDD 30-09-2025.IntPrj\Network Model.IntPrjfolder\Network Data.IntPrjfolder\SUR 138 kV.ElmNet\POWERSHIP AZUA KPS 60.ElmSite\Planta_POWERSHIP AZUA KPS 60.ElmComp\MAN 18V/51/60DDF.ElmComp\Governor.ElmDsl,gov_MAN Governor/Actuator_v3,SmD:IntMat,9,10,100.0
\VM-PF.IntUser\PDD 30-09-2025.IntPrj\Network Model.IntPrjfolder\Network Data.IntPrjfolder\SUR 138 kV.ElmNet\POWERSHIP AZUA KPS 60.ElmSite\Planta_POWERSHIP AZUA KPS 60.ElmComp\MAN 18V/51/60DDF.ElmComp\Governor.ElmDsl,gov_MAN Governor/Actuator_v3,SmD:IntMat,10,0,565.0
\VM-PF.IntUser\PDD 30-09-2025.IntPrj\Network Model.IntPrjfolder\Network Data.IntPrjfolder\SUR 138 kV.ElmNet\POWERSHIP AZUA KPS 60.ElmSite\Planta_POWERSHIP AZUA KPS 60.ElmComp\MAN 18V/51/60DDF.ElmComp\Governor.ElmDsl,gov_MAN Governor/Actuator_v3,SmD:IntMat,10,1,100.0
\VM-PF.IntUser\PDD 30-09-2025.IntPrj\Network Model.IntPrjfolder\Network Data.IntPrjfolder\SUR 138 kV.ElmNet\POWERSHIP AZUA KPS 60.ElmSite\Planta_POWERSHIP AZUA KPS 60.ElmComp\MAN 18V/51/60DDF.ElmComp\Governor.ElmDsl,gov_MAN Governor/Actuator_v3,SmD:IntMat,10,2,100.0
\VM-PF.IntUser\PDD 30-09-2025.IntPrj\Network Model.IntPrjfolder\Network Data.IntPrjfolder\SUR 138 kV.ElmNet\POWERSHIP AZUA KPS 60.ElmSite\Planta_POWERSHIP AZUA KPS 60.ElmComp\MAN 18V/51/60DDF.ElmComp\Governor.ElmDsl,gov_MAN Governor/Actuator_v3,SmD:IntMat,10,3,100.0
\VM-PF.IntUser\PDD 30-09-2025.IntPrj\Network Model.IntPrjfolder\Network Data.IntPrjfolder\SUR 138 kV.ElmNet\POWERSHIP AZUA KPS 60.ElmSite\Planta_POWERSHIP AZUA KPS 60.ElmComp\MAN 18V/51/60DDF.ElmComp\Governor.ElmDsl,gov_MAN Governor/Actuator_v3,SmD:IntMat,10,4,100.0
\VM-PF.IntUser\PDD 30-09-2025.IntPrj\Network Model.IntPrjfolder\Network Data.IntPrjfolder\SUR 138 kV.ElmNet\POWERSHIP AZUA KPS 60.ElmSite\Planta_POWERSHIP AZUA KPS 60.ElmComp\MAN 18V/51/60DDF.ElmComp\Governor.ElmDsl,gov_MAN Governor/Actuator_v3,SmD:IntMat,10,5,100.0
\VM-PF.IntUser\PDD 30-09-2025.IntPrj\Network Model.IntPrjfolder\Network Data.IntPrjfolder\SUR 138 kV.ElmNet\POWERSHIP AZUA KPS 60.ElmSite\Planta_POWERSHIP AZUA KPS 60.ElmComp\MAN 18V/51/60DDF.ElmComp\Governor.ElmDsl,gov_MAN Governor/Actuator_v3,SmD:IntMat,10,6,100.0
\VM-PF.IntUser\PDD 30-09-2025.IntPrj\Network Model.IntPrjfolder\Network Data.IntPrjfolder\SUR 138 kV.ElmNet\POWERSHIP AZUA KPS 60.ElmSite\Planta_POWERSHIP AZUA KPS 60.ElmComp\MAN 18V/51/60DDF.ElmComp\Governor.ElmDsl,gov_MAN Governor/Actuator_v3,SmD:IntMat,10,7,100.0
\VM-PF.IntUser\PDD 30-09-2025.IntPrj\Network Model.IntPrjfolder\Network Data.IntPrjfolder\SUR 138 kV.ElmNet\POWERSHIP AZUA KPS 60.ElmSite\Planta_POWERSHIP AZUA KPS 60.ElmComp\MAN 18V/51/60DDF.ElmComp\Governor.ElmDsl,gov_MAN Governor/Actuator_v3,SmD:IntMat,10,8,100.0
\VM-PF.IntUser\PDD 30-09-2025.IntPrj\Network Model.IntPrjfolder\Network Data.IntPrjfolder\SUR 138 kV.ElmNet\POWERSHIP AZUA KPS 60.ElmSite\Planta_POWERSHIP AZUA KPS 60.ElmComp\MAN 18V/51/60DDF.ElmComp\Governor.ElmDsl,gov_MAN Governor/Actuator_v3,SmD:IntMat,10,9,100.0
\VM-PF.IntUser\PDD 30-09-2025.IntPrj\Network Model.IntPrjfolder\Network Data.IntPrjfolder\SUR 138 kV.ElmNet\POWERSHIP AZUA KPS 60.ElmSite\Planta_POWERSHIP AZUA KPS 60.ElmComp\MAN 18V/51/60DDF.ElmComp\Governor.ElmDsl,gov_MAN Governor/Actuator_v3,SmD:IntMat,10,10,100.0
\VM-PF.IntUser\PDD 30-09-2025.IntPrj\Network Model.IntPrjfolder\Network Data.IntPrjfolder\SUR 138 kV.ElmNet\POWERSHIP AZUA KPS 60.ElmSite\Planta_POWERSHIP AZUA KPS 60.ElmComp\MAN 18V/51/60DDF.ElmComp\Governor.ElmDsl,gov_MAN Governor/Actuator_v3,SmI:IntMat,0,0,0.0
\VM-PF.IntUser\PDD 30-09-2025.IntPrj\Network Model.IntPrjfolder\Network Data.IntPrjfolder\SUR 138 kV.ElmNet\POWERSHIP AZUA KPS 60.ElmSite\Planta_POWERSHIP AZUA KPS 60.ElmComp\MAN 18V/51/60DDF.ElmComp\Governor.ElmDsl,gov_MAN Governor/Actuator_v3,SmI:IntMat,0,1,0.0
\VM-PF.IntUser\PDD 30-09-2025.IntPrj\Network Model.IntPrjfolder\Network Data.IntPrjfolder\SUR 138 kV.ElmNet\POWERSHIP AZUA KPS 60.ElmSite\Planta_POWERSHIP AZUA KPS 60.ElmComp\MAN 18V/51/60DDF.ElmComp\Governor.ElmDsl,gov_MAN Governor/Actuator_v3,SmI:IntMat,0,2,10.0
\VM-PF.IntUser\PDD 30-09-2025.IntPrj\Network Model.IntPrjfolder\Network Data.IntPrjfolder\SUR 138 kV.ElmNet\POWERSHIP AZUA KPS 60.ElmSite\Planta_POWERSHIP AZUA KPS 60.ElmComp\MAN 18V/51/60DDF.ElmComp\Governor.ElmDsl,gov_MAN Governor/Actuator_v3,SmI:IntMat,0,3,20.0
\VM-PF.IntUser\PDD 30-09-2025.IntPrj\Network Model.IntPrjfolder\Network Data.IntPrjfolder\SUR 138 kV.ElmNet\POWERSHIP AZUA KPS 60.ElmSite\Planta_POWERSHIP AZUA KPS 60.ElmComp\MAN 18V/51/60DDF.ElmComp\Governor.ElmDsl,gov_MAN Governor/Actuator_v3,SmI:IntMat,0,4,35.0
\VM-PF.IntUser\PDD 30-09-2025.IntPrj\Network Model.IntPrjfolder\Network Data.IntPrjfolder\SUR 138 kV.ElmNet\POWERSHIP AZUA KPS 60.ElmSite\Planta_POWERSHIP AZUA KPS 60.ElmComp\MAN 18V/51/60DDF.ElmComp\Governor.ElmDsl,gov_MAN Governor/Actuator_v3,SmI:IntMat,0,5,50.0
\VM-PF.IntUser\PDD 30-09-2025.IntPrj\Network Model.IntPrjfolder\Network Data.IntPrjfolder\SUR 138 kV.ElmNet\POWERSHIP AZUA KPS 60.ElmSite\Planta_POWERSHIP AZUA KPS 60.ElmComp\MAN 18V/51/60DDF.ElmComp\Governor.ElmDsl,gov_MAN Governor/Actuator_v3,SmI:IntMat,0,6,60.0
\VM-PF.IntUser\PDD 30-09-2025.IntPrj\Network Model.IntPrjfolder\Network Data.IntPrjfolder\SUR 138 kV.ElmNet\POWERSHIP AZUA KPS 60.ElmSite\Planta_POWERSHIP AZUA KPS 60.ElmComp\MAN 18V/51/60DDF.ElmComp\Governor.ElmDsl,gov_MAN Governor/Actuator_v3,SmI:IntMat,0,7,70.0
\VM-PF.IntUser\PDD 30-09-2025.IntPrj\Network Model.IntPrjfolder\Network Data.IntPrjfolder\SUR 138 kV.ElmNet\POWERSHIP AZUA KPS 60.ElmSite\Planta_POWERSHIP AZUA KPS 60.ElmComp\MAN 18V/51/60DDF.ElmComp\Governor.ElmDsl,gov_MAN Governor/Actuator_v3,SmI:IntMat,0,8,85.0
\VM-PF.IntUser\PDD 30-09-2025.IntPrj\Network Model.IntPrjfolder\Network Data.IntPrjfolder\SUR 138 kV.ElmNet\POWERSHIP AZUA KPS 60.ElmSite\Planta_POWERSHIP AZUA KPS 60.ElmComp\MAN 18V/51/60DDF.ElmComp\Governor.ElmDsl,gov_MAN Governor/Actuator_v3,SmI:IntMat,0,9,100.0
\VM-PF.IntUser\PDD 30-09-2025.IntPrj\Network Model.IntPrjfolder\Network Data.IntPrjfolder\SUR 138 kV.ElmNet\POWERSHIP AZUA KPS 60.ElmSite\Planta_POWERSHIP AZUA KPS 60.ElmComp\MAN 18V/51/60DDF.ElmComp\Governor.ElmDsl,gov_MAN Governor/Actuator_v3,SmI:IntMat,0,10,110.0
\VM-PF.IntUser\PDD 30-09-2025.IntPrj\Network Model.IntPrjfolder\Network Data.IntPrjfolder\SUR 138 kV.ElmNet\POWERSHIP AZUA KPS 60.ElmSite\Planta_POWERSHIP AZUA KPS 60.ElmComp\MAN 18V/51/60DDF.ElmComp\Governor.ElmDsl,gov_MAN Governor/Actuator_v3,SmI:IntMat,1,0,0.0
\VM-PF.IntUser\PDD 30-09-2025.IntPrj\Network Model.IntPrjfolder\Network Data.IntPrjfolder\SUR 138 kV.ElmNet\POWERSHIP AZUA KPS 60.ElmSite\Planta_POWERSHIP AZUA KPS 60.ElmComp\MAN 18V/51/60DDF.ElmComp\Governor.ElmDsl,gov_MAN Governor/Actuator_v3,SmI:IntMat,1,1,15.0
\VM-PF.IntUser\PDD 30-09-2025.IntPrj\Network Model.IntPrjfolder\Network Data.IntPrjfolder\SUR 138 kV.ElmNet\POWERSHIP AZUA KPS 60.ElmSite\Planta_POWERSHIP AZUA KPS 60.ElmComp\MAN 18V/51/60DDF.ElmComp\Governor.ElmDsl,gov_MAN Governor/Actuator_v3,SmI:IntMat,1,2,15.0
\VM-PF.IntUser\PDD 30-09-2025.IntPrj\Network Model.IntPrjfolder\Network Data.IntPrjfolder\SUR 138 kV.ElmNet\POWERSHIP AZUA KPS 60.ElmSite\Planta_POWERSHIP AZUA KPS 60.ElmComp\MAN 18V/51/60DDF.ElmComp\Governor.ElmDsl,gov_MAN Governor/Actuator_v3,SmI:IntMat,1,3,20.0
\VM-PF.IntUser\PDD 30-09-2025.IntPrj\Network Model.IntPrjfolder\Network Data.IntPrjfolder\SUR 138 kV.ElmNet\POWERSHIP AZUA KPS 60.ElmSite\Planta_POWERSHIP AZUA KPS 60.ElmComp\MAN 18V/51/60DDF.ElmComp\Governor.ElmDsl,gov_MAN Governor/Actuator_v3,SmI:IntMat,1,4,35.0
\VM-PF.IntUser\PDD 30-09-2025.IntPrj\Network Model.IntPrjfolder\Network Data.IntPrjfolder\SUR 138 kV.ElmNet\POWERSHIP AZUA KPS 60.ElmSite\Planta_POWERSHIP AZUA KPS 60.ElmComp\MAN 18V/51/60DDF.ElmComp\Governor.ElmDsl,gov_MAN Governor/Actuator_v3,SmI:IntMat,1,5,35.0
\VM-PF.IntUser\PDD 30-09-2025.IntPrj\Network Model.IntPrjfolder\Network Data.IntPrjfolder\SUR 138 kV.ElmNet\POWERSHIP AZUA KPS 60.ElmSite\Planta_POWERSHIP AZUA KPS 60.ElmComp\MAN 18V/51/60DDF.ElmComp\Governor.ElmDsl,gov_MAN Governor/Actuator_v3,SmI:IntMat,1,6,100.0
\VM-PF.IntUser\PDD 30-09-2025.IntPrj\Network Model.IntPrjfolder\Network Data.IntPrjfolder\SUR 138 kV.ElmNet\POWERSHIP AZUA KPS 60.ElmSite\Planta_POWERSHIP AZUA KPS 60.ElmComp\MAN 18V/51/60DDF.ElmComp\Governor.ElmDsl,gov_MAN Governor/Actuator_v3,SmI:IntMat,1,7,100.0
\VM-PF.IntUser\PDD 30-09-2025.IntPrj\Network Model.IntPrjfolder\Network Data.IntPrjfolder\SUR 138 kV.ElmNet\POWERSHIP AZUA KPS 60.ElmSite\Planta_POWERSHIP AZUA KPS 60.ElmComp\MAN 18V/51/60DDF.ElmComp\Governor.ElmDsl,gov_MAN Governor/Actuator_v3,SmI:IntMat,1,8,100.0
\VM-PF.IntUser\PDD 30-09-2025.IntPrj\Network Model.IntPrjfolder\Network Data.IntPrjfolder\SUR 138 kV.ElmNet\POWERSHIP AZUA KPS 60.ElmSite\Planta_POWERSHIP AZUA KPS 60.ElmComp\MAN 18V/51/60DDF.ElmComp\Governor.ElmDsl,gov_MAN Governor/Actuator_v3,SmI:IntMat,1,9,100.0
\VM-PF.IntUser\PDD 30-09-2025.IntPrj\Network Model.IntPrjfolder\Network Data.IntPrjfolder\SUR 138 kV.ElmNet\POWERSHIP AZUA KPS 60.ElmSite\Planta_POWERSHIP AZUA KPS 60.ElmComp\MAN 18V/51/60DDF.ElmComp\Governor.ElmDsl,gov_MAN Governor/Actuator_v3,SmI:IntMat,1,10,100.0
\VM-PF.IntUser\PDD 30-09-2025.IntPrj\Network Model.IntPrjfolder\Network Data.IntPrjfolder\SUR 138 kV.ElmNet\POWERSHIP AZUA KPS 60.ElmSite\Planta_POWERSHIP AZUA KPS 60.ElmComp\MAN 18V/51/60DDF.ElmComp\Governor.ElmDsl,gov_MAN Governor/Actuator_v3,SmI:IntMat,2,0,100.0
\VM-PF.IntUser\PDD 30-09-2025.IntPrj\Network Model.IntPrjfolder\Network Data.IntPrjfolder\SUR 138 kV.ElmNet\POWERSHIP AZUA KPS 60.ElmSite\Planta_POWERSHIP AZUA KPS 60.ElmComp\MAN 18V/51/60DDF.ElmComp\Governor.ElmDsl,gov_MAN Governor/Actuator_v3,SmI:IntMat,2,1,15.0
\VM-PF.IntUser\PDD 30-09-2025.IntPrj\Network Model.IntPrjfolder\Network Data.IntPrjfolder\SUR 138 kV.ElmNet\POWERSHIP AZUA KPS 60.ElmSite\Planta_POWERSHIP AZUA KPS 60.ElmComp\MAN 18V/51/60DDF.ElmComp\Governor.ElmDsl,gov_MAN Governor/Actuator_v3,SmI:IntMat,2,2,15.0
\VM-PF.IntUser\PDD 30-09-2025.IntPrj\Network Model.IntPrjfolder\Network Data.IntPrjfolder\SUR 138 kV.ElmNet\POWERSHIP AZUA KPS 60.ElmSite\Planta_POWERSHIP AZUA KPS 60.ElmComp\MAN 18V/51/60DDF.ElmComp\Governor.ElmDsl,gov_MAN Governor/Actuator_v3,SmI:IntMat,2,3,20.0
\VM-PF.IntUser\PDD 30-09-2025.IntPrj\Network Model.IntPrjfolder\Network Data.IntPrjfolder\SUR 138 kV.ElmNet\POWERSHIP AZUA KPS 60.ElmSite\Planta_POWERSHIP AZUA KPS 60.ElmComp\MAN 18V/51/60DDF.ElmComp\Governor.ElmDsl,gov_MAN Governor/Actuator_v3,SmI:IntMat,2,4,35.0
\VM-PF.IntUser\PDD 30-09-2025.IntPrj\Network Model.IntPrjfolder\Network Data.IntPrjfolder\SUR 138 kV.ElmNet\POWERSHIP AZUA KPS 60.ElmSite\Planta_POWERSHIP AZUA KPS 60.ElmComp\MAN 18V/51/60DDF.ElmComp\Governor.ElmDsl,gov_MAN Governor/Actuator_v3,SmI:IntMat,2,5,35.0
\VM-PF.IntUser\PDD 30-09-2025.IntPrj\Network Model.IntPrjfolder\Network Data.IntPrjfolder\SUR 138 kV.ElmNet\POWERSHIP AZUA KPS 60.ElmSite\Planta_POWERSHIP AZUA KPS 60.ElmComp\MAN 18V/51/60DDF.ElmComp\Governor.ElmDsl,gov_MAN Governor/Actuator_v3,SmI:IntMat,2,6,100.0
\VM-PF.IntUser\PDD 30-09-2025.IntPrj\Network Model.IntPrjfolder\Network Data.IntPrjfolder\SUR 138 kV.ElmNet\POWERSHIP AZUA KPS 60.ElmSite\Planta_POWERSHIP AZUA KPS 60.ElmComp\MAN 18V/51/60DDF.ElmComp\Governor.ElmDsl,gov_MAN Governor/Actuator_v3,SmI:IntMat,2,7,100.0
\VM-PF.IntUser\PDD 30-09-2025.IntPrj\Network Model.IntPrjfolder\Network Data.IntPrjfolder\SUR 138 kV.ElmNet\POWERSHIP AZUA KPS 60.ElmSite\Planta_POWERSHIP AZUA KPS 60.ElmComp\MAN 18V/51/60DDF.ElmComp\Governor.ElmDsl,gov_MAN Governor/Actuator_v3,SmI:IntMat,2,8,100.0
\VM-PF.IntUser\PDD 30-09-2025.IntPrj\Network Model.IntPrjfolder\Network Data.IntPrjfolder\SUR 138 kV.ElmNet\POWERSHIP AZUA KPS 60.ElmSite\Planta_POWERSHIP AZUA KPS 60.ElmComp\MAN 18V/51/60DDF.ElmComp\Governor.ElmDsl,gov_MAN Governor/Actuator_v3,SmI:IntMat,2,9,100.0
\VM-PF.IntUser\PDD 30-09-2025.IntPrj\Network Model.IntPrjfolder\Network Data.IntPrjfolder\SUR 138 kV.ElmNet\POWERSHIP AZUA KPS 60.ElmSite\Planta_POWERSHIP AZUA KPS 60.ElmComp\MAN 18V/51/60DDF.ElmComp\Governor.ElmDsl,gov_MAN Governor/Actuator_v3,SmI:IntMat,2,10,100.0
\VM-PF.IntUser\PDD 30-09-2025.IntPrj\Network Model.IntPrjfolder\Network Data.IntPrjfolder\SUR 138 kV.ElmNet\POWERSHIP AZUA KPS 60.ElmSite\Planta_POWERSHIP AZUA KPS 60.ElmComp\MAN 18V/51/60DDF.ElmComp\Governor.ElmDsl,gov_MAN Governor/Actuator_v3,SmI:IntMat,3,0,200.0
\VM-PF.IntUser\PDD 30-09-2025.IntPrj\Network Model.IntPrjfolder\Network Data.IntPrjfolder\SUR 138 kV.ElmNet\POWERSHIP AZUA KPS 60.ElmSite\Planta_POWERSHIP AZUA KPS 60.ElmComp\MAN 18V/51/60DDF.ElmComp\Governor.ElmDsl,gov_MAN Governor/Actuator_v3,SmI:IntMat,3,1,15.0
\VM-PF.IntUser\PDD 30-09-2025.IntPrj\Network Model.IntPrjfolder\Network Data.IntPrjfolder\SUR 138 kV.ElmNet\POWERSHIP AZUA KPS 60.ElmSite\Planta_POWERSHIP AZUA KPS 60.ElmComp\MAN 18V/51/60DDF.ElmComp\Governor.ElmDsl,gov_MAN Governor/Actuator_v3,SmI:IntMat,3,2,15.0
\VM-PF.IntUser\PDD 30-09-2025.IntPrj\Network Model.IntPrjfolder\Network Data.IntPrjfolder\SUR 138 kV.ElmNet\POWERSHIP AZUA KPS 60.ElmSite\Planta_POWERSHIP AZUA KPS 60.ElmComp\MAN 18V/51/60DDF.ElmComp\Governor.ElmDsl,gov_MAN Governor/Actuator_v3,SmI:IntMat,3,3,20.0
\VM-PF.IntUser\PDD 30-09-2025.IntPrj\Network Model.IntPrjfolder\Network Data.IntPrjfolder\SUR 138 kV.ElmNet\POWERSHIP AZUA KPS 60.ElmSite\Planta_POWERSHIP AZUA KPS 60.ElmComp\MAN 18V/51/60DDF.ElmComp\Governor.ElmDsl,gov_MAN Governor/Actuator_v3,SmI:IntMat,3,4,35.0
\VM-PF.IntUser\PDD 30-09-2025.IntPrj\Network Model.IntPrjfolder\Network Data.IntPrjfolder\SUR 138 kV.ElmNet\POWERSHIP AZUA KPS 60.ElmSite\Planta_POWERSHIP AZUA KPS 60.ElmComp\MAN 18V/51/60DDF.ElmComp\Governor.ElmDsl,gov_MAN Governor/Actuator_v3,SmI:IntMat,3,5,35.0
\VM-PF.IntUser\PDD 30-09-2025.IntPrj\Network Model.IntPrjfolder\Network Data.IntPrjfolder\SUR 138 kV.ElmNet\POWERSHIP AZUA KPS 60.ElmSite\Planta_POWERSHIP AZUA KPS 60.ElmComp\MAN 18V/51/60DDF.ElmComp\Governor.ElmDsl,gov_MAN Governor/Actuator_v3,SmI:IntMat,3,6,100.0
\VM-PF.IntUser\PDD 30-09-2025.IntPrj\Network Model.IntPrjfolder\Network Data.IntPrjfolder\SUR 138 kV.ElmNet\POWERSHIP AZUA KPS 60.ElmSite\Planta_POWERSHIP AZUA KPS 60.ElmComp\MAN 18V/51/60DDF.ElmComp\Governor.ElmDsl,gov_MAN Governor/Actuator_v3,SmI:IntMat,3,7,100.0
\VM-PF.IntUser\PDD 30-09-2025.IntPrj\Network Model.IntPrjfolder\Network Data.IntPrjfolder\SUR 138 kV.ElmNet\POWERSHIP AZUA KPS 60.ElmSite\Planta_POWERSHIP AZUA KPS 60.ElmComp\MAN 18V/51/60DDF.ElmComp\Governor.ElmDsl,gov_MAN Governor/Actuator_v3,SmI:IntMat,3,8,100.0
\VM-PF.IntUser\PDD 30-09-2025.IntPrj\Network Model.IntPrjfolder\Network Data.IntPrjfolder\SUR 138 kV.ElmNet\POWERSHIP AZUA KPS 60.ElmSite\Planta_POWERSHIP AZUA KPS 60.ElmComp\MAN 18V/51/60DDF.ElmComp\Governor.ElmDsl,gov_MAN Governor/Actuator_v3,SmI:IntMat,3,9,100.0
\VM-PF.IntUser\PDD 30-09-2025.IntPrj\Network Model.IntPrjfolder\Network Data.IntPrjfolder\SUR 138 kV.ElmNet\POWERSHIP AZUA KPS 60.ElmSite\Planta_POWERSHIP AZUA KPS 60.ElmComp\MAN 18V/51/60DDF.ElmComp\Governor.ElmDsl,gov_MAN Governor/Actuator_v3,SmI:IntMat,3,10,100.0
\VM-PF.IntUser\PDD 30-09-2025.IntPrj\Network Model.IntPrjfolder\Network Data.IntPrjfolder\SUR 138 kV.ElmNet\POWERSHIP AZUA KPS 60.ElmSite\Planta_POWERSHIP AZUA KPS 60.ElmComp\MAN 18V/51/60DDF.ElmComp\Governor.ElmDsl,gov_MAN Governor/Actuator_v3,SmI:IntMat,4,0,300.0
\VM-PF.IntUser\PDD 30-09-2025.IntPrj\Network Model.IntPrjfolder\Network Data.IntPrjfolder\SUR 138 kV.ElmNet\POWERSHIP AZUA KPS 60.ElmSite\Planta_POWERSHIP AZUA KPS 60.ElmComp\MAN 18V/51/60DDF.ElmComp\Governor.ElmDsl,gov_MAN Governor/Actuator_v3,SmI:IntMat,4,1,20.0
\VM-PF.IntUser\PDD 30-09-2025.IntPrj\Network Model.IntPrjfolder\Network Data.IntPrjfolder\SUR 138 kV.ElmNet\POWERSHIP AZUA KPS 60.ElmSite\Planta_POWERSHIP AZUA KPS 60.ElmComp\MAN 18V/51/60DDF.ElmComp\Governor.ElmDsl,gov_MAN Governor/Actuator_v3,SmI:IntMat,4,2,20.0
\VM-PF.IntUser\PDD 30-09-2025.IntPrj\Network Model.IntPrjfolder\Network Data.IntPrjfolder\SUR 138 kV.ElmNet\POWERSHIP AZUA KPS 60.ElmSite\Planta_POWERSHIP AZUA KPS 60.ElmComp\MAN 18V/51/60DDF.ElmComp\Governor.ElmDsl,gov_MAN Governor/Actuator_v3,SmI:IntMat,4,3,35.0
\VM-PF.IntUser\PDD 30-09-2025.IntPrj\Network Model.IntPrjfolder\Network Data.IntPrjfolder\SUR 138 kV.ElmNet\POWERSHIP AZUA KPS 60.ElmSite\Planta_POWERSHIP AZUA KPS 60.ElmComp\MAN 18V/51/60DDF.ElmComp\Governor.ElmDsl,gov_MAN Governor/Actuator_v3,SmI:IntMat,4,4,40.0
\VM-PF.IntUser\PDD 30-09-2025.IntPrj\Network Model.IntPrjfolder\Network Data.IntPrjfolder\SUR 138 kV.ElmNet\POWERSHIP AZUA KPS 60.ElmSite\Planta_POWERSHIP AZUA KPS 60.ElmComp\MAN 18V/51/60DDF.ElmComp\Governor.ElmDsl,gov_MAN Governor/Actuator_v3,SmI:IntMat,4,5,50.0
\VM-PF.IntUser\PDD 30-09-2025.IntPrj\Network Model.IntPrjfolder\Network Data.IntPrjfolder\SUR 138 kV.ElmNet\POWERSHIP AZUA KPS 60.ElmSite\Planta_POWERSHIP AZUA KPS 60.ElmComp\MAN 18V/51/60DDF.ElmComp\Governor.ElmDsl,gov_MAN Governor/Actuator_v3,SmI:IntMat,4,6,70.0
\VM-PF.IntUser\PDD 30-09-2025.IntPrj\Network Model.IntPrjfolder\Network Data.IntPrjfolder\SUR 138 kV.ElmNet\POWERSHIP AZUA KPS 60.ElmSite\Planta_POWERSHIP AZUA KPS 60.ElmComp\MAN 18V/51/60DDF.ElmComp\Governor.ElmDsl,gov_MAN Governor/Actuator_v3,SmI:IntMat,4,7,100.0
\VM-PF.IntUser\PDD 30-09-2025.IntPrj\Network Model.IntPrjfolder\Network Data.IntPrjfolder\SUR 138 kV.ElmNet\POWERSHIP AZUA KPS 60.ElmSite\Planta_POWERSHIP AZUA KPS 60.ElmComp\MAN 18V/51/60DDF.ElmComp\Governor.ElmDsl,gov_MAN Governor/Actuator_v3,SmI:IntMat,4,8,100.0
\VM-PF.IntUser\PDD 30-09-2025.IntPrj\Network Model.IntPrjfolder\Network Data.IntPrjfolder\SUR 138 kV.ElmNet\POWERSHIP AZUA KPS 60.ElmSite\Planta_POWERSHIP AZUA KPS 60.ElmComp\MAN 18V/51/60DDF.ElmComp\Governor.ElmDsl,gov_MAN Governor/Actuator_v3,SmI:IntMat,4,9,100.0
\VM-PF.IntUser\PDD 30-09-2025.IntPrj\Network Model.IntPrjfolder\Network Data.IntPrjfolder\SUR 138 kV.ElmNet\POWERSHIP AZUA KPS 60.ElmSite\Planta_POWERSHIP AZUA KPS 60.ElmComp\MAN 18V/51/60DDF.ElmComp\Governor.ElmDsl,gov_MAN Governor/Actuator_v3,SmI:IntMat,4,10,100.0
\VM-PF.IntUser\PDD 30-09-2025.IntPrj\Network Model.IntPrjfolder\Network Data.IntPrjfolder\SUR 138 kV.ElmNet\POWERSHIP AZUA KPS 60.ElmSite\Planta_POWERSHIP AZUA KPS 60.ElmComp\MAN 18V/51/60DDF.ElmComp\Governor.ElmDsl,gov_MAN Governor/Actuator_v3,SmI:IntMat,5,0,350.0
\VM-PF.IntUser\PDD 30-09-2025.IntPrj\Network Model.IntPrjfolder\Network Data.IntPrjfolder\SUR 138 kV.ElmNet\POWERSHIP AZUA KPS 60.ElmSite\Planta_POWERSHIP AZUA KPS 60.ElmComp\MAN 18V/51/60DDF.ElmComp\Governor.ElmDsl,gov_MAN Governor/Actuator_v3,SmI:IntMat,5,1,35.0
\VM-PF.IntUser\PDD 30-09-2025.IntPrj\Network Model.IntPrjfolder\Network Data.IntPrjfolder\SUR 138 kV.ElmNet\POWERSHIP AZUA KPS 60.ElmSite\Planta_POWERSHIP AZUA KPS 60.ElmComp\MAN 18V/51/60DDF.ElmComp\Governor.ElmDsl,gov_MAN Governor/Actuator_v3,SmI:IntMat,5,2,35.0
\VM-PF.IntUser\PDD 30-09-2025.IntPrj\Network Model.IntPrjfolder\Network Data.IntPrjfolder\SUR 138 kV.ElmNet\POWERSHIP AZUA KPS 60.ElmSite\Planta_POWERSHIP AZUA KPS 60.ElmComp\MAN 18V/51/60DDF.ElmComp\Governor.ElmDsl,gov_MAN Governor/Actuator_v3,SmI:IntMat,5,3,50.0
\VM-PF.IntUser\PDD 30-09-2025.IntPrj\Network Model.IntPrjfolder\Network Data.IntPrjfolder\SUR 138 kV.ElmNet\POWERSHIP AZUA KPS 60.ElmSite\Planta_POWERSHIP AZUA KPS 60.ElmComp\MAN 18V/51/60DDF.ElmComp\Governor.ElmDsl,gov_MAN Governor/Actuator_v3,SmI:IntMat,5,4,55.0
\VM-PF.IntUser\PDD 30-09-2025.IntPrj\Network Model.IntPrjfolder\Network Data.IntPrjfolder\SUR 138 kV.ElmNet\POWERSHIP AZUA KPS 60.ElmSite\Planta_POWERSHIP AZUA KPS 60.ElmComp\MAN 18V/51/60DDF.ElmComp\Governor.ElmDsl,gov_MAN Governor/Actuator_v3,SmI:IntMat,5,5,60.0
\VM-PF.IntUser\PDD 30-09-2025.IntPrj\Network Model.IntPrjfolder\Network Data.IntPrjfolder\SUR 138 kV.ElmNet\POWERSHIP AZUA KPS 60.ElmSite\Planta_POWERSHIP AZUA KPS 60.ElmComp\MAN 18V/51/60DDF.ElmComp\Governor.ElmDsl,gov_MAN Governor/Actuator_v3,SmI:IntMat,5,6,70.0
\VM-PF.IntUser\PDD 30-09-2025.IntPrj\Network Model.IntPrjfolder\Network Data.IntPrjfolder\SUR 138 kV.ElmNet\POWERSHIP AZUA KPS 60.ElmSite\Planta_POWERSHIP AZUA KPS 60.ElmComp\MAN 18V/51/60DDF.ElmComp\Governor.ElmDsl,gov_MAN Governor/Actuator_v3,SmI:IntMat,5,7,100.0
\VM-PF.IntUser\PDD 30-09-2025.IntPrj\Network Model.IntPrjfolder\Network Data.IntPrjfolder\SUR 138 kV.ElmNet\POWERSHIP AZUA KPS 60.ElmSite\Planta_POWERSHIP AZUA KPS 60.ElmComp\MAN 18V/51/60DDF.ElmComp\Governor.ElmDsl,gov_MAN Governor/Actuator_v3,SmI:IntMat,5,8,100.0
\VM-PF.IntUser\PDD 30-09-2025.IntPrj\Network Model.IntPrjfolder\Network Data.IntPrjfolder\SUR 138 kV.ElmNet\POWERSHIP AZUA KPS 60.ElmSite\Planta_POWERSHIP AZUA KPS 60.ElmComp\MAN 18V/51/60DDF.ElmComp\Governor.ElmDsl,gov_MAN Governor/Actuator_v3,SmI:IntMat,5,9,100.0
\VM-PF.IntUser\PDD 30-09-2025.IntPrj\Network Model.IntPrjfolder\Network Data.IntPrjfolder\SUR 138 kV.ElmNet\POWERSHIP AZUA KPS 60.ElmSite\Planta_POWERSHIP AZUA KPS 60.ElmComp\MAN 18V/51/60DDF.ElmComp\Governor.ElmDsl,gov_MAN Governor/Actuator_v3,SmI:IntMat,5,10,100.0
\VM-PF.IntUser\PDD 30-09-2025.IntPrj\Network Model.IntPrjfolder\Network Data.IntPrjfolder\SUR 138 kV.ElmNet\POWERSHIP AZUA KPS 60.ElmSite\Planta_POWERSHIP AZUA KPS 60.ElmComp\MAN 18V/51/60DDF.ElmComp\Governor.ElmDsl,gov_MAN Governor/Actuator_v3,SmI:IntMat,6,0,400.0
\VM-PF.IntUser\PDD 30-09-2025.IntPrj\Network Model.IntPrjfolder\Network Data.IntPrjfolder\SUR 138 kV.ElmNet\POWERSHIP AZUA KPS 60.ElmSite\Planta_POWERSHIP AZUA KPS 60.ElmComp\MAN 18V/51/60DDF.ElmComp\Governor.ElmDsl,gov_MAN Governor/Actuator_v3,SmI:IntMat,6,1,65.0
\VM-PF.IntUser\PDD 30-09-2025.IntPrj\Network Model.IntPrjfolder\Network Data.IntPrjfolder\SUR 138 kV.ElmNet\POWERSHIP AZUA KPS 60.ElmSite\Planta_POWERSHIP AZUA KPS 60.ElmComp\MAN 18V/51/60DDF.ElmComp\Governor.ElmDsl,gov_MAN Governor/Actuator_v3,SmI:IntMat,6,2,65.0
\VM-PF.IntUser\PDD 30-09-2025.IntPrj\Network Model.IntPrjfolder\Network Data.IntPrjfolder\SUR 138 kV.ElmNet\POWERSHIP AZUA KPS 60.ElmSite\Planta_POWERSHIP AZUA KPS 60.ElmComp\MAN 18V/51/60DDF.ElmComp\Governor.ElmDsl,gov_MAN Governor/Actuator_v3,SmI:IntMat,6,3,65.0
\VM-PF.IntUser\PDD 30-09-2025.IntPrj\Network Model.IntPrjfolder\Network Data.IntPrjfolder\SUR 138 kV.ElmNet\POWERSHIP AZUA KPS 60.ElmSite\Planta_POWERSHIP AZUA KPS 60.ElmComp\MAN 18V/51/60DDF.ElmComp\Governor.ElmDsl,gov_MAN Governor/Actuator_v3,SmI:IntMat,6,4,70.0
\VM-PF.IntUser\PDD 30-09-2025.IntPrj\Network Model.IntPrjfolder\Network Data.IntPrjfolder\SUR 138 kV.ElmNet\POWERSHIP AZUA KPS 60.ElmSite\Planta_POWERSHIP AZUA KPS 60.ElmComp\MAN 18V/51/60DDF.ElmComp\Governor.ElmDsl,gov_MAN Governor/Actuator_v3,SmI:IntMat,6,5,75.0
\VM-PF.IntUser\PDD 30-09-2025.IntPrj\Network Model.IntPrjfolder\Network Data.IntPrjfolder\SUR 138 kV.ElmNet\POWERSHIP AZUA KPS 60.ElmSite\Planta_POWERSHIP AZUA KPS 60.ElmComp\MAN 18V/51/60DDF.ElmComp\Governor.ElmDsl,gov_MAN Governor/Actuator_v3,SmI:IntMat,6,6,80.0
\VM-PF.IntUser\PDD 30-09-2025.IntPrj\Network Model.IntPrjfolder\Network Data.IntPrjfolder\SUR 138 kV.ElmNet\POWERSHIP AZUA KPS 60.ElmSite\Planta_POWERSHIP AZUA KPS 60.ElmComp\MAN 18V/51/60DDF.ElmComp\Governor.ElmDsl,gov_MAN Governor/Actuator_v3,SmI:IntMat,6,7,100.0
\VM-PF.IntUser\PDD 30-09-2025.IntPrj\Network Model.IntPrjfolder\Network Data.IntPrjfolder\SUR 138 kV.ElmNet\POWERSHIP AZUA KPS 60.ElmSite\Planta_POWERSHIP AZUA KPS 60.ElmComp\MAN 18V/51/60DDF.ElmComp\Governor.ElmDsl,gov_MAN Governor/Actuator_v3,SmI:IntMat,6,8,100.0
\VM-PF.IntUser\PDD 30-09-2025.IntPrj\Network Model.IntPrjfolder\Network Data.IntPrjfolder\SUR 138 kV.ElmNet\POWERSHIP AZUA KPS 60.ElmSite\Planta_POWERSHIP AZUA KPS 60.ElmComp\MAN 18V/51/60DDF.ElmComp\Governor.ElmDsl,gov_MAN Governor/Actuator_v3,SmI:IntMat,6,9,100.0
\VM-PF.IntUser\PDD 30-09-2025.IntPrj\Network Model.IntPrjfolder\Network Data.IntPrjfolder\SUR 138 kV.ElmNet\POWERSHIP AZUA KPS 60.ElmSite\Planta_POWERSHIP AZUA KPS 60.ElmComp\MAN 18V/51/60DDF.ElmComp\Governor.ElmDsl,gov_MAN Governor/Actuator_v3,SmI:IntMat,6,10,100.0
\VM-PF.IntUser\PDD 30-09-2025.IntPrj\Network Model.IntPrjfolder\Network Data.IntPrjfolder\SUR 138 kV.ElmNet\POWERSHIP AZUA KPS 60.ElmSite\Planta_POWERSHIP AZUA KPS 60.ElmComp\MAN 18V/51/60DDF.ElmComp\Governor.ElmDsl,gov_MAN Governor/Actuator_v3,SmI:IntMat,7,0,450.0
\VM-PF.IntUser\PDD 30-09-2025.IntPrj\Network Model.IntPrjfolder\Network Data.IntPrjfolder\SUR 138 kV.ElmNet\POWERSHIP AZUA KPS 60.ElmSite\Planta_POWERSHIP AZUA KPS 60.ElmComp\MAN 18V/51/60DDF.ElmComp\Governor.ElmDsl,gov_MAN Governor/Actuator_v3,SmI:IntMat,7,1,100.0
\VM-PF.IntUser\PDD 30-09-2025.IntPrj\Network Model.IntPrjfolder\Network Data.IntPrjfolder\SUR 138 kV.ElmNet\POWERSHIP AZUA KPS 60.ElmSite\Planta_POWERSHIP AZUA KPS 60.ElmComp\MAN 18V/51/60DDF.ElmComp\Governor.ElmDsl,gov_MAN Governor/Actuator_v3,SmI:IntMat,7,2,100.0
\VM-PF.IntUser\PDD 30-09-2025.IntPrj\Network Model.IntPrjfolder\Network Data.IntPrjfolder\SUR 138 kV.ElmNet\POWERSHIP AZUA KPS 60.ElmSite\Planta_POWERSHIP AZUA KPS 60.ElmComp\MAN 18V/51/60DDF.ElmComp\Governor.ElmDsl,gov_MAN Governor/Actuator_v3,SmI:IntMat,7,3,100.0
\VM-PF.IntUser\PDD 30-09-2025.IntPrj\Network Model.IntPrjfolder\Network Data.IntPrjfolder\SUR 138 kV.ElmNet\POWERSHIP AZUA KPS 60.ElmSite\Planta_POWERSHIP AZUA KPS 60.ElmComp\MAN 18V/51/60DDF.ElmComp\Governor.ElmDsl,gov_MAN Governor/Actuator_v3,SmI:IntMat,7,4,100.0
\VM-PF.IntUser\PDD 30-09-2025.IntPrj\Network Model.IntPrjfolder\Network Data.IntPrjfolder\SUR 138 kV.ElmNet\POWERSHIP AZUA KPS 60.ElmSite\Planta_POWERSHIP AZUA KPS 60.ElmComp\MAN 18V/51/60DDF.ElmComp\Governor.ElmDsl,gov_MAN Governor/Actuator_v3,SmI:IntMat,7,5,100.0
\VM-PF.IntUser\PDD 30-09-2025.IntPrj\Network Model.IntPrjfolder\Network Data.IntPrjfolder\SUR 138 kV.ElmNet\POWERSHIP AZUA KPS 60.ElmSite\Planta_POWERSHIP AZUA KPS 60.ElmComp\MAN 18V/51/60DDF.ElmComp\Governor.ElmDsl,gov_MAN Governor/Actuator_v3,SmI:IntMat,7,6,100.0
\VM-PF.IntUser\PDD 30-09-2025.IntPrj\Network Model.IntPrjfolder\Network Data.IntPrjfolder\SUR 138 kV.ElmNet\POWERSHIP AZUA KPS 60.ElmSite\Planta_POWERSHIP AZUA KPS 60.ElmComp\MAN 18V/51/60DDF.ElmComp\Governor.ElmDsl,gov_MAN Governor/Actuator_v3,SmI:IntMat,7,7,110.0
\VM-PF.IntUser\PDD 30-09-2025.IntPrj\Network Model.IntPrjfolder\Network Data.IntPrjfolder\SUR 138 kV.ElmNet\POWERSHIP AZUA KPS 60.ElmSite\Planta_POWERSHIP AZUA KPS 60.ElmComp\MAN 18V/51/60DDF.ElmComp\Governor.ElmDsl,gov_MAN Governor/Actuator_v3,SmI:IntMat,7,8,120.0
\VM-PF.IntUser\PDD 30-09-2025.IntPrj\Network Model.IntPrjfolder\Network Data.IntPrjfolder\SUR 138 kV.ElmNet\POWERSHIP AZUA KPS 60.ElmSite\Planta_POWERSHIP AZUA KPS 60.ElmComp\MAN 18V/51/60DDF.ElmComp\Governor.ElmDsl,gov_MAN Governor/Actuator_v3,SmI:IntMat,7,9,120.0
\VM-PF.IntUser\PDD 30-09-2025.IntPrj\Network Model.IntPrjfolder\Network Data.IntPrjfolder\SUR 138 kV.ElmNet\POWERSHIP AZUA KPS 60.ElmSite\Planta_POWERSHIP AZUA KPS 60.ElmComp\MAN 18V/51/60DDF.ElmComp\Governor.ElmDsl,gov_MAN Governor/Actuator_v3,SmI:IntMat,7,10,120.0
\VM-PF.IntUser\PDD 30-09-2025.IntPrj\Network Model.IntPrjfolder\Network Data.IntPrjfolder\SUR 138 kV.ElmNet\POWERSHIP AZUA KPS 60.ElmSite\Planta_POWERSHIP AZUA KPS 60.ElmComp\MAN 18V/51/60DDF.ElmComp\Governor.ElmDsl,gov_MAN Governor/Actuator_v3,SmI:IntMat,8,0,490.0
\VM-PF.IntUser\PDD 30-09-2025.IntPrj\Network Model.IntPrjfolder\Network Data.IntPrjfolder\SUR 138 kV.ElmNet\POWERSHIP AZUA KPS 60.ElmSite\Planta_POWERSHIP AZUA KPS 60.ElmComp\MAN 18V/51/60DDF.ElmComp\Governor.ElmDsl,gov_MAN Governor/Actuator_v3,SmI:IntMat,8,1,100.0
\VM-PF.IntUser\PDD 30-09-2025.IntPrj\Network Model.IntPrjfolder\Network Data.IntPrjfolder\SUR 138 kV.ElmNet\POWERSHIP AZUA KPS 60.ElmSite\Planta_POWERSHIP AZUA KPS 60.ElmComp\MAN 18V/51/60DDF.ElmComp\Governor.ElmDsl,gov_MAN Governor/Actuator_v3,SmI:IntMat,8,2,100.0
\VM-PF.IntUser\PDD 30-09-2025.IntPrj\Network Model.IntPrjfolder\Network Data.IntPrjfolder\SUR 138 kV.ElmNet\POWERSHIP AZUA KPS 60.ElmSite\Planta_POWERSHIP AZUA KPS 60.ElmComp\MAN 18V/51/60DDF.ElmComp\Governor.ElmDsl,gov_MAN Governor/Actuator_v3,SmI:IntMat,8,3,100.0
\VM-PF.IntUser\PDD 30-09-2025.IntPrj\Network Model.IntPrjfolder\Network Data.IntPrjfolder\SUR 138 kV.ElmNet\POWERSHIP AZUA KPS 60.ElmSite\Planta_POWERSHIP AZUA KPS 60.ElmComp\MAN 18V/51/60DDF.ElmComp\Governor.ElmDsl,gov_MAN Governor/Actuator_v3,SmI:IntMat,8,4,100.0
\VM-PF.IntUser\PDD 30-09-2025.IntPrj\Network Model.IntPrjfolder\Network Data.IntPrjfolder\SUR 138 kV.ElmNet\POWERSHIP AZUA KPS 60.ElmSite\Planta_POWERSHIP AZUA KPS 60.ElmComp\MAN 18V/51/60DDF.ElmComp\Governor.ElmDsl,gov_MAN Governor/Actuator_v3,SmI:IntMat,8,5,100.0
\VM-PF.IntUser\PDD 30-09-2025.IntPrj\Network Model.IntPrjfolder\Network Data.IntPrjfolder\SUR 138 kV.ElmNet\POWERSHIP AZUA KPS 60.ElmSite\Planta_POWERSHIP AZUA KPS 60.ElmComp\MAN 18V/51/60DDF.ElmComp\Governor.ElmDsl,gov_MAN Governor/Actuator_v3,SmI:IntMat,8,6,100.0
\VM-PF.IntUser\PDD 30-09-2025.IntPrj\Network Model.IntPrjfolder\Network Data.IntPrjfolder\SUR 138 kV.ElmNet\POWERSHIP AZUA KPS 60.ElmSite\Planta_POWERSHIP AZUA KPS 60.ElmComp\MAN 18V/51/60DDF.ElmComp\Governor.ElmDsl,gov_MAN Governor/Actuator_v3,SmI:IntMat,8,7,110.0
\VM-PF.IntUser\PDD 30-09-2025.IntPrj\Network Model.IntPrjfolder\Network Data.IntPrjfolder\SUR 138 kV.ElmNet\POWERSHIP AZUA KPS 60.ElmSite\Planta_POWERSHIP AZUA KPS 60.ElmComp\MAN 18V/51/60DDF.ElmComp\Governor.ElmDsl,gov_MAN Governor/Actuator_v3,SmI:IntMat,8,8,120.0
\VM-PF.IntUser\PDD 30-09-2025.IntPrj\Network Model.IntPrjfolder\Network Data.IntPrjfolder\SUR 138 kV.ElmNet\POWERSHIP AZUA KPS 60.ElmSite\Planta_POWERSHIP AZUA KPS 60.ElmComp\MAN 18V/51/60DDF.ElmComp\Governor.ElmDsl,gov_MAN Governor/Actuator_v3,SmI:IntMat,8,9,120.0
\VM-PF.IntUser\PDD 30-09-2025.IntPrj\Network Model.IntPrjfolder\Network Data.IntPrjfolder\SUR 138 kV.ElmNet\POWERSHIP AZUA KPS 60.ElmSite\Planta_POWERSHIP AZUA KPS 60.ElmComp\MAN 18V/51/60DDF.ElmComp\Governor.ElmDsl,gov_MAN Governor/Actuator_v3,SmI:IntMat,8,10,120.0
\VM-PF.IntUser\PDD 30-09-2025.IntPrj\Network Model.IntPrjfolder\Network Data.IntPrjfolder\SUR 138 kV.ElmNet\POWERSHIP AZUA KPS 60.ElmSite\Planta_POWERSHIP AZUA KPS 60.ElmComp\MAN 18V/51/60DDF.ElmComp\Governor.ElmDsl,gov_MAN Governor/Actuator_v3,SmI:IntMat,9,0,535.0
\VM-PF.IntUser\PDD 30-09-2025.IntPrj\Network Model.IntPrjfolder\Network Data.IntPrjfolder\SUR 138 kV.ElmNet\POWERSHIP AZUA KPS 60.ElmSite\Planta_POWERSHIP AZUA KPS 60.ElmComp\MAN 18V/51/60DDF.ElmComp\Governor.ElmDsl,gov_MAN Governor/Actuator_v3,SmI:IntMat,9,1,100.0
\VM-PF.IntUser\PDD 30-09-2025.IntPrj\Network Model.IntPrjfolder\Network Data.IntPrjfolder\SUR 138 kV.ElmNet\POWERSHIP AZUA KPS 60.ElmSite\Planta_POWERSHIP AZUA KPS 60.ElmComp\MAN 18V/51/60DDF.ElmComp\Governor.ElmDsl,gov_MAN Governor/Actuator_v3,SmI:IntMat,9,2,100.0
\VM-PF.IntUser\PDD 30-09-2025.IntPrj\Network Model.IntPrjfolder\Network Data.IntPrjfolder\SUR 138 kV.ElmNet\POWERSHIP AZUA KPS 60.ElmSite\Planta_POWERSHIP AZUA KPS 60.ElmComp\MAN 18V/51/60DDF.ElmComp\Governor.ElmDsl,gov_MAN Governor/Actuator_v3,SmI:IntMat,9,3,100.0
\VM-PF.IntUser\PDD 30-09-2025.IntPrj\Network Model.IntPrjfolder\Network Data.IntPrjfolder\SUR 138 kV.ElmNet\POWERSHIP AZUA KPS 60.ElmSite\Planta_POWERSHIP AZUA KPS 60.ElmComp\MAN 18V/51/60DDF.ElmComp\Governor.ElmDsl,gov_MAN Governor/Actuator_v3,SmI:IntMat,9,4,100.0
\VM-PF.IntUser\PDD 30-09-2025.IntPrj\Network Model.IntPrjfolder\Network Data.IntPrjfolder\SUR 138 kV.ElmNet\POWERSHIP AZUA KPS 60.ElmSite\Planta_POWERSHIP AZUA KPS 60.ElmComp\MAN 18V/51/60DDF.ElmComp\Governor.ElmDsl,gov_MAN Governor/Actuator_v3,SmI:IntMat,9,5,100.0
\VM-PF.IntUser\PDD 30-09-2025.IntPrj\Network Model.IntPrjfolder\Network Data.IntPrjfolder\SUR 138 kV.ElmNet\POWERSHIP AZUA KPS 60.ElmSite\Planta_POWERSHIP AZUA KPS 60.ElmComp\MAN 18V/51/60DDF.ElmComp\Governor.ElmDsl,gov_MAN Governor/Actuator_v3,SmI:IntMat,9,6,100.0
\VM-PF.IntUser\PDD 30-09-2025.IntPrj\Network Model.IntPrjfolder\Network Data.IntPrjfolder\SUR 138 kV.ElmNet\POWERSHIP AZUA KPS 60.ElmSite\Planta_POWERSHIP AZUA KPS 60.ElmComp\MAN 18V/51/60DDF.ElmComp\Governor.ElmDsl,gov_MAN Governor/Actuator_v3,SmI:IntMat,9,7,110.0
\VM-PF.IntUser\PDD 30-09-2025.IntPrj\Network Model.IntPrjfolder\Network Data.IntPrjfolder\SUR 138 kV.ElmNet\POWERSHIP AZUA KPS 60.ElmSite\Planta_POWERSHIP AZUA KPS 60.ElmComp\MAN 18V/51/60DDF.ElmComp\Governor.ElmDsl,gov_MAN Governor/Actuator_v3,SmI:IntMat,9,8,120.0
\VM-PF.IntUser\PDD 30-09-2025.IntPrj\Network Model.IntPrjfolder\Network Data.IntPrjfolder\SUR 138 kV.ElmNet\POWERSHIP AZUA KPS 60.ElmSite\Planta_POWERSHIP AZUA KPS 60.ElmComp\MAN 18V/51/60DDF.ElmComp\Governor.ElmDsl,gov_MAN Governor/Actuator_v3,SmI:IntMat,9,9,120.0
\VM-PF.IntUser\PDD 30-09-2025.IntPrj\Network Model.IntPrjfolder\Network Data.IntPrjfolder\SUR 138 kV.ElmNet\POWERSHIP AZUA KPS 60.ElmSite\Planta_POWERSHIP AZUA KPS 60.ElmComp\MAN 18V/51/60DDF.ElmComp\Governor.ElmDsl,gov_MAN Governor/Actuator_v3,SmI:IntMat,9,10,120.0
\VM-PF.IntUser\PDD 30-09-2025.IntPrj\Network Model.IntPrjfolder\Network Data.IntPrjfolder\SUR 138 kV.ElmNet\POWERSHIP AZUA KPS 60.ElmSite\Planta_POWERSHIP AZUA KPS 60.ElmComp\MAN 18V/51/60DDF.ElmComp\Governor.ElmDsl,gov_MAN Governor/Actuator_v3,SmI:IntMat,10,0,565.0
\VM-PF.IntUser\PDD 30-09-2025.IntPrj\Network Model.IntPrjfolder\Network Data.IntPrjfolder\SUR 138 kV.ElmNet\POWERSHIP AZUA KPS 60.ElmSite\Planta_POWERSHIP AZUA KPS 60.ElmComp\MAN 18V/51/60DDF.ElmComp\Governor.ElmDsl,gov_MAN Governor/Actuator_v3,SmI:IntMat,10,1,150.0
\VM-PF.IntUser\PDD 30-09-2025.IntPrj\Network Model.IntPrjfolder\Network Data.IntPrjfolder\SUR 138 kV.ElmNet\POWERSHIP AZUA KPS 60.ElmSite\Planta_POWERSHIP AZUA KPS 60.ElmComp\MAN 18V/51/60DDF.ElmComp\Governor.ElmDsl,gov_MAN Governor/Actuator_v3,SmI:IntMat,10,2,150.0
\VM-PF.IntUser\PDD 30-09-2025.IntPrj\Network Model.IntPrjfolder\Network Data.IntPrjfolder\SUR 138 kV.ElmNet\POWERSHIP AZUA KPS 60.ElmSite\Planta_POWERSHIP AZUA KPS 60.ElmComp\MAN 18V/51/60DDF.ElmComp\Governor.ElmDsl,gov_MAN Governor/Actuator_v3,SmI:IntMat,10,3,150.0
\VM-PF.IntUser\PDD 30-09-2025.IntPrj\Network Model.IntPrjfolder\Network Data.IntPrjfolder\SUR 138 kV.ElmNet\POWERSHIP AZUA KPS 60.ElmSite\Planta_POWERSHIP AZUA KPS 60.ElmComp\MAN 18V/51/60DDF.ElmComp\Governor.ElmDsl,gov_MAN Governor/Actuator_v3,SmI:IntMat,10,4,150.0
\VM-PF.IntUser\PDD 30-09-2025.IntPrj\Network Model.IntPrjfolder\Network Data.IntPrjfolder\SUR 138 kV.ElmNet\POWERSHIP AZUA KPS 60.ElmSite\Planta_POWERSHIP AZUA KPS 60.ElmComp\MAN 18V/51/60DDF.ElmComp\Governor.ElmDsl,gov_MAN Governor/Actuator_v3,SmI:IntMat,10,5,150.0
\VM-PF.IntUser\PDD 30-09-2025.IntPrj\Network Model.IntPrjfolder\Network Data.IntPrjfolder\SUR 138 kV.ElmNet\POWERSHIP AZUA KPS 60.ElmSite\Planta_POWERSHIP AZUA KPS 60.ElmComp\MAN 18V/51/60DDF.ElmComp\Governor.ElmDsl,gov_MAN Governor/Actuator_v3,SmI:IntMat,10,6,150.0
\VM-PF.IntUser\PDD 30-09-2025.IntPrj\Network Model.IntPrjfolder\Network Data.IntPrjfolder\SUR 138 kV.ElmNet\POWERSHIP AZUA KPS 60.ElmSite\Planta_POWERSHIP AZUA KPS 60.ElmComp\MAN 18V/51/60DDF.ElmComp\Governor.ElmDsl,gov_MAN Governor/Actuator_v3,SmI:IntMat,10,7,160.0
\VM-PF.IntUser\PDD 30-09-2025.IntPrj\Network Model.IntPrjfolder\Network Data.IntPrjfolder\SUR 138 kV.ElmNet\POWERSHIP AZUA KPS 60.ElmSite\Planta_POWERSHIP AZUA KPS 60.ElmComp\MAN 18V/51/60DDF.ElmComp\Governor.ElmDsl,gov_MAN Governor/Actuator_v3,SmI:IntMat,10,8,180.0
\VM-PF.IntUser\PDD 30-09-2025.IntPrj\Network Model.IntPrjfolder\Network Data.IntPrjfolder\SUR 138 kV.ElmNet\POWERSHIP AZUA KPS 60.ElmSite\Planta_POWERSHIP AZUA KPS 60.ElmComp\MAN 18V/51/60DDF.ElmComp\Governor.ElmDsl,gov_MAN Governor/Actuator_v3,SmI:IntMat,10,9,180.0
\VM-PF.IntUser\PDD 30-09-2025.IntPrj\Network Model.IntPrjfolder\Network Data.IntPrjfolder\SUR 138 kV.ElmNet\POWERSHIP AZUA KPS 60.ElmSite\Planta_POWERSHIP AZUA KPS 60.ElmComp\MAN 18V/51/60DDF.ElmComp\Governor.ElmDsl,gov_MAN Governor/Actuator_v3,SmI:IntMat,10,10,180.0
\VM-PF.IntUser\PDD 30-09-2025.IntPrj\Network Model.IntPrjfolder\Network Data.IntPrjfolder\SUR 138 kV.ElmNet\POWERSHIP AZUA KPS 60.ElmSite\Planta_POWERSHIP AZUA KPS 60.ElmComp\MAN 18V/51/60DDF.ElmComp\Governor.ElmDsl,gov_MAN Governor/Actuator_v3,SmP:IntMat,0,0,0.0
\VM-PF.IntUser\PDD 30-09-2025.IntPrj\Network Model.IntPrjfolder\Network Data.IntPrjfolder\SUR 138 kV.ElmNet\POWERSHIP AZUA KPS 60.ElmSite\Planta_POWERSHIP AZUA KPS 60.ElmComp\MAN 18V/51/60DDF.ElmComp\Governor.ElmDsl,gov_MAN Governor/Actuator_v3,SmP:IntMat,0,1,0.0
\VM-PF.IntUser\PDD 30-09-2025.IntPrj\Network Model.IntPrjfolder\Network Data.IntPrjfolder\SUR 138 kV.ElmNet\POWERSHIP AZUA KPS 60.ElmSite\Planta_POWERSHIP AZUA KPS 60.ElmComp\MAN 18V/51/60DDF.ElmComp\Governor.ElmDsl,gov_MAN Governor/Actuator_v3,SmP:IntMat,0,2,10.0
\VM-PF.IntUser\PDD 30-09-2025.IntPrj\Network Model.IntPrjfolder\Network Data.IntPrjfolder\SUR 138 kV.ElmNet\POWERSHIP AZUA KPS 60.ElmSite\Planta_POWERSHIP AZUA KPS 60.ElmComp\MAN 18V/51/60DDF.ElmComp\Governor.ElmDsl,gov_MAN Governor/Actuator_v3,SmP:IntMat,0,3,20.0
\VM-PF.IntUser\PDD 30-09-2025.IntPrj\Network Model.IntPrjfolder\Network Data.IntPrjfolder\SUR 138 kV.ElmNet\POWERSHIP AZUA KPS 60.ElmSite\Planta_POWERSHIP AZUA KPS 60.ElmComp\MAN 18V/51/60DDF.ElmComp\Governor.ElmDsl,gov_MAN Governor/Actuator_v3,SmP:IntMat,0,4,35.0
\VM-PF.IntUser\PDD 30-09-2025.IntPrj\Network Model.IntPrjfolder\Network Data.IntPrjfolder\SUR 138 kV.ElmNet\POWERSHIP AZUA KPS 60.ElmSite\Planta_POWERSHIP AZUA KPS 60.ElmComp\MAN 18V/51/60DDF.ElmComp\Governor.ElmDsl,gov_MAN Governor/Actuator_v3,SmP:IntMat,0,5,50.0
\VM-PF.IntUser\PDD 30-09-2025.IntPrj\Network Model.IntPrjfolder\Network Data.IntPrjfolder\SUR 138 kV.ElmNet\POWERSHIP AZUA KPS 60.ElmSite\Planta_POWERSHIP AZUA KPS 60.ElmComp\MAN 18V/51/60DDF.ElmComp\Governor.ElmDsl,gov_MAN Governor/Actuator_v3,SmP:IntMat,0,6,60.0
\VM-PF.IntUser\PDD 30-09-2025.IntPrj\Network Model.IntPrjfolder\Network Data.IntPrjfolder\SUR 138 kV.ElmNet\POWERSHIP AZUA KPS 60.ElmSite\Planta_POWERSHIP AZUA KPS 60.ElmComp\MAN 18V/51/60DDF.ElmComp\Governor.ElmDsl,gov_MAN Governor/Actuator_v3,SmP:IntMat,0,7,70.0
\VM-PF.IntUser\PDD 30-09-2025.IntPrj\Network Model.IntPrjfolder\Network Data.IntPrjfolder\SUR 138 kV.ElmNet\POWERSHIP AZUA KPS 60.ElmSite\Planta_POWERSHIP AZUA KPS 60.ElmComp\MAN 18V/51/60DDF.ElmComp\Governor.ElmDsl,gov_MAN Governor/Actuator_v3,SmP:IntMat,0,8,85.0
\VM-PF.IntUser\PDD 30-09-2025.IntPrj\Network Model.IntPrjfolder\Network Data.IntPrjfolder\SUR 138 kV.ElmNet\POWERSHIP AZUA KPS 60.ElmSite\Planta_POWERSHIP AZUA KPS 60.ElmComp\MAN 18V/51/60DDF.ElmComp\Governor.ElmDsl,gov_MAN Governor/Actuator_v3,SmP:IntMat,0,9,100.0
\VM-PF.IntUser\PDD 30-09-2025.IntPrj\Network Model.IntPrjfolder\Network Data.IntPrjfolder\SUR 138 kV.ElmNet\POWERSHIP AZUA KPS 60.ElmSite\Planta_POWERSHIP AZUA KPS 60.ElmComp\MAN 18V/51/60DDF.ElmComp\Governor.ElmDsl,gov_MAN Governor/Actuator_v3,SmP:IntMat,0,10,110.0
\VM-PF.IntUser\PDD 30-09-2025.IntPrj\Network Model.IntPrjfolder\Network Data.IntPrjfolder\SUR 138 kV.ElmNet\POWERSHIP AZUA KPS 60.ElmSite\Planta_POWERSHIP AZUA KPS 60.ElmComp\MAN 18V/51/60DDF.ElmComp\Governor.ElmDsl,gov_MAN Governor/Actuator_v3,SmP:IntMat,1,0,0.0
\VM-PF.IntUser\PDD 30-09-2025.IntPrj\Network Model.IntPrjfolder\Network Data.IntPrjfolder\SUR 138 kV.ElmNet\POWERSHIP AZUA KPS 60.ElmSite\Planta_POWERSHIP AZUA KPS 60.ElmComp\MAN 18V/51/60DDF.ElmComp\Governor.ElmDsl,gov_MAN Governor/Actuator_v3,SmP:IntMat,1,1,20.0
\VM-PF.IntUser\PDD 30-09-2025.IntPrj\Network Model.IntPrjfolder\Network Data.IntPrjfolder\SUR 138 kV.ElmNet\POWERSHIP AZUA KPS 60.ElmSite\Planta_POWERSHIP AZUA KPS 60.ElmComp\MAN 18V/51/60DDF.ElmComp\Governor.ElmDsl,gov_MAN Governor/Actuator_v3,SmP:IntMat,1,2,20.0
\VM-PF.IntUser\PDD 30-09-2025.IntPrj\Network Model.IntPrjfolder\Network Data.IntPrjfolder\SUR 138 kV.ElmNet\POWERSHIP AZUA KPS 60.ElmSite\Planta_POWERSHIP AZUA KPS 60.ElmComp\MAN 18V/51/60DDF.ElmComp\Governor.ElmDsl,gov_MAN Governor/Actuator_v3,SmP:IntMat,1,3,20.0
\VM-PF.IntUser\PDD 30-09-2025.IntPrj\Network Model.IntPrjfolder\Network Data.IntPrjfolder\SUR 138 kV.ElmNet\POWERSHIP AZUA KPS 60.ElmSite\Planta_POWERSHIP AZUA KPS 60.ElmComp\MAN 18V/51/60DDF.ElmComp\Governor.ElmDsl,gov_MAN Governor/Actuator_v3,SmP:IntMat,1,4,20.0
\VM-PF.IntUser\PDD 30-09-2025.IntPrj\Network Model.IntPrjfolder\Network Data.IntPrjfolder\SUR 138 kV.ElmNet\POWERSHIP AZUA KPS 60.ElmSite\Planta_POWERSHIP AZUA KPS 60.ElmComp\MAN 18V/51/60DDF.ElmComp\Governor.ElmDsl,gov_MAN Governor/Actuator_v3,SmP:IntMat,1,5,20.0
\VM-PF.IntUser\PDD 30-09-2025.IntPrj\Network Model.IntPrjfolder\Network Data.IntPrjfolder\SUR 138 kV.ElmNet\POWERSHIP AZUA KPS 60.ElmSite\Planta_POWERSHIP AZUA KPS 60.ElmComp\MAN 18V/51/60DDF.ElmComp\Governor.ElmDsl,gov_MAN Governor/Actuator_v3,SmP:IntMat,1,6,100.0
\VM-PF.IntUser\PDD 30-09-2025.IntPrj\Network Model.IntPrjfolder\Network Data.IntPrjfolder\SUR 138 kV.ElmNet\POWERSHIP AZUA KPS 60.ElmSite\Planta_POWERSHIP AZUA KPS 60.ElmComp\MAN 18V/51/60DDF.ElmComp\Governor.ElmDsl,gov_MAN Governor/Actuator_v3,SmP:IntMat,1,7,100.0
\VM-PF.IntUser\PDD 30-09-2025.IntPrj\Network Model.IntPrjfolder\Network Data.IntPrjfolder\SUR 138 kV.ElmNet\POWERSHIP AZUA KPS 60.ElmSite\Planta_POWERSHIP AZUA KPS 60.ElmComp\MAN 18V/51/60DDF.ElmComp\Governor.ElmDsl,gov_MAN Governor/Actuator_v3,SmP:IntMat,1,8,100.0
\VM-PF.IntUser\PDD 30-09-2025.IntPrj\Network Model.IntPrjfolder\Network Data.IntPrjfolder\SUR 138 kV.ElmNet\POWERSHIP AZUA KPS 60.ElmSite\Planta_POWERSHIP AZUA KPS 60.ElmComp\MAN 18V/51/60DDF.ElmComp\Governor.ElmDsl,gov_MAN Governor/Actuator_v3,SmP:IntMat,1,9,100.0
\VM-PF.IntUser\PDD 30-09-2025.IntPrj\Network Model.IntPrjfolder\Network Data.IntPrjfolder\SUR 138 kV.ElmNet\POWERSHIP AZUA KPS 60.ElmSite\Planta_POWERSHIP AZUA KPS 60.ElmComp\MAN 18V/51/60DDF.ElmComp\Governor.ElmDsl,gov_MAN Governor/Actuator_v3,SmP:IntMat,1,10,100.0
\VM-PF.IntUser\PDD 30-09-2025.IntPrj\Network Model.IntPrjfolder\Network Data.IntPrjfolder\SUR 138 kV.ElmNet\POWERSHIP AZUA KPS 60.ElmSite\Planta_POWERSHIP AZUA KPS 60.ElmComp\MAN 18V/51/60DDF.ElmComp\Governor.ElmDsl,gov_MAN Governor/Actuator_v3,SmP:IntMat,2,0,100.0
\VM-PF.IntUser\PDD 30-09-2025.IntPrj\Network Model.IntPrjfolder\Network Data.IntPrjfolder\SUR 138 kV.ElmNet\POWERSHIP AZUA KPS 60.ElmSite\Planta_POWERSHIP AZUA KPS 60.ElmComp\MAN 18V/51/60DDF.ElmComp\Governor.ElmDsl,gov_MAN Governor/Actuator_v3,SmP:IntMat,2,1,30.0
\VM-PF.IntUser\PDD 30-09-2025.IntPrj\Network Model.IntPrjfolder\Network Data.IntPrjfolder\SUR 138 kV.ElmNet\POWERSHIP AZUA KPS 60.ElmSite\Planta_POWERSHIP AZUA KPS 60.ElmComp\MAN 18V/51/60DDF.ElmComp\Governor.ElmDsl,gov_MAN Governor/Actuator_v3,SmP:IntMat,2,2,30.0
\VM-PF.IntUser\PDD 30-09-2025.IntPrj\Network Model.IntPrjfolder\Network Data.IntPrjfolder\SUR 138 kV.ElmNet\POWERSHIP AZUA KPS 60.ElmSite\Planta_POWERSHIP AZUA KPS 60.ElmComp\MAN 18V/51/60DDF.ElmComp\Governor.ElmDsl,gov_MAN Governor/Actuator_v3,SmP:IntMat,2,3,30.0
\VM-PF.IntUser\PDD 30-09-2025.IntPrj\Network Model.IntPrjfolder\Network Data.IntPrjfolder\SUR 138 kV.ElmNet\POWERSHIP AZUA KPS 60.ElmSite\Planta_POWERSHIP AZUA KPS 60.ElmComp\MAN 18V/51/60DDF.ElmComp\Governor.ElmDsl,gov_MAN Governor/Actuator_v3,SmP:IntMat,2,4,30.0
\VM-PF.IntUser\PDD 30-09-2025.IntPrj\Network Model.IntPrjfolder\Network Data.IntPrjfolder\SUR 138 kV.ElmNet\POWERSHIP AZUA KPS 60.ElmSite\Planta_POWERSHIP AZUA KPS 60.ElmComp\MAN 18V/51/60DDF.ElmComp\Governor.ElmDsl,gov_MAN Governor/Actuator_v3,SmP:IntMat,2,5,30.0
\VM-PF.IntUser\PDD 30-09-2025.IntPrj\Network Model.IntPrjfolder\Network Data.IntPrjfolder\SUR 138 kV.ElmNet\POWERSHIP AZUA KPS 60.ElmSite\Planta_POWERSHIP AZUA KPS 60.ElmComp\MAN 18V/51/60DDF.ElmComp\Governor.ElmDsl,gov_MAN Governor/Actuator_v3,SmP:IntMat,2,6,100.0
\VM-PF.IntUser\PDD 30-09-2025.IntPrj\Network Model.IntPrjfolder\Network Data.IntPrjfolder\SUR 138 kV.ElmNet\POWERSHIP AZUA KPS 60.ElmSite\Planta_POWERSHIP AZUA KPS 60.ElmComp\MAN 18V/51/60DDF.ElmComp\Governor.ElmDsl,gov_MAN Governor/Actuator_v3,SmP:IntMat,2,7,100.0
\VM-PF.IntUser\PDD 30-09-2025.IntPrj\Network Model.IntPrjfolder\Network Data.IntPrjfolder\SUR 138 kV.ElmNet\POWERSHIP AZUA KPS 60.ElmSite\Planta_POWERSHIP AZUA KPS 60.ElmComp\MAN 18V/51/60DDF.ElmComp\Governor.ElmDsl,gov_MAN Governor/Actuator_v3,SmP:IntMat,2,8,100.0
\VM-PF.IntUser\PDD 30-09-2025.IntPrj\Network Model.IntPrjfolder\Network Data.IntPrjfolder\SUR 138 kV.ElmNet\POWERSHIP AZUA KPS 60.ElmSite\Planta_POWERSHIP AZUA KPS 60.ElmComp\MAN 18V/51/60DDF.ElmComp\Governor.ElmDsl,gov_MAN Governor/Actuator_v3,SmP:IntMat,2,9,100.0
\VM-PF.IntUser\PDD 30-09-2025.IntPrj\Network Model.IntPrjfolder\Network Data.IntPrjfolder\SUR 138 kV.ElmNet\POWERSHIP AZUA KPS 60.ElmSite\Planta_POWERSHIP AZUA KPS 60.ElmComp\MAN 18V/51/60DDF.ElmComp\Governor.ElmDsl,gov_MAN Governor/Actuator_v3,SmP:IntMat,2,10,100.0
\VM-PF.IntUser\PDD 30-09-2025.IntPrj\Network Model.IntPrjfolder\Network Data.IntPrjfolder\SUR 138 kV.ElmNet\POWERSHIP AZUA KPS 60.ElmSite\Planta_POWERSHIP AZUA KPS 60.ElmComp\MAN 18V/51/60DDF.ElmComp\Governor.ElmDsl,gov_MAN Governor/Actuator_v3,SmP:IntMat,3,0,200.0
\VM-PF.IntUser\PDD 30-09-2025.IntPrj\Network Model.IntPrjfolder\Network Data.IntPrjfolder\SUR 138 kV.ElmNet\POWERSHIP AZUA KPS 60.ElmSite\Planta_POWERSHIP AZUA KPS 60.ElmComp\MAN 18V/51/60DDF.ElmComp\Governor.ElmDsl,gov_MAN Governor/Actuator_v3,SmP:IntMat,3,1,60.0
\VM-PF.IntUser\PDD 30-09-2025.IntPrj\Network Model.IntPrjfolder\Network Data.IntPrjfolder\SUR 138 kV.ElmNet\POWERSHIP AZUA KPS 60.ElmSite\Planta_POWERSHIP AZUA KPS 60.ElmComp\MAN 18V/51/60DDF.ElmComp\Governor.ElmDsl,gov_MAN Governor/Actuator_v3,SmP:IntMat,3,2,60.0
\VM-PF.IntUser\PDD 30-09-2025.IntPrj\Network Model.IntPrjfolder\Network Data.IntPrjfolder\SUR 138 kV.ElmNet\POWERSHIP AZUA KPS 60.ElmSite\Planta_POWERSHIP AZUA KPS 60.ElmComp\MAN 18V/51/60DDF.ElmComp\Governor.ElmDsl,gov_MAN Governor/Actuator_v3,SmP:IntMat,3,3,60.0
\VM-PF.IntUser\PDD 30-09-2025.IntPrj\Network Model.IntPrjfolder\Network Data.IntPrjfolder\SUR 138 kV.ElmNet\POWERSHIP AZUA KPS 60.ElmSite\Planta_POWERSHIP AZUA KPS 60.ElmComp\MAN 18V/51/60DDF.ElmComp\Governor.ElmDsl,gov_MAN Governor/Actuator_v3,SmP:IntMat,3,4,60.0
\VM-PF.IntUser\PDD 30-09-2025.IntPrj\Network Model.IntPrjfolder\Network Data.IntPrjfolder\SUR 138 kV.ElmNet\POWERSHIP AZUA KPS 60.ElmSite\Planta_POWERSHIP AZUA KPS 60.ElmComp\MAN 18V/51/60DDF.ElmComp\Governor.ElmDsl,gov_MAN Governor/Actuator_v3,SmP:IntMat,3,5,60.0
\VM-PF.IntUser\PDD 30-09-2025.IntPrj\Network Model.IntPrjfolder\Network Data.IntPrjfolder\SUR 138 kV.ElmNet\POWERSHIP AZUA KPS 60.ElmSite\Planta_POWERSHIP AZUA KPS 60.ElmComp\MAN 18V/51/60DDF.ElmComp\Governor.ElmDsl,gov_MAN Governor/Actuator_v3,SmP:IntMat,3,6,100.0
\VM-PF.IntUser\PDD 30-09-2025.IntPrj\Network Model.IntPrjfolder\Network Data.IntPrjfolder\SUR 138 kV.ElmNet\POWERSHIP AZUA KPS 60.ElmSite\Planta_POWERSHIP AZUA KPS 60.ElmComp\MAN 18V/51/60DDF.ElmComp\Governor.ElmDsl,gov_MAN Governor/Actuator_v3,SmP:IntMat,3,7,100.0
\VM-PF.IntUser\PDD 30-09-2025.IntPrj\Network Model.IntPrjfolder\Network Data.IntPrjfolder\SUR 138 kV.ElmNet\POWERSHIP AZUA KPS 60.ElmSite\Planta_POWERSHIP AZUA KPS 60.ElmComp\MAN 18V/51/60DDF.ElmComp\Governor.ElmDsl,gov_MAN Governor/Actuator_v3,SmP:IntMat,3,8,100.0
\VM-PF.IntUser\PDD 30-09-2025.IntPrj\Network Model.IntPrjfolder\Network Data.IntPrjfolder\SUR 138 kV.ElmNet\POWERSHIP AZUA KPS 60.ElmSite\Planta_POWERSHIP AZUA KPS 60.ElmComp\MAN 18V/51/60DDF.ElmComp\Governor.ElmDsl,gov_MAN Governor/Actuator_v3,SmP:IntMat,3,9,100.0
\VM-PF.IntUser\PDD 30-09-2025.IntPrj\Network Model.IntPrjfolder\Network Data.IntPrjfolder\SUR 138 kV.ElmNet\POWERSHIP AZUA KPS 60.ElmSite\Planta_POWERSHIP AZUA KPS 60.ElmComp\MAN 18V/51/60DDF.ElmComp\Governor.ElmDsl,gov_MAN Governor/Actuator_v3,SmP:IntMat,3,10,100.0
\VM-PF.IntUser\PDD 30-09-2025.IntPrj\Network Model.IntPrjfolder\Network Data.IntPrjfolder\SUR 138 kV.ElmNet\POWERSHIP AZUA KPS 60.ElmSite\Planta_POWERSHIP AZUA KPS 60.ElmComp\MAN 18V/51/60DDF.ElmComp\Governor.ElmDsl,gov_MAN Governor/Actuator_v3,SmP:IntMat,4,0,300.0
\VM-PF.IntUser\PDD 30-09-2025.IntPrj\Network Model.IntPrjfolder\Network Data.IntPrjfolder\SUR 138 kV.ElmNet\POWERSHIP AZUA KPS 60.ElmSite\Planta_POWERSHIP AZUA KPS 60.ElmComp\MAN 18V/51/60DDF.ElmComp\Governor.ElmDsl,gov_MAN Governor/Actuator_v3,SmP:IntMat,4,1,80.0
\VM-PF.IntUser\PDD 30-09-2025.IntPrj\Network Model.IntPrjfolder\Network Data.IntPrjfolder\SUR 138 kV.ElmNet\POWERSHIP AZUA KPS 60.ElmSite\Planta_POWERSHIP AZUA KPS 60.ElmComp\MAN 18V/51/60DDF.ElmComp\Governor.ElmDsl,gov_MAN Governor/Actuator_v3,SmP:IntMat,4,2,80.0
\VM-PF.IntUser\PDD 30-09-2025.IntPrj\Network Model.IntPrjfolder\Network Data.IntPrjfolder\SUR 138 kV.ElmNet\POWERSHIP AZUA KPS 60.ElmSite\Planta_POWERSHIP AZUA KPS 60.ElmComp\MAN 18V/51/60DDF.ElmComp\Governor.ElmDsl,gov_MAN Governor/Actuator_v3,SmP:IntMat,4,3,80.0
\VM-PF.IntUser\PDD 30-09-2025.IntPrj\Network Model.IntPrjfolder\Network Data.IntPrjfolder\SUR 138 kV.ElmNet\POWERSHIP AZUA KPS 60.ElmSite\Planta_POWERSHIP AZUA KPS 60.ElmComp\MAN 18V/51/60DDF.ElmComp\Governor.ElmDsl,gov_MAN Governor/Actuator_v3,SmP:IntMat,4,4,80.0
\VM-PF.IntUser\PDD 30-09-2025.IntPrj\Network Model.IntPrjfolder\Network Data.IntPrjfolder\SUR 138 kV.ElmNet\POWERSHIP AZUA KPS 60.ElmSite\Planta_POWERSHIP AZUA KPS 60.ElmComp\MAN 18V/51/60DDF.ElmComp\Governor.ElmDsl,gov_MAN Governor/Actuator_v3,SmP:IntMat,4,5,80.0
\VM-PF.IntUser\PDD 30-09-2025.IntPrj\Network Model.IntPrjfolder\Network Data.IntPrjfolder\SUR 138 kV.ElmNet\POWERSHIP AZUA KPS 60.ElmSite\Planta_POWERSHIP AZUA KPS 60.ElmComp\MAN 18V/51/60DDF.ElmComp\Governor.ElmDsl,gov_MAN Governor/Actuator_v3,SmP:IntMat,4,6,100.0
\VM-PF.IntUser\PDD 30-09-2025.IntPrj\Network Model.IntPrjfolder\Network Data.IntPrjfolder\SUR 138 kV.ElmNet\POWERSHIP AZUA KPS 60.ElmSite\Planta_POWERSHIP AZUA KPS 60.ElmComp\MAN 18V/51/60DDF.ElmComp\Governor.ElmDsl,gov_MAN Governor/Actuator_v3,SmP:IntMat,4,7,100.0
\VM-PF.IntUser\PDD 30-09-2025.IntPrj\Network Model.IntPrjfolder\Network Data.IntPrjfolder\SUR 138 kV.ElmNet\POWERSHIP AZUA KPS 60.ElmSite\Planta_POWERSHIP AZUA KPS 60.ElmComp\MAN 18V/51/60DDF.ElmComp\Governor.ElmDsl,gov_MAN Governor/Actuator_v3,SmP:IntMat,4,8,100.0
\VM-PF.IntUser\PDD 30-09-2025.IntPrj\Network Model.IntPrjfolder\Network Data.IntPrjfolder\SUR 138 kV.ElmNet\POWERSHIP AZUA KPS 60.ElmSite\Planta_POWERSHIP AZUA KPS 60.ElmComp\MAN 18V/51/60DDF.ElmComp\Governor.ElmDsl,gov_MAN Governor/Actuator_v3,SmP:IntMat,4,9,100.0
\VM-PF.IntUser\PDD 30-09-2025.IntPrj\Network Model.IntPrjfolder\Network Data.IntPrjfolder\SUR 138 kV.ElmNet\POWERSHIP AZUA KPS 60.ElmSite\Planta_POWERSHIP AZUA KPS 60.ElmComp\MAN 18V/51/60DDF.ElmComp\Governor.ElmDsl,gov_MAN Governor/Actuator_v3,SmP:IntMat,4,10,100.0
\VM-PF.IntUser\PDD 30-09-2025.IntPrj\Network Model.IntPrjfolder\Network Data.IntPrjfolder\SUR 138 kV.ElmNet\POWERSHIP AZUA KPS 60.ElmSite\Planta_POWERSHIP AZUA KPS 60.ElmComp\MAN 18V/51/60DDF.ElmComp\Governor.ElmDsl,gov_MAN Governor/Actuator_v3,SmP:IntMat,5,0,350.0
\VM-PF.IntUser\PDD 30-09-2025.IntPrj\Network Model.IntPrjfolder\Network Data.IntPrjfolder\SUR 138 kV.ElmNet\POWERSHIP AZUA KPS 60.ElmSite\Planta_POWERSHIP AZUA KPS 60.ElmComp\MAN 18V/51/60DDF.ElmComp\Governor.ElmDsl,gov_MAN Governor/Actuator_v3,SmP:IntMat,5,1,100.0
\VM-PF.IntUser\PDD 30-09-2025.IntPrj\Network Model.IntPrjfolder\Network Data.IntPrjfolder\SUR 138 kV.ElmNet\POWERSHIP AZUA KPS 60.ElmSite\Planta_POWERSHIP AZUA KPS 60.ElmComp\MAN 18V/51/60DDF.ElmComp\Governor.ElmDsl,gov_MAN Governor/Actuator_v3,SmP:IntMat,5,2,100.0
\VM-PF.IntUser\PDD 30-09-2025.IntPrj\Network Model.IntPrjfolder\Network Data.IntPrjfolder\SUR 138 kV.ElmNet\POWERSHIP AZUA KPS 60.ElmSite\Planta_POWERSHIP AZUA KPS 60.ElmComp\MAN 18V/51/60DDF.ElmComp\Governor.ElmDsl,gov_MAN Governor/Actuator_v3,SmP:IntMat,5,3,100.0
\VM-PF.IntUser\PDD 30-09-2025.IntPrj\Network Model.IntPrjfolder\Network Data.IntPrjfolder\SUR 138 kV.ElmNet\POWERSHIP AZUA KPS 60.ElmSite\Planta_POWERSHIP AZUA KPS 60.ElmComp\MAN 18V/51/60DDF.ElmComp\Governor.ElmDsl,gov_MAN Governor/Actuator_v3,SmP:IntMat,5,4,100.0
\VM-PF.IntUser\PDD 30-09-2025.IntPrj\Network Model.IntPrjfolder\Network Data.IntPrjfolder\SUR 138 kV.ElmNet\POWERSHIP AZUA KPS 60.ElmSite\Planta_POWERSHIP AZUA KPS 60.ElmComp\MAN 18V/51/60DDF.ElmComp\Governor.ElmDsl,gov_MAN Governor/Actuator_v3,SmP:IntMat,5,5,100.0
\VM-PF.IntUser\PDD 30-09-2025.IntPrj\Network Model.IntPrjfolder\Network Data.IntPrjfolder\SUR 138 kV.ElmNet\POWERSHIP AZUA KPS 60.ElmSite\Planta_POWERSHIP AZUA KPS 60.ElmComp\MAN 18V/51/60DDF.ElmComp\Governor.ElmDsl,gov_MAN Governor/Actuator_v3,SmP:IntMat,5,6,100.0
\VM-PF.IntUser\PDD 30-09-2025.IntPrj\Network Model.IntPrjfolder\Network Data.IntPrjfolder\SUR 138 kV.ElmNet\POWERSHIP AZUA KPS 60.ElmSite\Planta_POWERSHIP AZUA KPS 60.ElmComp\MAN 18V/51/60DDF.ElmComp\Governor.ElmDsl,gov_MAN Governor/Actuator_v3,SmP:IntMat,5,7,100.0
\VM-PF.IntUser\PDD 30-09-2025.IntPrj\Network Model.IntPrjfolder\Network Data.IntPrjfolder\SUR 138 kV.ElmNet\POWERSHIP AZUA KPS 60.ElmSite\Planta_POWERSHIP AZUA KPS 60.ElmComp\MAN 18V/51/60DDF.ElmComp\Governor.ElmDsl,gov_MAN Governor/Actuator_v3,SmP:IntMat,5,8,100.0
\VM-PF.IntUser\PDD 30-09-2025.IntPrj\Network Model.IntPrjfolder\Network Data.IntPrjfolder\SUR 138 kV.ElmNet\POWERSHIP AZUA KPS 60.ElmSite\Planta_POWERSHIP AZUA KPS 60.ElmComp\MAN 18V/51/60DDF.ElmComp\Governor.ElmDsl,gov_MAN Governor/Actuator_v3,SmP:IntMat,5,9,100.0
\VM-PF.IntUser\PDD 30-09-2025.IntPrj\Network Model.IntPrjfolder\Network Data.IntPrjfolder\SUR 138 kV.ElmNet\POWERSHIP AZUA KPS 60.ElmSite\Planta_POWERSHIP AZUA KPS 60.ElmComp\MAN 18V/51/60DDF.ElmComp\Governor.ElmDsl,gov_MAN Governor/Actuator_v3,SmP:IntMat,5,10,100.0
\VM-PF.IntUser\PDD 30-09-2025.IntPrj\Network Model.IntPrjfolder\Network Data.IntPrjfolder\SUR 138 kV.ElmNet\POWERSHIP AZUA KPS 60.ElmSite\Planta_POWERSHIP AZUA KPS 60.ElmComp\MAN 18V/51/60DDF.ElmComp\Governor.ElmDsl,gov_MAN Governor/Actuator_v3,SmP:IntMat,6,0,400.0
\VM-PF.IntUser\PDD 30-09-2025.IntPrj\Network Model.IntPrjfolder\Network Data.IntPrjfolder\SUR 138 kV.ElmNet\POWERSHIP AZUA KPS 60.ElmSite\Planta_POWERSHIP AZUA KPS 60.ElmComp\MAN 18V/51/60DDF.ElmComp\Governor.ElmDsl,gov_MAN Governor/Actuator_v3,SmP:IntMat,6,1,110.0
\VM-PF.IntUser\PDD 30-09-2025.IntPrj\Network Model.IntPrjfolder\Network Data.IntPrjfolder\SUR 138 kV.ElmNet\POWERSHIP AZUA KPS 60.ElmSite\Planta_POWERSHIP AZUA KPS 60.ElmComp\MAN 18V/51/60DDF.ElmComp\Governor.ElmDsl,gov_MAN Governor/Actuator_v3,SmP:IntMat,6,2,110.0
\VM-PF.IntUser\PDD 30-09-2025.IntPrj\Network Model.IntPrjfolder\Network Data.IntPrjfolder\SUR 138 kV.ElmNet\POWERSHIP AZUA KPS 60.ElmSite\Planta_POWERSHIP AZUA KPS 60.ElmComp\MAN 18V/51/60DDF.ElmComp\Governor.ElmDsl,gov_MAN Governor/Actuator_v3,SmP:IntMat,6,3,110.0
\VM-PF.IntUser\PDD 30-09-2025.IntPrj\Network Model.IntPrjfolder\Network Data.IntPrjfolder\SUR 138 kV.ElmNet\POWERSHIP AZUA KPS 60.ElmSite\Planta_POWERSHIP AZUA KPS 60.ElmComp\MAN 18V/51/60DDF.ElmComp\Governor.ElmDsl,gov_MAN Governor/Actuator_v3,SmP:IntMat,6,4,110.0
\VM-PF.IntUser\PDD 30-09-2025.IntPrj\Network Model.IntPrjfolder\Network Data.IntPrjfolder\SUR 138 kV.ElmNet\POWERSHIP AZUA KPS 60.ElmSite\Planta_POWERSHIP AZUA KPS 60.ElmComp\MAN 18V/51/60DDF.ElmComp\Governor.ElmDsl,gov_MAN Governor/Actuator_v3,SmP:IntMat,6,5,110.0
\VM-PF.IntUser\PDD 30-09-2025.IntPrj\Network Model.IntPrjfolder\Network Data.IntPrjfolder\SUR 138 kV.ElmNet\POWERSHIP AZUA KPS 60.ElmSite\Planta_POWERSHIP AZUA KPS 60.ElmComp\MAN 18V/51/60DDF.ElmComp\Governor.ElmDsl,gov_MAN Governor/Actuator_v3,SmP:IntMat,6,6,110.0
\VM-PF.IntUser\PDD 30-09-2025.IntPrj\Network Model.IntPrjfolder\Network Data.IntPrjfolder\SUR 138 kV.ElmNet\POWERSHIP AZUA KPS 60.ElmSite\Planta_POWERSHIP AZUA KPS 60.ElmComp\MAN 18V/51/60DDF.ElmComp\Governor.ElmDsl,gov_MAN Governor/Actuator_v3,SmP:IntMat,6,7,110.0
\VM-PF.IntUser\PDD 30-09-2025.IntPrj\Network Model.IntPrjfolder\Network Data.IntPrjfolder\SUR 138 kV.ElmNet\POWERSHIP AZUA KPS 60.ElmSite\Planta_POWERSHIP AZUA KPS 60.ElmComp\MAN 18V/51/60DDF.ElmComp\Governor.ElmDsl,gov_MAN Governor/Actuator_v3,SmP:IntMat,6,8,110.0
\VM-PF.IntUser\PDD 30-09-2025.IntPrj\Network Model.IntPrjfolder\Network Data.IntPrjfolder\SUR 138 kV.ElmNet\POWERSHIP AZUA KPS 60.ElmSite\Planta_POWERSHIP AZUA KPS 60.ElmComp\MAN 18V/51/60DDF.ElmComp\Governor.ElmDsl,gov_MAN Governor/Actuator_v3,SmP:IntMat,6,9,120.0
\VM-PF.IntUser\PDD 30-09-2025.IntPrj\Network Model.IntPrjfolder\Network Data.IntPrjfolder\SUR 138 kV.ElmNet\POWERSHIP AZUA KPS 60.ElmSite\Planta_POWERSHIP AZUA KPS 60.ElmComp\MAN 18V/51/60DDF.ElmComp\Governor.ElmDsl,gov_MAN Governor/Actuator_v3,SmP:IntMat,6,10,120.0
\VM-PF.IntUser\PDD 30-09-2025.IntPrj\Network Model.IntPrjfolder\Network Data.IntPrjfolder\SUR 138 kV.ElmNet\POWERSHIP AZUA KPS 60.ElmSite\Planta_POWERSHIP AZUA KPS 60.ElmComp\MAN 18V/51/60DDF.ElmComp\Governor.ElmDsl,gov_MAN Governor/Actuator_v3,SmP:IntMat,7,0,450.0
\VM-PF.IntUser\PDD 30-09-2025.IntPrj\Network Model.IntPrjfolder\Network Data.IntPrjfolder\SUR 138 kV.ElmNet\POWERSHIP AZUA KPS 60.ElmSite\Planta_POWERSHIP AZUA KPS 60.ElmComp\MAN 18V/51/60DDF.ElmComp\Governor.ElmDsl,gov_MAN Governor/Actuator_v3,SmP:IntMat,7,1,120.0
\VM-PF.IntUser\PDD 30-09-2025.IntPrj\Network Model.IntPrjfolder\Network Data.IntPrjfolder\SUR 138 kV.ElmNet\POWERSHIP AZUA KPS 60.ElmSite\Planta_POWERSHIP AZUA KPS 60.ElmComp\MAN 18V/51/60DDF.ElmComp\Governor.ElmDsl,gov_MAN Governor/Actuator_v3,SmP:IntMat,7,2,120.0
\VM-PF.IntUser\PDD 30-09-2025.IntPrj\Network Model.IntPrjfolder\Network Data.IntPrjfolder\SUR 138 kV.ElmNet\POWERSHIP AZUA KPS 60.ElmSite\Planta_POWERSHIP AZUA KPS 60.ElmComp\MAN 18V/51/60DDF.ElmComp\Governor.ElmDsl,gov_MAN Governor/Actuator_v3,SmP:IntMat,7,3,120.0
\VM-PF.IntUser\PDD 30-09-2025.IntPrj\Network Model.IntPrjfolder\Network Data.IntPrjfolder\SUR 138 kV.ElmNet\POWERSHIP AZUA KPS 60.ElmSite\Planta_POWERSHIP AZUA KPS 60.ElmComp\MAN 18V/51/60DDF.ElmComp\Governor.ElmDsl,gov_MAN Governor/Actuator_v3,SmP:IntMat,7,4,120.0
\VM-PF.IntUser\PDD 30-09-2025.IntPrj\Network Model.IntPrjfolder\Network Data.IntPrjfolder\SUR 138 kV.ElmNet\POWERSHIP AZUA KPS 60.ElmSite\Planta_POWERSHIP AZUA KPS 60.ElmComp\MAN 18V/51/60DDF.ElmComp\Governor.ElmDsl,gov_MAN Governor/Actuator_v3,SmP:IntMat,7,5,120.0
\VM-PF.IntUser\PDD 30-09-2025.IntPrj\Network Model.IntPrjfolder\Network Data.IntPrjfolder\SUR 138 kV.ElmNet\POWERSHIP AZUA KPS 60.ElmSite\Planta_POWERSHIP AZUA KPS 60.ElmComp\MAN 18V/51/60DDF.ElmComp\Governor.ElmDsl,gov_MAN Governor/Actuator_v3,SmP:IntMat,7,6,120.0
\VM-PF.IntUser\PDD 30-09-2025.IntPrj\Network Model.IntPrjfolder\Network Data.IntPrjfolder\SUR 138 kV.ElmNet\POWERSHIP AZUA KPS 60.ElmSite\Planta_POWERSHIP AZUA KPS 60.ElmComp\MAN 18V/51/60DDF.ElmComp\Governor.ElmDsl,gov_MAN Governor/Actuator_v3,SmP:IntMat,7,7,120.0
\VM-PF.IntUser\PDD 30-09-2025.IntPrj\Network Model.IntPrjfolder\Network Data.IntPrjfolder\SUR 138 kV.ElmNet\POWERSHIP AZUA KPS 60.ElmSite\Planta_POWERSHIP AZUA KPS 60.ElmComp\MAN 18V/51/60DDF.ElmComp\Governor.ElmDsl,gov_MAN Governor/Actuator_v3,SmP:IntMat,7,8,120.0
\VM-PF.IntUser\PDD 30-09-2025.IntPrj\Network Model.IntPrjfolder\Network Data.IntPrjfolder\SUR 138 kV.ElmNet\POWERSHIP AZUA KPS 60.ElmSite\Planta_POWERSHIP AZUA KPS 60.ElmComp\MAN 18V/51/60DDF.ElmComp\Governor.ElmDsl,gov_MAN Governor/Actuator_v3,SmP:IntMat,7,9,135.0
\VM-PF.IntUser\PDD 30-09-2025.IntPrj\Network Model.IntPrjfolder\Network Data.IntPrjfolder\SUR 138 kV.ElmNet\POWERSHIP AZUA KPS 60.ElmSite\Planta_POWERSHIP AZUA KPS 60.ElmComp\MAN 18V/51/60DDF.ElmComp\Governor.ElmDsl,gov_MAN Governor/Actuator_v3,SmP:IntMat,7,10,135.0
\VM-PF.IntUser\PDD 30-09-2025.IntPrj\Network Model.IntPrjfolder\Network Data.IntPrjfolder\SUR 138 kV.ElmNet\POWERSHIP AZUA KPS 60.ElmSite\Planta_POWERSHIP AZUA KPS 60.ElmComp\MAN 18V/51/60DDF.ElmComp\Governor.ElmDsl,gov_MAN Governor/Actuator_v3,SmP:IntMat,8,0,490.0
\VM-PF.IntUser\PDD 30-09-2025.IntPrj\Network Model.IntPrjfolder\Network Data.IntPrjfolder\SUR 138 kV.ElmNet\POWERSHIP AZUA KPS 60.ElmSite\Planta_POWERSHIP AZUA KPS 60.ElmComp\MAN 18V/51/60DDF.ElmComp\Governor.ElmDsl,gov_MAN Governor/Actuator_v3,SmP:IntMat,8,1,120.0
\VM-PF.IntUser\PDD 30-09-2025.IntPrj\Network Model.IntPrjfolder\Network Data.IntPrjfolder\SUR 138 kV.ElmNet\POWERSHIP AZUA KPS 60.ElmSite\Planta_POWERSHIP AZUA KPS 60.ElmComp\MAN 18V/51/60DDF.ElmComp\Governor.ElmDsl,gov_MAN Governor/Actuator_v3,SmP:IntMat,8,2,120.0
\VM-PF.IntUser\PDD 30-09-2025.IntPrj\Network Model.IntPrjfolder\Network Data.IntPrjfolder\SUR 138 kV.ElmNet\POWERSHIP AZUA KPS 60.ElmSite\Planta_POWERSHIP AZUA KPS 60.ElmComp\MAN 18V/51/60DDF.ElmComp\Governor.ElmDsl,gov_MAN Governor/Actuator_v3,SmP:IntMat,8,3,150.0
\VM-PF.IntUser\PDD 30-09-2025.IntPrj\Network Model.IntPrjfolder\Network Data.IntPrjfolder\SUR 138 kV.ElmNet\POWERSHIP AZUA KPS 60.ElmSite\Planta_POWERSHIP AZUA KPS 60.ElmComp\MAN 18V/51/60DDF.ElmComp\Governor.ElmDsl,gov_MAN Governor/Actuator_v3,SmP:IntMat,8,4,150.0
\VM-PF.IntUser\PDD 30-09-2025.IntPrj\Network Model.IntPrjfolder\Network Data.IntPrjfolder\SUR 138 kV.ElmNet\POWERSHIP AZUA KPS 60.ElmSite\Planta_POWERSHIP AZUA KPS 60.ElmComp\MAN 18V/51/60DDF.ElmComp\Governor.ElmDsl,gov_MAN Governor/Actuator_v3,SmP:IntMat,8,5,150.0
\VM-PF.IntUser\PDD 30-09-2025.IntPrj\Network Model.IntPrjfolder\Network Data.IntPrjfolder\SUR 138 kV.ElmNet\POWERSHIP AZUA KPS 60.ElmSite\Planta_POWERSHIP AZUA KPS 60.ElmComp\MAN 18V/51/60DDF.ElmComp\Governor.ElmDsl,gov_MAN Governor/Actuator_v3,SmP:IntMat,8,6,150.0
\VM-PF.IntUser\PDD 30-09-2025.IntPrj\Network Model.IntPrjfolder\Network Data.IntPrjfolder\SUR 138 kV.ElmNet\POWERSHIP AZUA KPS 60.ElmSite\Planta_POWERSHIP AZUA KPS 60.ElmComp\MAN 18V/51/60DDF.ElmComp\Governor.ElmDsl,gov_MAN Governor/Actuator_v3,SmP:IntMat,8,7,150.0
\VM-PF.IntUser\PDD 30-09-2025.IntPrj\Network Model.IntPrjfolder\Network Data.IntPrjfolder\SUR 138 kV.ElmNet\POWERSHIP AZUA KPS 60.ElmSite\Planta_POWERSHIP AZUA KPS 60.ElmComp\MAN 18V/51/60DDF.ElmComp\Governor.ElmDsl,gov_MAN Governor/Actuator_v3,SmP:IntMat,8,8,150.0
\VM-PF.IntUser\PDD 30-09-2025.IntPrj\Network Model.IntPrjfolder\Network Data.IntPrjfolder\SUR 138 kV.ElmNet\POWERSHIP AZUA KPS 60.ElmSite\Planta_POWERSHIP AZUA KPS 60.ElmComp\MAN 18V/51/60DDF.ElmComp\Governor.ElmDsl,gov_MAN Governor/Actuator_v3,SmP:IntMat,8,9,150.0
\VM-PF.IntUser\PDD 30-09-2025.IntPrj\Network Model.IntPrjfolder\Network Data.IntPrjfolder\SUR 138 kV.ElmNet\POWERSHIP AZUA KPS 60.ElmSite\Planta_POWERSHIP AZUA KPS 60.ElmComp\MAN 18V/51/60DDF.ElmComp\Governor.ElmDsl,gov_MAN Governor/Actuator_v3,SmP:IntMat,8,10,150.0
\VM-PF.IntUser\PDD 30-09-2025.IntPrj\Network Model.IntPrjfolder\Network Data.IntPrjfolder\SUR 138 kV.ElmNet\POWERSHIP AZUA KPS 60.ElmSite\Planta_POWERSHIP AZUA KPS 60.ElmComp\MAN 18V/51/60DDF.ElmComp\Governor.ElmDsl,gov_MAN Governor/Actuator_v3,SmP:IntMat,9,0,535.0
\VM-PF.IntUser\PDD 30-09-2025.IntPrj\Network Model.IntPrjfolder\Network Data.IntPrjfolder\SUR 138 kV.ElmNet\POWERSHIP AZUA KPS 60.ElmSite\Planta_POWERSHIP AZUA KPS 60.ElmComp\MAN 18V/51/60DDF.ElmComp\Governor.ElmDsl,gov_MAN Governor/Actuator_v3,SmP:IntMat,9,1,120.0
\VM-PF.IntUser\PDD 30-09-2025.IntPrj\Network Model.IntPrjfolder\Network Data.IntPrjfolder\SUR 138 kV.ElmNet\POWERSHIP AZUA KPS 60.ElmSite\Planta_POWERSHIP AZUA KPS 60.ElmComp\MAN 18V/51/60DDF.ElmComp\Governor.ElmDsl,gov_MAN Governor/Actuator_v3,SmP:IntMat,9,2,120.0
\VM-PF.IntUser\PDD 30-09-2025.IntPrj\Network Model.IntPrjfolder\Network Data.IntPrjfolder\SUR 138 kV.ElmNet\POWERSHIP AZUA KPS 60.ElmSite\Planta_POWERSHIP AZUA KPS 60.ElmComp\MAN 18V/51/60DDF.ElmComp\Governor.ElmDsl,gov_MAN Governor/Actuator_v3,SmP:IntMat,9,3,150.0
\VM-PF.IntUser\PDD 30-09-2025.IntPrj\Network Model.IntPrjfolder\Network Data.IntPrjfolder\SUR 138 kV.ElmNet\POWERSHIP AZUA KPS 60.ElmSite\Planta_POWERSHIP AZUA KPS 60.ElmComp\MAN 18V/51/60DDF.ElmComp\Governor.ElmDsl,gov_MAN Governor/Actuator_v3,SmP:IntMat,9,4,150.0
\VM-PF.IntUser\PDD 30-09-2025.IntPrj\Network Model.IntPrjfolder\Network Data.IntPrjfolder\SUR 138 kV.ElmNet\POWERSHIP AZUA KPS 60.ElmSite\Planta_POWERSHIP AZUA KPS 60.ElmComp\MAN 18V/51/60DDF.ElmComp\Governor.ElmDsl,gov_MAN Governor/Actuator_v3,SmP:IntMat,9,5,150.0
\VM-PF.IntUser\PDD 30-09-2025.IntPrj\Network Model.IntPrjfolder\Network Data.IntPrjfolder\SUR 138 kV.ElmNet\POWERSHIP AZUA KPS 60.ElmSite\Planta_POWERSHIP AZUA KPS 60.ElmComp\MAN 18V/51/60DDF.ElmComp\Governor.ElmDsl,gov_MAN Governor/Actuator_v3,SmP:IntMat,9,6,150.0
\VM-PF.IntUser\PDD 30-09-2025.IntPrj\Network Model.IntPrjfolder\Network Data.IntPrjfolder\SUR 138 kV.ElmNet\POWERSHIP AZUA KPS 60.ElmSite\Planta_POWERSHIP AZUA KPS 60.ElmComp\MAN 18V/51/60DDF.ElmComp\Governor.ElmDsl,gov_MAN Governor/Actuator_v3,SmP:IntMat,9,7,150.0
\VM-PF.IntUser\PDD 30-09-2025.IntPrj\Network Model.IntPrjfolder\Network Data.IntPrjfolder\SUR 138 kV.ElmNet\POWERSHIP AZUA KPS 60.ElmSite\Planta_POWERSHIP AZUA KPS 60.ElmComp\MAN 18V/51/60DDF.ElmComp\Governor.ElmDsl,gov_MAN Governor/Actuator_v3,SmP:IntMat,9,8,150.0
\VM-PF.IntUser\PDD 30-09-2025.IntPrj\Network Model.IntPrjfolder\Network Data.IntPrjfolder\SUR 138 kV.ElmNet\POWERSHIP AZUA KPS 60.ElmSite\Planta_POWERSHIP AZUA KPS 60.ElmComp\MAN 18V/51/60DDF.ElmComp\Governor.ElmDsl,gov_MAN Governor/Actuator_v3,SmP:IntMat,9,9,150.0
\VM-PF.IntUser\PDD 30-09-2025.IntPrj\Network Model.IntPrjfolder\Network Data.IntPrjfolder\SUR 138 kV.ElmNet\POWERSHIP AZUA KPS 60.ElmSite\Planta_POWERSHIP AZUA KPS 60.ElmComp\MAN 18V/51/60DDF.ElmComp\Governor.ElmDsl,gov_MAN Governor/Actuator_v3,SmP:IntMat,9,10,150.0
\VM-PF.IntUser\PDD 30-09-2025.IntPrj\Network Model.IntPrjfolder\Network Data.IntPrjfolder\SUR 138 kV.ElmNet\POWERSHIP AZUA KPS 60.ElmSite\Planta_POWERSHIP AZUA KPS 60.ElmComp\MAN 18V/51/60DDF.ElmComp\Governor.ElmDsl,gov_MAN Governor/Actuator_v3,SmP:IntMat,10,0,565.0
\VM-PF.IntUser\PDD 30-09-2025.IntPrj\Network Model.IntPrjfolder\Network Data.IntPrjfolder\SUR 138 kV.ElmNet\POWERSHIP AZUA KPS 60.ElmSite\Planta_POWERSHIP AZUA KPS 60.ElmComp\MAN 18V/51/60DDF.ElmComp\Governor.ElmDsl,gov_MAN Governor/Actuator_v3,SmP:IntMat,10,1,150.0
\VM-PF.IntUser\PDD 30-09-2025.IntPrj\Network Model.IntPrjfolder\Network Data.IntPrjfolder\SUR 138 kV.ElmNet\POWERSHIP AZUA KPS 60.ElmSite\Planta_POWERSHIP AZUA KPS 60.ElmComp\MAN 18V/51/60DDF.ElmComp\Governor.ElmDsl,gov_MAN Governor/Actuator_v3,SmP:IntMat,10,2,150.0
\VM-PF.IntUser\PDD 30-09-2025.IntPrj\Network Model.IntPrjfolder\Network Data.IntPrjfolder\SUR 138 kV.ElmNet\POWERSHIP AZUA KPS 60.ElmSite\Planta_POWERSHIP AZUA KPS 60.ElmComp\MAN 18V/51/60DDF.ElmComp\Governor.ElmDsl,gov_MAN Governor/Actuator_v3,SmP:IntMat,10,3,200.0
\VM-PF.IntUser\PDD 30-09-2025.IntPrj\Network Model.IntPrjfolder\Network Data.IntPrjfolder\SUR 138 kV.ElmNet\POWERSHIP AZUA KPS 60.ElmSite\Planta_POWERSHIP AZUA KPS 60.ElmComp\MAN 18V/51/60DDF.ElmComp\Governor.ElmDsl,gov_MAN Governor/Actuator_v3,SmP:IntMat,10,4,200.0
\VM-PF.IntUser\PDD 30-09-2025.IntPrj\Network Model.IntPrjfolder\Network Data.IntPrjfolder\SUR 138 kV.ElmNet\POWERSHIP AZUA KPS 60.ElmSite\Planta_POWERSHIP AZUA KPS 60.ElmComp\MAN 18V/51/60DDF.ElmComp\Governor.ElmDsl,gov_MAN Governor/Actuator_v3,SmP:IntMat,10,5,200.0
\VM-PF.IntUser\PDD 30-09-2025.IntPrj\Network Model.IntPrjfolder\Network Data.IntPrjfolder\SUR 138 kV.ElmNet\POWERSHIP AZUA KPS 60.ElmSite\Planta_POWERSHIP AZUA KPS 60.ElmComp\MAN 18V/51/60DDF.ElmComp\Governor.ElmDsl,gov_MAN Governor/Actuator_v3,SmP:IntMat,10,6,200.0
\VM-PF.IntUser\PDD 30-09-2025.IntPrj\Network Model.IntPrjfolder\Network Data.IntPrjfolder\SUR 138 kV.ElmNet\POWERSHIP AZUA KPS 60.ElmSite\Planta_POWERSHIP AZUA KPS 60.ElmComp\MAN 18V/51/60DDF.ElmComp\Governor.ElmDsl,gov_MAN Governor/Actuator_v3,SmP:IntMat,10,7,200.0
\VM-PF.IntUser\PDD 30-09-2025.IntPrj\Network Model.IntPrjfolder\Network Data.IntPrjfolder\SUR 138 kV.ElmNet\POWERSHIP AZUA KPS 60.ElmSite\Planta_POWERSHIP AZUA KPS 60.ElmComp\MAN 18V/51/60DDF.ElmComp\Governor.ElmDsl,gov_MAN Governor/Actuator_v3,SmP:IntMat,10,8,200.0
\VM-PF.IntUser\PDD 30-09-2025.IntPrj\Network Model.IntPrjfolder\Network Data.IntPrjfolder\SUR 138 kV.ElmNet\POWERSHIP AZUA KPS 60.ElmSite\Planta_POWERSHIP AZUA KPS 60.ElmComp\MAN 18V/51/60DDF.ElmComp\Governor.ElmDsl,gov_MAN Governor/Actuator_v3,SmP:IntMat,10,9,200.0
\VM-PF.IntUser\PDD 30-09-2025.IntPrj\Network Model.IntPrjfolder\Network Data.IntPrjfolder\SUR 138 kV.ElmNet\POWERSHIP AZUA KPS 60.ElmSite\Planta_POWERSHIP AZUA KPS 60.ElmComp\MAN 18V/51/60DDF.ElmComp\Governor.ElmDsl,gov_MAN Governor/Actuator_v3,SmP:IntMat,10,10,200.0
\VM-PF.IntUser\PDD 30-09-2025.IntPrj\Network Model.IntPrjfolder\Network Data.IntPrjfolder\SUR 138 kV.ElmNet\POWERSHIP AZUA KPS 60.ElmSite\Planta_POWERSHIP AZUA KPS 60.ElmComp\MAN 18V/51/60DDF.ElmComp\Governor.ElmDsl,gov_MAN Governor/Actuator_v3,deltaME:IntMat,0,0,0.0
\VM-PF.IntUser\PDD 30-09-2025.IntPrj\Network Model.IntPrjfolder\Network Data.IntPrjfolder\SUR 138 kV.ElmNet\POWERSHIP AZUA KPS 60.ElmSite\Planta_POWERSHIP AZUA KPS 60.ElmComp\MAN 18V/51/60DDF.ElmComp\Governor.ElmDsl,gov_MAN Governor/Actuator_v3,deltaME:IntMat,0,1,0.0
\VM-PF.IntUser\PDD 30-09-2025.IntPrj\Network Model.IntPrjfolder\Network Data.IntPrjfolder\SUR 138 kV.ElmNet\POWERSHIP AZUA KPS 60.ElmSite\Planta_POWERSHIP AZUA KPS 60.ElmComp\MAN 18V/51/60DDF.ElmComp\Governor.ElmDsl,gov_MAN Governor/Actuator_v3,deltaME:IntMat,1,0,0.05
\VM-PF.IntUser\PDD 30-09-2025.IntPrj\Network Model.IntPrjfolder\Network Data.IntPrjfolder\SUR 138 kV.ElmNet\POWERSHIP AZUA KPS 60.ElmSite\Planta_POWERSHIP AZUA KPS 60.ElmComp\MAN 18V/51/60DDF.ElmComp\Governor.ElmDsl,gov_MAN Governor/Actuator_v3,deltaME:IntMat,1,1,0.0
\VM-PF.IntUser\PDD 30-09-2025.IntPrj\Network Model.IntPrjfolder\Network Data.IntPrjfolder\SUR 138 kV.ElmNet\POWERSHIP AZUA KPS 60.ElmSite\Planta_POWERSHIP AZUA KPS 60.ElmComp\MAN 18V/51/60DDF.ElmComp\Governor.ElmDsl,gov_MAN Governor/Actuator_v3,deltaME:IntMat,2,0,0.1
\VM-PF.IntUser\PDD 30-09-2025.IntPrj\Network Model.IntPrjfolder\Network Data.IntPrjfolder\SUR 138 kV.ElmNet\POWERSHIP AZUA KPS 60.ElmSite\Planta_POWERSHIP AZUA KPS 60.ElmComp\MAN 18V/51/60DDF.ElmComp\Governor.ElmDsl,gov_MAN Governor/Actuator_v3,deltaME:IntMat,2,1,0.0
\VM-PF.IntUser\PDD 30-09-2025.IntPrj\Network Model.IntPrjfolder\Network Data.IntPrjfolder\SUR 138 kV.ElmNet\POWERSHIP AZUA KPS 60.ElmSite\Planta_POWERSHIP AZUA KPS 60.ElmComp\MAN 18V/51/60DDF.ElmComp\Governor.ElmDsl,gov_MAN Governor/Actuator_v3,deltaME:IntMat,3,0,0.15
\VM-PF.IntUser\PDD 30-09-2025.IntPrj\Network Model.IntPrjfolder\Network Data.IntPrjfolder\SUR 138 kV.ElmNet\POWERSHIP AZUA KPS 60.ElmSite\Planta_POWERSHIP AZUA KPS 60.ElmComp\MAN 18V/51/60DDF.ElmComp\Governor.ElmDsl,gov_MAN Governor/Actuator_v3,deltaME:IntMat,3,1,0.0
\VM-PF.IntUser\PDD 30-09-2025.IntPrj\Network Model.IntPrjfolder\Network Data.IntPrjfolder\SUR 138 kV.ElmNet\POWERSHIP AZUA KPS 60.ElmSite\Planta_POWERSHIP AZUA KPS 60.ElmComp\MAN 18V/51/60DDF.ElmComp\Governor.ElmDsl,gov_MAN Governor/Actuator_v3,deltaME:IntMat,4,0,0.2
\VM-PF.IntUser\PDD 30-09-2025.IntPrj\Network Model.IntPrjfolder\Network Data.IntPrjfolder\SUR 138 kV.ElmNet\POWERSHIP AZUA KPS 60.ElmSite\Planta_POWERSHIP AZUA KPS 60.ElmComp\MAN 18V/51/60DDF.ElmComp\Governor.ElmDsl,gov_MAN Governor/Actuator_v3,deltaME:IntMat,4,1,0.0
\VM-PF.IntUser\PDD 30-09-2025.IntPrj\Network Model.IntPrjfolder\Network Data.IntPrjfolder\SUR 138 kV.ElmNet\POWERSHIP AZUA KPS 60.ElmSite\Planta_POWERSHIP AZUA KPS 60.ElmComp\MAN 18V/51/60DDF.ElmComp\Governor.ElmDsl,gov_MAN Governor/Actuator_v3,deltaME:IntMat,5,0,0.25
\VM-PF.IntUser\PDD 30-09-2025.IntPrj\Network Model.IntPrjfolder\Network Data.IntPrjfolder\SUR 138 kV.ElmNet\POWERSHIP AZUA KPS 60.ElmSite\Planta_POWERSHIP AZUA KPS 60.ElmComp\MAN 18V/51/60DDF.ElmComp\Governor.ElmDsl,gov_MAN Governor/Actuator_v3,deltaME:IntMat,5,1,0.0
\VM-PF.IntUser\PDD 30-09-2025.IntPrj\Network Model.IntPrjfolder\Network Data.IntPrjfolder\SUR 138 kV.ElmNet\POWERSHIP AZUA KPS 60.ElmSite\Planta_POWERSHIP AZUA KPS 60.ElmComp\MAN 18V/51/60DDF.ElmComp\Governor.ElmDsl,gov_MAN Governor/Actuator_v3,deltaME:IntMat,6,0,0.3
\VM-PF.IntUser\PDD 30-09-2025.IntPrj\Network Model.IntPrjfolder\Network Data.IntPrjfolder\SUR 138 kV.ElmNet\POWERSHIP AZUA KPS 60.ElmSite\Planta_POWERSHIP AZUA KPS 60.ElmComp\MAN 18V/51/60DDF.ElmComp\Governor.ElmDsl,gov_MAN Governor/Actuator_v3,deltaME:IntMat,6,1,0.0
\VM-PF.IntUser\PDD 30-09-2025.IntPrj\Network Model.IntPrjfolder\Network Data.IntPrjfolder\SUR 138 kV.ElmNet\POWERSHIP AZUA KPS 60.ElmSite\Planta_POWERSHIP AZUA KPS 60.ElmComp\MAN 18V/51/60DDF.ElmComp\Governor.ElmDsl,gov_MAN Governor/Actuator_v3,deltaME:IntMat,7,0,0.35
\VM-PF.IntUser\PDD 30-09-2025.IntPrj\Network Model.IntPrjfolder\Network Data.IntPrjfolder\SUR 138 kV.ElmNet\POWERSHIP AZUA KPS 60.ElmSite\Planta_POWERSHIP AZUA KPS 60.ElmComp\MAN 18V/51/60DDF.ElmComp\Governor.ElmDsl,gov_MAN Governor/Actuator_v3,deltaME:IntMat,7,1,0.0
\VM-PF.IntUser\PDD 30-09-2025.IntPrj\Network Model.IntPrjfolder\Network Data.IntPrjfolder\SUR 138 kV.ElmNet\POWERSHIP AZUA KPS 60.ElmSite\Planta_POWERSHIP AZUA KPS 60.ElmComp\MAN 18V/51/60DDF.ElmComp\Governor.ElmDsl,gov_MAN Governor/Actuator_v3,deltaME:IntMat,8,0,0.4
\VM-PF.IntUser\PDD 30-09-2025.IntPrj\Network Model.IntPrjfolder\Network Data.IntPrjfolder\SUR 138 kV.ElmNet\POWERSHIP AZUA KPS 60.ElmSite\Planta_POWERSHIP AZUA KPS 60.ElmComp\MAN 18V/51/60DDF.ElmComp\Governor.ElmDsl,gov_MAN Governor/Actuator_v3,deltaME:IntMat,8,1,0.0
\VM-PF.IntUser\PDD 30-09-2025.IntPrj\Network Model.IntPrjfolder\Network Data.IntPrjfolder\SUR 138 kV.ElmNet\POWERSHIP AZUA KPS 60.ElmSite\Planta_POWERSHIP AZUA KPS 60.ElmComp\MAN 18V/51/60DDF.ElmComp\Governor.ElmDsl,gov_MAN Governor/Actuator_v3,deltaME:IntMat,9,0,0.45
\VM-PF.IntUser\PDD 30-09-2025.IntPrj\Network Model.IntPrjfolder\Network Data.IntPrjfolder\SUR 138 kV.ElmNet\POWERSHIP AZUA KPS 60.ElmSite\Planta_POWERSHIP AZUA KPS 60.ElmComp\MAN 18V/51/60DDF.ElmComp\Governor.ElmDsl,gov_MAN Governor/Actuator_v3,deltaME:IntMat,9,1,0.0
\VM-PF.IntUser\PDD 30-09-2025.IntPrj\Network Model.IntPrjfolder\Network Data.IntPrjfolder\SUR 138 kV.ElmNet\POWERSHIP AZUA KPS 60.ElmSite\Planta_POWERSHIP AZUA KPS 60.ElmComp\MAN 18V/51/60DDF.ElmComp\Governor.ElmDsl,gov_MAN Governor/Actuator_v3,deltaME:IntMat,10,0,0.5
\VM-PF.IntUser\PDD 30-09-2025.IntPrj\Network Model.IntPrjfolder\Network Data.IntPrjfolder\SUR 138 kV.ElmNet\POWERSHIP AZUA KPS 60.ElmSite\Planta_POWERSHIP AZUA KPS 60.ElmComp\MAN 18V/51/60DDF.ElmComp\Governor.ElmDsl,gov_MAN Governor/Actuator_v3,deltaME:IntMat,10,1,0.0
\VM-PF.IntUser\PDD 30-09-2025.IntPrj\Network Model.IntPrjfolder\Network Data.IntPrjfolder\SUR 138 kV.ElmNet\POWERSHIP AZUA KPS 60.ElmSite\Planta_POWERSHIP AZUA KPS 60.ElmComp\MAN 18V/51/60DDF.ElmComp\Governor.ElmDsl,gov_MAN Governor/Actuator_v3,deltaME:IntMat,11,0,0.55
\VM-PF.IntUser\PDD 30-09-2025.IntPrj\Network Model.IntPrjfolder\Network Data.IntPrjfolder\SUR 138 kV.ElmNet\POWERSHIP AZUA KPS 60.ElmSite\Planta_POWERSHIP AZUA KPS 60.ElmComp\MAN 18V/51/60DDF.ElmComp\Governor.ElmDsl,gov_MAN Governor/Actuator_v3,deltaME:IntMat,11,1,0.0
\VM-PF.IntUser\PDD 30-09-2025.IntPrj\Network Model.IntPrjfolder\Network Data.IntPrjfolder\SUR 138 kV.ElmNet\POWERSHIP AZUA KPS 60.ElmSite\Planta_POWERSHIP AZUA KPS 60.ElmComp\MAN 18V/51/60DDF.ElmComp\Governor.ElmDsl,gov_MAN Governor/Actuator_v3,deltaME:IntMat,12,0,0.6
\VM-PF.IntUser\PDD 30-09-2025.IntPrj\Network Model.IntPrjfolder\Network Data.IntPrjfolder\SUR 138 kV.ElmNet\POWERSHIP AZUA KPS 60.ElmSite\Planta_POWERSHIP AZUA KPS 60.ElmComp\MAN 18V/51/60DDF.ElmComp\Governor.ElmDsl,gov_MAN Governor/Actuator_v3,deltaME:IntMat,12,1,0.0
\VM-PF.IntUser\PDD 30-09-2025.IntPrj\Network Model.IntPrjfolder\Network Data.IntPrjfolder\SUR 138 kV.ElmNet\POWERSHIP AZUA KPS 60.ElmSite\Planta_POWERSHIP AZUA KPS 60.ElmComp\MAN 18V/51/60DDF.ElmComp\Governor.ElmDsl,gov_MAN Governor/Actuator_v3,deltaME:IntMat,13,0,0.65
\VM-PF.IntUser\PDD 30-09-2025.IntPrj\Network Model.IntPrjfolder\Network Data.IntPrjfolder\SUR 138 kV.ElmNet\POWERSHIP AZUA KPS 60.ElmSite\Planta_POWERSHIP AZUA KPS 60.ElmComp\MAN 18V/51/60DDF.ElmComp\Governor.ElmDsl,gov_MAN Governor/Actuator_v3,deltaME:IntMat,13,1,0.0
\VM-PF.IntUser\PDD 30-09-2025.IntPrj\Network Model.IntPrjfolder\Network Data.IntPrjfolder\SUR 138 kV.ElmNet\POWERSHIP AZUA KPS 60.ElmSite\Planta_POWERSHIP AZUA KPS 60.ElmComp\MAN 18V/51/60DDF.ElmComp\Governor.ElmDsl,gov_MAN Governor/Actuator_v3,deltaME:IntMat,14,0,0.7
\VM-PF.IntUser\PDD 30-09-2025.IntPrj\Network Model.IntPrjfolder\Network Data.IntPrjfolder\SUR 138 kV.ElmNet\POWERSHIP AZUA KPS 60.ElmSite\Planta_POWERSHIP AZUA KPS 60.ElmComp\MAN 18V/51/60DDF.ElmComp\Governor.ElmDsl,gov_MAN Governor/Actuator_v3,deltaME:IntMat,14,1,0.0
\VM-PF.IntUser\PDD 30-09-2025.IntPrj\Network Model.IntPrjfolder\Network Data.IntPrjfolder\SUR 138 kV.ElmNet\POWERSHIP AZUA KPS 60.ElmSite\Planta_POWERSHIP AZUA KPS 60.ElmComp\MAN 18V/51/60DDF.ElmComp\Governor.ElmDsl,gov_MAN Governor/Actuator_v3,deltaME:IntMat,15,0,0.75
\VM-PF.IntUser\PDD 30-09-2025.IntPrj\Network Model.IntPrjfolder\Network Data.IntPrjfolder\SUR 138 kV.ElmNet\POWERSHIP AZUA KPS 60.ElmSite\Planta_POWERSHIP AZUA KPS 60.ElmComp\MAN 18V/51/60DDF.ElmComp\Governor.ElmDsl,gov_MAN Governor/Actuator_v3,deltaME:IntMat,15,1,0.0
\VM-PF.IntUser\PDD 30-09-2025.IntPrj\Network Model.IntPrjfolder\Network Data.IntPrjfolder\SUR 138 kV.ElmNet\POWERSHIP AZUA KPS 60.ElmSite\Planta_POWERSHIP AZUA KPS 60.ElmComp\MAN 18V/51/60DDF.ElmComp\Governor.ElmDsl,gov_MAN Governor/Actuator_v3,deltaME:IntMat,16,0,0.8
\VM-PF.IntUser\PDD 30-09-2025.IntPrj\Network Model.IntPrjfolder\Network Data.IntPrjfolder\SUR 138 kV.ElmNet\POWERSHIP AZUA KPS 60.ElmSite\Planta_POWERSHIP AZUA KPS 60.ElmComp\MAN 18V/51/60DDF.ElmComp\Governor.ElmDsl,gov_MAN Governor/Actuator_v3,deltaME:IntMat,16,1,0.0
\VM-PF.IntUser\PDD 30-09-2025.IntPrj\Network Model.IntPrjfolder\Network Data.IntPrjfolder\SUR 138 kV.ElmNet\POWERSHIP AZUA KPS 60.ElmSite\Planta_POWERSHIP AZUA KPS 60.ElmComp\MAN 18V/51/60DDF.ElmComp\Governor.ElmDsl,gov_MAN Governor/Actuator_v3,deltaME:IntMat,17,0,0.85
\VM-PF.IntUser\PDD 30-09-2025.IntPrj\Network Model.IntPrjfolder\Network Data.IntPrjfolder\SUR 138 kV.ElmNet\POWERSHIP AZUA KPS 60.ElmSite\Planta_POWERSHIP AZUA KPS 60.ElmComp\MAN 18V/51/60DDF.ElmComp\Governor.ElmDsl,gov_MAN Governor/Actuator_v3,deltaME:IntMat,17,1,0.0
\VM-PF.IntUser\PDD 30-09-2025.IntPrj\Network Model.IntPrjfolder\Network Data.IntPrjfolder\SUR 138 kV.ElmNet\POWERSHIP AZUA KPS 60.ElmSite\Planta_POWERSHIP AZUA KPS 60.ElmComp\MAN 18V/51/60DDF.ElmComp\Governor.ElmDsl,gov_MAN Governor/Actuator_v3,deltaME:IntMat,18,0,0.9
\VM-PF.IntUser\PDD 30-09-2025.IntPrj\Network Model.IntPrjfolder\Network Data.IntPrjfolder\SUR 138 kV.ElmNet\POWERSHIP AZUA KPS 60.ElmSite\Planta_POWERSHIP AZUA KPS 60.ElmComp\MAN 18V/51/60DDF.ElmComp\Governor.ElmDsl,gov_MAN Governor/Actuator_v3,deltaME:IntMat,18,1,0.0
\VM-PF.IntUser\PDD 30-09-2025.IntPrj\Network Model.IntPrjfolder\Network Data.IntPrjfolder\SUR 138 kV.ElmNet\POWERSHIP AZUA KPS 60.ElmSite\Planta_POWERSHIP AZUA KPS 60.ElmComp\MAN 18V/51/60DDF.ElmComp\Governor.ElmDsl,gov_MAN Governor/Actuator_v3,deltaME:IntMat,19,0,0.95
\VM-PF.IntUser\PDD 30-09-2025.IntPrj\Network Model.IntPrjfolder\Network Data.IntPrjfolder\SUR 138 kV.ElmNet\POWERSHIP AZUA KPS 60.ElmSite\Planta_POWERSHIP AZUA KPS 60.ElmComp\MAN 18V/51/60DDF.ElmComp\Governor.ElmDsl,gov_MAN Governor/Actuator_v3,deltaME:IntMat,19,1,0.0
\VM-PF.IntUser\PDD 30-09-2025.IntPrj\Network Model.IntPrjfolder\Network Data.IntPrjfolder\SUR 138 kV.ElmNet\POWERSHIP AZUA KPS 60.ElmSite\Planta_POWERSHIP AZUA KPS 60.ElmComp\MAN 18V/51/60DDF.ElmComp\Governor.ElmDsl,gov_MAN Governor/Actuator_v3,deltaME:IntMat,20,0,1.0
\VM-PF.IntUser\PDD 30-09-2025.IntPrj\Network Model.IntPrjfolder\Network Data.IntPrjfolder\SUR 138 kV.ElmNet\POWERSHIP AZUA KPS 60.ElmSite\Planta_POWERSHIP AZUA KPS 60.ElmComp\MAN 18V/51/60DDF.ElmComp\Governor.ElmDsl,gov_MAN Governor/Actuator_v3,deltaME:IntMat,20,1,0.0
\VM-PF.IntUser\PDD 30-09-2025.IntPrj\Network Model.IntPrjfolder\Network Data.IntPrjfolder\SUR 138 kV.ElmNet\Planta_PE Matafongo.ElmComp\P Control Type 3.ElmDsl,P Control Type 3,wp:IntMat,0,0,0.0
\VM-PF.IntUser\PDD 30-09-2025.IntPrj\Network Model.IntPrjfolder\Network Data.IntPrjfolder\SUR 138 kV.ElmNet\Planta_PE Matafongo.ElmComp\P Control Type 3.ElmDsl,P Control Type 3,wp:IntMat,0,1,0.76
\VM-PF.IntUser\PDD 30-09-2025.IntPrj\Network Model.IntPrjfolder\Network Data.IntPrjfolder\SUR 138 kV.ElmNet\Planta_PE Matafongo.ElmComp\P Control Type 3.ElmDsl,P Control Type 3,wp:IntMat,1,0,0.3
\VM-PF.IntUser\PDD 30-09-2025.IntPrj\Network Model.IntPrjfolder\Network Data.IntPrjfolder\SUR 138 kV.ElmNet\Planta_PE Matafongo.ElmComp\P Control Type 3.ElmDsl,P Control Type 3,wp:IntMat,1,1,0.76
\VM-PF.IntUser\PDD 30-09-2025.IntPrj\Network Model.IntPrjfolder\Network Data.IntPrjfolder\SUR 138 kV.ElmNet\Planta_PE Matafongo.ElmComp\P Control Type 3.ElmDsl,P Control Type 3,wp:IntMat,2,0,0.31
\VM-PF.IntUser\PDD 30-09-2025.IntPrj\Network Model.IntPrjfolder\Network Data.IntPrjfolder\SUR 138 kV.ElmNet\Planta_PE Matafongo.ElmComp\P Control Type 3.ElmDsl,P Control Type 3,wp:IntMat,2,1,0.86
\VM-PF.IntUser\PDD 30-09-2025.IntPrj\Network Model.IntPrjfolder\Network Data.IntPrjfolder\SUR 138 kV.ElmNet\Planta_PE Matafongo.ElmComp\P Control Type 3.ElmDsl,P Control Type 3,wp:IntMat,3,0,0.4
\VM-PF.IntUser\PDD 30-09-2025.IntPrj\Network Model.IntPrjfolder\Network Data.IntPrjfolder\SUR 138 kV.ElmNet\Planta_PE Matafongo.ElmComp\P Control Type 3.ElmDsl,P Control Type 3,wp:IntMat,3,1,0.94
\VM-PF.IntUser\PDD 30-09-2025.IntPrj\Network Model.IntPrjfolder\Network Data.IntPrjfolder\SUR 138 kV.ElmNet\Planta_PE Matafongo.ElmComp\P Control Type 3.ElmDsl,P Control Type 3,wp:IntMat,4,0,0.5
\VM-PF.IntUser\PDD 30-09-2025.IntPrj\Network Model.IntPrjfolder\Network Data.IntPrjfolder\SUR 138 kV.ElmNet\Planta_PE Matafongo.ElmComp\P Control Type 3.ElmDsl,P Control Type 3,wp:IntMat,4,1,1.0
\VM-PF.IntUser\PDD 30-09-2025.IntPrj\Network Model.IntPrjfolder\Network Data.IntPrjfolder\SUR 138 kV.ElmNet\Planta_PE Matafongo.ElmComp\P Control Type 3.ElmDsl,P Control Type 3,wp:IntMat,5,0,1.0
\VM-PF.IntUser\PDD 30-09-2025.IntPrj\Network Model.IntPrjfolder\Network Data.IntPrjfolder\SUR 138 kV.ElmNet\Planta_PE Matafongo.ElmComp\P Control Type 3.ElmDsl,P Control Type 3,wp:IntMat,5,1,1.0
\VM-PF.IntUser\PDD 30-09-2025.IntPrj\Network Model.IntPrjfolder\Network Data.IntPrjfolder\SUR 138 kV.ElmNet\Planta_PE Matafongo.ElmComp\Current Limitation.ElmDsl,Current Limitation,ipmaxuWT:IntMat,0,0,0.1
\VM-PF.IntUser\PDD 30-09-2025.IntPrj\Network Model.IntPrjfolder\Network Data.IntPrjfolder\SUR 138 kV.ElmNet\Planta_PE Matafongo.ElmComp\Current Limitation.ElmDsl,Current Limitation,ipmaxuWT:IntMat,0,1,0.0
\VM-PF.IntUser\PDD 30-09-2025.IntPrj\Network Model.IntPrjfolder\Network Data.IntPrjfolder\SUR 138 kV.ElmNet\Planta_PE Matafongo.ElmComp\Current Limitation.ElmDsl,Current Limitation,ipmaxuWT:IntMat,1,0,0.12
\VM-PF.IntUser\PDD 30-09-2025.IntPrj\Network Model.IntPrjfolder\Network Data.IntPrjfolder\SUR 138 kV.ElmNet\Planta_PE Matafongo.ElmComp\Current Limitation.ElmDsl,Current Limitation,ipmaxuWT:IntMat,1,1,1.10803846549
\VM-PF.IntUser\PDD 30-09-2025.IntPrj\Network Model.IntPrjfolder\Network Data.IntPrjfolder\SUR 138 kV.ElmNet\Planta_PE Matafongo.ElmComp\Current Limitation.ElmDsl,Current Limitation,ipmaxuWT:IntMat,2,0,0.9
\VM-PF.IntUser\PDD 30-09-2025.IntPrj\Network Model.IntPrjfolder\Network Data.IntPrjfolder\SUR 138 kV.ElmNet\Planta_PE Matafongo.ElmComp\Current Limitation.ElmDsl,Current Limitation,ipmaxuWT:IntMat,2,1,1.10803846549
\VM-PF.IntUser\PDD 30-09-2025.IntPrj\Network Model.IntPrjfolder\Network Data.IntPrjfolder\SUR 138 kV.ElmNet\Planta_PE Matafongo.ElmComp\Current Limitation.ElmDsl,Current Limitation,ipmaxuWT:IntMat,3,0,0.925
\VM-PF.IntUser\PDD 30-09-2025.IntPrj\Network Model.IntPrjfolder\Network Data.IntPrjfolder\SUR 138 kV.ElmNet\Planta_PE Matafongo.ElmComp\Current Limitation.ElmDsl,Current Limitation,ipmaxuWT:IntMat,3,1,1.10803846549
\VM-PF.IntUser\PDD 30-09-2025.IntPrj\Network Model.IntPrjfolder\Network Data.IntPrjfolder\SUR 138 kV.ElmNet\Planta_PE Matafongo.ElmComp\Current Limitation.ElmDsl,Current Limitation,ipmaxuWT:IntMat,4,0,1.075
\VM-PF.IntUser\PDD 30-09-2025.IntPrj\Network Model.IntPrjfolder\Network Data.IntPrjfolder\SUR 138 kV.ElmNet\Planta_PE Matafongo.ElmComp\Current Limitation.ElmDsl,Current Limitation,ipmaxuWT:IntMat,4,1,1.10803846549
\VM-PF.IntUser\PDD 30-09-2025.IntPrj\Network Model.IntPrjfolder\Network Data.IntPrjfolder\SUR 138 kV.ElmNet\Planta_PE Matafongo.ElmComp\Current Limitation.ElmDsl,Current Limitation,ipmaxuWT:IntMat,5,0,1.1
\VM-PF.IntUser\PDD 30-09-2025.IntPrj\Network Model.IntPrjfolder\Network Data.IntPrjfolder\SUR 138 kV.ElmNet\Planta_PE Matafongo.ElmComp\Current Limitation.ElmDsl,Current Limitation,ipmaxuWT:IntMat,5,1,1.10803846549
\VM-PF.IntUser\PDD 30-09-2025.IntPrj\Network Model.IntPrjfolder\Network Data.IntPrjfolder\SUR 138 kV.ElmNet\Planta_PE Matafongo.ElmComp\Current Limitation.ElmDsl,Current Limitation,iqmaxuWT:IntMat,0,0,0.15
\VM-PF.IntUser\PDD 30-09-2025.IntPrj\Network Model.IntPrjfolder\Network Data.IntPrjfolder\SUR 138 kV.ElmNet\Planta_PE Matafongo.ElmComp\Current Limitation.ElmDsl,Current Limitation,iqmaxuWT:IntMat,0,1,1.1
\VM-PF.IntUser\PDD 30-09-2025.IntPrj\Network Model.IntPrjfolder\Network Data.IntPrjfolder\SUR 138 kV.ElmNet\Planta_PE Matafongo.ElmComp\Current Limitation.ElmDsl,Current Limitation,iqmaxuWT:IntMat,1,0,0.6
\VM-PF.IntUser\PDD 30-09-2025.IntPrj\Network Model.IntPrjfolder\Network Data.IntPrjfolder\SUR 138 kV.ElmNet\Planta_PE Matafongo.ElmComp\Current Limitation.ElmDsl,Current Limitation,iqmaxuWT:IntMat,1,1,0.75
\VM-PF.IntUser\PDD 30-09-2025.IntPrj\Network Model.IntPrjfolder\Network Data.IntPrjfolder\SUR 138 kV.ElmNet\Planta_PE Matafongo.ElmComp\Current Limitation.ElmDsl,Current Limitation,iqmaxuWT:IntMat,2,0,0.9
\VM-PF.IntUser\PDD 30-09-2025.IntPrj\Network Model.IntPrjfolder\Network Data.IntPrjfolder\SUR 138 kV.ElmNet\Planta_PE Matafongo.ElmComp\Current Limitation.ElmDsl,Current Limitation,iqmaxuWT:IntMat,2,1,0.3287
\VM-PF.IntUser\PDD 30-09-2025.IntPrj\Network Model.IntPrjfolder\Network Data.IntPrjfolder\SUR 138 kV.ElmNet\Planta_PE Matafongo.ElmComp\Current Limitation.ElmDsl,Current Limitation,iqmaxuWT:IntMat,3,0,0.925
\VM-PF.IntUser\PDD 30-09-2025.IntPrj\Network Model.IntPrjfolder\Network Data.IntPrjfolder\SUR 138 kV.ElmNet\Planta_PE Matafongo.ElmComp\Current Limitation.ElmDsl,Current Limitation,iqmaxuWT:IntMat,3,1,0.3287
\VM-PF.IntUser\PDD 30-09-2025.IntPrj\Network Model.IntPrjfolder\Network Data.IntPrjfolder\SUR 138 kV.ElmNet\Planta_PE Matafongo.ElmComp\Current Limitation.ElmDsl,Current Limitation,iqmaxuWT:IntMat,4,0,1.075
\VM-PF.IntUser\PDD 30-09-2025.IntPrj\Network Model.IntPrjfolder\Network Data.IntPrjfolder\SUR 138 kV.ElmNet\Planta_PE Matafongo.ElmComp\Current Limitation.ElmDsl,Current Limitation,iqmaxuWT:IntMat,4,1,0.3287
\VM-PF.IntUser\PDD 30-09-2025.IntPrj\Network Model.IntPrjfolder\Network Data.IntPrjfolder\SUR 138 kV.ElmNet\Planta_PE Matafongo.ElmComp\Current Limitation.ElmDsl,Current Limitation,iqmaxuWT:IntMat,5,0,1.1
\VM-PF.IntUser\PDD 30-09-2025.IntPrj\Network Model.IntPrjfolder\Network Data.IntPrjfolder\SUR 138 kV.ElmNet\Planta_PE Matafongo.ElmComp\Current Limitation.ElmDsl,Current Limitation,iqmaxuWT:IntMat,5,1,0.3287
\VM-PF.IntUser\PDD 30-09-2025.IntPrj\Network Model.IntPrjfolder\Network Data.IntPrjfolder\SUR 138 kV.ElmNet\Planta_PE Matafongo.ElmComp\QP and QU Limitation.ElmDsl,Q Limitation - QP and QU,qmaxpp:IntMat,0,0,0.0
\VM-PF.IntUser\PDD 30-09-2025.IntPrj\Network Model.IntPrjfolder\Network Data.IntPrjfolder\SUR 138 kV.ElmNet\Planta_PE Matafongo.ElmComp\QP and QU Limitation.ElmDsl,Q Limitation - QP and QU,qmaxpp:IntMat,0,1,0.0
\VM-PF.IntUser\PDD 30-09-2025.IntPrj\Network Model.IntPrjfolder\Network Data.IntPrjfolder\SUR 138 kV.ElmNet\Planta_PE Matafongo.ElmComp\QP and QU Limitation.ElmDsl,Q Limitation - QP and QU,qmaxpp:IntMat,1,0,0.05
\VM-PF.IntUser\PDD 30-09-2025.IntPrj\Network Model.IntPrjfolder\Network Data.IntPrjfolder\SUR 138 kV.ElmNet\Planta_PE Matafongo.ElmComp\QP and QU Limitation.ElmDsl,Q Limitation - QP and QU,qmaxpp:IntMat,1,1,0.2308
\VM-PF.IntUser\PDD 30-09-2025.IntPrj\Network Model.IntPrjfolder\Network Data.IntPrjfolder\SUR 138 kV.ElmNet\Planta_PE Matafongo.ElmComp\QP and QU Limitation.ElmDsl,Q Limitation - QP and QU,qmaxpp:IntMat,2,0,0.5
\VM-PF.IntUser\PDD 30-09-2025.IntPrj\Network Model.IntPrjfolder\Network Data.IntPrjfolder\SUR 138 kV.ElmNet\Planta_PE Matafongo.ElmComp\QP and QU Limitation.ElmDsl,Q Limitation - QP and QU,qmaxpp:IntMat,2,1,0.4658
\VM-PF.IntUser\PDD 30-09-2025.IntPrj\Network Model.IntPrjfolder\Network Data.IntPrjfolder\SUR 138 kV.ElmNet\Planta_PE Matafongo.ElmComp\QP and QU Limitation.ElmDsl,Q Limitation - QP and QU,qmaxpp:IntMat,3,0,1.0
\VM-PF.IntUser\PDD 30-09-2025.IntPrj\Network Model.IntPrjfolder\Network Data.IntPrjfolder\SUR 138 kV.ElmNet\Planta_PE Matafongo.ElmComp\QP and QU Limitation.ElmDsl,Q Limitation - QP and QU,qmaxpp:IntMat,3,1,0.3287
\VM-PF.IntUser\PDD 30-09-2025.IntPrj\Network Model.IntPrjfolder\Network Data.IntPrjfolder\SUR 138 kV.ElmNet\Planta_PE Matafongo.ElmComp\QP and QU Limitation.ElmDsl,Q Limitation - QP and QU,qmaxuu:IntMat,0,0,0.9
\VM-PF.IntUser\PDD 30-09-2025.IntPrj\Network Model.IntPrjfolder\Network Data.IntPrjfolder\SUR 138 kV.ElmNet\Planta_PE Matafongo.ElmComp\QP and QU Limitation.ElmDsl,Q Limitation - QP and QU,qmaxuu:IntMat,0,1,0.1771
\VM-PF.IntUser\PDD 30-09-2025.IntPrj\Network Model.IntPrjfolder\Network Data.IntPrjfolder\SUR 138 kV.ElmNet\Planta_PE Matafongo.ElmComp\QP and QU Limitation.ElmDsl,Q Limitation - QP and QU,qmaxuu:IntMat,1,0,0.95
\VM-PF.IntUser\PDD 30-09-2025.IntPrj\Network Model.IntPrjfolder\Network Data.IntPrjfolder\SUR 138 kV.ElmNet\Planta_PE Matafongo.ElmComp\QP and QU Limitation.ElmDsl,Q Limitation - QP and QU,qmaxuu:IntMat,1,1,0.3287
\VM-PF.IntUser\PDD 30-09-2025.IntPrj\Network Model.IntPrjfolder\Network Data.IntPrjfolder\SUR 138 kV.ElmNet\Planta_PE Matafongo.ElmComp\QP and QU Limitation.ElmDsl,Q Limitation - QP and QU,qmaxuu:IntMat,2,0,1.0
\VM-PF.IntUser\PDD 30-09-2025.IntPrj\Network Model.IntPrjfolder\Network Data.IntPrjfolder\SUR 138 kV.ElmNet\Planta_PE Matafongo.ElmComp\QP and QU Limitation.ElmDsl,Q Limitation - QP and QU,qmaxuu:IntMat,2,1,0.3287
\VM-PF.IntUser\PDD 30-09-2025.IntPrj\Network Model.IntPrjfolder\Network Data.IntPrjfolder\SUR 138 kV.ElmNet\Planta_PE Matafongo.ElmComp\QP and QU Limitation.ElmDsl,Q Limitation - QP and QU,qmaxuu:IntMat,3,0,1.05
\VM-PF.IntUser\PDD 30-09-2025.IntPrj\Network Model.IntPrjfolder\Network Data.IntPrjfolder\SUR 138 kV.ElmNet\Planta_PE Matafongo.ElmComp\QP and QU Limitation.ElmDsl,Q Limitation - QP and QU,qmaxuu:IntMat,3,1,0.3287
\VM-PF.IntUser\PDD 30-09-2025.IntPrj\Network Model.IntPrjfolder\Network Data.IntPrjfolder\SUR 138 kV.ElmNet\Planta_PE Matafongo.ElmComp\QP and QU Limitation.ElmDsl,Q Limitation - QP and QU,qmaxuu:IntMat,4,0,1.12
\VM-PF.IntUser\PDD 30-09-2025.IntPrj\Network Model.IntPrjfolder\Network Data.IntPrjfolder\SUR 138 kV.ElmNet\Planta_PE Matafongo.ElmComp\QP and QU Limitation.ElmDsl,Q Limitation - QP and QU,qmaxuu:IntMat,4,1,0.3287
\VM-PF.IntUser\PDD 30-09-2025.IntPrj\Network Model.IntPrjfolder\Network Data.IntPrjfolder\SUR 138 kV.ElmNet\Planta_PE Matafongo.ElmComp\QP and QU Limitation.ElmDsl,Q Limitation - QP and QU,qmaxuu:IntMat,5,0,1.13
\VM-PF.IntUser\PDD 30-09-2025.IntPrj\Network Model.IntPrjfolder\Network Data.IntPrjfolder\SUR 138 kV.ElmNet\Planta_PE Matafongo.ElmComp\QP and QU Limitation.ElmDsl,Q Limitation - QP and QU,qmaxuu:IntMat,5,1,0.0
\VM-PF.IntUser\PDD 30-09-2025.IntPrj\Network Model.IntPrjfolder\Network Data.IntPrjfolder\SUR 138 kV.ElmNet\Planta_PE Matafongo.ElmComp\QP and QU Limitation.ElmDsl,Q Limitation - QP and QU,qmaxuu:IntMat,6,0,1.14
\VM-PF.IntUser\PDD 30-09-2025.IntPrj\Network Model.IntPrjfolder\Network Data.IntPrjfolder\SUR 138 kV.ElmNet\Planta_PE Matafongo.ElmComp\QP and QU Limitation.ElmDsl,Q Limitation - QP and QU,qmaxuu:IntMat,6,1,0.0
\VM-PF.IntUser\PDD 30-09-2025.IntPrj\Network Model.IntPrjfolder\Network Data.IntPrjfolder\SUR 138 kV.ElmNet\Planta_PE Matafongo.ElmComp\QP and QU Limitation.ElmDsl,Q Limitation - QP and QU,qminpp:IntMat,0,0,0.0
\VM-PF.IntUser\PDD 30-09-2025.IntPrj\Network Model.IntPrjfolder\Network Data.IntPrjfolder\SUR 138 kV.ElmNet\Planta_PE Matafongo.ElmComp\QP and QU Limitation.ElmDsl,Q Limitation - QP and QU,qminpp:IntMat,0,1,0.0
\VM-PF.IntUser\PDD 30-09-2025.IntPrj\Network Model.IntPrjfolder\Network Data.IntPrjfolder\SUR 138 kV.ElmNet\Planta_PE Matafongo.ElmComp\QP and QU Limitation.ElmDsl,Q Limitation - QP and QU,qminpp:IntMat,1,0,0.05
\VM-PF.IntUser\PDD 30-09-2025.IntPrj\Network Model.IntPrjfolder\Network Data.IntPrjfolder\SUR 138 kV.ElmNet\Planta_PE Matafongo.ElmComp\QP and QU Limitation.ElmDsl,Q Limitation - QP and QU,qminpp:IntMat,1,1,-0.2304
\VM-PF.IntUser\PDD 30-09-2025.IntPrj\Network Model.IntPrjfolder\Network Data.IntPrjfolder\SUR 138 kV.ElmNet\Planta_PE Matafongo.ElmComp\QP and QU Limitation.ElmDsl,Q Limitation - QP and QU,qminpp:IntMat,2,0,0.5
\VM-PF.IntUser\PDD 30-09-2025.IntPrj\Network Model.IntPrjfolder\Network Data.IntPrjfolder\SUR 138 kV.ElmNet\Planta_PE Matafongo.ElmComp\QP and QU Limitation.ElmDsl,Q Limitation - QP and QU,qminpp:IntMat,2,1,-0.4658
\VM-PF.IntUser\PDD 30-09-2025.IntPrj\Network Model.IntPrjfolder\Network Data.IntPrjfolder\SUR 138 kV.ElmNet\Planta_PE Matafongo.ElmComp\QP and QU Limitation.ElmDsl,Q Limitation - QP and QU,qminpp:IntMat,3,0,1.0
\VM-PF.IntUser\PDD 30-09-2025.IntPrj\Network Model.IntPrjfolder\Network Data.IntPrjfolder\SUR 138 kV.ElmNet\Planta_PE Matafongo.ElmComp\QP and QU Limitation.ElmDsl,Q Limitation - QP and QU,qminpp:IntMat,3,1,-0.3287
\VM-PF.IntUser\PDD 30-09-2025.IntPrj\Network Model.IntPrjfolder\Network Data.IntPrjfolder\SUR 138 kV.ElmNet\Planta_PE Matafongo.ElmComp\QP and QU Limitation.ElmDsl,Q Limitation - QP and QU,qminuu:IntMat,0,0,0.9
\VM-PF.IntUser\PDD 30-09-2025.IntPrj\Network Model.IntPrjfolder\Network Data.IntPrjfolder\SUR 138 kV.ElmNet\Planta_PE Matafongo.ElmComp\QP and QU Limitation.ElmDsl,Q Limitation - QP and QU,qminuu:IntMat,0,1,-0.1771
\VM-PF.IntUser\PDD 30-09-2025.IntPrj\Network Model.IntPrjfolder\Network Data.IntPrjfolder\SUR 138 kV.ElmNet\Planta_PE Matafongo.ElmComp\QP and QU Limitation.ElmDsl,Q Limitation - QP and QU,qminuu:IntMat,1,0,0.95
\VM-PF.IntUser\PDD 30-09-2025.IntPrj\Network Model.IntPrjfolder\Network Data.IntPrjfolder\SUR 138 kV.ElmNet\Planta_PE Matafongo.ElmComp\QP and QU Limitation.ElmDsl,Q Limitation - QP and QU,qminuu:IntMat,1,1,-0.3287
\VM-PF.IntUser\PDD 30-09-2025.IntPrj\Network Model.IntPrjfolder\Network Data.IntPrjfolder\SUR 138 kV.ElmNet\Planta_PE Matafongo.ElmComp\QP and QU Limitation.ElmDsl,Q Limitation - QP and QU,qminuu:IntMat,2,0,1.0
\VM-PF.IntUser\PDD 30-09-2025.IntPrj\Network Model.IntPrjfolder\Network Data.IntPrjfolder\SUR 138 kV.ElmNet\Planta_PE Matafongo.ElmComp\QP and QU Limitation.ElmDsl,Q Limitation - QP and QU,qminuu:IntMat,2,1,-0.3287
\VM-PF.IntUser\PDD 30-09-2025.IntPrj\Network Model.IntPrjfolder\Network Data.IntPrjfolder\SUR 138 kV.ElmNet\Planta_PE Matafongo.ElmComp\QP and QU Limitation.ElmDsl,Q Limitation - QP and QU,qminuu:IntMat,3,0,1.05
\VM-PF.IntUser\PDD 30-09-2025.IntPrj\Network Model.IntPrjfolder\Network Data.IntPrjfolder\SUR 138 kV.ElmNet\Planta_PE Matafongo.ElmComp\QP and QU Limitation.ElmDsl,Q Limitation - QP and QU,qminuu:IntMat,3,1,-0.3287
\VM-PF.IntUser\PDD 30-09-2025.IntPrj\Network Model.IntPrjfolder\Network Data.IntPrjfolder\SUR 138 kV.ElmNet\Planta_PE Matafongo.ElmComp\QP and QU Limitation.ElmDsl,Q Limitation - QP and QU,qminuu:IntMat,4,0,1.12
\VM-PF.IntUser\PDD 30-09-2025.IntPrj\Network Model.IntPrjfolder\Network Data.IntPrjfolder\SUR 138 kV.ElmNet\Planta_PE Matafongo.ElmComp\QP and QU Limitation.ElmDsl,Q Limitation - QP and QU,qminuu:IntMat,4,1,-0.3287
\VM-PF.IntUser\PDD 30-09-2025.IntPrj\Network Model.IntPrjfolder\Network Data.IntPrjfolder\SUR 138 kV.ElmNet\Planta_PE Matafongo.ElmComp\QP and QU Limitation.ElmDsl,Q Limitation - QP and QU,qminuu:IntMat,5,0,1.13
\VM-PF.IntUser\PDD 30-09-2025.IntPrj\Network Model.IntPrjfolder\Network Data.IntPrjfolder\SUR 138 kV.ElmNet\Planta_PE Matafongo.ElmComp\QP and QU Limitation.ElmDsl,Q Limitation - QP and QU,qminuu:IntMat,5,1,-0.0
\VM-PF.IntUser\PDD 30-09-2025.IntPrj\Network Model.IntPrjfolder\Network Data.IntPrjfolder\SUR 138 kV.ElmNet\Planta_PE Matafongo.ElmComp\QP and QU Limitation.ElmDsl,Q Limitation - QP and QU,qminuu:IntMat,6,0,1.14
\VM-PF.IntUser\PDD 30-09-2025.IntPrj\Network Model.IntPrjfolder\Network Data.IntPrjfolder\SUR 138 kV.ElmNet\Planta_PE Matafongo.ElmComp\QP and QU Limitation.ElmDsl,Q Limitation - QP and QU,qminuu:IntMat,6,1,-0.0
\VM-PF.IntUser\PDD 30-09-2025.IntPrj\Network Model.IntPrjfolder\Network Data.IntPrjfolder\SUR 138 kV.ElmNet\Planta_PE Matafongo.ElmComp\Grid Protection.ElmDsl,Protection,TfoverfWT:IntMat,0,0,1.06
\VM-PF.IntUser\PDD 30-09-2025.IntPrj\Network Model.IntPrjfolder\Network Data.IntPrjfolder\SUR 138 kV.ElmNet\Planta_PE Matafongo.ElmComp\Grid Protection.ElmDsl,Protection,TfoverfWT:IntMat,0,1,3600.0
\VM-PF.IntUser\PDD 30-09-2025.IntPrj\Network Model.IntPrjfolder\Network Data.IntPrjfolder\SUR 138 kV.ElmNet\Planta_PE Matafongo.ElmComp\Grid Protection.ElmDsl,Protection,TfoverfWT:IntMat,1,0,1.06
\VM-PF.IntUser\PDD 30-09-2025.IntPrj\Network Model.IntPrjfolder\Network Data.IntPrjfolder\SUR 138 kV.ElmNet\Planta_PE Matafongo.ElmComp\Grid Protection.ElmDsl,Protection,TfoverfWT:IntMat,1,1,3600.0
\VM-PF.IntUser\PDD 30-09-2025.IntPrj\Network Model.IntPrjfolder\Network Data.IntPrjfolder\SUR 138 kV.ElmNet\Planta_PE Matafongo.ElmComp\Grid Protection.ElmDsl,Protection,TfoverfWT:IntMat,2,0,1.06
\VM-PF.IntUser\PDD 30-09-2025.IntPrj\Network Model.IntPrjfolder\Network Data.IntPrjfolder\SUR 138 kV.ElmNet\Planta_PE Matafongo.ElmComp\Grid Protection.ElmDsl,Protection,TfoverfWT:IntMat,2,1,3600.0
\VM-PF.IntUser\PDD 30-09-2025.IntPrj\Network Model.IntPrjfolder\Network Data.IntPrjfolder\SUR 138 kV.ElmNet\Planta_PE Matafongo.ElmComp\Grid Protection.ElmDsl,Protection,TfoverfWT:IntMat,3,0,1.2
\VM-PF.IntUser\PDD 30-09-2025.IntPrj\Network Model.IntPrjfolder\Network Data.IntPrjfolder\SUR 138 kV.ElmNet\Planta_PE Matafongo.ElmComp\Grid Protection.ElmDsl,Protection,TfoverfWT:IntMat,3,1,0.1
\VM-PF.IntUser\PDD 30-09-2025.IntPrj\Network Model.IntPrjfolder\Network Data.IntPrjfolder\SUR 138 kV.ElmNet\Planta_PE Matafongo.ElmComp\Grid Protection.ElmDsl,Protection,TfunderfWT:IntMat,0,0,0.8
\VM-PF.IntUser\PDD 30-09-2025.IntPrj\Network Model.IntPrjfolder\Network Data.IntPrjfolder\SUR 138 kV.ElmNet\Planta_PE Matafongo.ElmComp\Grid Protection.ElmDsl,Protection,TfunderfWT:IntMat,0,1,0.1
\VM-PF.IntUser\PDD 30-09-2025.IntPrj\Network Model.IntPrjfolder\Network Data.IntPrjfolder\SUR 138 kV.ElmNet\Planta_PE Matafongo.ElmComp\Grid Protection.ElmDsl,Protection,TfunderfWT:IntMat,1,0,0.92
\VM-PF.IntUser\PDD 30-09-2025.IntPrj\Network Model.IntPrjfolder\Network Data.IntPrjfolder\SUR 138 kV.ElmNet\Planta_PE Matafongo.ElmComp\Grid Protection.ElmDsl,Protection,TfunderfWT:IntMat,1,1,10.0
\VM-PF.IntUser\PDD 30-09-2025.IntPrj\Network Model.IntPrjfolder\Network Data.IntPrjfolder\SUR 138 kV.ElmNet\Planta_PE Matafongo.ElmComp\Grid Protection.ElmDsl,Protection,TfunderfWT:IntMat,2,0,0.94
\VM-PF.IntUser\PDD 30-09-2025.IntPrj\Network Model.IntPrjfolder\Network Data.IntPrjfolder\SUR 138 kV.ElmNet\Planta_PE Matafongo.ElmComp\Grid Protection.ElmDsl,Protection,TfunderfWT:IntMat,2,1,3600.0
\VM-PF.IntUser\PDD 30-09-2025.IntPrj\Network Model.IntPrjfolder\Network Data.IntPrjfolder\SUR 138 kV.ElmNet\Planta_PE Matafongo.ElmComp\Grid Protection.ElmDsl,Protection,TfunderfWT:IntMat,3,0,0.94
\VM-PF.IntUser\PDD 30-09-2025.IntPrj\Network Model.IntPrjfolder\Network Data.IntPrjfolder\SUR 138 kV.ElmNet\Planta_PE Matafongo.ElmComp\Grid Protection.ElmDsl,Protection,TfunderfWT:IntMat,3,1,3600.0
\VM-PF.IntUser\PDD 30-09-2025.IntPrj\Network Model.IntPrjfolder\Network Data.IntPrjfolder\SUR 138 kV.ElmNet\Planta_PE Matafongo.ElmComp\Grid Protection.ElmDsl,Protection,TuoveruWT:IntMat,0,0,1.13
\VM-PF.IntUser\PDD 30-09-2025.IntPrj\Network Model.IntPrjfolder\Network Data.IntPrjfolder\SUR 138 kV.ElmNet\Planta_PE Matafongo.ElmComp\Grid Protection.ElmDsl,Protection,TuoveruWT:IntMat,0,1,60.001
\VM-PF.IntUser\PDD 30-09-2025.IntPrj\Network Model.IntPrjfolder\Network Data.IntPrjfolder\SUR 138 kV.ElmNet\Planta_PE Matafongo.ElmComp\Grid Protection.ElmDsl,Protection,TuoveruWT:IntMat,1,0,1.13
\VM-PF.IntUser\PDD 30-09-2025.IntPrj\Network Model.IntPrjfolder\Network Data.IntPrjfolder\SUR 138 kV.ElmNet\Planta_PE Matafongo.ElmComp\Grid Protection.ElmDsl,Protection,TuoveruWT:IntMat,1,1,60.0
\VM-PF.IntUser\PDD 30-09-2025.IntPrj\Network Model.IntPrjfolder\Network Data.IntPrjfolder\SUR 138 kV.ElmNet\Planta_PE Matafongo.ElmComp\Grid Protection.ElmDsl,Protection,TuoveruWT:IntMat,2,0,1.25
\VM-PF.IntUser\PDD 30-09-2025.IntPrj\Network Model.IntPrjfolder\Network Data.IntPrjfolder\SUR 138 kV.ElmNet\Planta_PE Matafongo.ElmComp\Grid Protection.ElmDsl,Protection,TuoveruWT:IntMat,2,1,60.0
\VM-PF.IntUser\PDD 30-09-2025.IntPrj\Network Model.IntPrjfolder\Network Data.IntPrjfolder\SUR 138 kV.ElmNet\Planta_PE Matafongo.ElmComp\Grid Protection.ElmDsl,Protection,TuoveruWT:IntMat,3,0,1.25
\VM-PF.IntUser\PDD 30-09-2025.IntPrj\Network Model.IntPrjfolder\Network Data.IntPrjfolder\SUR 138 kV.ElmNet\Planta_PE Matafongo.ElmComp\Grid Protection.ElmDsl,Protection,TuoveruWT:IntMat,3,1,1.0
\VM-PF.IntUser\PDD 30-09-2025.IntPrj\Network Model.IntPrjfolder\Network Data.IntPrjfolder\SUR 138 kV.ElmNet\Planta_PE Matafongo.ElmComp\Grid Protection.ElmDsl,Protection,TuoveruWT:IntMat,4,0,1.3
\VM-PF.IntUser\PDD 30-09-2025.IntPrj\Network Model.IntPrjfolder\Network Data.IntPrjfolder\SUR 138 kV.ElmNet\Planta_PE Matafongo.ElmComp\Grid Protection.ElmDsl,Protection,TuoveruWT:IntMat,4,1,1.0
\VM-PF.IntUser\PDD 30-09-2025.IntPrj\Network Model.IntPrjfolder\Network Data.IntPrjfolder\SUR 138 kV.ElmNet\Planta_PE Matafongo.ElmComp\Grid Protection.ElmDsl,Protection,TuoveruWT:IntMat,5,0,1.3
\VM-PF.IntUser\PDD 30-09-2025.IntPrj\Network Model.IntPrjfolder\Network Data.IntPrjfolder\SUR 138 kV.ElmNet\Planta_PE Matafongo.ElmComp\Grid Protection.ElmDsl,Protection,TuoveruWT:IntMat,5,1,1.0
\VM-PF.IntUser\PDD 30-09-2025.IntPrj\Network Model.IntPrjfolder\Network Data.IntPrjfolder\SUR 138 kV.ElmNet\Planta_PE Matafongo.ElmComp\Grid Protection.ElmDsl,Protection,TuoveruWT:IntMat,6,0,1.3
\VM-PF.IntUser\PDD 30-09-2025.IntPrj\Network Model.IntPrjfolder\Network Data.IntPrjfolder\SUR 138 kV.ElmNet\Planta_PE Matafongo.ElmComp\Grid Protection.ElmDsl,Protection,TuoveruWT:IntMat,6,1,1.0
\VM-PF.IntUser\PDD 30-09-2025.IntPrj\Network Model.IntPrjfolder\Network Data.IntPrjfolder\SUR 138 kV.ElmNet\Planta_PE Matafongo.ElmComp\Grid Protection.ElmDsl,Protection,TuoveruWT:IntMat,7,0,1.3
\VM-PF.IntUser\PDD 30-09-2025.IntPrj\Network Model.IntPrjfolder\Network Data.IntPrjfolder\SUR 138 kV.ElmNet\Planta_PE Matafongo.ElmComp\Grid Protection.ElmDsl,Protection,TuoveruWT:IntMat,7,1,0.0
\VM-PF.IntUser\PDD 30-09-2025.IntPrj\Network Model.IntPrjfolder\Network Data.IntPrjfolder\SUR 138 kV.ElmNet\Planta_PE Matafongo.ElmComp\Grid Protection.ElmDsl,Protection,TuunderuWT:IntMat,0,0,0.0
\VM-PF.IntUser\PDD 30-09-2025.IntPrj\Network Model.IntPrjfolder\Network Data.IntPrjfolder\SUR 138 kV.ElmNet\Planta_PE Matafongo.ElmComp\Grid Protection.ElmDsl,Protection,TuunderuWT:IntMat,0,1,0.5
\VM-PF.IntUser\PDD 30-09-2025.IntPrj\Network Model.IntPrjfolder\Network Data.IntPrjfolder\SUR 138 kV.ElmNet\Planta_PE Matafongo.ElmComp\Grid Protection.ElmDsl,Protection,TuunderuWT:IntMat,1,0,0.2
\VM-PF.IntUser\PDD 30-09-2025.IntPrj\Network Model.IntPrjfolder\Network Data.IntPrjfolder\SUR 138 kV.ElmNet\Planta_PE Matafongo.ElmComp\Grid Protection.ElmDsl,Protection,TuunderuWT:IntMat,1,1,1.1
\VM-PF.IntUser\PDD 30-09-2025.IntPrj\Network Model.IntPrjfolder\Network Data.IntPrjfolder\SUR 138 kV.ElmNet\Planta_PE Matafongo.ElmComp\Grid Protection.ElmDsl,Protection,TuunderuWT:IntMat,2,0,0.5
\VM-PF.IntUser\PDD 30-09-2025.IntPrj\Network Model.IntPrjfolder\Network Data.IntPrjfolder\SUR 138 kV.ElmNet\Planta_PE Matafongo.ElmComp\Grid Protection.ElmDsl,Protection,TuunderuWT:IntMat,2,1,2.1
\VM-PF.IntUser\PDD 30-09-2025.IntPrj\Network Model.IntPrjfolder\Network Data.IntPrjfolder\SUR 138 kV.ElmNet\Planta_PE Matafongo.ElmComp\Grid Protection.ElmDsl,Protection,TuunderuWT:IntMat,3,0,0.8
\VM-PF.IntUser\PDD 30-09-2025.IntPrj\Network Model.IntPrjfolder\Network Data.IntPrjfolder\SUR 138 kV.ElmNet\Planta_PE Matafongo.ElmComp\Grid Protection.ElmDsl,Protection,TuunderuWT:IntMat,3,1,5.0
\VM-PF.IntUser\PDD 30-09-2025.IntPrj\Network Model.IntPrjfolder\Network Data.IntPrjfolder\SUR 138 kV.ElmNet\Planta_PE Matafongo.ElmComp\Grid Protection.ElmDsl,Protection,TuunderuWT:IntMat,4,0,0.85
\VM-PF.IntUser\PDD 30-09-2025.IntPrj\Network Model.IntPrjfolder\Network Data.IntPrjfolder\SUR 138 kV.ElmNet\Planta_PE Matafongo.ElmComp\Grid Protection.ElmDsl,Protection,TuunderuWT:IntMat,4,1,180.0
\VM-PF.IntUser\PDD 30-09-2025.IntPrj\Network Model.IntPrjfolder\Network Data.IntPrjfolder\SUR 138 kV.ElmNet\Planta_PE Matafongo.ElmComp\Grid Protection.ElmDsl,Protection,TuunderuWT:IntMat,5,0,0.9
\VM-PF.IntUser\PDD 30-09-2025.IntPrj\Network Model.IntPrjfolder\Network Data.IntPrjfolder\SUR 138 kV.ElmNet\Planta_PE Matafongo.ElmComp\Grid Protection.ElmDsl,Protection,TuunderuWT:IntMat,5,1,180.0
\VM-PF.IntUser\PDD 30-09-2025.IntPrj\Network Model.IntPrjfolder\Network Data.IntPrjfolder\SUR 138 kV.ElmNet\Planta_PE Matafongo.ElmComp\Grid Protection.ElmDsl,Protection,TuunderuWT:IntMat,6,0,0.9
\VM-PF.IntUser\PDD 30-09-2025.IntPrj\Network Model.IntPrjfolder\Network Data.IntPrjfolder\SUR 138 kV.ElmNet\Planta_PE Matafongo.ElmComp\Grid Protection.ElmDsl,Protection,TuunderuWT:IntMat,6,1,180.001
\VM-PF.IntUser\PDD 30-09-2025.IntPrj\Network Model.IntPrjfolder\Network Data.IntPrjfolder\SUR 138 kV.ElmNet\Planta_PE Matafongo 2.ElmComp\P Control Type 3.ElmDsl,P Control Type 3,wp:IntMat,0,0,0.0
\VM-PF.IntUser\PDD 30-09-2025.IntPrj\Network Model.IntPrjfolder\Network Data.IntPrjfolder\SUR 138 kV.ElmNet\Planta_PE Matafongo 2.ElmComp\P Control Type 3.ElmDsl,P Control Type 3,wp:IntMat,0,1,0.76
\VM-PF.IntUser\PDD 30-09-2025.IntPrj\Network Model.IntPrjfolder\Network Data.IntPrjfolder\SUR 138 kV.ElmNet\Planta_PE Matafongo 2.ElmComp\P Control Type 3.ElmDsl,P Control Type 3,wp:IntMat,1,0,0.3
\VM-PF.IntUser\PDD 30-09-2025.IntPrj\Network Model.IntPrjfolder\Network Data.IntPrjfolder\SUR 138 kV.ElmNet\Planta_PE Matafongo 2.ElmComp\P Control Type 3.ElmDsl,P Control Type 3,wp:IntMat,1,1,0.76
\VM-PF.IntUser\PDD 30-09-2025.IntPrj\Network Model.IntPrjfolder\Network Data.IntPrjfolder\SUR 138 kV.ElmNet\Planta_PE Matafongo 2.ElmComp\P Control Type 3.ElmDsl,P Control Type 3,wp:IntMat,2,0,0.31
\VM-PF.IntUser\PDD 30-09-2025.IntPrj\Network Model.IntPrjfolder\Network Data.IntPrjfolder\SUR 138 kV.ElmNet\Planta_PE Matafongo 2.ElmComp\P Control Type 3.ElmDsl,P Control Type 3,wp:IntMat,2,1,0.86
\VM-PF.IntUser\PDD 30-09-2025.IntPrj\Network Model.IntPrjfolder\Network Data.IntPrjfolder\SUR 138 kV.ElmNet\Planta_PE Matafongo 2.ElmComp\P Control Type 3.ElmDsl,P Control Type 3,wp:IntMat,3,0,0.4
\VM-PF.IntUser\PDD 30-09-2025.IntPrj\Network Model.IntPrjfolder\Network Data.IntPrjfolder\SUR 138 kV.ElmNet\Planta_PE Matafongo 2.ElmComp\P Control Type 3.ElmDsl,P Control Type 3,wp:IntMat,3,1,0.94
\VM-PF.IntUser\PDD 30-09-2025.IntPrj\Network Model.IntPrjfolder\Network Data.IntPrjfolder\SUR 138 kV.ElmNet\Planta_PE Matafongo 2.ElmComp\P Control Type 3.ElmDsl,P Control Type 3,wp:IntMat,4,0,0.5
\VM-PF.IntUser\PDD 30-09-2025.IntPrj\Network Model.IntPrjfolder\Network Data.IntPrjfolder\SUR 138 kV.ElmNet\Planta_PE Matafongo 2.ElmComp\P Control Type 3.ElmDsl,P Control Type 3,wp:IntMat,4,1,1.0
\VM-PF.IntUser\PDD 30-09-2025.IntPrj\Network Model.IntPrjfolder\Network Data.IntPrjfolder\SUR 138 kV.ElmNet\Planta_PE Matafongo 2.ElmComp\P Control Type 3.ElmDsl,P Control Type 3,wp:IntMat,5,0,1.0
\VM-PF.IntUser\PDD 30-09-2025.IntPrj\Network Model.IntPrjfolder\Network Data.IntPrjfolder\SUR 138 kV.ElmNet\Planta_PE Matafongo 2.ElmComp\P Control Type 3.ElmDsl,P Control Type 3,wp:IntMat,5,1,1.0
\VM-PF.IntUser\PDD 30-09-2025.IntPrj\Network Model.IntPrjfolder\Network Data.IntPrjfolder\SUR 138 kV.ElmNet\Planta_PE Matafongo 2.ElmComp\Current Limitation.ElmDsl,Current Limitation,ipmaxuWT:IntMat,0,0,0.1
\VM-PF.IntUser\PDD 30-09-2025.IntPrj\Network Model.IntPrjfolder\Network Data.IntPrjfolder\SUR 138 kV.ElmNet\Planta_PE Matafongo 2.ElmComp\Current Limitation.ElmDsl,Current Limitation,ipmaxuWT:IntMat,0,1,0.0
\VM-PF.IntUser\PDD 30-09-2025.IntPrj\Network Model.IntPrjfolder\Network Data.IntPrjfolder\SUR 138 kV.ElmNet\Planta_PE Matafongo 2.ElmComp\Current Limitation.ElmDsl,Current Limitation,ipmaxuWT:IntMat,1,0,0.12
\VM-PF.IntUser\PDD 30-09-2025.IntPrj\Network Model.IntPrjfolder\Network Data.IntPrjfolder\SUR 138 kV.ElmNet\Planta_PE Matafongo 2.ElmComp\Current Limitation.ElmDsl,Current Limitation,ipmaxuWT:IntMat,1,1,1.10803846549
\VM-PF.IntUser\PDD 30-09-2025.IntPrj\Network Model.IntPrjfolder\Network Data.IntPrjfolder\SUR 138 kV.ElmNet\Planta_PE Matafongo 2.ElmComp\Current Limitation.ElmDsl,Current Limitation,ipmaxuWT:IntMat,2,0,0.9
\VM-PF.IntUser\PDD 30-09-2025.IntPrj\Network Model.IntPrjfolder\Network Data.IntPrjfolder\SUR 138 kV.ElmNet\Planta_PE Matafongo 2.ElmComp\Current Limitation.ElmDsl,Current Limitation,ipmaxuWT:IntMat,2,1,1.10803846549
\VM-PF.IntUser\PDD 30-09-2025.IntPrj\Network Model.IntPrjfolder\Network Data.IntPrjfolder\SUR 138 kV.ElmNet\Planta_PE Matafongo 2.ElmComp\Current Limitation.ElmDsl,Current Limitation,ipmaxuWT:IntMat,3,0,0.925
\VM-PF.IntUser\PDD 30-09-2025.IntPrj\Network Model.IntPrjfolder\Network Data.IntPrjfolder\SUR 138 kV.ElmNet\Planta_PE Matafongo 2.ElmComp\Current Limitation.ElmDsl,Current Limitation,ipmaxuWT:IntMat,3,1,1.10803846549
\VM-PF.IntUser\PDD 30-09-2025.IntPrj\Network Model.IntPrjfolder\Network Data.IntPrjfolder\SUR 138 kV.ElmNet\Planta_PE Matafongo 2.ElmComp\Current Limitation.ElmDsl,Current Limitation,ipmaxuWT:IntMat,4,0,1.075
\VM-PF.IntUser\PDD 30-09-2025.IntPrj\Network Model.IntPrjfolder\Network Data.IntPrjfolder\SUR 138 kV.ElmNet\Planta_PE Matafongo 2.ElmComp\Current Limitation.ElmDsl,Current Limitation,ipmaxuWT:IntMat,4,1,1.10803846549
\VM-PF.IntUser\PDD 30-09-2025.IntPrj\Network Model.IntPrjfolder\Network Data.IntPrjfolder\SUR 138 kV.ElmNet\Planta_PE Matafongo 2.ElmComp\Current Limitation.ElmDsl,Current Limitation,ipmaxuWT:IntMat,5,0,1.1
\VM-PF.IntUser\PDD 30-09-2025.IntPrj\Network Model.IntPrjfolder\Network Data.IntPrjfolder\SUR 138 kV.ElmNet\Planta_PE Matafongo 2.ElmComp\Current Limitation.ElmDsl,Current Limitation,ipmaxuWT:IntMat,5,1,1.10803846549
\VM-PF.IntUser\PDD 30-09-2025.IntPrj\Network Model.IntPrjfolder\Network Data.IntPrjfolder\SUR 138 kV.ElmNet\Planta_PE Matafongo 2.ElmComp\Current Limitation.ElmDsl,Current Limitation,iqmaxuWT:IntMat,0,0,0.15
\VM-PF.IntUser\PDD 30-09-2025.IntPrj\Network Model.IntPrjfolder\Network Data.IntPrjfolder\SUR 138 kV.ElmNet\Planta_PE Matafongo 2.ElmComp\Current Limitation.ElmDsl,Current Limitation,iqmaxuWT:IntMat,0,1,1.1
\VM-PF.IntUser\PDD 30-09-2025.IntPrj\Network Model.IntPrjfolder\Network Data.IntPrjfolder\SUR 138 kV.ElmNet\Planta_PE Matafongo 2.ElmComp\Current Limitation.ElmDsl,Current Limitation,iqmaxuWT:IntMat,1,0,0.6
\VM-PF.IntUser\PDD 30-09-2025.IntPrj\Network Model.IntPrjfolder\Network Data.IntPrjfolder\SUR 138 kV.ElmNet\Planta_PE Matafongo 2.ElmComp\Current Limitation.ElmDsl,Current Limitation,iqmaxuWT:IntMat,1,1,0.75
\VM-PF.IntUser\PDD 30-09-2025.IntPrj\Network Model.IntPrjfolder\Network Data.IntPrjfolder\SUR 138 kV.ElmNet\Planta_PE Matafongo 2.ElmComp\Current Limitation.ElmDsl,Current Limitation,iqmaxuWT:IntMat,2,0,0.9
\VM-PF.IntUser\PDD 30-09-2025.IntPrj\Network Model.IntPrjfolder\Network Data.IntPrjfolder\SUR 138 kV.ElmNet\Planta_PE Matafongo 2.ElmComp\Current Limitation.ElmDsl,Current Limitation,iqmaxuWT:IntMat,2,1,0.3287
\VM-PF.IntUser\PDD 30-09-2025.IntPrj\Network Model.IntPrjfolder\Network Data.IntPrjfolder\SUR 138 kV.ElmNet\Planta_PE Matafongo 2.ElmComp\Current Limitation.ElmDsl,Current Limitation,iqmaxuWT:IntMat,3,0,0.925
\VM-PF.IntUser\PDD 30-09-2025.IntPrj\Network Model.IntPrjfolder\Network Data.IntPrjfolder\SUR 138 kV.ElmNet\Planta_PE Matafongo 2.ElmComp\Current Limitation.ElmDsl,Current Limitation,iqmaxuWT:IntMat,3,1,0.3287
\VM-PF.IntUser\PDD 30-09-2025.IntPrj\Network Model.IntPrjfolder\Network Data.IntPrjfolder\SUR 138 kV.ElmNet\Planta_PE Matafongo 2.ElmComp\Current Limitation.ElmDsl,Current Limitation,iqmaxuWT:IntMat,4,0,1.075
\VM-PF.IntUser\PDD 30-09-2025.IntPrj\Network Model.IntPrjfolder\Network Data.IntPrjfolder\SUR 138 kV.ElmNet\Planta_PE Matafongo 2.ElmComp\Current Limitation.ElmDsl,Current Limitation,iqmaxuWT:IntMat,4,1,0.3287
\VM-PF.IntUser\PDD 30-09-2025.IntPrj\Network Model.IntPrjfolder\Network Data.IntPrjfolder\SUR 138 kV.ElmNet\Planta_PE Matafongo 2.ElmComp\Current Limitation.ElmDsl,Current Limitation,iqmaxuWT:IntMat,5,0,1.1
\VM-PF.IntUser\PDD 30-09-2025.IntPrj\Network Model.IntPrjfolder\Network Data.IntPrjfolder\SUR 138 kV.ElmNet\Planta_PE Matafongo 2.ElmComp\Current Limitation.ElmDsl,Current Limitation,iqmaxuWT:IntMat,5,1,0.3287
\VM-PF.IntUser\PDD 30-09-2025.IntPrj\Network Model.IntPrjfolder\Network Data.IntPrjfolder\SUR 138 kV.ElmNet\Planta_PE Matafongo 2.ElmComp\QP and QU Limitation.ElmDsl,Q Limitation - QP and QU,qmaxpp:IntMat,0,0,0.0
\VM-PF.IntUser\PDD 30-09-2025.IntPrj\Network Model.IntPrjfolder\Network Data.IntPrjfolder\SUR 138 kV.ElmNet\Planta_PE Matafongo 2.ElmComp\QP and QU Limitation.ElmDsl,Q Limitation - QP and QU,qmaxpp:IntMat,0,1,0.0
\VM-PF.IntUser\PDD 30-09-2025.IntPrj\Network Model.IntPrjfolder\Network Data.IntPrjfolder\SUR 138 kV.ElmNet\Planta_PE Matafongo 2.ElmComp\QP and QU Limitation.ElmDsl,Q Limitation - QP and QU,qmaxpp:IntMat,1,0,0.05
\VM-PF.IntUser\PDD 30-09-2025.IntPrj\Network Model.IntPrjfolder\Network Data.IntPrjfolder\SUR 138 kV.ElmNet\Planta_PE Matafongo 2.ElmComp\QP and QU Limitation.ElmDsl,Q Limitation - QP and QU,qmaxpp:IntMat,1,1,0.2308
\VM-PF.IntUser\PDD 30-09-2025.IntPrj\Network Model.IntPrjfolder\Network Data.IntPrjfolder\SUR 138 kV.ElmNet\Planta_PE Matafongo 2.ElmComp\QP and QU Limitation.ElmDsl,Q Limitation - QP and QU,qmaxpp:IntMat,2,0,0.5
\VM-PF.IntUser\PDD 30-09-2025.IntPrj\Network Model.IntPrjfolder\Network Data.IntPrjfolder\SUR 138 kV.ElmNet\Planta_PE Matafongo 2.ElmComp\QP and QU Limitation.ElmDsl,Q Limitation - QP and QU,qmaxpp:IntMat,2,1,0.4658
\VM-PF.IntUser\PDD 30-09-2025.IntPrj\Network Model.IntPrjfolder\Network Data.IntPrjfolder\SUR 138 kV.ElmNet\Planta_PE Matafongo 2.ElmComp\QP and QU Limitation.ElmDsl,Q Limitation - QP and QU,qmaxpp:IntMat,3,0,1.0
\VM-PF.IntUser\PDD 30-09-2025.IntPrj\Network Model.IntPrjfolder\Network Data.IntPrjfolder\SUR 138 kV.ElmNet\Planta_PE Matafongo 2.ElmComp\QP and QU Limitation.ElmDsl,Q Limitation - QP and QU,qmaxpp:IntMat,3,1,0.3287
\VM-PF.IntUser\PDD 30-09-2025.IntPrj\Network Model.IntPrjfolder\Network Data.IntPrjfolder\SUR 138 kV.ElmNet\Planta_PE Matafongo 2.ElmComp\QP and QU Limitation.ElmDsl,Q Limitation - QP and QU,qmaxuu:IntMat,0,0,0.9
\VM-PF.IntUser\PDD 30-09-2025.IntPrj\Network Model.IntPrjfolder\Network Data.IntPrjfolder\SUR 138 kV.ElmNet\Planta_PE Matafongo 2.ElmComp\QP and QU Limitation.ElmDsl,Q Limitation - QP and QU,qmaxuu:IntMat,0,1,0.1771
\VM-PF.IntUser\PDD 30-09-2025.IntPrj\Network Model.IntPrjfolder\Network Data.IntPrjfolder\SUR 138 kV.ElmNet\Planta_PE Matafongo 2.ElmComp\QP and QU Limitation.ElmDsl,Q Limitation - QP and QU,qmaxuu:IntMat,1,0,0.95
\VM-PF.IntUser\PDD 30-09-2025.IntPrj\Network Model.IntPrjfolder\Network Data.IntPrjfolder\SUR 138 kV.ElmNet\Planta_PE Matafongo 2.ElmComp\QP and QU Limitation.ElmDsl,Q Limitation - QP and QU,qmaxuu:IntMat,1,1,0.3287
\VM-PF.IntUser\PDD 30-09-2025.IntPrj\Network Model.IntPrjfolder\Network Data.IntPrjfolder\SUR 138 kV.ElmNet\Planta_PE Matafongo 2.ElmComp\QP and QU Limitation.ElmDsl,Q Limitation - QP and QU,qmaxuu:IntMat,2,0,1.0
\VM-PF.IntUser\PDD 30-09-2025.IntPrj\Network Model.IntPrjfolder\Network Data.IntPrjfolder\SUR 138 kV.ElmNet\Planta_PE Matafongo 2.ElmComp\QP and QU Limitation.ElmDsl,Q Limitation - QP and QU,qmaxuu:IntMat,2,1,0.3287
\VM-PF.IntUser\PDD 30-09-2025.IntPrj\Network Model.IntPrjfolder\Network Data.IntPrjfolder\SUR 138 kV.ElmNet\Planta_PE Matafongo 2.ElmComp\QP and QU Limitation.ElmDsl,Q Limitation - QP and QU,qmaxuu:IntMat,3,0,1.05
\VM-PF.IntUser\PDD 30-09-2025.IntPrj\Network Model.IntPrjfolder\Network Data.IntPrjfolder\SUR 138 kV.ElmNet\Planta_PE Matafongo 2.ElmComp\QP and QU Limitation.ElmDsl,Q Limitation - QP and QU,qmaxuu:IntMat,3,1,0.3287
\VM-PF.IntUser\PDD 30-09-2025.IntPrj\Network Model.IntPrjfolder\Network Data.IntPrjfolder\SUR 138 kV.ElmNet\Planta_PE Matafongo 2.ElmComp\QP and QU Limitation.ElmDsl,Q Limitation - QP and QU,qmaxuu:IntMat,4,0,1.12
\VM-PF.IntUser\PDD 30-09-2025.IntPrj\Network Model.IntPrjfolder\Network Data.IntPrjfolder\SUR 138 kV.ElmNet\Planta_PE Matafongo 2.ElmComp\QP and QU Limitation.ElmDsl,Q Limitation - QP and QU,qmaxuu:IntMat,4,1,0.3287
\VM-PF.IntUser\PDD 30-09-2025.IntPrj\Network Model.IntPrjfolder\Network Data.IntPrjfolder\SUR 138 kV.ElmNet\Planta_PE Matafongo 2.ElmComp\QP and QU Limitation.ElmDsl,Q Limitation - QP and QU,qmaxuu:IntMat,5,0,1.13
\VM-PF.IntUser\PDD 30-09-2025.IntPrj\Network Model.IntPrjfolder\Network Data.IntPrjfolder\SUR 138 kV.ElmNet\Planta_PE Matafongo 2.ElmComp\QP and QU Limitation.ElmDsl,Q Limitation - QP and QU,qmaxuu:IntMat,5,1,0.0
\VM-PF.IntUser\PDD 30-09-2025.IntPrj\Network Model.IntPrjfolder\Network Data.IntPrjfolder\SUR 138 kV.ElmNet\Planta_PE Matafongo 2.ElmComp\QP and QU Limitation.ElmDsl,Q Limitation - QP and QU,qmaxuu:IntMat,6,0,1.14
\VM-PF.IntUser\PDD 30-09-2025.IntPrj\Network Model.IntPrjfolder\Network Data.IntPrjfolder\SUR 138 kV.ElmNet\Planta_PE Matafongo 2.ElmComp\QP and QU Limitation.ElmDsl,Q Limitation - QP and QU,qmaxuu:IntMat,6,1,0.0
\VM-PF.IntUser\PDD 30-09-2025.IntPrj\Network Model.IntPrjfolder\Network Data.IntPrjfolder\SUR 138 kV.ElmNet\Planta_PE Matafongo 2.ElmComp\QP and QU Limitation.ElmDsl,Q Limitation - QP and QU,qminpp:IntMat,0,0,0.0
\VM-PF.IntUser\PDD 30-09-2025.IntPrj\Network Model.IntPrjfolder\Network Data.IntPrjfolder\SUR 138 kV.ElmNet\Planta_PE Matafongo 2.ElmComp\QP and QU Limitation.ElmDsl,Q Limitation - QP and QU,qminpp:IntMat,0,1,0.0
\VM-PF.IntUser\PDD 30-09-2025.IntPrj\Network Model.IntPrjfolder\Network Data.IntPrjfolder\SUR 138 kV.ElmNet\Planta_PE Matafongo 2.ElmComp\QP and QU Limitation.ElmDsl,Q Limitation - QP and QU,qminpp:IntMat,1,0,0.05
\VM-PF.IntUser\PDD 30-09-2025.IntPrj\Network Model.IntPrjfolder\Network Data.IntPrjfolder\SUR 138 kV.ElmNet\Planta_PE Matafongo 2.ElmComp\QP and QU Limitation.ElmDsl,Q Limitation - QP and QU,qminpp:IntMat,1,1,-0.2304
\VM-PF.IntUser\PDD 30-09-2025.IntPrj\Network Model.IntPrjfolder\Network Data.IntPrjfolder\SUR 138 kV.ElmNet\Planta_PE Matafongo 2.ElmComp\QP and QU Limitation.ElmDsl,Q Limitation - QP and QU,qminpp:IntMat,2,0,0.5
\VM-PF.IntUser\PDD 30-09-2025.IntPrj\Network Model.IntPrjfolder\Network Data.IntPrjfolder\SUR 138 kV.ElmNet\Planta_PE Matafongo 2.ElmComp\QP and QU Limitation.ElmDsl,Q Limitation - QP and QU,qminpp:IntMat,2,1,-0.4658
\VM-PF.IntUser\PDD 30-09-2025.IntPrj\Network Model.IntPrjfolder\Network Data.IntPrjfolder\SUR 138 kV.ElmNet\Planta_PE Matafongo 2.ElmComp\QP and QU Limitation.ElmDsl,Q Limitation - QP and QU,qminpp:IntMat,3,0,1.0
\VM-PF.IntUser\PDD 30-09-2025.IntPrj\Network Model.IntPrjfolder\Network Data.IntPrjfolder\SUR 138 kV.ElmNet\Planta_PE Matafongo 2.ElmComp\QP and QU Limitation.ElmDsl,Q Limitation - QP and QU,qminpp:IntMat,3,1,-0.3287
\VM-PF.IntUser\PDD 30-09-2025.IntPrj\Network Model.IntPrjfolder\Network Data.IntPrjfolder\SUR 138 kV.ElmNet\Planta_PE Matafongo 2.ElmComp\QP and QU Limitation.ElmDsl,Q Limitation - QP and QU,qminuu:IntMat,0,0,0.9
\VM-PF.IntUser\PDD 30-09-2025.IntPrj\Network Model.IntPrjfolder\Network Data.IntPrjfolder\SUR 138 kV.ElmNet\Planta_PE Matafongo 2.ElmComp\QP and QU Limitation.ElmDsl,Q Limitation - QP and QU,qminuu:IntMat,0,1,-0.1771
\VM-PF.IntUser\PDD 30-09-2025.IntPrj\Network Model.IntPrjfolder\Network Data.IntPrjfolder\SUR 138 kV.ElmNet\Planta_PE Matafongo 2.ElmComp\QP and QU Limitation.ElmDsl,Q Limitation - QP and QU,qminuu:IntMat,1,0,0.95
\VM-PF.IntUser\PDD 30-09-2025.IntPrj\Network Model.IntPrjfolder\Network Data.IntPrjfolder\SUR 138 kV.ElmNet\Planta_PE Matafongo 2.ElmComp\QP and QU Limitation.ElmDsl,Q Limitation - QP and QU,qminuu:IntMat,1,1,-0.3287
\VM-PF.IntUser\PDD 30-09-2025.IntPrj\Network Model.IntPrjfolder\Network Data.IntPrjfolder\SUR 138 kV.ElmNet\Planta_PE Matafongo 2.ElmComp\QP and QU Limitation.ElmDsl,Q Limitation - QP and QU,qminuu:IntMat,2,0,1.0
\VM-PF.IntUser\PDD 30-09-2025.IntPrj\Network Model.IntPrjfolder\Network Data.IntPrjfolder\SUR 138 kV.ElmNet\Planta_PE Matafongo 2.ElmComp\QP and QU Limitation.ElmDsl,Q Limitation - QP and QU,qminuu:IntMat,2,1,-0.3287
\VM-PF.IntUser\PDD 30-09-2025.IntPrj\Network Model.IntPrjfolder\Network Data.IntPrjfolder\SUR 138 kV.ElmNet\Planta_PE Matafongo 2.ElmComp\QP and QU Limitation.ElmDsl,Q Limitation - QP and QU,qminuu:IntMat,3,0,1.05
\VM-PF.IntUser\PDD 30-09-2025.IntPrj\Network Model.IntPrjfolder\Network Data.IntPrjfolder\SUR 138 kV.ElmNet\Planta_PE Matafongo 2.ElmComp\QP and QU Limitation.ElmDsl,Q Limitation - QP and QU,qminuu:IntMat,3,1,-0.3287
\VM-PF.IntUser\PDD 30-09-2025.IntPrj\Network Model.IntPrjfolder\Network Data.IntPrjfolder\SUR 138 kV.ElmNet\Planta_PE Matafongo 2.ElmComp\QP and QU Limitation.ElmDsl,Q Limitation - QP and QU,qminuu:IntMat,4,0,1.12
\VM-PF.IntUser\PDD 30-09-2025.IntPrj\Network Model.IntPrjfolder\Network Data.IntPrjfolder\SUR 138 kV.ElmNet\Planta_PE Matafongo 2.ElmComp\QP and QU Limitation.ElmDsl,Q Limitation - QP and QU,qminuu:IntMat,4,1,-0.3287
\VM-PF.IntUser\PDD 30-09-2025.IntPrj\Network Model.IntPrjfolder\Network Data.IntPrjfolder\SUR 138 kV.ElmNet\Planta_PE Matafongo 2.ElmComp\QP and QU Limitation.ElmDsl,Q Limitation - QP and QU,qminuu:IntMat,5,0,1.13
\VM-PF.IntUser\PDD 30-09-2025.IntPrj\Network Model.IntPrjfolder\Network Data.IntPrjfolder\SUR 138 kV.ElmNet\Planta_PE Matafongo 2.ElmComp\QP and QU Limitation.ElmDsl,Q Limitation - QP and QU,qminuu:IntMat,5,1,-0.0
\VM-PF.IntUser\PDD 30-09-2025.IntPrj\Network Model.IntPrjfolder\Network Data.IntPrjfolder\SUR 138 kV.ElmNet\Planta_PE Matafongo 2.ElmComp\QP and QU Limitation.ElmDsl,Q Limitation - QP and QU,qminuu:IntMat,6,0,1.14
\VM-PF.IntUser\PDD 30-09-2025.IntPrj\Network Model.IntPrjfolder\Network Data.IntPrjfolder\SUR 138 kV.ElmNet\Planta_PE Matafongo 2.ElmComp\QP and QU Limitation.ElmDsl,Q Limitation - QP and QU,qminuu:IntMat,6,1,-0.0
\VM-PF.IntUser\PDD 30-09-2025.IntPrj\Network Model.IntPrjfolder\Network Data.IntPrjfolder\SUR 138 kV.ElmNet\Planta_PE Matafongo 2.ElmComp\Grid Protection.ElmDsl,Protection,TfoverfWT:IntMat,0,0,1.06
\VM-PF.IntUser\PDD 30-09-2025.IntPrj\Network Model.IntPrjfolder\Network Data.IntPrjfolder\SUR 138 kV.ElmNet\Planta_PE Matafongo 2.ElmComp\Grid Protection.ElmDsl,Protection,TfoverfWT:IntMat,0,1,3600.0
\VM-PF.IntUser\PDD 30-09-2025.IntPrj\Network Model.IntPrjfolder\Network Data.IntPrjfolder\SUR 138 kV.ElmNet\Planta_PE Matafongo 2.ElmComp\Grid Protection.ElmDsl,Protection,TfoverfWT:IntMat,1,0,1.06
\VM-PF.IntUser\PDD 30-09-2025.IntPrj\Network Model.IntPrjfolder\Network Data.IntPrjfolder\SUR 138 kV.ElmNet\Planta_PE Matafongo 2.ElmComp\Grid Protection.ElmDsl,Protection,TfoverfWT:IntMat,1,1,3600.0
\VM-PF.IntUser\PDD 30-09-2025.IntPrj\Network Model.IntPrjfolder\Network Data.IntPrjfolder\SUR 138 kV.ElmNet\Planta_PE Matafongo 2.ElmComp\Grid Protection.ElmDsl,Protection,TfoverfWT:IntMat,2,0,1.06
\VM-PF.IntUser\PDD 30-09-2025.IntPrj\Network Model.IntPrjfolder\Network Data.IntPrjfolder\SUR 138 kV.ElmNet\Planta_PE Matafongo 2.ElmComp\Grid Protection.ElmDsl,Protection,TfoverfWT:IntMat,2,1,3600.0
\VM-PF.IntUser\PDD 30-09-2025.IntPrj\Network Model.IntPrjfolder\Network Data.IntPrjfolder\SUR 138 kV.ElmNet\Planta_PE Matafongo 2.ElmComp\Grid Protection.ElmDsl,Protection,TfoverfWT:IntMat,3,0,1.2
\VM-PF.IntUser\PDD 30-09-2025.IntPrj\Network Model.IntPrjfolder\Network Data.IntPrjfolder\SUR 138 kV.ElmNet\Planta_PE Matafongo 2.ElmComp\Grid Protection.ElmDsl,Protection,TfoverfWT:IntMat,3,1,0.1
\VM-PF.IntUser\PDD 30-09-2025.IntPrj\Network Model.IntPrjfolder\Network Data.IntPrjfolder\SUR 138 kV.ElmNet\Planta_PE Matafongo 2.ElmComp\Grid Protection.ElmDsl,Protection,TfunderfWT:IntMat,0,0,0.8
\VM-PF.IntUser\PDD 30-09-2025.IntPrj\Network Model.IntPrjfolder\Network Data.IntPrjfolder\SUR 138 kV.ElmNet\Planta_PE Matafongo 2.ElmComp\Grid Protection.ElmDsl,Protection,TfunderfWT:IntMat,0,1,0.1
\VM-PF.IntUser\PDD 30-09-2025.IntPrj\Network Model.IntPrjfolder\Network Data.IntPrjfolder\SUR 138 kV.ElmNet\Planta_PE Matafongo 2.ElmComp\Grid Protection.ElmDsl,Protection,TfunderfWT:IntMat,1,0,0.92
\VM-PF.IntUser\PDD 30-09-2025.IntPrj\Network Model.IntPrjfolder\Network Data.IntPrjfolder\SUR 138 kV.ElmNet\Planta_PE Matafongo 2.ElmComp\Grid Protection.ElmDsl,Protection,TfunderfWT:IntMat,1,1,10.0
\VM-PF.IntUser\PDD 30-09-2025.IntPrj\Network Model.IntPrjfolder\Network Data.IntPrjfolder\SUR 138 kV.ElmNet\Planta_PE Matafongo 2.ElmComp\Grid Protection.ElmDsl,Protection,TfunderfWT:IntMat,2,0,0.94
\VM-PF.IntUser\PDD 30-09-2025.IntPrj\Network Model.IntPrjfolder\Network Data.IntPrjfolder\SUR 138 kV.ElmNet\Planta_PE Matafongo 2.ElmComp\Grid Protection.ElmDsl,Protection,TfunderfWT:IntMat,2,1,3600.0
\VM-PF.IntUser\PDD 30-09-2025.IntPrj\Network Model.IntPrjfolder\Network Data.IntPrjfolder\SUR 138 kV.ElmNet\Planta_PE Matafongo 2.ElmComp\Grid Protection.ElmDsl,Protection,TfunderfWT:IntMat,3,0,0.94
\VM-PF.IntUser\PDD 30-09-2025.IntPrj\Network Model.IntPrjfolder\Network Data.IntPrjfolder\SUR 138 kV.ElmNet\Planta_PE Matafongo 2.ElmComp\Grid Protection.ElmDsl,Protection,TfunderfWT:IntMat,3,1,3600.0
\VM-PF.IntUser\PDD 30-09-2025.IntPrj\Network Model.IntPrjfolder\Network Data.IntPrjfolder\SUR 138 kV.ElmNet\Planta_PE Matafongo 2.ElmComp\Grid Protection.ElmDsl,Protection,TuoveruWT:IntMat,0,0,1.13
\VM-PF.IntUser\PDD 30-09-2025.IntPrj\Network Model.IntPrjfolder\Network Data.IntPrjfolder\SUR 138 kV.ElmNet\Planta_PE Matafongo 2.ElmComp\Grid Protection.ElmDsl,Protection,TuoveruWT:IntMat,0,1,60.001
\VM-PF.IntUser\PDD 30-09-2025.IntPrj\Network Model.IntPrjfolder\Network Data.IntPrjfolder\SUR 138 kV.ElmNet\Planta_PE Matafongo 2.ElmComp\Grid Protection.ElmDsl,Protection,TuoveruWT:IntMat,1,0,1.13
\VM-PF.IntUser\PDD 30-09-2025.IntPrj\Network Model.IntPrjfolder\Network Data.IntPrjfolder\SUR 138 kV.ElmNet\Planta_PE Matafongo 2.ElmComp\Grid Protection.ElmDsl,Protection,TuoveruWT:IntMat,1,1,60.0
\VM-PF.IntUser\PDD 30-09-2025.IntPrj\Network Model.IntPrjfolder\Network Data.IntPrjfolder\SUR 138 kV.ElmNet\Planta_PE Matafongo 2.ElmComp\Grid Protection.ElmDsl,Protection,TuoveruWT:IntMat,2,0,1.25
\VM-PF.IntUser\PDD 30-09-2025.IntPrj\Network Model.IntPrjfolder\Network Data.IntPrjfolder\SUR 138 kV.ElmNet\Planta_PE Matafongo 2.ElmComp\Grid Protection.ElmDsl,Protection,TuoveruWT:IntMat,2,1,60.0
\VM-PF.IntUser\PDD 30-09-2025.IntPrj\Network Model.IntPrjfolder\Network Data.IntPrjfolder\SUR 138 kV.ElmNet\Planta_PE Matafongo 2.ElmComp\Grid Protection.ElmDsl,Protection,TuoveruWT:IntMat,3,0,1.25
\VM-PF.IntUser\PDD 30-09-2025.IntPrj\Network Model.IntPrjfolder\Network Data.IntPrjfolder\SUR 138 kV.ElmNet\Planta_PE Matafongo 2.ElmComp\Grid Protection.ElmDsl,Protection,TuoveruWT:IntMat,3,1,1.0
\VM-PF.IntUser\PDD 30-09-2025.IntPrj\Network Model.IntPrjfolder\Network Data.IntPrjfolder\SUR 138 kV.ElmNet\Planta_PE Matafongo 2.ElmComp\Grid Protection.ElmDsl,Protection,TuoveruWT:IntMat,4,0,1.3
\VM-PF.IntUser\PDD 30-09-2025.IntPrj\Network Model.IntPrjfolder\Network Data.IntPrjfolder\SUR 138 kV.ElmNet\Planta_PE Matafongo 2.ElmComp\Grid Protection.ElmDsl,Protection,TuoveruWT:IntMat,4,1,1.0
\VM-PF.IntUser\PDD 30-09-2025.IntPrj\Network Model.IntPrjfolder\Network Data.IntPrjfolder\SUR 138 kV.ElmNet\Planta_PE Matafongo 2.ElmComp\Grid Protection.ElmDsl,Protection,TuoveruWT:IntMat,5,0,1.3
\VM-PF.IntUser\PDD 30-09-2025.IntPrj\Network Model.IntPrjfolder\Network Data.IntPrjfolder\SUR 138 kV.ElmNet\Planta_PE Matafongo 2.ElmComp\Grid Protection.ElmDsl,Protection,TuoveruWT:IntMat,5,1,1.0
\VM-PF.IntUser\PDD 30-09-2025.IntPrj\Network Model.IntPrjfolder\Network Data.IntPrjfolder\SUR 138 kV.ElmNet\Planta_PE Matafongo 2.ElmComp\Grid Protection.ElmDsl,Protection,TuoveruWT:IntMat,6,0,1.3
\VM-PF.IntUser\PDD 30-09-2025.IntPrj\Network Model.IntPrjfolder\Network Data.IntPrjfolder\SUR 138 kV.ElmNet\Planta_PE Matafongo 2.ElmComp\Grid Protection.ElmDsl,Protection,TuoveruWT:IntMat,6,1,1.0
\VM-PF.IntUser\PDD 30-09-2025.IntPrj\Network Model.IntPrjfolder\Network Data.IntPrjfolder\SUR 138 kV.ElmNet\Planta_PE Matafongo 2.ElmComp\Grid Protection.ElmDsl,Protection,TuoveruWT:IntMat,7,0,1.3
\VM-PF.IntUser\PDD 30-09-2025.IntPrj\Network Model.IntPrjfolder\Network Data.IntPrjfolder\SUR 138 kV.ElmNet\Planta_PE Matafongo 2.ElmComp\Grid Protection.ElmDsl,Protection,TuoveruWT:IntMat,7,1,0.0
\VM-PF.IntUser\PDD 30-09-2025.IntPrj\Network Model.IntPrjfolder\Network Data.IntPrjfolder\SUR 138 kV.ElmNet\Planta_PE Matafongo 2.ElmComp\Grid Protection.ElmDsl,Protection,TuunderuWT:IntMat,0,0,0.0
\VM-PF.IntUser\PDD 30-09-2025.IntPrj\Network Model.IntPrjfolder\Network Data.IntPrjfolder\SUR 138 kV.ElmNet\Planta_PE Matafongo 2.ElmComp\Grid Protection.ElmDsl,Protection,TuunderuWT:IntMat,0,1,0.5
\VM-PF.IntUser\PDD 30-09-2025.IntPrj\Network Model.IntPrjfolder\Network Data.IntPrjfolder\SUR 138 kV.ElmNet\Planta_PE Matafongo 2.ElmComp\Grid Protection.ElmDsl,Protection,TuunderuWT:IntMat,1,0,0.2
\VM-PF.IntUser\PDD 30-09-2025.IntPrj\Network Model.IntPrjfolder\Network Data.IntPrjfolder\SUR 138 kV.ElmNet\Planta_PE Matafongo 2.ElmComp\Grid Protection.ElmDsl,Protection,TuunderuWT:IntMat,1,1,1.1
\VM-PF.IntUser\PDD 30-09-2025.IntPrj\Network Model.IntPrjfolder\Network Data.IntPrjfolder\SUR 138 kV.ElmNet\Planta_PE Matafongo 2.ElmComp\Grid Protection.ElmDsl,Protection,TuunderuWT:IntMat,2,0,0.5
\VM-PF.IntUser\PDD 30-09-2025.IntPrj\Network Model.IntPrjfolder\Network Data.IntPrjfolder\SUR 138 kV.ElmNet\Planta_PE Matafongo 2.ElmComp\Grid Protection.ElmDsl,Protection,TuunderuWT:IntMat,2,1,2.1
\VM-PF.IntUser\PDD 30-09-2025.IntPrj\Network Model.IntPrjfolder\Network Data.IntPrjfolder\SUR 138 kV.ElmNet\Planta_PE Matafongo 2.ElmComp\Grid Protection.ElmDsl,Protection,TuunderuWT:IntMat,3,0,0.8
\VM-PF.IntUser\PDD 30-09-2025.IntPrj\Network Model.IntPrjfolder\Network Data.IntPrjfolder\SUR 138 kV.ElmNet\Planta_PE Matafongo 2.ElmComp\Grid Protection.ElmDsl,Protection,TuunderuWT:IntMat,3,1,5.0
\VM-PF.IntUser\PDD 30-09-2025.IntPrj\Network Model.IntPrjfolder\Network Data.IntPrjfolder\SUR 138 kV.ElmNet\Planta_PE Matafongo 2.ElmComp\Grid Protection.ElmDsl,Protection,TuunderuWT:IntMat,4,0,0.85
\VM-PF.IntUser\PDD 30-09-2025.IntPrj\Network Model.IntPrjfolder\Network Data.IntPrjfolder\SUR 138 kV.ElmNet\Planta_PE Matafongo 2.ElmComp\Grid Protection.ElmDsl,Protection,TuunderuWT:IntMat,4,1,180.0
\VM-PF.IntUser\PDD 30-09-2025.IntPrj\Network Model.IntPrjfolder\Network Data.IntPrjfolder\SUR 138 kV.ElmNet\Planta_PE Matafongo 2.ElmComp\Grid Protection.ElmDsl,Protection,TuunderuWT:IntMat,5,0,0.9
\VM-PF.IntUser\PDD 30-09-2025.IntPrj\Network Model.IntPrjfolder\Network Data.IntPrjfolder\SUR 138 kV.ElmNet\Planta_PE Matafongo 2.ElmComp\Grid Protection.ElmDsl,Protection,TuunderuWT:IntMat,5,1,180.0
\VM-PF.IntUser\PDD 30-09-2025.IntPrj\Network Model.IntPrjfolder\Network Data.IntPrjfolder\SUR 138 kV.ElmNet\Planta_PE Matafongo 2.ElmComp\Grid Protection.ElmDsl,Protection,TuunderuWT:IntMat,6,0,0.9
\VM-PF.IntUser\PDD 30-09-2025.IntPrj\Network Model.IntPrjfolder\Network Data.IntPrjfolder\SUR 138 kV.ElmNet\Planta_PE Matafongo 2.ElmComp\Grid Protection.ElmDsl,Protection,TuunderuWT:IntMat,6,1,180.001
