relay_for_name,relay_root,relay_ruta,subrelay,etapa,f_arranque_hz,dfdt_hz_s,retardo_s,etapa_outserv,subrelay_outserv,relay_outserv,activa_efectiva,terminal,terminal_for_name,terminal_kV,cubiculo,interruptor,objeto_disparado,objeto_clase,objeto_for_name,es_malla,n_cargas_aguas_abajo,MW_deslastrados,Mvar_deslastrados,n_gens_aguas_abajo,MW_gen_desconectados
,MONTE PLATA,\VM-PF.IntUser\PDD 30-09-2025.IntPrj\Network Model.IntPrjfolder\Network Data.IntPrjfolder\ESTE 69 kV.ElmNet\ZMPLAF.ElmSubstat\WMPLAF(6).ElmTerm\WBMPLAE(1).StaCubic\MONTE PLATA.ElmRelay,,EDE 1 F<,59.29999923706055,0.0,0.10000000149011612,1,,0,0,WMPLAF(6),,69.0,WBMPLAE(1),,Demanda 1 Monte Plata,ElmLod,ZMPLAF-D1,0,1,14.48,5.37,0,0
,MONTE PLATA,\VM-PF.IntUser\PDD 30-09-2025.IntPrj\Network Model.IntPrjfolder\Network Data.IntPrjfolder\ESTE 69 kV.ElmNet\ZMPLAF.ElmSubstat\WMPLAF(6).ElmTerm\WBMPLAE(1).StaCubic\MONTE PLATA.ElmRelay,,EDE 2 F<,59.20000076293945,0.0,0.10000000149011612,0,,0,1,WMPLAF(6),,69.0,WBMPLAE(1),,Demanda 1 Monte Plata,ElmLod,ZMPLAF-D1,0,1,14.48,5.37,0,0
,MONTE PLATA,\VM-PF.IntUser\PDD 30-09-2025.IntPrj\Network Model.IntPrjfolder\Network Data.IntPrjfolder\ESTE 69 kV.ElmNet\ZMPLAF.ElmSubstat\WMPLAF(6).ElmTerm\WBMPLAE(1).StaCubic\MONTE PLATA.ElmRelay,,EDE 3 F<,59.099998474121094,0.0,0.10000000149011612,1,,0,0,WMPLAF(6),,69.0,WBMPLAE(1),,Demanda 1 Monte Plata,ElmLod,ZMPLAF-D1,0,1,14.48,5.37,0,0
,MONTE PLATA,\VM-PF.IntUser\PDD 30-09-2025.IntPrj\Network Model.IntPrjfolder\Network Data.IntPrjfolder\ESTE 69 kV.ElmNet\ZMPLAF.ElmSubstat\WMPLAF(6).ElmTerm\WBMPLAE(1).StaCubic\MONTE PLATA.ElmRelay,,EDE 4 F<,59.0,0.0,0.10000000149011612,1,,0,0,WMPLAF(6),,69.0,WBMPLAE(1),,Demanda 1 Monte Plata,ElmLod,ZMPLAF-D1,0,1,14.48,5.37,0,0
,MONTE PLATA,\VM-PF.IntUser\PDD 30-09-2025.IntPrj\Network Model.IntPrjfolder\Network Data.IntPrjfolder\ESTE 69 kV.ElmNet\ZMPLAF.ElmSubstat\WMPLAF(6).ElmTerm\WBMPLAE(1).StaCubic\MONTE PLATA.ElmRelay,,EDE 5 F<,58.900001525878906,0.0,0.10000000149011612,1,,0,0,WMPLAF(6),,69.0,WBMPLAE(1),,Demanda 1 Monte Plata,ElmLod,ZMPLAF-D1,0,1,14.48,5.37,0,0
,MONTE PLATA,\VM-PF.IntUser\PDD 30-09-2025.IntPrj\Network Model.IntPrjfolder\Network Data.IntPrjfolder\ESTE 69 kV.ElmNet\ZMPLAF.ElmSubstat\WMPLAF(6).ElmTerm\WBMPLAE(1).StaCubic\MONTE PLATA.ElmRelay,,EDE 6 F<,58.79999923706055,0.0,0.10000000149011612,1,,0,0,WMPLAF(6),,69.0,WBMPLAE(1),,Demanda 1 Monte Plata,ElmLod,ZMPLAF-D1,0,1,14.48,5.37,0,0
,DESPACHO,\VM-PF.IntUser\PDD 30-09-2025.IntPrj\Network Model.IntPrjfolder\Network Data.IntPrjfolder\CENTRAL 69 kV.ElmNet\ZDESPF.ElmSubstat\WDESPF(2).ElmTerm\WBDESPF(2).StaCubic\DESPACHO.ElmRelay,,EDE 1 F<,59.29999923706055,0.0,0.10000000149011612,1,,0,0,WDESPF(2),,69.0,WBDESPF(2),,Demanda 1 Despacho,ElmLod,ZDESPF-D1,0,1,4.14,1.35,0,0
,DESPACHO,\VM-PF.IntUser\PDD 30-09-2025.IntPrj\Network Model.IntPrjfolder\Network Data.IntPrjfolder\CENTRAL 69 kV.ElmNet\ZDESPF.ElmSubstat\WDESPF(2).ElmTerm\WBDESPF(2).StaCubic\DESPACHO.ElmRelay,,EDE 2 F<,59.20000076293945,0.0,0.10000000149011612,1,,0,0,WDESPF(2),,69.0,WBDESPF(2),,Demanda 1 Despacho,ElmLod,ZDESPF-D1,0,1,4.14,1.35,0,0
,DESPACHO,\VM-PF.IntUser\PDD 30-09-2025.IntPrj\Network Model.IntPrjfolder\Network Data.IntPrjfolder\CENTRAL 69 kV.ElmNet\ZDESPF.ElmSubstat\WDESPF(2).ElmTerm\WBDESPF(2).StaCubic\DESPACHO.ElmRelay,,EDE 3 F<,59.099998474121094,0.0,0.10000000149011612,1,,0,0,WDESPF(2),,69.0,WBDESPF(2),,Demanda 1 Despacho,ElmLod,ZDESPF-D1,0,1,4.14,1.35,0,0
,DESPACHO,\VM-PF.IntUser\PDD 30-09-2025.IntPrj\Network Model.IntPrjfolder\Network Data.IntPrjfolder\CENTRAL 69 kV.ElmNet\ZDESPF.ElmSubstat\WDESPF(2).ElmTerm\WBDESPF(2).StaCubic\DESPACHO.ElmRelay,,EDE 4 F<,59.0,0.0,0.10000000149011612,0,,0,1,WDESPF(2),,69.0,WBDESPF(2),,Demanda 1 Despacho,ElmLod,ZDESPF-D1,0,1,4.14,1.35,0,0
,DESPACHO,\VM-PF.IntUser\PDD 30-09-2025.IntPrj\Network Model.IntPrjfolder\Network Data.IntPrjfolder\CENTRAL 69 kV.ElmNet\ZDESPF.ElmSubstat\WDESPF(2).ElmTerm\WBDESPF(2).StaCubic\DESPACHO.ElmRelay,,EDE 5 F<,58.900001525878906,0.0,0.10000000149011612,0,,0,1,WDESPF(2),,69.0,WBDESPF(2),,Demanda 1 Despacho,ElmLod,ZDESPF-D1,0,1,4.14,1.35,0,0
,DESPACHO,\VM-PF.IntUser\PDD 30-09-2025.IntPrj\Network Model.IntPrjfolder\Network Data.IntPrjfolder\CENTRAL 69 kV.ElmNet\ZDESPF.ElmSubstat\WDESPF(2).ElmTerm\WBDESPF(2).StaCubic\DESPACHO.ElmRelay,,EDE 6 F<,58.79999923706055,0.0,0.10000000149011612,0,,0,1,WDESPF(2),,69.0,WBDESPF(2),,Demanda 1 Despacho,ElmLod,ZDESPF-D1,0,1,4.14,1.35,0,0
,DESPACHO dF/dt,\VM-PF.IntUser\PDD 30-09-2025.IntPrj\Network Model.IntPrjfolder\Network Data.IntPrjfolder\CENTRAL 69 kV.ElmNet\ZDESPF.ElmSubstat\WDESPF(2).ElmTerm\WBDESPF(2).StaCubic\DESPACHO dF/dt.ElmRelay,,EDE 0 F<,58.70000076293945,0.0,0.10000000149011612,1,,0,0,WDESPF(2),,69.0,WBDESPF(2),,Demanda 1 Despacho,ElmLod,ZDESPF-D1,0,1,4.14,1.35,0,0
,DESPACHO dF/dt,\VM-PF.IntUser\PDD 30-09-2025.IntPrj\Network Model.IntPrjfolder\Network Data.IntPrjfolder\CENTRAL 69 kV.ElmNet\ZDESPF.ElmSubstat\WDESPF(2).ElmTerm\WBDESPF(2).StaCubic\DESPACHO dF/dt.ElmRelay,,EDE 0 Start-dF/dt,59.29999923706055,0.0,0.10000000149011612,0,,0,1,WDESPF(2),,69.0,WBDESPF(2),,Demanda 1 Despacho,ElmLod,ZDESPF-D1,0,1,4.14,1.35,0,0
,DESPACHO dF/dt,\VM-PF.IntUser\PDD 30-09-2025.IntPrj\Network Model.IntPrjfolder\Network Data.IntPrjfolder\CENTRAL 69 kV.ElmNet\ZDESPF.ElmSubstat\WDESPF(2).ElmTerm\WBDESPF(2).StaCubic\DESPACHO dF/dt.ElmRelay,,EDE 0 dF/dt,59.099998474121094,-2.0,0.10000000149011612,0,,0,1,WDESPF(2),,69.0,WBDESPF(2),,Demanda 1 Despacho,ElmLod,ZDESPF-D1,0,1,4.14,1.35,0,0
,DESPACHO dF/dt,\VM-PF.IntUser\PDD 30-09-2025.IntPrj\Network Model.IntPrjfolder\Network Data.IntPrjfolder\CENTRAL 69 kV.ElmNet\ZDESPF.ElmSubstat\WDESPF(2).ElmTerm\WBDESPF(2).StaCubic\DESPACHO dF/dt.ElmRelay,,EDE 1 F<,58.70000076293945,0.0,0.10000000149011612,1,,0,0,WDESPF(2),,69.0,WBDESPF(2),,Demanda 1 Despacho,ElmLod,ZDESPF-D1,0,1,4.14,1.35,0,0
,DESPACHO dF/dt,\VM-PF.IntUser\PDD 30-09-2025.IntPrj\Network Model.IntPrjfolder\Network Data.IntPrjfolder\CENTRAL 69 kV.ElmNet\ZDESPF.ElmSubstat\WDESPF(2).ElmTerm\WBDESPF(2).StaCubic\DESPACHO dF/dt.ElmRelay,,EDE 1 Start-dF/dt,59.29999923706055,0.0,0.10000000149011612,1,,0,0,WDESPF(2),,69.0,WBDESPF(2),,Demanda 1 Despacho,ElmLod,ZDESPF-D1,0,1,4.14,1.35,0,0
,DESPACHO dF/dt,\VM-PF.IntUser\PDD 30-09-2025.IntPrj\Network Model.IntPrjfolder\Network Data.IntPrjfolder\CENTRAL 69 kV.ElmNet\ZDESPF.ElmSubstat\WDESPF(2).ElmTerm\WBDESPF(2).StaCubic\DESPACHO dF/dt.ElmRelay,,EDE 1 dF/dt,58.79999923706055,-2.0,0.10000000149011612,1,,0,0,WDESPF(2),,69.0,WBDESPF(2),,Demanda 1 Despacho,ElmLod,ZDESPF-D1,0,1,4.14,1.35,0,0
,DESPACHO dF/dt,\VM-PF.IntUser\PDD 30-09-2025.IntPrj\Network Model.IntPrjfolder\Network Data.IntPrjfolder\CENTRAL 69 kV.ElmNet\ZDESPF.ElmSubstat\WDESPF(2).ElmTerm\WBDESPF(2).StaCubic\DESPACHO dF/dt.ElmRelay,,EDE 2 F<,59.20000076293945,0.0,0.0,1,,0,0,WDESPF(2),,69.0,WBDESPF(2),,Demanda 1 Despacho,ElmLod,ZDESPF-D1,0,1,4.14,1.35,0,0
,DESPACHO dF/dt,\VM-PF.IntUser\PDD 30-09-2025.IntPrj\Network Model.IntPrjfolder\Network Data.IntPrjfolder\CENTRAL 69 kV.ElmNet\ZDESPF.ElmSubstat\WDESPF(2).ElmTerm\WBDESPF(2).StaCubic\DESPACHO dF/dt.ElmRelay,,EDE 2 Start-dF/dt,59.20000076293945,0.0,0.0,1,,0,0,WDESPF(2),,69.0,WBDESPF(2),,Demanda 1 Despacho,ElmLod,ZDESPF-D1,0,1,4.14,1.35,0,0
,DESPACHO dF/dt,\VM-PF.IntUser\PDD 30-09-2025.IntPrj\Network Model.IntPrjfolder\Network Data.IntPrjfolder\CENTRAL 69 kV.ElmNet\ZDESPF.ElmSubstat\WDESPF(2).ElmTerm\WBDESPF(2).StaCubic\DESPACHO dF/dt.ElmRelay,,EDE 2 dF/dt,0.0,-2.0,0.0,1,,0,0,WDESPF(2),,69.0,WBDESPF(2),,Demanda 1 Despacho,ElmLod,ZDESPF-D1,0,1,4.14,1.35,0,0
,DESPACHO dF/dt,\VM-PF.IntUser\PDD 30-09-2025.IntPrj\Network Model.IntPrjfolder\Network Data.IntPrjfolder\CENTRAL 69 kV.ElmNet\ZDESPF.ElmSubstat\WDESPF(2).ElmTerm\WBDESPF(2).StaCubic\DESPACHO dF/dt.ElmRelay,,EDE 3 F<,59.099998474121094,0.0,0.0,1,,0,0,WDESPF(2),,69.0,WBDESPF(2),,Demanda 1 Despacho,ElmLod,ZDESPF-D1,0,1,4.14,1.35,0,0
,DESPACHO dF/dt,\VM-PF.IntUser\PDD 30-09-2025.IntPrj\Network Model.IntPrjfolder\Network Data.IntPrjfolder\CENTRAL 69 kV.ElmNet\ZDESPF.ElmSubstat\WDESPF(2).ElmTerm\WBDESPF(2).StaCubic\DESPACHO dF/dt.ElmRelay,,EDE 3 Start-dF/dt,59.099998474121094,0.0,0.0,1,,0,0,WDESPF(2),,69.0,WBDESPF(2),,Demanda 1 Despacho,ElmLod,ZDESPF-D1,0,1,4.14,1.35,0,0
,DESPACHO dF/dt,\VM-PF.IntUser\PDD 30-09-2025.IntPrj\Network Model.IntPrjfolder\Network Data.IntPrjfolder\CENTRAL 69 kV.ElmNet\ZDESPF.ElmSubstat\WDESPF(2).ElmTerm\WBDESPF(2).StaCubic\DESPACHO dF/dt.ElmRelay,,EDE 3 dF/dt,0.0,-2.0,0.0,1,,0,0,WDESPF(2),,69.0,WBDESPF(2),,Demanda 1 Despacho,ElmLod,ZDESPF-D1,0,1,4.14,1.35,0,0
,DESPACHO dF/dt,\VM-PF.IntUser\PDD 30-09-2025.IntPrj\Network Model.IntPrjfolder\Network Data.IntPrjfolder\CENTRAL 69 kV.ElmNet\ZDESPF.ElmSubstat\WDESPF(2).ElmTerm\WBDESPF(2).StaCubic\DESPACHO dF/dt.ElmRelay,,EDE 4 F<,59.0,0.0,0.0,1,,0,0,WDESPF(2),,69.0,WBDESPF(2),,Demanda 1 Despacho,ElmLod,ZDESPF-D1,0,1,4.14,1.35,0,0
,DESPACHO dF/dt,\VM-PF.IntUser\PDD 30-09-2025.IntPrj\Network Model.IntPrjfolder\Network Data.IntPrjfolder\CENTRAL 69 kV.ElmNet\ZDESPF.ElmSubstat\WDESPF(2).ElmTerm\WBDESPF(2).StaCubic\DESPACHO dF/dt.ElmRelay,,EDE 4 Start-dF/dt,59.0,0.0,0.0,1,,0,0,WDESPF(2),,69.0,WBDESPF(2),,Demanda 1 Despacho,ElmLod,ZDESPF-D1,0,1,4.14,1.35,0,0
,DESPACHO dF/dt,\VM-PF.IntUser\PDD 30-09-2025.IntPrj\Network Model.IntPrjfolder\Network Data.IntPrjfolder\CENTRAL 69 kV.ElmNet\ZDESPF.ElmSubstat\WDESPF(2).ElmTerm\WBDESPF(2).StaCubic\DESPACHO dF/dt.ElmRelay,,EDE 4 dF/dt,0.0,-2.0,0.0,1,,0,0,WDESPF(2),,69.0,WBDESPF(2),,Demanda 1 Despacho,ElmLod,ZDESPF-D1,0,1,4.14,1.35,0,0
,DESPACHO dF/dt,\VM-PF.IntUser\PDD 30-09-2025.IntPrj\Network Model.IntPrjfolder\Network Data.IntPrjfolder\CENTRAL 69 kV.ElmNet\ZDESPF.ElmSubstat\WDESPF(2).ElmTerm\WBDESPF(2).StaCubic\DESPACHO dF/dt.ElmRelay,,EDE 5 F<,58.900001525878906,0.0,0.0,1,,0,0,WDESPF(2),,69.0,WBDESPF(2),,Demanda 1 Despacho,ElmLod,ZDESPF-D1,0,1,4.14,1.35,0,0
,DESPACHO dF/dt,\VM-PF.IntUser\PDD 30-09-2025.IntPrj\Network Model.IntPrjfolder\Network Data.IntPrjfolder\CENTRAL 69 kV.ElmNet\ZDESPF.ElmSubstat\WDESPF(2).ElmTerm\WBDESPF(2).StaCubic\DESPACHO dF/dt.ElmRelay,,EDE 5 Start-dF/dt,58.900001525878906,0.0,0.0,1,,0,0,WDESPF(2),,69.0,WBDESPF(2),,Demanda 1 Despacho,ElmLod,ZDESPF-D1,0,1,4.14,1.35,0,0
,DESPACHO dF/dt,\VM-PF.IntUser\PDD 30-09-2025.IntPrj\Network Model.IntPrjfolder\Network Data.IntPrjfolder\CENTRAL 69 kV.ElmNet\ZDESPF.ElmSubstat\WDESPF(2).ElmTerm\WBDESPF(2).StaCubic\DESPACHO dF/dt.ElmRelay,,EDE 5 dF/dt,0.0,-2.0,0.0,1,,0,0,WDESPF(2),,69.0,WBDESPF(2),,Demanda 1 Despacho,ElmLod,ZDESPF-D1,0,1,4.14,1.35,0,0
,DESPACHO dF/dt,\VM-PF.IntUser\PDD 30-09-2025.IntPrj\Network Model.IntPrjfolder\Network Data.IntPrjfolder\CENTRAL 69 kV.ElmNet\ZDESPF.ElmSubstat\WDESPF(2).ElmTerm\WBDESPF(2).StaCubic\DESPACHO dF/dt.ElmRelay,,EDE 6 F<,58.79999923706055,0.0,0.0,1,,0,0,WDESPF(2),,69.0,WBDESPF(2),,Demanda 1 Despacho,ElmLod,ZDESPF-D1,0,1,4.14,1.35,0,0
,DESPACHO dF/dt,\VM-PF.IntUser\PDD 30-09-2025.IntPrj\Network Model.IntPrjfolder\Network Data.IntPrjfolder\CENTRAL 69 kV.ElmNet\ZDESPF.ElmSubstat\WDESPF(2).ElmTerm\WBDESPF(2).StaCubic\DESPACHO dF/dt.ElmRelay,,EDE 6 Start-dF/dt,58.79999923706055,0.0,0.0,1,,0,0,WDESPF(2),,69.0,WBDESPF(2),,Demanda 1 Despacho,ElmLod,ZDESPF-D1,0,1,4.14,1.35,0,0
,DESPACHO dF/dt,\VM-PF.IntUser\PDD 30-09-2025.IntPrj\Network Model.IntPrjfolder\Network Data.IntPrjfolder\CENTRAL 69 kV.ElmNet\ZDESPF.ElmSubstat\WDESPF(2).ElmTerm\WBDESPF(2).StaCubic\DESPACHO dF/dt.ElmRelay,,EDE 6 dF/dt,0.0,-2.0,0.0,1,,0,0,WDESPF(2),,69.0,WBDESPF(2),,Demanda 1 Despacho,ElmLod,ZDESPF-D1,0,1,4.14,1.35,0,0
,EDMAR 1 >f,\VM-PF.IntUser\PDD 30-09-2025.IntPrj\Network Model.IntPrjfolder\Network Data.IntPrjfolder\CENTRAL 69 kV.ElmNet\ZEMARF.ElmSubstat\WEMARF(5).ElmTerm\WBEMARF(1).StaCubic\EDMAR 1 >f.ElmRelay,,F>,63.0,0.0,0.20000000298023224,1,,1,0,WEMARF(5),,69.0,WBEMARF(1),,,,,0,0,0,0,0,0
,EDMAR 1 >f,\VM-PF.IntUser\PDD 30-09-2025.IntPrj\Network Model.IntPrjfolder\Network Data.IntPrjfolder\CENTRAL 69 kV.ElmNet\ZEMARF.ElmSubstat\WEMARF(5).ElmTerm\WBEMARF(1).StaCubic\EDMAR 1 >f.ElmRelay,,dFdt,0.0,0.0,0.0,1,,1,0,WEMARF(5),,69.0,WBEMARF(1),,,,,0,0,0,0,0,0
,EDMAR 1 <f,\VM-PF.IntUser\PDD 30-09-2025.IntPrj\Network Model.IntPrjfolder\Network Data.IntPrjfolder\CENTRAL 69 kV.ElmNet\ZEMARF.ElmSubstat\WEMARF(5).ElmTerm\WBEMARF(1).StaCubic\EDMAR 1 <f.ElmRelay,,F<,57.0,0.0,0.20000000298023224,1,,1,0,WEMARF(5),,69.0,WBEMARF(1),,,,,0,0,0,0,0,0
,EDMAR 2 >f,\VM-PF.IntUser\PDD 30-09-2025.IntPrj\Network Model.IntPrjfolder\Network Data.IntPrjfolder\CENTRAL 69 kV.ElmNet\ZEMARF.ElmSubstat\WEMARF(4).ElmTerm\WBEMARF(1).StaCubic\EDMAR 2 >f.ElmRelay,,F>,63.0,0.0,0.20000000298023224,1,,1,0,WEMARF(4),,69.0,WBEMARF(1),,,,,0,0,0,0,0,0
,EDMAR 2 >f,\VM-PF.IntUser\PDD 30-09-2025.IntPrj\Network Model.IntPrjfolder\Network Data.IntPrjfolder\CENTRAL 69 kV.ElmNet\ZEMARF.ElmSubstat\WEMARF(4).ElmTerm\WBEMARF(1).StaCubic\EDMAR 2 >f.ElmRelay,,dFdt,0.0,0.0,0.0,1,,1,0,WEMARF(4),,69.0,WBEMARF(1),,,,,0,0,0,0,0,0
,EDMAR 2 <f,\VM-PF.IntUser\PDD 30-09-2025.IntPrj\Network Model.IntPrjfolder\Network Data.IntPrjfolder\CENTRAL 69 kV.ElmNet\ZEMARF.ElmSubstat\WEMARF(4).ElmTerm\WBEMARF(1).StaCubic\EDMAR 2 <f.ElmRelay,,F<,57.0,0.0,0.20000000298023224,1,,1,0,WEMARF(4),,69.0,WBEMARF(1),,,,,0,0,0,0,0,0
,CAPOTILLO,\VM-PF.IntUser\PDD 30-09-2025.IntPrj\Network Model.IntPrjfolder\Network Data.IntPrjfolder\CENTRAL 69 kV.ElmNet\ZCAPOF.ElmSubstat\3.ElmTerm\Cub_1.StaCubic\CAPOTILLO.ElmRelay,,EDE 1 F<,59.29999923706055,0.0,0.10000000149011612,1,,0,0,3,,69.0,Cub_1,,Demanda 1 Capotillo,ElmLod,ZCAPOF-D1,0,1,11.78,4.56,0,0
,CAPOTILLO,\VM-PF.IntUser\PDD 30-09-2025.IntPrj\Network Model.IntPrjfolder\Network Data.IntPrjfolder\CENTRAL 69 kV.ElmNet\ZCAPOF.ElmSubstat\3.ElmTerm\Cub_1.StaCubic\CAPOTILLO.ElmRelay,,EDE 2 F<,59.20000076293945,0.0,0.10000000149011612,1,,0,0,3,,69.0,Cub_1,,Demanda 1 Capotillo,ElmLod,ZCAPOF-D1,0,1,11.78,4.56,0,0
,CAPOTILLO,\VM-PF.IntUser\PDD 30-09-2025.IntPrj\Network Model.IntPrjfolder\Network Data.IntPrjfolder\CENTRAL 69 kV.ElmNet\ZCAPOF.ElmSubstat\3.ElmTerm\Cub_1.StaCubic\CAPOTILLO.ElmRelay,,EDE 3 F<,59.099998474121094,0.0,0.10000000149011612,0,,0,1,3,,69.0,Cub_1,,Demanda 1 Capotillo,ElmLod,ZCAPOF-D1,0,1,11.78,4.56,0,0
,CAPOTILLO,\VM-PF.IntUser\PDD 30-09-2025.IntPrj\Network Model.IntPrjfolder\Network Data.IntPrjfolder\CENTRAL 69 kV.ElmNet\ZCAPOF.ElmSubstat\3.ElmTerm\Cub_1.StaCubic\CAPOTILLO.ElmRelay,,EDE 4 F<,59.0,0.0,0.10000000149011612,1,,0,0,3,,69.0,Cub_1,,Demanda 1 Capotillo,ElmLod,ZCAPOF-D1,0,1,11.78,4.56,0,0
,CAPOTILLO,\VM-PF.IntUser\PDD 30-09-2025.IntPrj\Network Model.IntPrjfolder\Network Data.IntPrjfolder\CENTRAL 69 kV.ElmNet\ZCAPOF.ElmSubstat\3.ElmTerm\Cub_1.StaCubic\CAPOTILLO.ElmRelay,,EDE 5 F<,58.900001525878906,0.0,0.10000000149011612,0,,0,1,3,,69.0,Cub_1,,Demanda 1 Capotillo,ElmLod,ZCAPOF-D1,0,1,11.78,4.56,0,0
,CAPOTILLO,\VM-PF.IntUser\PDD 30-09-2025.IntPrj\Network Model.IntPrjfolder\Network Data.IntPrjfolder\CENTRAL 69 kV.ElmNet\ZCAPOF.ElmSubstat\3.ElmTerm\Cub_1.StaCubic\CAPOTILLO.ElmRelay,,EDE 6 F<,58.79999923706055,0.0,0.10000000149011612,0,,0,1,3,,69.0,Cub_1,,Demanda 1 Capotillo,ElmLod,ZCAPOF-D1,0,1,11.78,4.56,0,0
,INVIVIENDA B,\VM-PF.IntUser\PDD 30-09-2025.IntPrj\Network Model.IntPrjfolder\Network Data.IntPrjfolder\CENTRAL 69 kV.ElmNet\ZINVIF.ElmSubstat\L2.ElmTerm\Cub_1.StaCubic\INVIVIENDA B.ElmRelay,,EDE 1 F<,59.29999923706055,0.0,0.10000000149011612,1,,0,0,L2,,69.0,Cub_1,,Demanda 2 Invivienda,ElmLod,ZINVBF-D1,0,1,29.59,11.14,0,0
,INVIVIENDA B,\VM-PF.IntUser\PDD 30-09-2025.IntPrj\Network Model.IntPrjfolder\Network Data.IntPrjfolder\CENTRAL 69 kV.ElmNet\ZINVIF.ElmSubstat\L2.ElmTerm\Cub_1.StaCubic\INVIVIENDA B.ElmRelay,,EDE 2 F<,59.20000076293945,0.0,0.10000000149011612,1,,0,0,L2,,69.0,Cub_1,,Demanda 2 Invivienda,ElmLod,ZINVBF-D1,0,1,29.59,11.14,0,0
,INVIVIENDA B,\VM-PF.IntUser\PDD 30-09-2025.IntPrj\Network Model.IntPrjfolder\Network Data.IntPrjfolder\CENTRAL 69 kV.ElmNet\ZINVIF.ElmSubstat\L2.ElmTerm\Cub_1.StaCubic\INVIVIENDA B.ElmRelay,,EDE 3 F<,59.099998474121094,0.0,0.10000000149011612,1,,0,0,L2,,69.0,Cub_1,,Demanda 2 Invivienda,ElmLod,ZINVBF-D1,0,1,29.59,11.14,0,0
,INVIVIENDA B,\VM-PF.IntUser\PDD 30-09-2025.IntPrj\Network Model.IntPrjfolder\Network Data.IntPrjfolder\CENTRAL 69 kV.ElmNet\ZINVIF.ElmSubstat\L2.ElmTerm\Cub_1.StaCubic\INVIVIENDA B.ElmRelay,,EDE 4 F<,59.0,0.0,0.10000000149011612,0,,0,1,L2,,69.0,Cub_1,,Demanda 2 Invivienda,ElmLod,ZINVBF-D1,0,1,29.59,11.14,0,0
,INVIVIENDA B,\VM-PF.IntUser\PDD 30-09-2025.IntPrj\Network Model.IntPrjfolder\Network Data.IntPrjfolder\CENTRAL 69 kV.ElmNet\ZINVIF.ElmSubstat\L2.ElmTerm\Cub_1.StaCubic\INVIVIENDA B.ElmRelay,,EDE 5 F<,58.900001525878906,0.0,0.10000000149011612,1,,0,0,L2,,69.0,Cub_1,,Demanda 2 Invivienda,ElmLod,ZINVBF-D1,0,1,29.59,11.14,0,0
,INVIVIENDA B,\VM-PF.IntUser\PDD 30-09-2025.IntPrj\Network Model.IntPrjfolder\Network Data.IntPrjfolder\CENTRAL 69 kV.ElmNet\ZINVIF.ElmSubstat\L2.ElmTerm\Cub_1.StaCubic\INVIVIENDA B.ElmRelay,,EDE 6 F<,58.79999923706055,0.0,0.10000000149011612,1,,0,0,L2,,69.0,Cub_1,,Demanda 2 Invivienda,ElmLod,ZINVBF-D1,0,1,29.59,11.14,0,0
,INVIVIENDA,\VM-PF.IntUser\PDD 30-09-2025.IntPrj\Network Model.IntPrjfolder\Network Data.IntPrjfolder\CENTRAL 69 kV.ElmNet\ZINVIF.ElmSubstat\R2.ElmTerm\Cub_1.StaCubic\INVIVIENDA.ElmRelay,,EDE 1 F<,59.29999923706055,0.0,0.10000000149011612,1,,0,0,R2,,69.0,Cub_1,,Demanda 1 Invivienda,ElmLod,ZINVIF-D1,0,1,30.34,11.35,0,0
,INVIVIENDA,\VM-PF.IntUser\PDD 30-09-2025.IntPrj\Network Model.IntPrjfolder\Network Data.IntPrjfolder\CENTRAL 69 kV.ElmNet\ZINVIF.ElmSubstat\R2.ElmTerm\Cub_1.StaCubic\INVIVIENDA.ElmRelay,,EDE 2 F<,59.20000076293945,0.0,0.10000000149011612,1,,0,0,R2,,69.0,Cub_1,,Demanda 1 Invivienda,ElmLod,ZINVIF-D1,0,1,30.34,11.35,0,0
,INVIVIENDA,\VM-PF.IntUser\PDD 30-09-2025.IntPrj\Network Model.IntPrjfolder\Network Data.IntPrjfolder\CENTRAL 69 kV.ElmNet\ZINVIF.ElmSubstat\R2.ElmTerm\Cub_1.StaCubic\INVIVIENDA.ElmRelay,,EDE 3 F<,59.099998474121094,0.0,0.10000000149011612,1,,0,0,R2,,69.0,Cub_1,,Demanda 1 Invivienda,ElmLod,ZINVIF-D1,0,1,30.34,11.35,0,0
,INVIVIENDA,\VM-PF.IntUser\PDD 30-09-2025.IntPrj\Network Model.IntPrjfolder\Network Data.IntPrjfolder\CENTRAL 69 kV.ElmNet\ZINVIF.ElmSubstat\R2.ElmTerm\Cub_1.StaCubic\INVIVIENDA.ElmRelay,,EDE 4 F<,59.0,0.0,0.10000000149011612,1,,0,0,R2,,69.0,Cub_1,,Demanda 1 Invivienda,ElmLod,ZINVIF-D1,0,1,30.34,11.35,0,0
,INVIVIENDA,\VM-PF.IntUser\PDD 30-09-2025.IntPrj\Network Model.IntPrjfolder\Network Data.IntPrjfolder\CENTRAL 69 kV.ElmNet\ZINVIF.ElmSubstat\R2.ElmTerm\Cub_1.StaCubic\INVIVIENDA.ElmRelay,,EDE 5 F<,58.900001525878906,0.0,0.10000000149011612,1,,0,0,R2,,69.0,Cub_1,,Demanda 1 Invivienda,ElmLod,ZINVIF-D1,0,1,30.34,11.35,0,0
,INVIVIENDA,\VM-PF.IntUser\PDD 30-09-2025.IntPrj\Network Model.IntPrjfolder\Network Data.IntPrjfolder\CENTRAL 69 kV.ElmNet\ZINVIF.ElmSubstat\R2.ElmTerm\Cub_1.StaCubic\INVIVIENDA.ElmRelay,,EDE 6 F<,58.79999923706055,0.0,0.10000000149011612,0,,0,1,R2,,69.0,Cub_1,,Demanda 1 Invivienda,ElmLod,ZINVIF-D1,0,1,30.34,11.35,0,0
,KILOMETRO 10.5,\VM-PF.IntUser\PDD 30-09-2025.IntPrj\Network Model.IntPrjfolder\Network Data.IntPrjfolder\CENTRAL 69 kV.ElmNet\ZKDMEF.ElmSubstat\L2.ElmTerm\Cub_1.StaCubic\KILOMETRO 10.5.ElmRelay,,EDS 1 F<,59.29999923706055,0.0,0.10000000149011612,1,,0,0,L2,,69.0,Cub_1,,Demanda 2 Kilómetro 10.5,ElmLod,ZKDMEF-D1,0,1,33.84,12.38,0,0
,KILOMETRO 10.5,\VM-PF.IntUser\PDD 30-09-2025.IntPrj\Network Model.IntPrjfolder\Network Data.IntPrjfolder\CENTRAL 69 kV.ElmNet\ZKDMEF.ElmSubstat\L2.ElmTerm\Cub_1.StaCubic\KILOMETRO 10.5.ElmRelay,,EDS 2 F<,59.20000076293945,0.0,0.10000000149011612,1,,0,0,L2,,69.0,Cub_1,,Demanda 2 Kilómetro 10.5,ElmLod,ZKDMEF-D1,0,1,33.84,12.38,0,0
,KILOMETRO 10.5,\VM-PF.IntUser\PDD 30-09-2025.IntPrj\Network Model.IntPrjfolder\Network Data.IntPrjfolder\CENTRAL 69 kV.ElmNet\ZKDMEF.ElmSubstat\L2.ElmTerm\Cub_1.StaCubic\KILOMETRO 10.5.ElmRelay,,EDS 3 F<,59.099998474121094,0.0,0.10000000149011612,1,,0,0,L2,,69.0,Cub_1,,Demanda 2 Kilómetro 10.5,ElmLod,ZKDMEF-D1,0,1,33.84,12.38,0,0
,KILOMETRO 10.5,\VM-PF.IntUser\PDD 30-09-2025.IntPrj\Network Model.IntPrjfolder\Network Data.IntPrjfolder\CENTRAL 69 kV.ElmNet\ZKDMEF.ElmSubstat\L2.ElmTerm\Cub_1.StaCubic\KILOMETRO 10.5.ElmRelay,,EDS 4 F<,59.0,0.0,0.10000000149011612,1,,0,0,L2,,69.0,Cub_1,,Demanda 2 Kilómetro 10.5,ElmLod,ZKDMEF-D1,0,1,33.84,12.38,0,0
,KILOMETRO 10.5,\VM-PF.IntUser\PDD 30-09-2025.IntPrj\Network Model.IntPrjfolder\Network Data.IntPrjfolder\CENTRAL 69 kV.ElmNet\ZKDMEF.ElmSubstat\L2.ElmTerm\Cub_1.StaCubic\KILOMETRO 10.5.ElmRelay,,EDS 5 F<,58.900001525878906,0.0,0.10000000149011612,1,,0,0,L2,,69.0,Cub_1,,Demanda 2 Kilómetro 10.5,ElmLod,ZKDMEF-D1,0,1,33.84,12.38,0,0
,KILOMETRO 10.5,\VM-PF.IntUser\PDD 30-09-2025.IntPrj\Network Model.IntPrjfolder\Network Data.IntPrjfolder\CENTRAL 69 kV.ElmNet\ZKDMEF.ElmSubstat\L2.ElmTerm\Cub_1.StaCubic\KILOMETRO 10.5.ElmRelay,,EDS 6 F<,58.79999923706055,0.0,0.10000000149011612,0,,0,1,L2,,69.0,Cub_1,,Demanda 2 Kilómetro 10.5,ElmLod,ZKDMEF-D1,0,1,33.84,12.38,0,0
,KILOMETRO 10.5 B,\VM-PF.IntUser\PDD 30-09-2025.IntPrj\Network Model.IntPrjfolder\Network Data.IntPrjfolder\CENTRAL 69 kV.ElmNet\ZKDMEF.ElmSubstat\R2.ElmTerm\Cub_1.StaCubic\KILOMETRO 10.5 B.ElmRelay,,EDS 1 F<,59.29999923706055,0.0,0.10000000149011612,0,,0,1,R2,,69.0,Cub_1,,Demanda 1 Kilómetro 10.5,ElmLod,ZKDMBF-D1,0,1,25.51,10.32,0,0
,KILOMETRO 10.5 B,\VM-PF.IntUser\PDD 30-09-2025.IntPrj\Network Model.IntPrjfolder\Network Data.IntPrjfolder\CENTRAL 69 kV.ElmNet\ZKDMEF.ElmSubstat\R2.ElmTerm\Cub_1.StaCubic\KILOMETRO 10.5 B.ElmRelay,,EDS 2 F<,59.20000076293945,0.0,0.10000000149011612,1,,0,0,R2,,69.0,Cub_1,,Demanda 1 Kilómetro 10.5,ElmLod,ZKDMBF-D1,0,1,25.51,10.32,0,0
,KILOMETRO 10.5 B,\VM-PF.IntUser\PDD 30-09-2025.IntPrj\Network Model.IntPrjfolder\Network Data.IntPrjfolder\CENTRAL 69 kV.ElmNet\ZKDMEF.ElmSubstat\R2.ElmTerm\Cub_1.StaCubic\KILOMETRO 10.5 B.ElmRelay,,EDS 3 F<,59.099998474121094,0.0,0.10000000149011612,0,,0,1,R2,,69.0,Cub_1,,Demanda 1 Kilómetro 10.5,ElmLod,ZKDMBF-D1,0,1,25.51,10.32,0,0
,KILOMETRO 10.5 B,\VM-PF.IntUser\PDD 30-09-2025.IntPrj\Network Model.IntPrjfolder\Network Data.IntPrjfolder\CENTRAL 69 kV.ElmNet\ZKDMEF.ElmSubstat\R2.ElmTerm\Cub_1.StaCubic\KILOMETRO 10.5 B.ElmRelay,,EDS 4 F<,59.0,0.0,0.10000000149011612,1,,0,0,R2,,69.0,Cub_1,,Demanda 1 Kilómetro 10.5,ElmLod,ZKDMBF-D1,0,1,25.51,10.32,0,0
,KILOMETRO 10.5 B,\VM-PF.IntUser\PDD 30-09-2025.IntPrj\Network Model.IntPrjfolder\Network Data.IntPrjfolder\CENTRAL 69 kV.ElmNet\ZKDMEF.ElmSubstat\R2.ElmTerm\Cub_1.StaCubic\KILOMETRO 10.5 B.ElmRelay,,EDS 5 F<,58.900001525878906,0.0,0.10000000149011612,1,,0,0,R2,,69.0,Cub_1,,Demanda 1 Kilómetro 10.5,ElmLod,ZKDMBF-D1,0,1,25.51,10.32,0,0
,KILOMETRO 10.5 B,\VM-PF.IntUser\PDD 30-09-2025.IntPrj\Network Model.IntPrjfolder\Network Data.IntPrjfolder\CENTRAL 69 kV.ElmNet\ZKDMEF.ElmSubstat\R2.ElmTerm\Cub_1.StaCubic\KILOMETRO 10.5 B.ElmRelay,,EDS 6 F<,58.79999923706055,0.0,0.10000000149011612,1,,0,0,R2,,69.0,Cub_1,,Demanda 1 Kilómetro 10.5,ElmLod,ZKDMBF-D1,0,1,25.51,10.32,0,0
,KILOMETRO 10.5 B dF/dt,\VM-PF.IntUser\PDD 30-09-2025.IntPrj\Network Model.IntPrjfolder\Network Data.IntPrjfolder\CENTRAL 69 kV.ElmNet\ZKDMEF.ElmSubstat\R2.ElmTerm\Cub_1.StaCubic\KILOMETRO 10.5 B dF/dt.ElmRelay,,EDS 0 F<,58.900001525878906,0.0,0.10000000149011612,0,,0,1,R2,,69.0,Cub_1,,Demanda 1 Kilómetro 10.5,ElmLod,ZKDMBF-D1,0,1,25.51,10.32,0,0
,KILOMETRO 10.5 B dF/dt,\VM-PF.IntUser\PDD 30-09-2025.IntPrj\Network Model.IntPrjfolder\Network Data.IntPrjfolder\CENTRAL 69 kV.ElmNet\ZKDMEF.ElmSubstat\R2.ElmTerm\Cub_1.StaCubic\KILOMETRO 10.5 B dF/dt.ElmRelay,,EDS 0 Start-dF/dt,59.29999923706055,0.0,0.0,0,,0,1,R2,,69.0,Cub_1,,Demanda 1 Kilómetro 10.5,ElmLod,ZKDMBF-D1,0,1,25.51,10.32,0,0
,KILOMETRO 10.5 B dF/dt,\VM-PF.IntUser\PDD 30-09-2025.IntPrj\Network Model.IntPrjfolder\Network Data.IntPrjfolder\CENTRAL 69 kV.ElmNet\ZKDMEF.ElmSubstat\R2.ElmTerm\Cub_1.StaCubic\KILOMETRO 10.5 B dF/dt.ElmRelay,,EDS 0 dF/dt,59.099998474121094,-2.0,0.0,0,,0,1,R2,,69.0,Cub_1,,Demanda 1 Kilómetro 10.5,ElmLod,ZKDMBF-D1,0,1,25.51,10.32,0,0
,KILOMETRO 10.5 B dF/dt,\VM-PF.IntUser\PDD 30-09-2025.IntPrj\Network Model.IntPrjfolder\Network Data.IntPrjfolder\CENTRAL 69 kV.ElmNet\ZKDMEF.ElmSubstat\R2.ElmTerm\Cub_1.StaCubic\KILOMETRO 10.5 B dF/dt.ElmRelay,,EDS 1 F<,58.900001525878906,0.0,0.10000000149011612,1,,0,0,R2,,69.0,Cub_1,,Demanda 1 Kilómetro 10.5,ElmLod,ZKDMBF-D1,0,1,25.51,10.32,0,0
,KILOMETRO 10.5 B dF/dt,\VM-PF.IntUser\PDD 30-09-2025.IntPrj\Network Model.IntPrjfolder\Network Data.IntPrjfolder\CENTRAL 69 kV.ElmNet\ZKDMEF.ElmSubstat\R2.ElmTerm\Cub_1.StaCubic\KILOMETRO 10.5 B dF/dt.ElmRelay,,EDS 1 Start-dF/dt,59.29999923706055,0.0,0.10000000149011612,1,,0,0,R2,,69.0,Cub_1,,Demanda 1 Kilómetro 10.5,ElmLod,ZKDMBF-D1,0,1,25.51,10.32,0,0
,KILOMETRO 10.5 B dF/dt,\VM-PF.IntUser\PDD 30-09-2025.IntPrj\Network Model.IntPrjfolder\Network Data.IntPrjfolder\CENTRAL 69 kV.ElmNet\ZKDMEF.ElmSubstat\R2.ElmTerm\Cub_1.StaCubic\KILOMETRO 10.5 B dF/dt.ElmRelay,,EDS 1 dF/dt,58.79999923706055,-2.0,0.10000000149011612,1,,0,0,R2,,69.0,Cub_1,,Demanda 1 Kilómetro 10.5,ElmLod,ZKDMBF-D1,0,1,25.51,10.32,0,0
,KILOMETRO 10.5 B dF/dt,\VM-PF.IntUser\PDD 30-09-2025.IntPrj\Network Model.IntPrjfolder\Network Data.IntPrjfolder\CENTRAL 69 kV.ElmNet\ZKDMEF.ElmSubstat\R2.ElmTerm\Cub_1.StaCubic\KILOMETRO 10.5 B dF/dt.ElmRelay,,EDS 2 F<,59.20000076293945,0.0,0.0,1,,0,0,R2,,69.0,Cub_1,,Demanda 1 Kilómetro 10.5,ElmLod,ZKDMBF-D1,0,1,25.51,10.32,0,0
,KILOMETRO 10.5 B dF/dt,\VM-PF.IntUser\PDD 30-09-2025.IntPrj\Network Model.IntPrjfolder\Network Data.IntPrjfolder\CENTRAL 69 kV.ElmNet\ZKDMEF.ElmSubstat\R2.ElmTerm\Cub_1.StaCubic\KILOMETRO 10.5 B dF/dt.ElmRelay,,EDS 2 Start-dF/dt,59.20000076293945,0.0,0.0,1,,0,0,R2,,69.0,Cub_1,,Demanda 1 Kilómetro 10.5,ElmLod,ZKDMBF-D1,0,1,25.51,10.32,0,0
,KILOMETRO 10.5 B dF/dt,\VM-PF.IntUser\PDD 30-09-2025.IntPrj\Network Model.IntPrjfolder\Network Data.IntPrjfolder\CENTRAL 69 kV.ElmNet\ZKDMEF.ElmSubstat\R2.ElmTerm\Cub_1.StaCubic\KILOMETRO 10.5 B dF/dt.ElmRelay,,EDS 2 dF/dt,0.0,-2.0,0.0,1,,0,0,R2,,69.0,Cub_1,,Demanda 1 Kilómetro 10.5,ElmLod,ZKDMBF-D1,0,1,25.51,10.32,0,0
,KILOMETRO 10.5 B dF/dt,\VM-PF.IntUser\PDD 30-09-2025.IntPrj\Network Model.IntPrjfolder\Network Data.IntPrjfolder\CENTRAL 69 kV.ElmNet\ZKDMEF.ElmSubstat\R2.ElmTerm\Cub_1.StaCubic\KILOMETRO 10.5 B dF/dt.ElmRelay,,EDS 3 F<,59.099998474121094,0.0,0.0,1,,0,0,R2,,69.0,Cub_1,,Demanda 1 Kilómetro 10.5,ElmLod,ZKDMBF-D1,0,1,25.51,10.32,0,0
,KILOMETRO 10.5 B dF/dt,\VM-PF.IntUser\PDD 30-09-2025.IntPrj\Network Model.IntPrjfolder\Network Data.IntPrjfolder\CENTRAL 69 kV.ElmNet\ZKDMEF.ElmSubstat\R2.ElmTerm\Cub_1.StaCubic\KILOMETRO 10.5 B dF/dt.ElmRelay,,EDS 3 Start-dF/dt,59.099998474121094,0.0,0.0,1,,0,0,R2,,69.0,Cub_1,,Demanda 1 Kilómetro 10.5,ElmLod,ZKDMBF-D1,0,1,25.51,10.32,0,0
,KILOMETRO 10.5 B dF/dt,\VM-PF.IntUser\PDD 30-09-2025.IntPrj\Network Model.IntPrjfolder\Network Data.IntPrjfolder\CENTRAL 69 kV.ElmNet\ZKDMEF.ElmSubstat\R2.ElmTerm\Cub_1.StaCubic\KILOMETRO 10.5 B dF/dt.ElmRelay,,EDS 3 dF/dt,0.0,-2.0,0.0,1,,0,0,R2,,69.0,Cub_1,,Demanda 1 Kilómetro 10.5,ElmLod,ZKDMBF-D1,0,1,25.51,10.32,0,0
,KILOMETRO 10.5 B dF/dt,\VM-PF.IntUser\PDD 30-09-2025.IntPrj\Network Model.IntPrjfolder\Network Data.IntPrjfolder\CENTRAL 69 kV.ElmNet\ZKDMEF.ElmSubstat\R2.ElmTerm\Cub_1.StaCubic\KILOMETRO 10.5 B dF/dt.ElmRelay,,EDS 4 F<,59.0,0.0,0.0,1,,0,0,R2,,69.0,Cub_1,,Demanda 1 Kilómetro 10.5,ElmLod,ZKDMBF-D1,0,1,25.51,10.32,0,0
,KILOMETRO 10.5 B dF/dt,\VM-PF.IntUser\PDD 30-09-2025.IntPrj\Network Model.IntPrjfolder\Network Data.IntPrjfolder\CENTRAL 69 kV.ElmNet\ZKDMEF.ElmSubstat\R2.ElmTerm\Cub_1.StaCubic\KILOMETRO 10.5 B dF/dt.ElmRelay,,EDS 4 Start-dF/dt,59.0,0.0,0.0,1,,0,0,R2,,69.0,Cub_1,,Demanda 1 Kilómetro 10.5,ElmLod,ZKDMBF-D1,0,1,25.51,10.32,0,0
,KILOMETRO 10.5 B dF/dt,\VM-PF.IntUser\PDD 30-09-2025.IntPrj\Network Model.IntPrjfolder\Network Data.IntPrjfolder\CENTRAL 69 kV.ElmNet\ZKDMEF.ElmSubstat\R2.ElmTerm\Cub_1.StaCubic\KILOMETRO 10.5 B dF/dt.ElmRelay,,EDS 4 dF/dt,0.0,-2.0,0.0,1,,0,0,R2,,69.0,Cub_1,,Demanda 1 Kilómetro 10.5,ElmLod,ZKDMBF-D1,0,1,25.51,10.32,0,0
,KILOMETRO 10.5 B dF/dt,\VM-PF.IntUser\PDD 30-09-2025.IntPrj\Network Model.IntPrjfolder\Network Data.IntPrjfolder\CENTRAL 69 kV.ElmNet\ZKDMEF.ElmSubstat\R2.ElmTerm\Cub_1.StaCubic\KILOMETRO 10.5 B dF/dt.ElmRelay,,EDS 5 F<,58.900001525878906,0.0,0.0,1,,0,0,R2,,69.0,Cub_1,,Demanda 1 Kilómetro 10.5,ElmLod,ZKDMBF-D1,0,1,25.51,10.32,0,0
,KILOMETRO 10.5 B dF/dt,\VM-PF.IntUser\PDD 30-09-2025.IntPrj\Network Model.IntPrjfolder\Network Data.IntPrjfolder\CENTRAL 69 kV.ElmNet\ZKDMEF.ElmSubstat\R2.ElmTerm\Cub_1.StaCubic\KILOMETRO 10.5 B dF/dt.ElmRelay,,EDS 5 Start-dF/dt,58.900001525878906,0.0,0.0,1,,0,0,R2,,69.0,Cub_1,,Demanda 1 Kilómetro 10.5,ElmLod,ZKDMBF-D1,0,1,25.51,10.32,0,0
,KILOMETRO 10.5 B dF/dt,\VM-PF.IntUser\PDD 30-09-2025.IntPrj\Network Model.IntPrjfolder\Network Data.IntPrjfolder\CENTRAL 69 kV.ElmNet\ZKDMEF.ElmSubstat\R2.ElmTerm\Cub_1.StaCubic\KILOMETRO 10.5 B dF/dt.ElmRelay,,EDS 5 dF/dt,0.0,-2.0,0.0,1,,0,0,R2,,69.0,Cub_1,,Demanda 1 Kilómetro 10.5,ElmLod,ZKDMBF-D1,0,1,25.51,10.32,0,0
,KILOMETRO 10.5 B dF/dt,\VM-PF.IntUser\PDD 30-09-2025.IntPrj\Network Model.IntPrjfolder\Network Data.IntPrjfolder\CENTRAL 69 kV.ElmNet\ZKDMEF.ElmSubstat\R2.ElmTerm\Cub_1.StaCubic\KILOMETRO 10.5 B dF/dt.ElmRelay,,EDS 6 F<,58.79999923706055,0.0,0.0,1,,0,0,R2,,69.0,Cub_1,,Demanda 1 Kilómetro 10.5,ElmLod,ZKDMBF-D1,0,1,25.51,10.32,0,0
,KILOMETRO 10.5 B dF/dt,\VM-PF.IntUser\PDD 30-09-2025.IntPrj\Network Model.IntPrjfolder\Network Data.IntPrjfolder\CENTRAL 69 kV.ElmNet\ZKDMEF.ElmSubstat\R2.ElmTerm\Cub_1.StaCubic\KILOMETRO 10.5 B dF/dt.ElmRelay,,EDS 6 Start-dF/dt,58.79999923706055,0.0,0.0,1,,0,0,R2,,69.0,Cub_1,,Demanda 1 Kilómetro 10.5,ElmLod,ZKDMBF-D1,0,1,25.51,10.32,0,0
,KILOMETRO 10.5 B dF/dt,\VM-PF.IntUser\PDD 30-09-2025.IntPrj\Network Model.IntPrjfolder\Network Data.IntPrjfolder\CENTRAL 69 kV.ElmNet\ZKDMEF.ElmSubstat\R2.ElmTerm\Cub_1.StaCubic\KILOMETRO 10.5 B dF/dt.ElmRelay,,EDS 6 dF/dt,0.0,-2.0,0.0,1,,0,0,R2,,69.0,Cub_1,,Demanda 1 Kilómetro 10.5,ElmLod,ZKDMBF-D1,0,1,25.51,10.32,0,0
,KILOMETRO 10.5 dF/dt,\VM-PF.IntUser\PDD 30-09-2025.IntPrj\Network Model.IntPrjfolder\Network Data.IntPrjfolder\CENTRAL 69 kV.ElmNet\ZKDMEF.ElmSubstat\L3.ElmTerm\Cub_1.StaCubic\KILOMETRO 10.5 dF/dt.ElmRelay,,EDS 0 F<,58.70000076293945,0.0,0.10000000149011612,0,,0,1,L3,,69.0,Cub_1,,Demanda 3 Kilómetro 10.5,ElmLod,ZKDMEF-D2,0,1,24.47,0.35,0,0
,KILOMETRO 10.5 dF/dt,\VM-PF.IntUser\PDD 30-09-2025.IntPrj\Network Model.IntPrjfolder\Network Data.IntPrjfolder\CENTRAL 69 kV.ElmNet\ZKDMEF.ElmSubstat\L3.ElmTerm\Cub_1.StaCubic\KILOMETRO 10.5 dF/dt.ElmRelay,,EDS 0 Start-dF/dt,59.29999923706055,0.0,0.0,0,,0,1,L3,,69.0,Cub_1,,Demanda 3 Kilómetro 10.5,ElmLod,ZKDMEF-D2,0,1,24.47,0.35,0,0
,KILOMETRO 10.5 dF/dt,\VM-PF.IntUser\PDD 30-09-2025.IntPrj\Network Model.IntPrjfolder\Network Data.IntPrjfolder\CENTRAL 69 kV.ElmNet\ZKDMEF.ElmSubstat\L3.ElmTerm\Cub_1.StaCubic\KILOMETRO 10.5 dF/dt.ElmRelay,,EDS 0 dF/dt,59.099998474121094,-2.0,0.0,0,,0,1,L3,,69.0,Cub_1,,Demanda 3 Kilómetro 10.5,ElmLod,ZKDMEF-D2,0,1,24.47,0.35,0,0
,KILOMETRO 10.5 dF/dt,\VM-PF.IntUser\PDD 30-09-2025.IntPrj\Network Model.IntPrjfolder\Network Data.IntPrjfolder\CENTRAL 69 kV.ElmNet\ZKDMEF.ElmSubstat\L3.ElmTerm\Cub_1.StaCubic\KILOMETRO 10.5 dF/dt.ElmRelay,,EDS 1 F<,58.70000076293945,0.0,0.10000000149011612,1,,0,0,L3,,69.0,Cub_1,,Demanda 3 Kilómetro 10.5,ElmLod,ZKDMEF-D2,0,1,24.47,0.35,0,0
,KILOMETRO 10.5 dF/dt,\VM-PF.IntUser\PDD 30-09-2025.IntPrj\Network Model.IntPrjfolder\Network Data.IntPrjfolder\CENTRAL 69 kV.ElmNet\ZKDMEF.ElmSubstat\L3.ElmTerm\Cub_1.StaCubic\KILOMETRO 10.5 dF/dt.ElmRelay,,EDS 1 Start-dF/dt,59.29999923706055,0.0,0.10000000149011612,1,,0,0,L3,,69.0,Cub_1,,Demanda 3 Kilómetro 10.5,ElmLod,ZKDMEF-D2,0,1,24.47,0.35,0,0
,KILOMETRO 10.5 dF/dt,\VM-PF.IntUser\PDD 30-09-2025.IntPrj\Network Model.IntPrjfolder\Network Data.IntPrjfolder\CENTRAL 69 kV.ElmNet\ZKDMEF.ElmSubstat\L3.ElmTerm\Cub_1.StaCubic\KILOMETRO 10.5 dF/dt.ElmRelay,,EDS 1 dF/dt,58.79999923706055,-2.0,0.10000000149011612,1,,0,0,L3,,69.0,Cub_1,,Demanda 3 Kilómetro 10.5,ElmLod,ZKDMEF-D2,0,1,24.47,0.35,0,0
,KILOMETRO 10.5 dF/dt,\VM-PF.IntUser\PDD 30-09-2025.IntPrj\Network Model.IntPrjfolder\Network Data.IntPrjfolder\CENTRAL 69 kV.ElmNet\ZKDMEF.ElmSubstat\L3.ElmTerm\Cub_1.StaCubic\KILOMETRO 10.5 dF/dt.ElmRelay,,EDS 2 F<,59.20000076293945,0.0,0.0,1,,0,0,L3,,69.0,Cub_1,,Demanda 3 Kilómetro 10.5,ElmLod,ZKDMEF-D2,0,1,24.47,0.35,0,0
,KILOMETRO 10.5 dF/dt,\VM-PF.IntUser\PDD 30-09-2025.IntPrj\Network Model.IntPrjfolder\Network Data.IntPrjfolder\CENTRAL 69 kV.ElmNet\ZKDMEF.ElmSubstat\L3.ElmTerm\Cub_1.StaCubic\KILOMETRO 10.5 dF/dt.ElmRelay,,EDS 2 Start-dF/dt,59.20000076293945,0.0,0.0,1,,0,0,L3,,69.0,Cub_1,,Demanda 3 Kilómetro 10.5,ElmLod,ZKDMEF-D2,0,1,24.47,0.35,0,0
,KILOMETRO 10.5 dF/dt,\VM-PF.IntUser\PDD 30-09-2025.IntPrj\Network Model.IntPrjfolder\Network Data.IntPrjfolder\CENTRAL 69 kV.ElmNet\ZKDMEF.ElmSubstat\L3.ElmTerm\Cub_1.StaCubic\KILOMETRO 10.5 dF/dt.ElmRelay,,EDS 2 dF/dt,0.0,-2.0,0.0,1,,0,0,L3,,69.0,Cub_1,,Demanda 3 Kilómetro 10.5,ElmLod,ZKDMEF-D2,0,1,24.47,0.35,0,0
,KILOMETRO 10.5 dF/dt,\VM-PF.IntUser\PDD 30-09-2025.IntPrj\Network Model.IntPrjfolder\Network Data.IntPrjfolder\CENTRAL 69 kV.ElmNet\ZKDMEF.ElmSubstat\L3.ElmTerm\Cub_1.StaCubic\KILOMETRO 10.5 dF/dt.ElmRelay,,EDS 3 F<,58.70000076293945,0.0,0.0,1,,0,0,L3,,69.0,Cub_1,,Demanda 3 Kilómetro 10.5,ElmLod,ZKDMEF-D2,0,1,24.47,0.35,0,0
,KILOMETRO 10.5 dF/dt,\VM-PF.IntUser\PDD 30-09-2025.IntPrj\Network Model.IntPrjfolder\Network Data.IntPrjfolder\CENTRAL 69 kV.ElmNet\ZKDMEF.ElmSubstat\L3.ElmTerm\Cub_1.StaCubic\KILOMETRO 10.5 dF/dt.ElmRelay,,EDS 3 Start-dF/dt,59.099998474121094,0.0,0.0,1,,0,0,L3,,69.0,Cub_1,,Demanda 3 Kilómetro 10.5,ElmLod,ZKDMEF-D2,0,1,24.47,0.35,0,0
,KILOMETRO 10.5 dF/dt,\VM-PF.IntUser\PDD 30-09-2025.IntPrj\Network Model.IntPrjfolder\Network Data.IntPrjfolder\CENTRAL 69 kV.ElmNet\ZKDMEF.ElmSubstat\L3.ElmTerm\Cub_1.StaCubic\KILOMETRO 10.5 dF/dt.ElmRelay,,EDS 3 dF/dt,0.0,-2.0,0.0,1,,0,0,L3,,69.0,Cub_1,,Demanda 3 Kilómetro 10.5,ElmLod,ZKDMEF-D2,0,1,24.47,0.35,0,0
,KILOMETRO 10.5 dF/dt,\VM-PF.IntUser\PDD 30-09-2025.IntPrj\Network Model.IntPrjfolder\Network Data.IntPrjfolder\CENTRAL 69 kV.ElmNet\ZKDMEF.ElmSubstat\L3.ElmTerm\Cub_1.StaCubic\KILOMETRO 10.5 dF/dt.ElmRelay,,EDS 4 F<,59.0,0.0,0.0,1,,0,0,L3,,69.0,Cub_1,,Demanda 3 Kilómetro 10.5,ElmLod,ZKDMEF-D2,0,1,24.47,0.35,0,0
,KILOMETRO 10.5 dF/dt,\VM-PF.IntUser\PDD 30-09-2025.IntPrj\Network Model.IntPrjfolder\Network Data.IntPrjfolder\CENTRAL 69 kV.ElmNet\ZKDMEF.ElmSubstat\L3.ElmTerm\Cub_1.StaCubic\KILOMETRO 10.5 dF/dt.ElmRelay,,EDS 4 Start-dF/dt,59.0,0.0,0.0,1,,0,0,L3,,69.0,Cub_1,,Demanda 3 Kilómetro 10.5,ElmLod,ZKDMEF-D2,0,1,24.47,0.35,0,0
,KILOMETRO 10.5 dF/dt,\VM-PF.IntUser\PDD 30-09-2025.IntPrj\Network Model.IntPrjfolder\Network Data.IntPrjfolder\CENTRAL 69 kV.ElmNet\ZKDMEF.ElmSubstat\L3.ElmTerm\Cub_1.StaCubic\KILOMETRO 10.5 dF/dt.ElmRelay,,EDS 4 dF/dt,0.0,-2.0,0.0,1,,0,0,L3,,69.0,Cub_1,,Demanda 3 Kilómetro 10.5,ElmLod,ZKDMEF-D2,0,1,24.47,0.35,0,0
,KILOMETRO 10.5 dF/dt,\VM-PF.IntUser\PDD 30-09-2025.IntPrj\Network Model.IntPrjfolder\Network Data.IntPrjfolder\CENTRAL 69 kV.ElmNet\ZKDMEF.ElmSubstat\L3.ElmTerm\Cub_1.StaCubic\KILOMETRO 10.5 dF/dt.ElmRelay,,EDS 5 F<,58.900001525878906,0.0,0.0,1,,0,0,L3,,69.0,Cub_1,,Demanda 3 Kilómetro 10.5,ElmLod,ZKDMEF-D2,0,1,24.47,0.35,0,0
,KILOMETRO 10.5 dF/dt,\VM-PF.IntUser\PDD 30-09-2025.IntPrj\Network Model.IntPrjfolder\Network Data.IntPrjfolder\CENTRAL 69 kV.ElmNet\ZKDMEF.ElmSubstat\L3.ElmTerm\Cub_1.StaCubic\KILOMETRO 10.5 dF/dt.ElmRelay,,EDS 5 Start-dF/dt,58.900001525878906,0.0,0.0,1,,0,0,L3,,69.0,Cub_1,,Demanda 3 Kilómetro 10.5,ElmLod,ZKDMEF-D2,0,1,24.47,0.35,0,0
,KILOMETRO 10.5 dF/dt,\VM-PF.IntUser\PDD 30-09-2025.IntPrj\Network Model.IntPrjfolder\Network Data.IntPrjfolder\CENTRAL 69 kV.ElmNet\ZKDMEF.ElmSubstat\L3.ElmTerm\Cub_1.StaCubic\KILOMETRO 10.5 dF/dt.ElmRelay,,EDS 5 dF/dt,0.0,-2.0,0.0,1,,0,0,L3,,69.0,Cub_1,,Demanda 3 Kilómetro 10.5,ElmLod,ZKDMEF-D2,0,1,24.47,0.35,0,0
,KILOMETRO 10.5 dF/dt,\VM-PF.IntUser\PDD 30-09-2025.IntPrj\Network Model.IntPrjfolder\Network Data.IntPrjfolder\CENTRAL 69 kV.ElmNet\ZKDMEF.ElmSubstat\L3.ElmTerm\Cub_1.StaCubic\KILOMETRO 10.5 dF/dt.ElmRelay,,EDS 6 F<,58.79999923706055,0.0,0.0,1,,0,0,L3,,69.0,Cub_1,,Demanda 3 Kilómetro 10.5,ElmLod,ZKDMEF-D2,0,1,24.47,0.35,0,0
,KILOMETRO 10.5 dF/dt,\VM-PF.IntUser\PDD 30-09-2025.IntPrj\Network Model.IntPrjfolder\Network Data.IntPrjfolder\CENTRAL 69 kV.ElmNet\ZKDMEF.ElmSubstat\L3.ElmTerm\Cub_1.StaCubic\KILOMETRO 10.5 dF/dt.ElmRelay,,EDS 6 Start-dF/dt,58.79999923706055,0.0,0.0,1,,0,0,L3,,69.0,Cub_1,,Demanda 3 Kilómetro 10.5,ElmLod,ZKDMEF-D2,0,1,24.47,0.35,0,0
,KILOMETRO 10.5 dF/dt,\VM-PF.IntUser\PDD 30-09-2025.IntPrj\Network Model.IntPrjfolder\Network Data.IntPrjfolder\CENTRAL 69 kV.ElmNet\ZKDMEF.ElmSubstat\L3.ElmTerm\Cub_1.StaCubic\KILOMETRO 10.5 dF/dt.ElmRelay,,EDS 6 dF/dt,0.0,-2.0,0.0,1,,0,0,L3,,69.0,Cub_1,,Demanda 3 Kilómetro 10.5,ElmLod,ZKDMEF-D2,0,1,24.47,0.35,0,0
,LA CUARENTA,\VM-PF.IntUser\PDD 30-09-2025.IntPrj\Network Model.IntPrjfolder\Network Data.IntPrjfolder\CENTRAL 69 kV.ElmNet\ZLCUAF.ElmSubstat\3.ElmTerm\Cub_1.StaCubic\LA CUARENTA.ElmRelay,,EDS 1 F<,59.29999923706055,0.0,0.10000000149011612,1,,0,0,3,,69.0,Cub_1,,Demanda La Cuarenta,ElmLod,ZLCUAF-D1,0,1,19.76,7.09,0,0
,LA CUARENTA,\VM-PF.IntUser\PDD 30-09-2025.IntPrj\Network Model.IntPrjfolder\Network Data.IntPrjfolder\CENTRAL 69 kV.ElmNet\ZLCUAF.ElmSubstat\3.ElmTerm\Cub_1.StaCubic\LA CUARENTA.ElmRelay,,EDS 2 F<,59.20000076293945,0.0,0.10000000149011612,1,,0,0,3,,69.0,Cub_1,,Demanda La Cuarenta,ElmLod,ZLCUAF-D1,0,1,19.76,7.09,0,0
,LA CUARENTA,\VM-PF.IntUser\PDD 30-09-2025.IntPrj\Network Model.IntPrjfolder\Network Data.IntPrjfolder\CENTRAL 69 kV.ElmNet\ZLCUAF.ElmSubstat\3.ElmTerm\Cub_1.StaCubic\LA CUARENTA.ElmRelay,,EDS 3 F<,59.099998474121094,0.0,0.10000000149011612,1,,0,0,3,,69.0,Cub_1,,Demanda La Cuarenta,ElmLod,ZLCUAF-D1,0,1,19.76,7.09,0,0
,LA CUARENTA,\VM-PF.IntUser\PDD 30-09-2025.IntPrj\Network Model.IntPrjfolder\Network Data.IntPrjfolder\CENTRAL 69 kV.ElmNet\ZLCUAF.ElmSubstat\3.ElmTerm\Cub_1.StaCubic\LA CUARENTA.ElmRelay,,EDS 4 F<,59.0,0.0,0.10000000149011612,0,,0,1,3,,69.0,Cub_1,,Demanda La Cuarenta,ElmLod,ZLCUAF-D1,0,1,19.76,7.09,0,0
,LA CUARENTA,\VM-PF.IntUser\PDD 30-09-2025.IntPrj\Network Model.IntPrjfolder\Network Data.IntPrjfolder\CENTRAL 69 kV.ElmNet\ZLCUAF.ElmSubstat\3.ElmTerm\Cub_1.StaCubic\LA CUARENTA.ElmRelay,,EDS 5 F<,58.900001525878906,0.0,0.10000000149011612,1,,0,0,3,,69.0,Cub_1,,Demanda La Cuarenta,ElmLod,ZLCUAF-D1,0,1,19.76,7.09,0,0
,LA CUARENTA,\VM-PF.IntUser\PDD 30-09-2025.IntPrj\Network Model.IntPrjfolder\Network Data.IntPrjfolder\CENTRAL 69 kV.ElmNet\ZLCUAF.ElmSubstat\3.ElmTerm\Cub_1.StaCubic\LA CUARENTA.ElmRelay,,EDS 6 F<,58.79999923706055,0.0,0.10000000149011612,1,,0,0,3,,69.0,Cub_1,,Demanda La Cuarenta,ElmLod,ZLCUAF-D1,0,1,19.76,7.09,0,0
,ZQU21D_ZPBLAD-L1-REL670,\VM-PF.IntUser\PDD 30-09-2025.IntPrj\Network Model.IntPrjfolder\Network Data.IntPrjfolder\Expansión 345 kV.ElmNet\Quisqueya.ElmSite\QUISQUEYA 2.ElmSubstat\7.ElmTerm\Cub_1.StaCubic\ZQU21D_ZPBLAD-L1-REL670.ElmRelay,PTOF PTUF PFRC 81,FRC1,0.0,0.0,0.0,1,0,1,0,7,,230.0,Cub_1,,230 kV Bonao 3 – Quisqueya 2_b,ElmLne,ZQU21D_ZXPV3D-L1,1,0,0,0,0,0
,ZQU21D_ZPBLAD-L1-REL670,\VM-PF.IntUser\PDD 30-09-2025.IntPrj\Network Model.IntPrjfolder\Network Data.IntPrjfolder\Expansión 345 kV.ElmNet\Quisqueya.ElmSite\QUISQUEYA 2.ElmSubstat\7.ElmTerm\Cub_1.StaCubic\ZQU21D_ZPBLAD-L1-REL670.ElmRelay,PTOF PTUF PFRC 81,FRC2,0.0,0.0,0.0,1,0,1,0,7,,230.0,Cub_1,,230 kV Bonao 3 – Quisqueya 2_b,ElmLne,ZQU21D_ZXPV3D-L1,1,0,0,0,0,0
,ZQU21D_ZPBLAD-L1-REL670,\VM-PF.IntUser\PDD 30-09-2025.IntPrj\Network Model.IntPrjfolder\Network Data.IntPrjfolder\Expansión 345 kV.ElmNet\Quisqueya.ElmSite\QUISQUEYA 2.ElmSubstat\7.ElmTerm\Cub_1.StaCubic\ZQU21D_ZPBLAD-L1-REL670.ElmRelay,PTOF PTUF PFRC 81,TOF,35.0,0.0,0.0,1,0,1,0,7,,230.0,Cub_1,,230 kV Bonao 3 – Quisqueya 2_b,ElmLne,ZQU21D_ZXPV3D-L1,1,0,0,0,0,0
,ZQU21D_ZPBLAD-L1-REL670,\VM-PF.IntUser\PDD 30-09-2025.IntPrj\Network Model.IntPrjfolder\Network Data.IntPrjfolder\Expansión 345 kV.ElmNet\Quisqueya.ElmSite\QUISQUEYA 2.ElmSubstat\7.ElmTerm\Cub_1.StaCubic\ZQU21D_ZPBLAD-L1-REL670.ElmRelay,PTOF PTUF PFRC 81,TUF 1,35.0,0.0,0.0,1,0,1,0,7,,230.0,Cub_1,,230 kV Bonao 3 – Quisqueya 2_b,ElmLne,ZQU21D_ZXPV3D-L1,1,0,0,0,0,0
,ZQU21D_ZPBLAD-L1-REL670,\VM-PF.IntUser\PDD 30-09-2025.IntPrj\Network Model.IntPrjfolder\Network Data.IntPrjfolder\Expansión 345 kV.ElmNet\Quisqueya.ElmSite\QUISQUEYA 2.ElmSubstat\7.ElmTerm\Cub_1.StaCubic\ZQU21D_ZPBLAD-L1-REL670.ElmRelay,PTOF PTUF PFRC 81,TUF 2,35.0,0.0,0.0,1,0,1,0,7,,230.0,Cub_1,,230 kV Bonao 3 – Quisqueya 2_b,ElmLne,ZQU21D_ZXPV3D-L1,1,0,0,0,0,0
,ZQU21D_ZPBLAD-L1-SEL 311L,\VM-PF.IntUser\PDD 30-09-2025.IntPrj\Network Model.IntPrjfolder\Network Data.IntPrjfolder\Expansión 345 kV.ElmNet\Quisqueya.ElmSite\QUISQUEYA 2.ElmSubstat\7.ElmTerm\Cub_1.StaCubic\ZQU21D_ZPBLAD-L1-SEL 311L.ElmRelay,,81D1,41.0,0.0,0.0416666679084301,1,,1,0,7,,230.0,Cub_1,,230 kV Bonao 3 – Quisqueya 2_b,ElmLne,ZQU21D_ZXPV3D-L1,1,0,0,0,0,0
,ZQU21D_ZPBLAD-L1-SEL 311L,\VM-PF.IntUser\PDD 30-09-2025.IntPrj\Network Model.IntPrjfolder\Network Data.IntPrjfolder\Expansión 345 kV.ElmNet\Quisqueya.ElmSite\QUISQUEYA 2.ElmSubstat\7.ElmTerm\Cub_1.StaCubic\ZQU21D_ZPBLAD-L1-SEL 311L.ElmRelay,,81D2,41.0,0.0,0.0416666679084301,1,,1,0,7,,230.0,Cub_1,,230 kV Bonao 3 – Quisqueya 2_b,ElmLne,ZQU21D_ZXPV3D-L1,1,0,0,0,0,0
,ZQU21D_ZPBLAD-L1-SEL 311L,\VM-PF.IntUser\PDD 30-09-2025.IntPrj\Network Model.IntPrjfolder\Network Data.IntPrjfolder\Expansión 345 kV.ElmNet\Quisqueya.ElmSite\QUISQUEYA 2.ElmSubstat\7.ElmTerm\Cub_1.StaCubic\ZQU21D_ZPBLAD-L1-SEL 311L.ElmRelay,,81D3,41.0,0.0,0.0416666679084301,1,,1,0,7,,230.0,Cub_1,,230 kV Bonao 3 – Quisqueya 2_b,ElmLne,ZQU21D_ZXPV3D-L1,1,0,0,0,0,0
,ZQU21D_ZPBLAD-L1-SEL 311L,\VM-PF.IntUser\PDD 30-09-2025.IntPrj\Network Model.IntPrjfolder\Network Data.IntPrjfolder\Expansión 345 kV.ElmNet\Quisqueya.ElmSite\QUISQUEYA 2.ElmSubstat\7.ElmTerm\Cub_1.StaCubic\ZQU21D_ZPBLAD-L1-SEL 311L.ElmRelay,,81D4,41.0,0.0,0.0416666679084301,1,,1,0,7,,230.0,Cub_1,,230 kV Bonao 3 – Quisqueya 2_b,ElmLne,ZQU21D_ZXPV3D-L1,1,0,0,0,0,0
,ZQU21D_ZPBLAD-L1-SEL 311L,\VM-PF.IntUser\PDD 30-09-2025.IntPrj\Network Model.IntPrjfolder\Network Data.IntPrjfolder\Expansión 345 kV.ElmNet\Quisqueya.ElmSite\QUISQUEYA 2.ElmSubstat\7.ElmTerm\Cub_1.StaCubic\ZQU21D_ZPBLAD-L1-SEL 311L.ElmRelay,,81D5,41.0,0.0,0.0416666679084301,1,,1,0,7,,230.0,Cub_1,,230 kV Bonao 3 – Quisqueya 2_b,ElmLne,ZQU21D_ZXPV3D-L1,1,0,0,0,0,0
,ZQU21D_ZPBLAD-L1-SEL 311L,\VM-PF.IntUser\PDD 30-09-2025.IntPrj\Network Model.IntPrjfolder\Network Data.IntPrjfolder\Expansión 345 kV.ElmNet\Quisqueya.ElmSite\QUISQUEYA 2.ElmSubstat\7.ElmTerm\Cub_1.StaCubic\ZQU21D_ZPBLAD-L1-SEL 311L.ElmRelay,,81D6,41.0,0.0,0.0416666679084301,1,,1,0,7,,230.0,Cub_1,,230 kV Bonao 3 – Quisqueya 2_b,ElmLne,ZQU21D_ZXPV3D-L1,1,0,0,0,0,0
,ZQU11D_ZPVDCD-L1-REL670,\VM-PF.IntUser\PDD 30-09-2025.IntPrj\Network Model.IntPrjfolder\Network Data.IntPrjfolder\Expansión 345 kV.ElmNet\Quisqueya.ElmSite\QUISQUEYA 1.ElmSubstat\4.ElmTerm\Cub_1.StaCubic\ZQU11D_ZPVDCD-L1-REL670.ElmRelay,PTOF PTUF PFRC 81,FRC1,0.0,0.0,0.0,1,0,1,0,4,,230.0,Cub_1,,230 kV PVDC – Quisqueya 1_b,ElmLne,ZQU11D_ZXPV2D-L1,1,0,0,0,0,0
,ZQU11D_ZPVDCD-L1-REL670,\VM-PF.IntUser\PDD 30-09-2025.IntPrj\Network Model.IntPrjfolder\Network Data.IntPrjfolder\Expansión 345 kV.ElmNet\Quisqueya.ElmSite\QUISQUEYA 1.ElmSubstat\4.ElmTerm\Cub_1.StaCubic\ZQU11D_ZPVDCD-L1-REL670.ElmRelay,PTOF PTUF PFRC 81,FRC2,0.0,0.0,0.0,1,0,1,0,4,,230.0,Cub_1,,230 kV PVDC – Quisqueya 1_b,ElmLne,ZQU11D_ZXPV2D-L1,1,0,0,0,0,0
,ZQU11D_ZPVDCD-L1-REL670,\VM-PF.IntUser\PDD 30-09-2025.IntPrj\Network Model.IntPrjfolder\Network Data.IntPrjfolder\Expansión 345 kV.ElmNet\Quisqueya.ElmSite\QUISQUEYA 1.ElmSubstat\4.ElmTerm\Cub_1.StaCubic\ZQU11D_ZPVDCD-L1-REL670.ElmRelay,PTOF PTUF PFRC 81,TOF,35.0,0.0,0.0,1,0,1,0,4,,230.0,Cub_1,,230 kV PVDC – Quisqueya 1_b,ElmLne,ZQU11D_ZXPV2D-L1,1,0,0,0,0,0
,ZQU11D_ZPVDCD-L1-REL670,\VM-PF.IntUser\PDD 30-09-2025.IntPrj\Network Model.IntPrjfolder\Network Data.IntPrjfolder\Expansión 345 kV.ElmNet\Quisqueya.ElmSite\QUISQUEYA 1.ElmSubstat\4.ElmTerm\Cub_1.StaCubic\ZQU11D_ZPVDCD-L1-REL670.ElmRelay,PTOF PTUF PFRC 81,TUF 1,35.0,0.0,0.0,1,0,1,0,4,,230.0,Cub_1,,230 kV PVDC – Quisqueya 1_b,ElmLne,ZQU11D_ZXPV2D-L1,1,0,0,0,0,0
,ZQU11D_ZPVDCD-L1-REL670,\VM-PF.IntUser\PDD 30-09-2025.IntPrj\Network Model.IntPrjfolder\Network Data.IntPrjfolder\Expansión 345 kV.ElmNet\Quisqueya.ElmSite\QUISQUEYA 1.ElmSubstat\4.ElmTerm\Cub_1.StaCubic\ZQU11D_ZPVDCD-L1-REL670.ElmRelay,PTOF PTUF PFRC 81,TUF 2,35.0,0.0,0.0,1,0,1,0,4,,230.0,Cub_1,,230 kV PVDC – Quisqueya 1_b,ElmLne,ZQU11D_ZXPV2D-L1,1,0,0,0,0,0
,ZQU11D_ZPVDCD-L1-SEL 311L,\VM-PF.IntUser\PDD 30-09-2025.IntPrj\Network Model.IntPrjfolder\Network Data.IntPrjfolder\Expansión 345 kV.ElmNet\Quisqueya.ElmSite\QUISQUEYA 1.ElmSubstat\4.ElmTerm\Cub_1.StaCubic\ZQU11D_ZPVDCD-L1-SEL 311L.ElmRelay,,81D1,41.0,0.0,0.0416666679084301,1,,1,0,4,,230.0,Cub_1,,230 kV PVDC – Quisqueya 1_b,ElmLne,ZQU11D_ZXPV2D-L1,1,0,0,0,0,0
,ZQU11D_ZPVDCD-L1-SEL 311L,\VM-PF.IntUser\PDD 30-09-2025.IntPrj\Network Model.IntPrjfolder\Network Data.IntPrjfolder\Expansión 345 kV.ElmNet\Quisqueya.ElmSite\QUISQUEYA 1.ElmSubstat\4.ElmTerm\Cub_1.StaCubic\ZQU11D_ZPVDCD-L1-SEL 311L.ElmRelay,,81D2,41.0,0.0,0.0416666679084301,1,,1,0,4,,230.0,Cub_1,,230 kV PVDC – Quisqueya 1_b,ElmLne,ZQU11D_ZXPV2D-L1,1,0,0,0,0,0
,ZQU11D_ZPVDCD-L1-SEL 311L,\VM-PF.IntUser\PDD 30-09-2025.IntPrj\Network Model.IntPrjfolder\Network Data.IntPrjfolder\Expansión 345 kV.ElmNet\Quisqueya.ElmSite\QUISQUEYA 1.ElmSubstat\4.ElmTerm\Cub_1.StaCubic\ZQU11D_ZPVDCD-L1-SEL 311L.ElmRelay,,81D3,41.0,0.0,0.0416666679084301,1,,1,0,4,,230.0,Cub_1,,230 kV PVDC – Quisqueya 1_b,ElmLne,ZQU11D_ZXPV2D-L1,1,0,0,0,0,0
,ZQU11D_ZPVDCD-L1-SEL 311L,\VM-PF.IntUser\PDD 30-09-2025.IntPrj\Network Model.IntPrjfolder\Network Data.IntPrjfolder\Expansión 345 kV.ElmNet\Quisqueya.ElmSite\QUISQUEYA 1.ElmSubstat\4.ElmTerm\Cub_1.StaCubic\ZQU11D_ZPVDCD-L1-SEL 311L.ElmRelay,,81D4,41.0,0.0,0.0416666679084301,1,,1,0,4,,230.0,Cub_1,,230 kV PVDC – Quisqueya 1_b,ElmLne,ZQU11D_ZXPV2D-L1,1,0,0,0,0,0
,ZQU11D_ZPVDCD-L1-SEL 311L,\VM-PF.IntUser\PDD 30-09-2025.IntPrj\Network Model.IntPrjfolder\Network Data.IntPrjfolder\Expansión 345 kV.ElmNet\Quisqueya.ElmSite\QUISQUEYA 1.ElmSubstat\4.ElmTerm\Cub_1.StaCubic\ZQU11D_ZPVDCD-L1-SEL 311L.ElmRelay,,81D5,41.0,0.0,0.0416666679084301,1,,1,0,4,,230.0,Cub_1,,230 kV PVDC – Quisqueya 1_b,ElmLne,ZQU11D_ZXPV2D-L1,1,0,0,0,0,0
,ZQU11D_ZPVDCD-L1-SEL 311L,\VM-PF.IntUser\PDD 30-09-2025.IntPrj\Network Model.IntPrjfolder\Network Data.IntPrjfolder\Expansión 345 kV.ElmNet\Quisqueya.ElmSite\QUISQUEYA 1.ElmSubstat\4.ElmTerm\Cub_1.StaCubic\ZQU11D_ZPVDCD-L1-SEL 311L.ElmRelay,,81D6,41.0,0.0,0.0416666679084301,1,,1,0,4,,230.0,Cub_1,,230 kV PVDC – Quisqueya 1_b,ElmLne,ZQU11D_ZXPV2D-L1,1,0,0,0,0,0
,ZPVDCD_ZPBLAD-L1-SEL 311L,\VM-PF.IntUser\PDD 30-09-2025.IntPrj\Network Model.IntPrjfolder\Network Data.IntPrjfolder\Expansión 345 kV.ElmNet\PVDC.ElmSite\ZPVDCD.ElmSubstat\L1.ElmTerm\Cub_1.StaCubic\ZPVDCD_ZPBLAD-L1-SEL 311L.ElmRelay,,81D1,41.0,0.0,0.0416666679084301,1,,1,0,L1,,230.0,Cub_1,,230 kV Bonao 3 – PVDC_b,ElmLne,ZPVDCD_ZXPV1D-L1,1,0,0,0,0,0
,ZPVDCD_ZPBLAD-L1-SEL 311L,\VM-PF.IntUser\PDD 30-09-2025.IntPrj\Network Model.IntPrjfolder\Network Data.IntPrjfolder\Expansión 345 kV.ElmNet\PVDC.ElmSite\ZPVDCD.ElmSubstat\L1.ElmTerm\Cub_1.StaCubic\ZPVDCD_ZPBLAD-L1-SEL 311L.ElmRelay,,81D2,41.0,0.0,0.0416666679084301,1,,1,0,L1,,230.0,Cub_1,,230 kV Bonao 3 – PVDC_b,ElmLne,ZPVDCD_ZXPV1D-L1,1,0,0,0,0,0
,ZPVDCD_ZPBLAD-L1-SEL 311L,\VM-PF.IntUser\PDD 30-09-2025.IntPrj\Network Model.IntPrjfolder\Network Data.IntPrjfolder\Expansión 345 kV.ElmNet\PVDC.ElmSite\ZPVDCD.ElmSubstat\L1.ElmTerm\Cub_1.StaCubic\ZPVDCD_ZPBLAD-L1-SEL 311L.ElmRelay,,81D3,41.0,0.0,0.0416666679084301,1,,1,0,L1,,230.0,Cub_1,,230 kV Bonao 3 – PVDC_b,ElmLne,ZPVDCD_ZXPV1D-L1,1,0,0,0,0,0
,ZPVDCD_ZPBLAD-L1-SEL 311L,\VM-PF.IntUser\PDD 30-09-2025.IntPrj\Network Model.IntPrjfolder\Network Data.IntPrjfolder\Expansión 345 kV.ElmNet\PVDC.ElmSite\ZPVDCD.ElmSubstat\L1.ElmTerm\Cub_1.StaCubic\ZPVDCD_ZPBLAD-L1-SEL 311L.ElmRelay,,81D4,41.0,0.0,0.0416666679084301,1,,1,0,L1,,230.0,Cub_1,,230 kV Bonao 3 – PVDC_b,ElmLne,ZPVDCD_ZXPV1D-L1,1,0,0,0,0,0
,ZPVDCD_ZPBLAD-L1-SEL 311L,\VM-PF.IntUser\PDD 30-09-2025.IntPrj\Network Model.IntPrjfolder\Network Data.IntPrjfolder\Expansión 345 kV.ElmNet\PVDC.ElmSite\ZPVDCD.ElmSubstat\L1.ElmTerm\Cub_1.StaCubic\ZPVDCD_ZPBLAD-L1-SEL 311L.ElmRelay,,81D5,41.0,0.0,0.0416666679084301,1,,1,0,L1,,230.0,Cub_1,,230 kV Bonao 3 – PVDC_b,ElmLne,ZPVDCD_ZXPV1D-L1,1,0,0,0,0,0
,ZPVDCD_ZPBLAD-L1-SEL 311L,\VM-PF.IntUser\PDD 30-09-2025.IntPrj\Network Model.IntPrjfolder\Network Data.IntPrjfolder\Expansión 345 kV.ElmNet\PVDC.ElmSite\ZPVDCD.ElmSubstat\L1.ElmTerm\Cub_1.StaCubic\ZPVDCD_ZPBLAD-L1-SEL 311L.ElmRelay,,81D6,41.0,0.0,0.0416666679084301,1,,1,0,L1,,230.0,Cub_1,,230 kV Bonao 3 – PVDC_b,ElmLne,ZPVDCD_ZXPV1D-L1,1,0,0,0,0,0
,PVDC MINA,\VM-PF.IntUser\PDD 30-09-2025.IntPrj\Network Model.IntPrjfolder\Network Data.IntPrjfolder\Expansión 345 kV.ElmNet\PVDC.ElmSite\ZPVDCD.ElmSubstat\L2.ElmTerm\Cub_1.StaCubic\PVDC MINA.ElmRelay,,UNR 1 F<,59.29999923706055,0.0,0.10000000149011612,0,,0,1,L2,,230.0,Cub_1,,Demanda PVDC,ElmLod,ZPVDCD-D1,0,1,185.0,0.0,0,0
,PVDC MINA,\VM-PF.IntUser\PDD 30-09-2025.IntPrj\Network Model.IntPrjfolder\Network Data.IntPrjfolder\Expansión 345 kV.ElmNet\PVDC.ElmSite\ZPVDCD.ElmSubstat\L2.ElmTerm\Cub_1.StaCubic\PVDC MINA.ElmRelay,,UNR 2 F<,59.20000076293945,0.0,0.10000000149011612,0,,0,1,L2,,230.0,Cub_1,,Demanda PVDC,ElmLod,ZPVDCD-D1,0,1,185.0,0.0,0,0
,PVDC MINA,\VM-PF.IntUser\PDD 30-09-2025.IntPrj\Network Model.IntPrjfolder\Network Data.IntPrjfolder\Expansión 345 kV.ElmNet\PVDC.ElmSite\ZPVDCD.ElmSubstat\L2.ElmTerm\Cub_1.StaCubic\PVDC MINA.ElmRelay,,UNR 3 F<,59.099998474121094,0.0,0.10000000149011612,0,,0,1,L2,,230.0,Cub_1,,Demanda PVDC,ElmLod,ZPVDCD-D1,0,1,185.0,0.0,0,0
,PVDC MINA,\VM-PF.IntUser\PDD 30-09-2025.IntPrj\Network Model.IntPrjfolder\Network Data.IntPrjfolder\Expansión 345 kV.ElmNet\PVDC.ElmSite\ZPVDCD.ElmSubstat\L2.ElmTerm\Cub_1.StaCubic\PVDC MINA.ElmRelay,,UNR 4 F<,59.0,0.0,0.10000000149011612,0,,0,1,L2,,230.0,Cub_1,,Demanda PVDC,ElmLod,ZPVDCD-D1,0,1,185.0,0.0,0,0
,PVDC MINA,\VM-PF.IntUser\PDD 30-09-2025.IntPrj\Network Model.IntPrjfolder\Network Data.IntPrjfolder\Expansión 345 kV.ElmNet\PVDC.ElmSite\ZPVDCD.ElmSubstat\L2.ElmTerm\Cub_1.StaCubic\PVDC MINA.ElmRelay,,UNR 5 F<,58.900001525878906,0.0,0.10000000149011612,0,,0,1,L2,,230.0,Cub_1,,Demanda PVDC,ElmLod,ZPVDCD-D1,0,1,185.0,0.0,0,0
,PVDC MINA,\VM-PF.IntUser\PDD 30-09-2025.IntPrj\Network Model.IntPrjfolder\Network Data.IntPrjfolder\Expansión 345 kV.ElmNet\PVDC.ElmSite\ZPVDCD.ElmSubstat\L2.ElmTerm\Cub_1.StaCubic\PVDC MINA.ElmRelay,,UNR 6 F<,58.79999923706055,0.0,0.10000000149011612,0,,0,1,L2,,230.0,Cub_1,,Demanda PVDC,ElmLod,ZPVDCD-D1,0,1,185.0,0.0,0,0
,ZPVDCD_ZQU11D-L1-SEL 311L,\VM-PF.IntUser\PDD 30-09-2025.IntPrj\Network Model.IntPrjfolder\Network Data.IntPrjfolder\Expansión 345 kV.ElmNet\PVDC.ElmSite\ZPVDCD.ElmSubstat\R1.ElmTerm\Cub_1.StaCubic\ZPVDCD_ZQU11D-L1-SEL 311L.ElmRelay,,81D1,41.0,0.0,0.0416666679084301,1,,1,0,R1,,230.0,Cub_1,,230 kV PVDC – Quisqueya 1_a,ElmLne,ZPVDBD_ZXPV2D-L1,1,0,0,0,0,0
,ZPVDCD_ZQU11D-L1-SEL 311L,\VM-PF.IntUser\PDD 30-09-2025.IntPrj\Network Model.IntPrjfolder\Network Data.IntPrjfolder\Expansión 345 kV.ElmNet\PVDC.ElmSite\ZPVDCD.ElmSubstat\R1.ElmTerm\Cub_1.StaCubic\ZPVDCD_ZQU11D-L1-SEL 311L.ElmRelay,,81D2,41.0,0.0,0.0416666679084301,1,,1,0,R1,,230.0,Cub_1,,230 kV PVDC – Quisqueya 1_a,ElmLne,ZPVDBD_ZXPV2D-L1,1,0,0,0,0,0
,ZPVDCD_ZQU11D-L1-SEL 311L,\VM-PF.IntUser\PDD 30-09-2025.IntPrj\Network Model.IntPrjfolder\Network Data.IntPrjfolder\Expansión 345 kV.ElmNet\PVDC.ElmSite\ZPVDCD.ElmSubstat\R1.ElmTerm\Cub_1.StaCubic\ZPVDCD_ZQU11D-L1-SEL 311L.ElmRelay,,81D3,41.0,0.0,0.0416666679084301,1,,1,0,R1,,230.0,Cub_1,,230 kV PVDC – Quisqueya 1_a,ElmLne,ZPVDBD_ZXPV2D-L1,1,0,0,0,0,0
,ZPVDCD_ZQU11D-L1-SEL 311L,\VM-PF.IntUser\PDD 30-09-2025.IntPrj\Network Model.IntPrjfolder\Network Data.IntPrjfolder\Expansión 345 kV.ElmNet\PVDC.ElmSite\ZPVDCD.ElmSubstat\R1.ElmTerm\Cub_1.StaCubic\ZPVDCD_ZQU11D-L1-SEL 311L.ElmRelay,,81D4,41.0,0.0,0.0416666679084301,1,,1,0,R1,,230.0,Cub_1,,230 kV PVDC – Quisqueya 1_a,ElmLne,ZPVDBD_ZXPV2D-L1,1,0,0,0,0,0
,ZPVDCD_ZQU11D-L1-SEL 311L,\VM-PF.IntUser\PDD 30-09-2025.IntPrj\Network Model.IntPrjfolder\Network Data.IntPrjfolder\Expansión 345 kV.ElmNet\PVDC.ElmSite\ZPVDCD.ElmSubstat\R1.ElmTerm\Cub_1.StaCubic\ZPVDCD_ZQU11D-L1-SEL 311L.ElmRelay,,81D5,41.0,0.0,0.0416666679084301,1,,1,0,R1,,230.0,Cub_1,,230 kV PVDC – Quisqueya 1_a,ElmLne,ZPVDBD_ZXPV2D-L1,1,0,0,0,0,0
,ZPVDCD_ZQU11D-L1-SEL 311L,\VM-PF.IntUser\PDD 30-09-2025.IntPrj\Network Model.IntPrjfolder\Network Data.IntPrjfolder\Expansión 345 kV.ElmNet\PVDC.ElmSite\ZPVDCD.ElmSubstat\R1.ElmTerm\Cub_1.StaCubic\ZPVDCD_ZQU11D-L1-SEL 311L.ElmRelay,,81D6,41.0,0.0,0.0416666679084301,1,,1,0,R1,,230.0,Cub_1,,230 kV PVDC – Quisqueya 1_a,ElmLne,ZPVDBD_ZXPV2D-L1,1,0,0,0,0,0
,SULTANA DEL ESTE 2 <f,\VM-PF.IntUser\PDD 30-09-2025.IntPrj\Network Model.IntPrjfolder\Network Data.IntPrjfolder\ESTE 138 kV.ElmNet\Sultana del Este.ElmSite\ZSESTE.ElmSubstat\2.ElmTerm\Cub_1.StaCubic\SULTANA DEL ESTE 2 <f.ElmRelay,,F<,57.0,0.0,2.0,1,,1,0,2,,138.0,Cub_1,,138/13.8 kV Transformador Sultana Este 2,ElmTr2,WSESTE_WSES2K-T1,0,0,0,0,0,0
,SULTANA DEL ESTE 2 >f,\VM-PF.IntUser\PDD 30-09-2025.IntPrj\Network Model.IntPrjfolder\Network Data.IntPrjfolder\ESTE 138 kV.ElmNet\Sultana del Este.ElmSite\ZSESTE.ElmSubstat\2.ElmTerm\Cub_1.StaCubic\SULTANA DEL ESTE 2 >f.ElmRelay,,F>,64.0,0.0,2.0,1,,1,0,2,,138.0,Cub_1,,138/13.8 kV Transformador Sultana Este 2,ElmTr2,WSESTE_WSES2K-T1,0,0,0,0,0,0
,SULTANA DEL ESTE 2 >f,\VM-PF.IntUser\PDD 30-09-2025.IntPrj\Network Model.IntPrjfolder\Network Data.IntPrjfolder\ESTE 138 kV.ElmNet\Sultana del Este.ElmSite\ZSESTE.ElmSubstat\2.ElmTerm\Cub_1.StaCubic\SULTANA DEL ESTE 2 >f.ElmRelay,,dFdt,0.0,0.0,0.0,1,,1,0,2,,138.0,Cub_1,,138/13.8 kV Transformador Sultana Este 2,ElmTr2,WSESTE_WSES2K-T1,0,0,0,0,0,0
,SULTANA DEL ESTE 1 <f,\VM-PF.IntUser\PDD 30-09-2025.IntPrj\Network Model.IntPrjfolder\Network Data.IntPrjfolder\ESTE 138 kV.ElmNet\Sultana del Este.ElmSite\ZSESTE.ElmSubstat\4.ElmTerm\Cub_1.StaCubic\SULTANA DEL ESTE 1 <f.ElmRelay,,F<,57.0,0.0,2.0,1,,1,0,4,,138.0,Cub_1,,138/13.8 kV Transformador Sultana Este 1,ElmTr2,WSESTE_WSES1K-T1,0,0,0,0,1,43.5
,SULTANA DEL ESTE 1 >f,\VM-PF.IntUser\PDD 30-09-2025.IntPrj\Network Model.IntPrjfolder\Network Data.IntPrjfolder\ESTE 138 kV.ElmNet\Sultana del Este.ElmSite\ZSESTE.ElmSubstat\4.ElmTerm\Cub_1.StaCubic\SULTANA DEL ESTE 1 >f.ElmRelay,,F>,64.0,0.0,2.0,1,,1,0,4,,138.0,Cub_1,,138/13.8 kV Transformador Sultana Este 1,ElmTr2,WSESTE_WSES1K-T1,0,0,0,0,1,43.5
,SULTANA DEL ESTE 1 >f,\VM-PF.IntUser\PDD 30-09-2025.IntPrj\Network Model.IntPrjfolder\Network Data.IntPrjfolder\ESTE 138 kV.ElmNet\Sultana del Este.ElmSite\ZSESTE.ElmSubstat\4.ElmTerm\Cub_1.StaCubic\SULTANA DEL ESTE 1 >f.ElmRelay,,dFdt,0.0,0.0,0.0,1,,1,0,4,,138.0,Cub_1,,138/13.8 kV Transformador Sultana Este 1,ElmTr2,WSESTE_WSES1K-T1,0,0,0,0,1,43.5
,ZSESTE_ZSPBEE-L1-SEL 311L,\VM-PF.IntUser\PDD 30-09-2025.IntPrj\Network Model.IntPrjfolder\Network Data.IntPrjfolder\ESTE 138 kV.ElmNet\Sultana del Este.ElmSite\ZSESTE.ElmSubstat\5.ElmTerm\Cub_1.StaCubic\ZSESTE_ZSPBEE-L1-SEL 311L.ElmRelay,,81D1,41.0,0.0,0.0416666679084301,1,,1,0,5,,138.0,Cub_1,,138 kV Derivación Sultana del Este,ElmLne,ZSESTE_ZXSP2E-L1,0,0,0,0,1,43.5
,ZSESTE_ZSPBEE-L1-SEL 311L,\VM-PF.IntUser\PDD 30-09-2025.IntPrj\Network Model.IntPrjfolder\Network Data.IntPrjfolder\ESTE 138 kV.ElmNet\Sultana del Este.ElmSite\ZSESTE.ElmSubstat\5.ElmTerm\Cub_1.StaCubic\ZSESTE_ZSPBEE-L1-SEL 311L.ElmRelay,,81D2,41.0,0.0,0.0416666679084301,1,,1,0,5,,138.0,Cub_1,,138 kV Derivación Sultana del Este,ElmLne,ZSESTE_ZXSP2E-L1,0,0,0,0,1,43.5
,ZSESTE_ZSPBEE-L1-SEL 311L,\VM-PF.IntUser\PDD 30-09-2025.IntPrj\Network Model.IntPrjfolder\Network Data.IntPrjfolder\ESTE 138 kV.ElmNet\Sultana del Este.ElmSite\ZSESTE.ElmSubstat\5.ElmTerm\Cub_1.StaCubic\ZSESTE_ZSPBEE-L1-SEL 311L.ElmRelay,,81D3,41.0,0.0,0.0416666679084301,1,,1,0,5,,138.0,Cub_1,,138 kV Derivación Sultana del Este,ElmLne,ZSESTE_ZXSP2E-L1,0,0,0,0,1,43.5
,ZSESTE_ZSPBEE-L1-SEL 311L,\VM-PF.IntUser\PDD 30-09-2025.IntPrj\Network Model.IntPrjfolder\Network Data.IntPrjfolder\ESTE 138 kV.ElmNet\Sultana del Este.ElmSite\ZSESTE.ElmSubstat\5.ElmTerm\Cub_1.StaCubic\ZSESTE_ZSPBEE-L1-SEL 311L.ElmRelay,,81D4,41.0,0.0,0.0416666679084301,1,,1,0,5,,138.0,Cub_1,,138 kV Derivación Sultana del Este,ElmLne,ZSESTE_ZXSP2E-L1,0,0,0,0,1,43.5
,ZSESTE_ZSPBEE-L1-SEL 311L,\VM-PF.IntUser\PDD 30-09-2025.IntPrj\Network Model.IntPrjfolder\Network Data.IntPrjfolder\ESTE 138 kV.ElmNet\Sultana del Este.ElmSite\ZSESTE.ElmSubstat\5.ElmTerm\Cub_1.StaCubic\ZSESTE_ZSPBEE-L1-SEL 311L.ElmRelay,,81D5,41.0,0.0,0.0416666679084301,1,,1,0,5,,138.0,Cub_1,,138 kV Derivación Sultana del Este,ElmLne,ZSESTE_ZXSP2E-L1,0,0,0,0,1,43.5
,ZSESTE_ZSPBEE-L1-SEL 311L,\VM-PF.IntUser\PDD 30-09-2025.IntPrj\Network Model.IntPrjfolder\Network Data.IntPrjfolder\ESTE 138 kV.ElmNet\Sultana del Este.ElmSite\ZSESTE.ElmSubstat\5.ElmTerm\Cub_1.StaCubic\ZSESTE_ZSPBEE-L1-SEL 311L.ElmRelay,,81D6,41.0,0.0,0.0416666679084301,1,,1,0,5,,138.0,Cub_1,,138 kV Derivación Sultana del Este,ElmLne,ZSESTE_ZXSP2E-L1,0,0,0,0,1,43.5
,ZLROME_ZHIGUE-L1-7SD52,\VM-PF.IntUser\PDD 30-09-2025.IntPrj\Network Model.IntPrjfolder\Network Data.IntPrjfolder\ESTE 138 kV.ElmNet\La Romana.ElmSite\ZLROME.ElmSubstat\1.ElmTerm\Cub_1.StaCubic\ZLROME_ZHIGUE-L1-7SD52.ElmRelay,Distance/Overcurrent/Voltage,f1,45.5,0.0,0.0,1,1,1,0,1,,138.0,Cub_1,,138 kV Cotoperí – La Romana,ElmLne,ZCOTOP_ZLROME-L1,1,0,0,0,0,0
,ZLROME_ZHIGUE-L1-7SD52,\VM-PF.IntUser\PDD 30-09-2025.IntPrj\Network Model.IntPrjfolder\Network Data.IntPrjfolder\ESTE 138 kV.ElmNet\La Romana.ElmSite\ZLROME.ElmSubstat\1.ElmTerm\Cub_1.StaCubic\ZLROME_ZHIGUE-L1-7SD52.ElmRelay,Distance/Overcurrent/Voltage,f2,45.5,0.0,0.0,1,1,1,0,1,,138.0,Cub_1,,138 kV Cotoperí – La Romana,ElmLne,ZCOTOP_ZLROME-L1,1,0,0,0,0,0
,ZLROME_ZHIGUE-L1-7SD52,\VM-PF.IntUser\PDD 30-09-2025.IntPrj\Network Model.IntPrjfolder\Network Data.IntPrjfolder\ESTE 138 kV.ElmNet\La Romana.ElmSite\ZLROME.ElmSubstat\1.ElmTerm\Cub_1.StaCubic\ZLROME_ZHIGUE-L1-7SD52.ElmRelay,Distance/Overcurrent/Voltage,f3,45.5,0.0,0.0,1,1,1,0,1,,138.0,Cub_1,,138 kV Cotoperí – La Romana,ElmLne,ZCOTOP_ZLROME-L1,1,0,0,0,0,0
,ZLROME_ZHIGUE-L1-7SD52,\VM-PF.IntUser\PDD 30-09-2025.IntPrj\Network Model.IntPrjfolder\Network Data.IntPrjfolder\ESTE 138 kV.ElmNet\La Romana.ElmSite\ZLROME.ElmSubstat\1.ElmTerm\Cub_1.StaCubic\ZLROME_ZHIGUE-L1-7SD52.ElmRelay,Distance/Overcurrent/Voltage,f4,45.5,0.0,0.0,1,1,1,0,1,,138.0,Cub_1,,138 kV Cotoperí – La Romana,ElmLne,ZCOTOP_ZLROME-L1,1,0,0,0,0,0
,ZLROME_ZHIGUE-L1-REL670,\VM-PF.IntUser\PDD 30-09-2025.IntPrj\Network Model.IntPrjfolder\Network Data.IntPrjfolder\ESTE 138 kV.ElmNet\La Romana.ElmSite\ZLROME.ElmSubstat\1.ElmTerm\Cub_1.StaCubic\ZLROME_ZHIGUE-L1-REL670.ElmRelay,PTOF PTUF PFRC 81,FRC1,0.0,0.0,0.0,1,0,1,0,1,,138.0,Cub_1,,138 kV Cotoperí – La Romana,ElmLne,ZCOTOP_ZLROME-L1,1,0,0,0,0,0
,ZLROME_ZHIGUE-L1-REL670,\VM-PF.IntUser\PDD 30-09-2025.IntPrj\Network Model.IntPrjfolder\Network Data.IntPrjfolder\ESTE 138 kV.ElmNet\La Romana.ElmSite\ZLROME.ElmSubstat\1.ElmTerm\Cub_1.StaCubic\ZLROME_ZHIGUE-L1-REL670.ElmRelay,PTOF PTUF PFRC 81,FRC2,0.0,0.0,0.0,1,0,1,0,1,,138.0,Cub_1,,138 kV Cotoperí – La Romana,ElmLne,ZCOTOP_ZLROME-L1,1,0,0,0,0,0
,ZLROME_ZHIGUE-L1-REL670,\VM-PF.IntUser\PDD 30-09-2025.IntPrj\Network Model.IntPrjfolder\Network Data.IntPrjfolder\ESTE 138 kV.ElmNet\La Romana.ElmSite\ZLROME.ElmSubstat\1.ElmTerm\Cub_1.StaCubic\ZLROME_ZHIGUE-L1-REL670.ElmRelay,PTOF PTUF PFRC 81,TOF,35.0,0.0,0.0,1,0,1,0,1,,138.0,Cub_1,,138 kV Cotoperí – La Romana,ElmLne,ZCOTOP_ZLROME-L1,1,0,0,0,0,0
,ZLROME_ZHIGUE-L1-REL670,\VM-PF.IntUser\PDD 30-09-2025.IntPrj\Network Model.IntPrjfolder\Network Data.IntPrjfolder\ESTE 138 kV.ElmNet\La Romana.ElmSite\ZLROME.ElmSubstat\1.ElmTerm\Cub_1.StaCubic\ZLROME_ZHIGUE-L1-REL670.ElmRelay,PTOF PTUF PFRC 81,TUF 1,35.0,0.0,0.0,1,0,1,0,1,,138.0,Cub_1,,138 kV Cotoperí – La Romana,ElmLne,ZCOTOP_ZLROME-L1,1,0,0,0,0,0
,ZLROME_ZHIGUE-L1-REL670,\VM-PF.IntUser\PDD 30-09-2025.IntPrj\Network Model.IntPrjfolder\Network Data.IntPrjfolder\ESTE 138 kV.ElmNet\La Romana.ElmSite\ZLROME.ElmSubstat\1.ElmTerm\Cub_1.StaCubic\ZLROME_ZHIGUE-L1-REL670.ElmRelay,PTOF PTUF PFRC 81,TUF 2,35.0,0.0,0.0,1,0,1,0,1,,138.0,Cub_1,,138 kV Cotoperí – La Romana,ElmLne,ZCOTOP_ZLROME-L1,1,0,0,0,0,0
,LA ROMANA 138,\VM-PF.IntUser\PDD 30-09-2025.IntPrj\Network Model.IntPrjfolder\Network Data.IntPrjfolder\ESTE 138 kV.ElmNet\La Romana.ElmSite\ZLROME.ElmSubstat\3.ElmTerm\Cub_1.StaCubic\LA ROMANA 138.ElmRelay,,EDE 1 F<,59.29999923706055,0.0,0.10000000149011612,0,,0,1,3,,138.0,Cub_1,,Demanda La Romana,ElmLod,ZLROME-D1,0,1,15.22,4.63,0,0
,LA ROMANA 138,\VM-PF.IntUser\PDD 30-09-2025.IntPrj\Network Model.IntPrjfolder\Network Data.IntPrjfolder\ESTE 138 kV.ElmNet\La Romana.ElmSite\ZLROME.ElmSubstat\3.ElmTerm\Cub_1.StaCubic\LA ROMANA 138.ElmRelay,,EDE 2 F<,59.20000076293945,0.0,0.10000000149011612,1,,0,0,3,,138.0,Cub_1,,Demanda La Romana,ElmLod,ZLROME-D1,0,1,15.22,4.63,0,0
,LA ROMANA 138,\VM-PF.IntUser\PDD 30-09-2025.IntPrj\Network Model.IntPrjfolder\Network Data.IntPrjfolder\ESTE 138 kV.ElmNet\La Romana.ElmSite\ZLROME.ElmSubstat\3.ElmTerm\Cub_1.StaCubic\LA ROMANA 138.ElmRelay,,EDE 3 F<,59.099998474121094,0.0,0.10000000149011612,1,,0,0,3,,138.0,Cub_1,,Demanda La Romana,ElmLod,ZLROME-D1,0,1,15.22,4.63,0,0
,LA ROMANA 138,\VM-PF.IntUser\PDD 30-09-2025.IntPrj\Network Model.IntPrjfolder\Network Data.IntPrjfolder\ESTE 138 kV.ElmNet\La Romana.ElmSite\ZLROME.ElmSubstat\3.ElmTerm\Cub_1.StaCubic\LA ROMANA 138.ElmRelay,,EDE 4 F<,59.0,0.0,0.10000000149011612,1,,0,0,3,,138.0,Cub_1,,Demanda La Romana,ElmLod,ZLROME-D1,0,1,15.22,4.63,0,0
,LA ROMANA 138,\VM-PF.IntUser\PDD 30-09-2025.IntPrj\Network Model.IntPrjfolder\Network Data.IntPrjfolder\ESTE 138 kV.ElmNet\La Romana.ElmSite\ZLROME.ElmSubstat\3.ElmTerm\Cub_1.StaCubic\LA ROMANA 138.ElmRelay,,EDE 5 F<,58.900001525878906,0.0,0.10000000149011612,1,,0,0,3,,138.0,Cub_1,,Demanda La Romana,ElmLod,ZLROME-D1,0,1,15.22,4.63,0,0
,LA ROMANA 138,\VM-PF.IntUser\PDD 30-09-2025.IntPrj\Network Model.IntPrjfolder\Network Data.IntPrjfolder\ESTE 138 kV.ElmNet\La Romana.ElmSite\ZLROME.ElmSubstat\3.ElmTerm\Cub_1.StaCubic\LA ROMANA 138.ElmRelay,,EDE 6 F<,58.79999923706055,0.0,0.10000000149011612,1,,0,0,3,,138.0,Cub_1,,Demanda La Romana,ElmLod,ZLROME-D1,0,1,15.22,4.63,0,0
,LA ROMANA 138 dF/dt,\VM-PF.IntUser\PDD 30-09-2025.IntPrj\Network Model.IntPrjfolder\Network Data.IntPrjfolder\ESTE 138 kV.ElmNet\La Romana.ElmSite\ZLROME.ElmSubstat\3.ElmTerm\Cub_1.StaCubic\LA ROMANA 138 dF/dt.ElmRelay,,EDE 0 F<,58.900001525878906,0.0,0.10000000149011612,0,,0,1,3,,138.0,Cub_1,,Demanda La Romana,ElmLod,ZLROME-D1,0,1,15.22,4.63,0,0
,LA ROMANA 138 dF/dt,\VM-PF.IntUser\PDD 30-09-2025.IntPrj\Network Model.IntPrjfolder\Network Data.IntPrjfolder\ESTE 138 kV.ElmNet\La Romana.ElmSite\ZLROME.ElmSubstat\3.ElmTerm\Cub_1.StaCubic\LA ROMANA 138 dF/dt.ElmRelay,,EDE 0 Start-dF/dt,59.29999923706055,0.0,0.0,0,,0,1,3,,138.0,Cub_1,,Demanda La Romana,ElmLod,ZLROME-D1,0,1,15.22,4.63,0,0
,LA ROMANA 138 dF/dt,\VM-PF.IntUser\PDD 30-09-2025.IntPrj\Network Model.IntPrjfolder\Network Data.IntPrjfolder\ESTE 138 kV.ElmNet\La Romana.ElmSite\ZLROME.ElmSubstat\3.ElmTerm\Cub_1.StaCubic\LA ROMANA 138 dF/dt.ElmRelay,,EDE 0 dF/dt,59.099998474121094,-2.0,0.0,0,,0,1,3,,138.0,Cub_1,,Demanda La Romana,ElmLod,ZLROME-D1,0,1,15.22,4.63,0,0
,LA ROMANA 138 dF/dt,\VM-PF.IntUser\PDD 30-09-2025.IntPrj\Network Model.IntPrjfolder\Network Data.IntPrjfolder\ESTE 138 kV.ElmNet\La Romana.ElmSite\ZLROME.ElmSubstat\3.ElmTerm\Cub_1.StaCubic\LA ROMANA 138 dF/dt.ElmRelay,,EDE 1 F<,58.900001525878906,0.0,0.10000000149011612,1,,0,0,3,,138.0,Cub_1,,Demanda La Romana,ElmLod,ZLROME-D1,0,1,15.22,4.63,0,0
,LA ROMANA 138 dF/dt,\VM-PF.IntUser\PDD 30-09-2025.IntPrj\Network Model.IntPrjfolder\Network Data.IntPrjfolder\ESTE 138 kV.ElmNet\La Romana.ElmSite\ZLROME.ElmSubstat\3.ElmTerm\Cub_1.StaCubic\LA ROMANA 138 dF/dt.ElmRelay,,EDE 1 Start-dF/dt,59.29999923706055,0.0,0.10000000149011612,1,,0,0,3,,138.0,Cub_1,,Demanda La Romana,ElmLod,ZLROME-D1,0,1,15.22,4.63,0,0
,LA ROMANA 138 dF/dt,\VM-PF.IntUser\PDD 30-09-2025.IntPrj\Network Model.IntPrjfolder\Network Data.IntPrjfolder\ESTE 138 kV.ElmNet\La Romana.ElmSite\ZLROME.ElmSubstat\3.ElmTerm\Cub_1.StaCubic\LA ROMANA 138 dF/dt.ElmRelay,,EDE 1 dF/dt,58.79999923706055,-2.0,0.10000000149011612,1,,0,0,3,,138.0,Cub_1,,Demanda La Romana,ElmLod,ZLROME-D1,0,1,15.22,4.63,0,0
,LA ROMANA 138 dF/dt,\VM-PF.IntUser\PDD 30-09-2025.IntPrj\Network Model.IntPrjfolder\Network Data.IntPrjfolder\ESTE 138 kV.ElmNet\La Romana.ElmSite\ZLROME.ElmSubstat\3.ElmTerm\Cub_1.StaCubic\LA ROMANA 138 dF/dt.ElmRelay,,EDE 2 F<,59.20000076293945,0.0,0.0,1,,0,0,3,,138.0,Cub_1,,Demanda La Romana,ElmLod,ZLROME-D1,0,1,15.22,4.63,0,0
,LA ROMANA 138 dF/dt,\VM-PF.IntUser\PDD 30-09-2025.IntPrj\Network Model.IntPrjfolder\Network Data.IntPrjfolder\ESTE 138 kV.ElmNet\La Romana.ElmSite\ZLROME.ElmSubstat\3.ElmTerm\Cub_1.StaCubic\LA ROMANA 138 dF/dt.ElmRelay,,EDE 2 Start-dF/dt,59.20000076293945,0.0,0.0,1,,0,0,3,,138.0,Cub_1,,Demanda La Romana,ElmLod,ZLROME-D1,0,1,15.22,4.63,0,0
,LA ROMANA 138 dF/dt,\VM-PF.IntUser\PDD 30-09-2025.IntPrj\Network Model.IntPrjfolder\Network Data.IntPrjfolder\ESTE 138 kV.ElmNet\La Romana.ElmSite\ZLROME.ElmSubstat\3.ElmTerm\Cub_1.StaCubic\LA ROMANA 138 dF/dt.ElmRelay,,EDE 2 dF/dt,0.0,-2.0,0.0,1,,0,0,3,,138.0,Cub_1,,Demanda La Romana,ElmLod,ZLROME-D1,0,1,15.22,4.63,0,0
,LA ROMANA 138 dF/dt,\VM-PF.IntUser\PDD 30-09-2025.IntPrj\Network Model.IntPrjfolder\Network Data.IntPrjfolder\ESTE 138 kV.ElmNet\La Romana.ElmSite\ZLROME.ElmSubstat\3.ElmTerm\Cub_1.StaCubic\LA ROMANA 138 dF/dt.ElmRelay,,EDE 3 F<,59.099998474121094,0.0,0.0,1,,0,0,3,,138.0,Cub_1,,Demanda La Romana,ElmLod,ZLROME-D1,0,1,15.22,4.63,0,0
,LA ROMANA 138 dF/dt,\VM-PF.IntUser\PDD 30-09-2025.IntPrj\Network Model.IntPrjfolder\Network Data.IntPrjfolder\ESTE 138 kV.ElmNet\La Romana.ElmSite\ZLROME.ElmSubstat\3.ElmTerm\Cub_1.StaCubic\LA ROMANA 138 dF/dt.ElmRelay,,EDE 3 Start-dF/dt,59.099998474121094,0.0,0.0,1,,0,0,3,,138.0,Cub_1,,Demanda La Romana,ElmLod,ZLROME-D1,0,1,15.22,4.63,0,0
,LA ROMANA 138 dF/dt,\VM-PF.IntUser\PDD 30-09-2025.IntPrj\Network Model.IntPrjfolder\Network Data.IntPrjfolder\ESTE 138 kV.ElmNet\La Romana.ElmSite\ZLROME.ElmSubstat\3.ElmTerm\Cub_1.StaCubic\LA ROMANA 138 dF/dt.ElmRelay,,EDE 3 dF/dt,0.0,-2.0,0.0,1,,0,0,3,,138.0,Cub_1,,Demanda La Romana,ElmLod,ZLROME-D1,0,1,15.22,4.63,0,0
,LA ROMANA 138 dF/dt,\VM-PF.IntUser\PDD 30-09-2025.IntPrj\Network Model.IntPrjfolder\Network Data.IntPrjfolder\ESTE 138 kV.ElmNet\La Romana.ElmSite\ZLROME.ElmSubstat\3.ElmTerm\Cub_1.StaCubic\LA ROMANA 138 dF/dt.ElmRelay,,EDE 4 F<,59.0,0.0,0.0,1,,0,0,3,,138.0,Cub_1,,Demanda La Romana,ElmLod,ZLROME-D1,0,1,15.22,4.63,0,0
,LA ROMANA 138 dF/dt,\VM-PF.IntUser\PDD 30-09-2025.IntPrj\Network Model.IntPrjfolder\Network Data.IntPrjfolder\ESTE 138 kV.ElmNet\La Romana.ElmSite\ZLROME.ElmSubstat\3.ElmTerm\Cub_1.StaCubic\LA ROMANA 138 dF/dt.ElmRelay,,EDE 4 Start-dF/dt,59.0,0.0,0.0,1,,0,0,3,,138.0,Cub_1,,Demanda La Romana,ElmLod,ZLROME-D1,0,1,15.22,4.63,0,0
,LA ROMANA 138 dF/dt,\VM-PF.IntUser\PDD 30-09-2025.IntPrj\Network Model.IntPrjfolder\Network Data.IntPrjfolder\ESTE 138 kV.ElmNet\La Romana.ElmSite\ZLROME.ElmSubstat\3.ElmTerm\Cub_1.StaCubic\LA ROMANA 138 dF/dt.ElmRelay,,EDE 4 dF/dt,0.0,-2.0,0.0,1,,0,0,3,,138.0,Cub_1,,Demanda La Romana,ElmLod,ZLROME-D1,0,1,15.22,4.63,0,0
,LA ROMANA 138 dF/dt,\VM-PF.IntUser\PDD 30-09-2025.IntPrj\Network Model.IntPrjfolder\Network Data.IntPrjfolder\ESTE 138 kV.ElmNet\La Romana.ElmSite\ZLROME.ElmSubstat\3.ElmTerm\Cub_1.StaCubic\LA ROMANA 138 dF/dt.ElmRelay,,EDE 5 F<,58.900001525878906,0.0,0.0,1,,0,0,3,,138.0,Cub_1,,Demanda La Romana,ElmLod,ZLROME-D1,0,1,15.22,4.63,0,0
,LA ROMANA 138 dF/dt,\VM-PF.IntUser\PDD 30-09-2025.IntPrj\Network Model.IntPrjfolder\Network Data.IntPrjfolder\ESTE 138 kV.ElmNet\La Romana.ElmSite\ZLROME.ElmSubstat\3.ElmTerm\Cub_1.StaCubic\LA ROMANA 138 dF/dt.ElmRelay,,EDE 5 Start-dF/dt,58.900001525878906,0.0,0.0,1,,0,0,3,,138.0,Cub_1,,Demanda La Romana,ElmLod,ZLROME-D1,0,1,15.22,4.63,0,0
,LA ROMANA 138 dF/dt,\VM-PF.IntUser\PDD 30-09-2025.IntPrj\Network Model.IntPrjfolder\Network Data.IntPrjfolder\ESTE 138 kV.ElmNet\La Romana.ElmSite\ZLROME.ElmSubstat\3.ElmTerm\Cub_1.StaCubic\LA ROMANA 138 dF/dt.ElmRelay,,EDE 5 dF/dt,0.0,-2.0,0.0,1,,0,0,3,,138.0,Cub_1,,Demanda La Romana,ElmLod,ZLROME-D1,0,1,15.22,4.63,0,0
,LA ROMANA 138 dF/dt,\VM-PF.IntUser\PDD 30-09-2025.IntPrj\Network Model.IntPrjfolder\Network Data.IntPrjfolder\ESTE 138 kV.ElmNet\La Romana.ElmSite\ZLROME.ElmSubstat\3.ElmTerm\Cub_1.StaCubic\LA ROMANA 138 dF/dt.ElmRelay,,EDE 6 F<,58.79999923706055,0.0,0.0,1,,0,0,3,,138.0,Cub_1,,Demanda La Romana,ElmLod,ZLROME-D1,0,1,15.22,4.63,0,0
,LA ROMANA 138 dF/dt,\VM-PF.IntUser\PDD 30-09-2025.IntPrj\Network Model.IntPrjfolder\Network Data.IntPrjfolder\ESTE 138 kV.ElmNet\La Romana.ElmSite\ZLROME.ElmSubstat\3.ElmTerm\Cub_1.StaCubic\LA ROMANA 138 dF/dt.ElmRelay,,EDE 6 Start-dF/dt,58.79999923706055,0.0,0.0,1,,0,0,3,,138.0,Cub_1,,Demanda La Romana,ElmLod,ZLROME-D1,0,1,15.22,4.63,0,0
,LA ROMANA 138 dF/dt,\VM-PF.IntUser\PDD 30-09-2025.IntPrj\Network Model.IntPrjfolder\Network Data.IntPrjfolder\ESTE 138 kV.ElmNet\La Romana.ElmSite\ZLROME.ElmSubstat\3.ElmTerm\Cub_1.StaCubic\LA ROMANA 138 dF/dt.ElmRelay,,EDE 6 dF/dt,0.0,-2.0,0.0,1,,0,0,3,,138.0,Cub_1,,Demanda La Romana,ElmLod,ZLROME-D1,0,1,15.22,4.63,0,0
,ZLROME_ZSPMBE-L2-7SD52,\VM-PF.IntUser\PDD 30-09-2025.IntPrj\Network Model.IntPrjfolder\Network Data.IntPrjfolder\ESTE 138 kV.ElmNet\La Romana.ElmSite\ZLROME.ElmSubstat\4.ElmTerm\Cub_1.StaCubic\ZLROME_ZSPMBE-L2-7SD52.ElmRelay,Distance/Overcurrent/Voltage,f1,45.5,0.0,0.0,1,1,1,0,4,,138.0,Cub_1,,138 kV Cumayasa – La Romana_b,ElmLne,ZCUMAY_ZLROME-L1,1,0,0,0,0,0
,ZLROME_ZSPMBE-L2-7SD52,\VM-PF.IntUser\PDD 30-09-2025.IntPrj\Network Model.IntPrjfolder\Network Data.IntPrjfolder\ESTE 138 kV.ElmNet\La Romana.ElmSite\ZLROME.ElmSubstat\4.ElmTerm\Cub_1.StaCubic\ZLROME_ZSPMBE-L2-7SD52.ElmRelay,Distance/Overcurrent/Voltage,f2,45.5,0.0,0.0,1,1,1,0,4,,138.0,Cub_1,,138 kV Cumayasa – La Romana_b,ElmLne,ZCUMAY_ZLROME-L1,1,0,0,0,0,0
,ZLROME_ZSPMBE-L2-7SD52,\VM-PF.IntUser\PDD 30-09-2025.IntPrj\Network Model.IntPrjfolder\Network Data.IntPrjfolder\ESTE 138 kV.ElmNet\La Romana.ElmSite\ZLROME.ElmSubstat\4.ElmTerm\Cub_1.StaCubic\ZLROME_ZSPMBE-L2-7SD52.ElmRelay,Distance/Overcurrent/Voltage,f3,45.5,0.0,0.0,1,1,1,0,4,,138.0,Cub_1,,138 kV Cumayasa – La Romana_b,ElmLne,ZCUMAY_ZLROME-L1,1,0,0,0,0,0
,ZLROME_ZSPMBE-L2-7SD52,\VM-PF.IntUser\PDD 30-09-2025.IntPrj\Network Model.IntPrjfolder\Network Data.IntPrjfolder\ESTE 138 kV.ElmNet\La Romana.ElmSite\ZLROME.ElmSubstat\4.ElmTerm\Cub_1.StaCubic\ZLROME_ZSPMBE-L2-7SD52.ElmRelay,Distance/Overcurrent/Voltage,f4,45.5,0.0,0.0,1,1,1,0,4,,138.0,Cub_1,,138 kV Cumayasa – La Romana_b,ElmLne,ZCUMAY_ZLROME-L1,1,0,0,0,0,0
,ZLROME_ZSPMBE-L2-REL670,\VM-PF.IntUser\PDD 30-09-2025.IntPrj\Network Model.IntPrjfolder\Network Data.IntPrjfolder\ESTE 138 kV.ElmNet\La Romana.ElmSite\ZLROME.ElmSubstat\4.ElmTerm\Cub_1.StaCubic\ZLROME_ZSPMBE-L2-REL670.ElmRelay,PTOF PTUF PFRC 81,FRC1,0.0,0.0,0.0,1,0,1,0,4,,138.0,Cub_1,,138 kV Cumayasa – La Romana_b,ElmLne,ZCUMAY_ZLROME-L1,1,0,0,0,0,0
,ZLROME_ZSPMBE-L2-REL670,\VM-PF.IntUser\PDD 30-09-2025.IntPrj\Network Model.IntPrjfolder\Network Data.IntPrjfolder\ESTE 138 kV.ElmNet\La Romana.ElmSite\ZLROME.ElmSubstat\4.ElmTerm\Cub_1.StaCubic\ZLROME_ZSPMBE-L2-REL670.ElmRelay,PTOF PTUF PFRC 81,FRC2,0.0,0.0,0.0,1,0,1,0,4,,138.0,Cub_1,,138 kV Cumayasa – La Romana_b,ElmLne,ZCUMAY_ZLROME-L1,1,0,0,0,0,0
,ZLROME_ZSPMBE-L2-REL670,\VM-PF.IntUser\PDD 30-09-2025.IntPrj\Network Model.IntPrjfolder\Network Data.IntPrjfolder\ESTE 138 kV.ElmNet\La Romana.ElmSite\ZLROME.ElmSubstat\4.ElmTerm\Cub_1.StaCubic\ZLROME_ZSPMBE-L2-REL670.ElmRelay,PTOF PTUF PFRC 81,TOF,35.0,0.0,0.0,1,0,1,0,4,,138.0,Cub_1,,138 kV Cumayasa – La Romana_b,ElmLne,ZCUMAY_ZLROME-L1,1,0,0,0,0,0
,ZLROME_ZSPMBE-L2-REL670,\VM-PF.IntUser\PDD 30-09-2025.IntPrj\Network Model.IntPrjfolder\Network Data.IntPrjfolder\ESTE 138 kV.ElmNet\La Romana.ElmSite\ZLROME.ElmSubstat\4.ElmTerm\Cub_1.StaCubic\ZLROME_ZSPMBE-L2-REL670.ElmRelay,PTOF PTUF PFRC 81,TUF 1,35.0,0.0,0.0,1,0,1,0,4,,138.0,Cub_1,,138 kV Cumayasa – La Romana_b,ElmLne,ZCUMAY_ZLROME-L1,1,0,0,0,0,0
,ZLROME_ZSPMBE-L2-REL670,\VM-PF.IntUser\PDD 30-09-2025.IntPrj\Network Model.IntPrjfolder\Network Data.IntPrjfolder\ESTE 138 kV.ElmNet\La Romana.ElmSite\ZLROME.ElmSubstat\4.ElmTerm\Cub_1.StaCubic\ZLROME_ZSPMBE-L2-REL670.ElmRelay,PTOF PTUF PFRC 81,TUF 2,35.0,0.0,0.0,1,0,1,0,4,,138.0,Cub_1,,138 kV Cumayasa – La Romana_b,ElmLne,ZCUMAY_ZLROME-L1,1,0,0,0,0,0
,ZLROME_ZSPMBE-L1-7SD52,\VM-PF.IntUser\PDD 30-09-2025.IntPrj\Network Model.IntPrjfolder\Network Data.IntPrjfolder\ESTE 138 kV.ElmNet\La Romana.ElmSite\ZLROME.ElmSubstat\5.ElmTerm\Cub_1.StaCubic\ZLROME_ZSPMBE-L1-7SD52.ElmRelay,Distance/Overcurrent/Voltage,f1,45.5,0.0,0.0,1,1,1,0,5,,138.0,Cub_1,,138 kV Coastal – La Romana_c,ElmLne,ZXCU3E_ZLROME-L1,1,0,0,0,0,0
,ZLROME_ZSPMBE-L1-7SD52,\VM-PF.IntUser\PDD 30-09-2025.IntPrj\Network Model.IntPrjfolder\Network Data.IntPrjfolder\ESTE 138 kV.ElmNet\La Romana.ElmSite\ZLROME.ElmSubstat\5.ElmTerm\Cub_1.StaCubic\ZLROME_ZSPMBE-L1-7SD52.ElmRelay,Distance/Overcurrent/Voltage,f2,45.5,0.0,0.0,1,1,1,0,5,,138.0,Cub_1,,138 kV Coastal – La Romana_c,ElmLne,ZXCU3E_ZLROME-L1,1,0,0,0,0,0
,ZLROME_ZSPMBE-L1-7SD52,\VM-PF.IntUser\PDD 30-09-2025.IntPrj\Network Model.IntPrjfolder\Network Data.IntPrjfolder\ESTE 138 kV.ElmNet\La Romana.ElmSite\ZLROME.ElmSubstat\5.ElmTerm\Cub_1.StaCubic\ZLROME_ZSPMBE-L1-7SD52.ElmRelay,Distance/Overcurrent/Voltage,f3,45.5,0.0,0.0,1,1,1,0,5,,138.0,Cub_1,,138 kV Coastal – La Romana_c,ElmLne,ZXCU3E_ZLROME-L1,1,0,0,0,0,0
,ZLROME_ZSPMBE-L1-7SD52,\VM-PF.IntUser\PDD 30-09-2025.IntPrj\Network Model.IntPrjfolder\Network Data.IntPrjfolder\ESTE 138 kV.ElmNet\La Romana.ElmSite\ZLROME.ElmSubstat\5.ElmTerm\Cub_1.StaCubic\ZLROME_ZSPMBE-L1-7SD52.ElmRelay,Distance/Overcurrent/Voltage,f4,45.5,0.0,0.0,1,1,1,0,5,,138.0,Cub_1,,138 kV Coastal – La Romana_c,ElmLne,ZXCU3E_ZLROME-L1,1,0,0,0,0,0
,ZLROME_ZSPMBE-L1-REL670,\VM-PF.IntUser\PDD 30-09-2025.IntPrj\Network Model.IntPrjfolder\Network Data.IntPrjfolder\ESTE 138 kV.ElmNet\La Romana.ElmSite\ZLROME.ElmSubstat\5.ElmTerm\Cub_1.StaCubic\ZLROME_ZSPMBE-L1-REL670.ElmRelay,PTOF PTUF PFRC 81,FRC1,0.0,0.0,0.0,1,0,1,0,5,,138.0,Cub_1,,138 kV Coastal – La Romana_c,ElmLne,ZXCU3E_ZLROME-L1,1,0,0,0,0,0
,ZLROME_ZSPMBE-L1-REL670,\VM-PF.IntUser\PDD 30-09-2025.IntPrj\Network Model.IntPrjfolder\Network Data.IntPrjfolder\ESTE 138 kV.ElmNet\La Romana.ElmSite\ZLROME.ElmSubstat\5.ElmTerm\Cub_1.StaCubic\ZLROME_ZSPMBE-L1-REL670.ElmRelay,PTOF PTUF PFRC 81,FRC2,0.0,0.0,0.0,1,0,1,0,5,,138.0,Cub_1,,138 kV Coastal – La Romana_c,ElmLne,ZXCU3E_ZLROME-L1,1,0,0,0,0,0
,ZLROME_ZSPMBE-L1-REL670,\VM-PF.IntUser\PDD 30-09-2025.IntPrj\Network Model.IntPrjfolder\Network Data.IntPrjfolder\ESTE 138 kV.ElmNet\La Romana.ElmSite\ZLROME.ElmSubstat\5.ElmTerm\Cub_1.StaCubic\ZLROME_ZSPMBE-L1-REL670.ElmRelay,PTOF PTUF PFRC 81,TOF,35.0,0.0,0.0,1,0,1,0,5,,138.0,Cub_1,,138 kV Coastal – La Romana_c,ElmLne,ZXCU3E_ZLROME-L1,1,0,0,0,0,0
,ZLROME_ZSPMBE-L1-REL670,\VM-PF.IntUser\PDD 30-09-2025.IntPrj\Network Model.IntPrjfolder\Network Data.IntPrjfolder\ESTE 138 kV.ElmNet\La Romana.ElmSite\ZLROME.ElmSubstat\5.ElmTerm\Cub_1.StaCubic\ZLROME_ZSPMBE-L1-REL670.ElmRelay,PTOF PTUF PFRC 81,TUF 1,35.0,0.0,0.0,1,0,1,0,5,,138.0,Cub_1,,138 kV Coastal – La Romana_c,ElmLne,ZXCU3E_ZLROME-L1,1,0,0,0,0,0
,ZLROME_ZSPMBE-L1-REL670,\VM-PF.IntUser\PDD 30-09-2025.IntPrj\Network Model.IntPrjfolder\Network Data.IntPrjfolder\ESTE 138 kV.ElmNet\La Romana.ElmSite\ZLROME.ElmSubstat\5.ElmTerm\Cub_1.StaCubic\ZLROME_ZSPMBE-L1-REL670.ElmRelay,PTOF PTUF PFRC 81,TUF 2,35.0,0.0,0.0,1,0,1,0,5,,138.0,Cub_1,,138 kV Coastal – La Romana_c,ElmLne,ZXCU3E_ZLROME-L1,1,0,0,0,0,0
,ZLROME_ZSPMBE-L2-7SD52,\VM-PF.IntUser\PDD 30-09-2025.IntPrj\Network Model.IntPrjfolder\Network Data.IntPrjfolder\ESTE 138 kV.ElmNet\La Romana.ElmSite\ZLROME.ElmSubstat\6(1).ElmTerm\Cub_1.StaCubic\ZLROME_ZSPMBE-L2-7SD52.ElmRelay,Distance/Overcurrent/Voltage,f1,45.5,0.0,0.0,1,1,1,0,6(1),,138.0,Cub_1,,,,,0,0,0,0,0,0
,ZLROME_ZSPMBE-L2-7SD52,\VM-PF.IntUser\PDD 30-09-2025.IntPrj\Network Model.IntPrjfolder\Network Data.IntPrjfolder\ESTE 138 kV.ElmNet\La Romana.ElmSite\ZLROME.ElmSubstat\6(1).ElmTerm\Cub_1.StaCubic\ZLROME_ZSPMBE-L2-7SD52.ElmRelay,Distance/Overcurrent/Voltage,f2,45.5,0.0,0.0,1,1,1,0,6(1),,138.0,Cub_1,,,,,0,0,0,0,0,0
,ZLROME_ZSPMBE-L2-7SD52,\VM-PF.IntUser\PDD 30-09-2025.IntPrj\Network Model.IntPrjfolder\Network Data.IntPrjfolder\ESTE 138 kV.ElmNet\La Romana.ElmSite\ZLROME.ElmSubstat\6(1).ElmTerm\Cub_1.StaCubic\ZLROME_ZSPMBE-L2-7SD52.ElmRelay,Distance/Overcurrent/Voltage,f3,45.5,0.0,0.0,1,1,1,0,6(1),,138.0,Cub_1,,,,,0,0,0,0,0,0
,ZLROME_ZSPMBE-L2-7SD52,\VM-PF.IntUser\PDD 30-09-2025.IntPrj\Network Model.IntPrjfolder\Network Data.IntPrjfolder\ESTE 138 kV.ElmNet\La Romana.ElmSite\ZLROME.ElmSubstat\6(1).ElmTerm\Cub_1.StaCubic\ZLROME_ZSPMBE-L2-7SD52.ElmRelay,Distance/Overcurrent/Voltage,f4,45.5,0.0,0.0,1,1,1,0,6(1),,138.0,Cub_1,,,,,0,0,0,0,0,0
,ZLROME_ZSPMBE-L2-REL670,\VM-PF.IntUser\PDD 30-09-2025.IntPrj\Network Model.IntPrjfolder\Network Data.IntPrjfolder\ESTE 138 kV.ElmNet\La Romana.ElmSite\ZLROME.ElmSubstat\6(1).ElmTerm\Cub_1.StaCubic\ZLROME_ZSPMBE-L2-REL670.ElmRelay,PTOF PTUF PFRC 81,FRC1,0.0,0.0,0.0,1,0,1,0,6(1),,138.0,Cub_1,,,,,0,0,0,0,0,0
,ZLROME_ZSPMBE-L2-REL670,\VM-PF.IntUser\PDD 30-09-2025.IntPrj\Network Model.IntPrjfolder\Network Data.IntPrjfolder\ESTE 138 kV.ElmNet\La Romana.ElmSite\ZLROME.ElmSubstat\6(1).ElmTerm\Cub_1.StaCubic\ZLROME_ZSPMBE-L2-REL670.ElmRelay,PTOF PTUF PFRC 81,FRC2,0.0,0.0,0.0,1,0,1,0,6(1),,138.0,Cub_1,,,,,0,0,0,0,0,0
,ZLROME_ZSPMBE-L2-REL670,\VM-PF.IntUser\PDD 30-09-2025.IntPrj\Network Model.IntPrjfolder\Network Data.IntPrjfolder\ESTE 138 kV.ElmNet\La Romana.ElmSite\ZLROME.ElmSubstat\6(1).ElmTerm\Cub_1.StaCubic\ZLROME_ZSPMBE-L2-REL670.ElmRelay,PTOF PTUF PFRC 81,TOF,35.0,0.0,0.0,1,0,1,0,6(1),,138.0,Cub_1,,,,,0,0,0,0,0,0
,ZLROME_ZSPMBE-L2-REL670,\VM-PF.IntUser\PDD 30-09-2025.IntPrj\Network Model.IntPrjfolder\Network Data.IntPrjfolder\ESTE 138 kV.ElmNet\La Romana.ElmSite\ZLROME.ElmSubstat\6(1).ElmTerm\Cub_1.StaCubic\ZLROME_ZSPMBE-L2-REL670.ElmRelay,PTOF PTUF PFRC 81,TUF 1,35.0,0.0,0.0,1,0,1,0,6(1),,138.0,Cub_1,,,,,0,0,0,0,0,0
,ZLROME_ZSPMBE-L2-REL670,\VM-PF.IntUser\PDD 30-09-2025.IntPrj\Network Model.IntPrjfolder\Network Data.IntPrjfolder\ESTE 138 kV.ElmNet\La Romana.ElmSite\ZLROME.ElmSubstat\6(1).ElmTerm\Cub_1.StaCubic\ZLROME_ZSPMBE-L2-REL670.ElmRelay,PTOF PTUF PFRC 81,TUF 2,35.0,0.0,0.0,1,0,1,0,6(1),,138.0,Cub_1,,,,,0,0,0,0,0,0
,Lin. Romana-Higuey,\VM-PF.IntUser\PDD 30-09-2025.IntPrj\Network Model.IntPrjfolder\Network Data.IntPrjfolder\ESTE 138 kV.ElmNet\La Romana.ElmSite\ZLROMF.ElmSubstat\2.ElmTerm\Cub_1.StaCubic\Lin. Romana-Higuey.ElmRelay,,F<,58.70000076293945,0.0,0.10000000149011612,1,,1,0,2,,69.0,Cub_1,,69 kV Buena Vista – La Romana,ElmLne,ZBVISF_ZLROMF-L1,0,4,40.93,12.89,0,0
,Lin. Romana-Pintado,\VM-PF.IntUser\PDD 30-09-2025.IntPrj\Network Model.IntPrjfolder\Network Data.IntPrjfolder\ESTE 138 kV.ElmNet\La Romana.ElmSite\ZLROMF.ElmSubstat\3.ElmTerm\Cub_1.StaCubic\Lin. Romana-Pintado.ElmRelay,,F<,58.79999923706055,0.0,0.10000000149011612,1,,1,0,3,,69.0,Cub_1,,69 kV La Romana – La Romana Pueblo_a,ElmLne,ZLROMF_ZXCLRF-L1,0,3,29.16,9.58,0,0
,ZCEMEE_ZSPM2E-L1-7SD52,\VM-PF.IntUser\PDD 30-09-2025.IntPrj\Network Model.IntPrjfolder\Network Data.IntPrjfolder\ESTE 138 kV.ElmNet\CEMEX.ElmSite\ZCEMEE.ElmSubstat\WCEMEE(2).ElmTerm\WBCEMEE(2).StaCubic\ZCEMEE_ZSPM2E-L1-7SD52.ElmRelay,Distance/Overcurrent/Voltage,f1,45.5,0.0,0.0,1,1,1,0,WCEMEE(2),,138.0,WBCEMEE(2),,138 kV CEMEX – SPM 2,ElmLne,ZCEMEE_ZSPM2E-L1,0,2,32.12,4.54,1,7.64
,ZCEMEE_ZSPM2E-L1-7SD52,\VM-PF.IntUser\PDD 30-09-2025.IntPrj\Network Model.IntPrjfolder\Network Data.IntPrjfolder\ESTE 138 kV.ElmNet\CEMEX.ElmSite\ZCEMEE.ElmSubstat\WCEMEE(2).ElmTerm\WBCEMEE(2).StaCubic\ZCEMEE_ZSPM2E-L1-7SD52.ElmRelay,Distance/Overcurrent/Voltage,f2,45.5,0.0,0.0,1,1,1,0,WCEMEE(2),,138.0,WBCEMEE(2),,138 kV CEMEX – SPM 2,ElmLne,ZCEMEE_ZSPM2E-L1,0,2,32.12,4.54,1,7.64
,ZCEMEE_ZSPM2E-L1-7SD52,\VM-PF.IntUser\PDD 30-09-2025.IntPrj\Network Model.IntPrjfolder\Network Data.IntPrjfolder\ESTE 138 kV.ElmNet\CEMEX.ElmSite\ZCEMEE.ElmSubstat\WCEMEE(2).ElmTerm\WBCEMEE(2).StaCubic\ZCEMEE_ZSPM2E-L1-7SD52.ElmRelay,Distance/Overcurrent/Voltage,f3,45.5,0.0,0.0,1,1,1,0,WCEMEE(2),,138.0,WBCEMEE(2),,138 kV CEMEX – SPM 2,ElmLne,ZCEMEE_ZSPM2E-L1,0,2,32.12,4.54,1,7.64
,ZCEMEE_ZSPM2E-L1-7SD52,\VM-PF.IntUser\PDD 30-09-2025.IntPrj\Network Model.IntPrjfolder\Network Data.IntPrjfolder\ESTE 138 kV.ElmNet\CEMEX.ElmSite\ZCEMEE.ElmSubstat\WCEMEE(2).ElmTerm\WBCEMEE(2).StaCubic\ZCEMEE_ZSPM2E-L1-7SD52.ElmRelay,Distance/Overcurrent/Voltage,f4,45.5,0.0,0.0,1,1,1,0,WCEMEE(2),,138.0,WBCEMEE(2),,138 kV CEMEX – SPM 2,ElmLne,ZCEMEE_ZSPM2E-L1,0,2,32.12,4.54,1,7.64
,CEMEX,\VM-PF.IntUser\PDD 30-09-2025.IntPrj\Network Model.IntPrjfolder\Network Data.IntPrjfolder\ESTE 138 kV.ElmNet\CEMEX.ElmSite\ZCEMEK.ElmSubstat\L2.ElmTerm\Cub_1.StaCubic\CEMEX.ElmRelay,,UNR 1 F<,59.29999923706055,0.0,0.10000000149011612,1,,0,0,L2,,13.800000190734863,Cub_1,,Demanda CEMEX,ElmLod,ZCEMEE-D1,0,1,31.97,4.47,0,0
,CEMEX,\VM-PF.IntUser\PDD 30-09-2025.IntPrj\Network Model.IntPrjfolder\Network Data.IntPrjfolder\ESTE 138 kV.ElmNet\CEMEX.ElmSite\ZCEMEK.ElmSubstat\L2.ElmTerm\Cub_1.StaCubic\CEMEX.ElmRelay,,UNR 2 F<,59.20000076293945,0.0,0.10000000149011612,1,,0,0,L2,,13.800000190734863,Cub_1,,Demanda CEMEX,ElmLod,ZCEMEE-D1,0,1,31.97,4.47,0,0
,CEMEX,\VM-PF.IntUser\PDD 30-09-2025.IntPrj\Network Model.IntPrjfolder\Network Data.IntPrjfolder\ESTE 138 kV.ElmNet\CEMEX.ElmSite\ZCEMEK.ElmSubstat\L2.ElmTerm\Cub_1.StaCubic\CEMEX.ElmRelay,,UNR 3 F<,59.099998474121094,0.0,0.10000000149011612,1,,0,0,L2,,13.800000190734863,Cub_1,,Demanda CEMEX,ElmLod,ZCEMEE-D1,0,1,31.97,4.47,0,0
,CEMEX,\VM-PF.IntUser\PDD 30-09-2025.IntPrj\Network Model.IntPrjfolder\Network Data.IntPrjfolder\ESTE 138 kV.ElmNet\CEMEX.ElmSite\ZCEMEK.ElmSubstat\L2.ElmTerm\Cub_1.StaCubic\CEMEX.ElmRelay,,UNR 4 F<,59.0,0.0,0.10000000149011612,1,,0,0,L2,,13.800000190734863,Cub_1,,Demanda CEMEX,ElmLod,ZCEMEE-D1,0,1,31.97,4.47,0,0
,CEMEX,\VM-PF.IntUser\PDD 30-09-2025.IntPrj\Network Model.IntPrjfolder\Network Data.IntPrjfolder\ESTE 138 kV.ElmNet\CEMEX.ElmSite\ZCEMEK.ElmSubstat\L2.ElmTerm\Cub_1.StaCubic\CEMEX.ElmRelay,,UNR 5 F<,58.900001525878906,0.0,0.10000000149011612,1,,0,0,L2,,13.800000190734863,Cub_1,,Demanda CEMEX,ElmLod,ZCEMEE-D1,0,1,31.97,4.47,0,0
,CEMEX,\VM-PF.IntUser\PDD 30-09-2025.IntPrj\Network Model.IntPrjfolder\Network Data.IntPrjfolder\ESTE 138 kV.ElmNet\CEMEX.ElmSite\ZCEMEK.ElmSubstat\L2.ElmTerm\Cub_1.StaCubic\CEMEX.ElmRelay,,UNR 6 F<,58.79999923706055,0.0,0.10000000149011612,1,,0,0,L2,,13.800000190734863,Cub_1,,Demanda CEMEX,ElmLod,ZCEMEE-D1,0,1,31.97,4.47,0,0
,CEMEX dF/dt,\VM-PF.IntUser\PDD 30-09-2025.IntPrj\Network Model.IntPrjfolder\Network Data.IntPrjfolder\ESTE 138 kV.ElmNet\CEMEX.ElmSite\ZCEMEK.ElmSubstat\L2.ElmTerm\Cub_1.StaCubic\CEMEX dF/dt.ElmRelay,,UNR 0 F<,58.70000076293945,0.0,0.10000000149011612,1,,0,0,L2,,13.800000190734863,Cub_1,,Demanda CEMEX,ElmLod,ZCEMEE-D1,0,1,31.97,4.47,0,0
,CEMEX dF/dt,\VM-PF.IntUser\PDD 30-09-2025.IntPrj\Network Model.IntPrjfolder\Network Data.IntPrjfolder\ESTE 138 kV.ElmNet\CEMEX.ElmSite\ZCEMEK.ElmSubstat\L2.ElmTerm\Cub_1.StaCubic\CEMEX dF/dt.ElmRelay,,UNR 0 Start-dF/dt,59.29999923706055,0.0,0.10000000149011612,1,,0,0,L2,,13.800000190734863,Cub_1,,Demanda CEMEX,ElmLod,ZCEMEE-D1,0,1,31.97,4.47,0,0
,CEMEX dF/dt,\VM-PF.IntUser\PDD 30-09-2025.IntPrj\Network Model.IntPrjfolder\Network Data.IntPrjfolder\ESTE 138 kV.ElmNet\CEMEX.ElmSite\ZCEMEK.ElmSubstat\L2.ElmTerm\Cub_1.StaCubic\CEMEX dF/dt.ElmRelay,,UNR 0 dF/dt,59.099998474121094,-2.0,0.10000000149011612,1,,0,0,L2,,13.800000190734863,Cub_1,,Demanda CEMEX,ElmLod,ZCEMEE-D1,0,1,31.97,4.47,0,0
,CEMEX dF/dt,\VM-PF.IntUser\PDD 30-09-2025.IntPrj\Network Model.IntPrjfolder\Network Data.IntPrjfolder\ESTE 138 kV.ElmNet\CEMEX.ElmSite\ZCEMEK.ElmSubstat\L2.ElmTerm\Cub_1.StaCubic\CEMEX dF/dt.ElmRelay,,UNR 1 F<,58.79999923706055,0.0,0.10000000149011612,1,,0,0,L2,,13.800000190734863,Cub_1,,Demanda CEMEX,ElmLod,ZCEMEE-D1,0,1,31.97,4.47,0,0
,CEMEX dF/dt,\VM-PF.IntUser\PDD 30-09-2025.IntPrj\Network Model.IntPrjfolder\Network Data.IntPrjfolder\ESTE 138 kV.ElmNet\CEMEX.ElmSite\ZCEMEK.ElmSubstat\L2.ElmTerm\Cub_1.StaCubic\CEMEX dF/dt.ElmRelay,,UNR 1 Start-dF/dt,59.29999923706055,0.0,0.10000000149011612,1,,0,0,L2,,13.800000190734863,Cub_1,,Demanda CEMEX,ElmLod,ZCEMEE-D1,0,1,31.97,4.47,0,0
,CEMEX dF/dt,\VM-PF.IntUser\PDD 30-09-2025.IntPrj\Network Model.IntPrjfolder\Network Data.IntPrjfolder\ESTE 138 kV.ElmNet\CEMEX.ElmSite\ZCEMEK.ElmSubstat\L2.ElmTerm\Cub_1.StaCubic\CEMEX dF/dt.ElmRelay,,UNR 1 dF/dt,58.79999923706055,-2.0,0.10000000149011612,1,,0,0,L2,,13.800000190734863,Cub_1,,Demanda CEMEX,ElmLod,ZCEMEE-D1,0,1,31.97,4.47,0,0
,CEMEX dF/dt,\VM-PF.IntUser\PDD 30-09-2025.IntPrj\Network Model.IntPrjfolder\Network Data.IntPrjfolder\ESTE 138 kV.ElmNet\CEMEX.ElmSite\ZCEMEK.ElmSubstat\L2.ElmTerm\Cub_1.StaCubic\CEMEX dF/dt.ElmRelay,,UNR 2 F<,58.70000076293945,0.0,0.0,1,,0,0,L2,,13.800000190734863,Cub_1,,Demanda CEMEX,ElmLod,ZCEMEE-D1,0,1,31.97,4.47,0,0
,CEMEX dF/dt,\VM-PF.IntUser\PDD 30-09-2025.IntPrj\Network Model.IntPrjfolder\Network Data.IntPrjfolder\ESTE 138 kV.ElmNet\CEMEX.ElmSite\ZCEMEK.ElmSubstat\L2.ElmTerm\Cub_1.StaCubic\CEMEX dF/dt.ElmRelay,,UNR 2 Start-dF/dt,59.29999923706055,0.0,0.0,1,,0,0,L2,,13.800000190734863,Cub_1,,Demanda CEMEX,ElmLod,ZCEMEE-D1,0,1,31.97,4.47,0,0
,CEMEX dF/dt,\VM-PF.IntUser\PDD 30-09-2025.IntPrj\Network Model.IntPrjfolder\Network Data.IntPrjfolder\ESTE 138 kV.ElmNet\CEMEX.ElmSite\ZCEMEK.ElmSubstat\L2.ElmTerm\Cub_1.StaCubic\CEMEX dF/dt.ElmRelay,,UNR 2 dF/dt,0.0,-2.0,0.0,1,,0,0,L2,,13.800000190734863,Cub_1,,Demanda CEMEX,ElmLod,ZCEMEE-D1,0,1,31.97,4.47,0,0
,CEMEX dF/dt,\VM-PF.IntUser\PDD 30-09-2025.IntPrj\Network Model.IntPrjfolder\Network Data.IntPrjfolder\ESTE 138 kV.ElmNet\CEMEX.ElmSite\ZCEMEK.ElmSubstat\L2.ElmTerm\Cub_1.StaCubic\CEMEX dF/dt.ElmRelay,,UNR 3 F<,59.099998474121094,0.0,0.0,1,,0,0,L2,,13.800000190734863,Cub_1,,Demanda CEMEX,ElmLod,ZCEMEE-D1,0,1,31.97,4.47,0,0
,CEMEX dF/dt,\VM-PF.IntUser\PDD 30-09-2025.IntPrj\Network Model.IntPrjfolder\Network Data.IntPrjfolder\ESTE 138 kV.ElmNet\CEMEX.ElmSite\ZCEMEK.ElmSubstat\L2.ElmTerm\Cub_1.StaCubic\CEMEX dF/dt.ElmRelay,,UNR 3 Start-dF/dt,59.099998474121094,0.0,0.0,1,,0,0,L2,,13.800000190734863,Cub_1,,Demanda CEMEX,ElmLod,ZCEMEE-D1,0,1,31.97,4.47,0,0
,CEMEX dF/dt,\VM-PF.IntUser\PDD 30-09-2025.IntPrj\Network Model.IntPrjfolder\Network Data.IntPrjfolder\ESTE 138 kV.ElmNet\CEMEX.ElmSite\ZCEMEK.ElmSubstat\L2.ElmTerm\Cub_1.StaCubic\CEMEX dF/dt.ElmRelay,,UNR 3 dF/dt,0.0,-2.0,0.0,1,,0,0,L2,,13.800000190734863,Cub_1,,Demanda CEMEX,ElmLod,ZCEMEE-D1,0,1,31.97,4.47,0,0
,CEMEX dF/dt,\VM-PF.IntUser\PDD 30-09-2025.IntPrj\Network Model.IntPrjfolder\Network Data.IntPrjfolder\ESTE 138 kV.ElmNet\CEMEX.ElmSite\ZCEMEK.ElmSubstat\L2.ElmTerm\Cub_1.StaCubic\CEMEX dF/dt.ElmRelay,,UNR 4 F<,59.0,0.0,0.0,1,,0,0,L2,,13.800000190734863,Cub_1,,Demanda CEMEX,ElmLod,ZCEMEE-D1,0,1,31.97,4.47,0,0
,CEMEX dF/dt,\VM-PF.IntUser\PDD 30-09-2025.IntPrj\Network Model.IntPrjfolder\Network Data.IntPrjfolder\ESTE 138 kV.ElmNet\CEMEX.ElmSite\ZCEMEK.ElmSubstat\L2.ElmTerm\Cub_1.StaCubic\CEMEX dF/dt.ElmRelay,,UNR 4 Start-dF/dt,59.0,0.0,0.0,1,,0,0,L2,,13.800000190734863,Cub_1,,Demanda CEMEX,ElmLod,ZCEMEE-D1,0,1,31.97,4.47,0,0
,CEMEX dF/dt,\VM-PF.IntUser\PDD 30-09-2025.IntPrj\Network Model.IntPrjfolder\Network Data.IntPrjfolder\ESTE 138 kV.ElmNet\CEMEX.ElmSite\ZCEMEK.ElmSubstat\L2.ElmTerm\Cub_1.StaCubic\CEMEX dF/dt.ElmRelay,,UNR 4 dF/dt,0.0,-2.0,0.0,1,,0,0,L2,,13.800000190734863,Cub_1,,Demanda CEMEX,ElmLod,ZCEMEE-D1,0,1,31.97,4.47,0,0
,CEMEX dF/dt,\VM-PF.IntUser\PDD 30-09-2025.IntPrj\Network Model.IntPrjfolder\Network Data.IntPrjfolder\ESTE 138 kV.ElmNet\CEMEX.ElmSite\ZCEMEK.ElmSubstat\L2.ElmTerm\Cub_1.StaCubic\CEMEX dF/dt.ElmRelay,,UNR 5 F<,58.900001525878906,0.0,0.0,1,,0,0,L2,,13.800000190734863,Cub_1,,Demanda CEMEX,ElmLod,ZCEMEE-D1,0,1,31.97,4.47,0,0
,CEMEX dF/dt,\VM-PF.IntUser\PDD 30-09-2025.IntPrj\Network Model.IntPrjfolder\Network Data.IntPrjfolder\ESTE 138 kV.ElmNet\CEMEX.ElmSite\ZCEMEK.ElmSubstat\L2.ElmTerm\Cub_1.StaCubic\CEMEX dF/dt.ElmRelay,,UNR 5 Start-dF/dt,58.900001525878906,0.0,0.0,1,,0,0,L2,,13.800000190734863,Cub_1,,Demanda CEMEX,ElmLod,ZCEMEE-D1,0,1,31.97,4.47,0,0
,CEMEX dF/dt,\VM-PF.IntUser\PDD 30-09-2025.IntPrj\Network Model.IntPrjfolder\Network Data.IntPrjfolder\ESTE 138 kV.ElmNet\CEMEX.ElmSite\ZCEMEK.ElmSubstat\L2.ElmTerm\Cub_1.StaCubic\CEMEX dF/dt.ElmRelay,,UNR 5 dF/dt,0.0,-2.0,0.0,1,,0,0,L2,,13.800000190734863,Cub_1,,Demanda CEMEX,ElmLod,ZCEMEE-D1,0,1,31.97,4.47,0,0
,CEMEX dF/dt,\VM-PF.IntUser\PDD 30-09-2025.IntPrj\Network Model.IntPrjfolder\Network Data.IntPrjfolder\ESTE 138 kV.ElmNet\CEMEX.ElmSite\ZCEMEK.ElmSubstat\L2.ElmTerm\Cub_1.StaCubic\CEMEX dF/dt.ElmRelay,,UNR 6 F<,58.79999923706055,0.0,0.0,1,,0,0,L2,,13.800000190734863,Cub_1,,Demanda CEMEX,ElmLod,ZCEMEE-D1,0,1,31.97,4.47,0,0
,CEMEX dF/dt,\VM-PF.IntUser\PDD 30-09-2025.IntPrj\Network Model.IntPrjfolder\Network Data.IntPrjfolder\ESTE 138 kV.ElmNet\CEMEX.ElmSite\ZCEMEK.ElmSubstat\L2.ElmTerm\Cub_1.StaCubic\CEMEX dF/dt.ElmRelay,,UNR 6 Start-dF/dt,58.79999923706055,0.0,0.0,1,,0,0,L2,,13.800000190734863,Cub_1,,Demanda CEMEX,ElmLod,ZCEMEE-D1,0,1,31.97,4.47,0,0
,CEMEX dF/dt,\VM-PF.IntUser\PDD 30-09-2025.IntPrj\Network Model.IntPrjfolder\Network Data.IntPrjfolder\ESTE 138 kV.ElmNet\CEMEX.ElmSite\ZCEMEK.ElmSubstat\L2.ElmTerm\Cub_1.StaCubic\CEMEX dF/dt.ElmRelay,,UNR 6 dF/dt,0.0,-2.0,0.0,1,,0,0,L2,,13.800000190734863,Cub_1,,Demanda CEMEX,ElmLod,ZCEMEE-D1,0,1,31.97,4.47,0,0
,ZLORIE_ZSPM2E-L1-P141,\VM-PF.IntUser\PDD 30-09-2025.IntPrj\Network Model.IntPrjfolder\Network Data.IntPrjfolder\ESTE 138 kV.ElmNet\Los Orígenes.ElmSite\ZLORIE.ElmSubstat\1.ElmTerm\Cub_1.StaCubic\ZLORIE_ZSPM2E-L1-P141.ElmRelay,,df/dt<1,0.0,0.10000000149011612,0.0,1,,1,0,1,,138.0,Cub_1,,138 kV Los Orígenes – SPM 2_a,ElmLne,ZLORIE_ZXLO2E-L1,1,0,0,0,0,0
,ZLORIE_ZSPM2E-L1-P141,\VM-PF.IntUser\PDD 30-09-2025.IntPrj\Network Model.IntPrjfolder\Network Data.IntPrjfolder\ESTE 138 kV.ElmNet\Los Orígenes.ElmSite\ZLORIE.ElmSubstat\1.ElmTerm\Cub_1.StaCubic\ZLORIE_ZSPM2E-L1-P141.ElmRelay,,df/dt<2,0.0,0.10000000149011612,0.0,1,,1,0,1,,138.0,Cub_1,,138 kV Los Orígenes – SPM 2_a,ElmLne,ZLORIE_ZXLO2E-L1,1,0,0,0,0,0
,ZLORIE_ZSPM2E-L1-P141,\VM-PF.IntUser\PDD 30-09-2025.IntPrj\Network Model.IntPrjfolder\Network Data.IntPrjfolder\ESTE 138 kV.ElmNet\Los Orígenes.ElmSite\ZLORIE.ElmSubstat\1.ElmTerm\Cub_1.StaCubic\ZLORIE_ZSPM2E-L1-P141.ElmRelay,,df/dt<3,0.0,0.10000000149011612,0.0,1,,1,0,1,,138.0,Cub_1,,138 kV Los Orígenes – SPM 2_a,ElmLne,ZLORIE_ZXLO2E-L1,1,0,0,0,0,0
,ZLORIE_ZSPM2E-L1-P141,\VM-PF.IntUser\PDD 30-09-2025.IntPrj\Network Model.IntPrjfolder\Network Data.IntPrjfolder\ESTE 138 kV.ElmNet\Los Orígenes.ElmSite\ZLORIE.ElmSubstat\1.ElmTerm\Cub_1.StaCubic\ZLORIE_ZSPM2E-L1-P141.ElmRelay,,df/dt<4,0.0,0.10000000149011612,0.0,1,,1,0,1,,138.0,Cub_1,,138 kV Los Orígenes – SPM 2_a,ElmLne,ZLORIE_ZXLO2E-L1,1,0,0,0,0,0
,ZLORIE_ZSPM2E-L1-P141,\VM-PF.IntUser\PDD 30-09-2025.IntPrj\Network Model.IntPrjfolder\Network Data.IntPrjfolder\ESTE 138 kV.ElmNet\Los Orígenes.ElmSite\ZLORIE.ElmSubstat\1.ElmTerm\Cub_1.StaCubic\ZLORIE_ZSPM2E-L1-P141.ElmRelay,,f<1,48.0,0.0,0.30000001192092896,1,,1,0,1,,138.0,Cub_1,,138 kV Los Orígenes – SPM 2_a,ElmLne,ZLORIE_ZXLO2E-L1,1,0,0,0,0,0
,ZLORIE_ZSPM2E-L1-P141,\VM-PF.IntUser\PDD 30-09-2025.IntPrj\Network Model.IntPrjfolder\Network Data.IntPrjfolder\ESTE 138 kV.ElmNet\Los Orígenes.ElmSite\ZLORIE.ElmSubstat\1.ElmTerm\Cub_1.StaCubic\ZLORIE_ZSPM2E-L1-P141.ElmRelay,,f<2,46.0,0.0,0.0,1,,1,0,1,,138.0,Cub_1,,138 kV Los Orígenes – SPM 2_a,ElmLne,ZLORIE_ZXLO2E-L1,1,0,0,0,0,0
,ZLORIE_ZSPM2E-L1-P141,\VM-PF.IntUser\PDD 30-09-2025.IntPrj\Network Model.IntPrjfolder\Network Data.IntPrjfolder\ESTE 138 kV.ElmNet\Los Orígenes.ElmSite\ZLORIE.ElmSubstat\1.ElmTerm\Cub_1.StaCubic\ZLORIE_ZSPM2E-L1-P141.ElmRelay,,f<3,52.0,0.0,0.30000001192092896,1,,1,0,1,,138.0,Cub_1,,138 kV Los Orígenes – SPM 2_a,ElmLne,ZLORIE_ZXLO2E-L1,1,0,0,0,0,0
,ZLORIE_ZSPM2E-L1-P141,\VM-PF.IntUser\PDD 30-09-2025.IntPrj\Network Model.IntPrjfolder\Network Data.IntPrjfolder\ESTE 138 kV.ElmNet\Los Orígenes.ElmSite\ZLORIE.ElmSubstat\1.ElmTerm\Cub_1.StaCubic\ZLORIE_ZSPM2E-L1-P141.ElmRelay,,f<4,54.0,0.0,0.0,1,,1,0,1,,138.0,Cub_1,,138 kV Los Orígenes – SPM 2_a,ElmLne,ZLORIE_ZXLO2E-L1,1,0,0,0,0,0
,ZLORIE_ZSPM2E-L1-P141,\VM-PF.IntUser\PDD 30-09-2025.IntPrj\Network Model.IntPrjfolder\Network Data.IntPrjfolder\ESTE 138 kV.ElmNet\Los Orígenes.ElmSite\ZLORIE.ElmSubstat\1.ElmTerm\Cub_1.StaCubic\ZLORIE_ZSPM2E-L1-P141.ElmRelay,,f>1,45.0,0.0,0.0,1,,1,0,1,,138.0,Cub_1,,138 kV Los Orígenes – SPM 2_a,ElmLne,ZLORIE_ZXLO2E-L1,1,0,0,0,0,0
,ZLORIE_ZSPM2E-L1-P141,\VM-PF.IntUser\PDD 30-09-2025.IntPrj\Network Model.IntPrjfolder\Network Data.IntPrjfolder\ESTE 138 kV.ElmNet\Los Orígenes.ElmSite\ZLORIE.ElmSubstat\1.ElmTerm\Cub_1.StaCubic\ZLORIE_ZSPM2E-L1-P141.ElmRelay,,f>2,45.0,0.0,0.0,1,,1,0,1,,138.0,Cub_1,,138 kV Los Orígenes – SPM 2_a,ElmLne,ZLORIE_ZXLO2E-L1,1,0,0,0,0,0
,ZLORIE_ZSPM2E-L1-7SD52,\VM-PF.IntUser\PDD 30-09-2025.IntPrj\Network Model.IntPrjfolder\Network Data.IntPrjfolder\ESTE 138 kV.ElmNet\Los Orígenes.ElmSite\ZLORIE.ElmSubstat\1.ElmTerm\Cub_1.StaCubic\ZLORIE_ZSPM2E-L1-7SD52.ElmRelay,Distance/Overcurrent/Voltage,f1,45.5,0.0,0.0,1,1,1,0,1,,138.0,Cub_1,,138 kV Los Orígenes – SPM 2_a,ElmLne,ZLORIE_ZXLO2E-L1,1,0,0,0,0,0
,ZLORIE_ZSPM2E-L1-7SD52,\VM-PF.IntUser\PDD 30-09-2025.IntPrj\Network Model.IntPrjfolder\Network Data.IntPrjfolder\ESTE 138 kV.ElmNet\Los Orígenes.ElmSite\ZLORIE.ElmSubstat\1.ElmTerm\Cub_1.StaCubic\ZLORIE_ZSPM2E-L1-7SD52.ElmRelay,Distance/Overcurrent/Voltage,f2,45.5,0.0,0.0,1,1,1,0,1,,138.0,Cub_1,,138 kV Los Orígenes – SPM 2_a,ElmLne,ZLORIE_ZXLO2E-L1,1,0,0,0,0,0
,ZLORIE_ZSPM2E-L1-7SD52,\VM-PF.IntUser\PDD 30-09-2025.IntPrj\Network Model.IntPrjfolder\Network Data.IntPrjfolder\ESTE 138 kV.ElmNet\Los Orígenes.ElmSite\ZLORIE.ElmSubstat\1.ElmTerm\Cub_1.StaCubic\ZLORIE_ZSPM2E-L1-7SD52.ElmRelay,Distance/Overcurrent/Voltage,f3,45.5,0.0,0.0,1,1,1,0,1,,138.0,Cub_1,,138 kV Los Orígenes – SPM 2_a,ElmLne,ZLORIE_ZXLO2E-L1,1,0,0,0,0,0
,ZLORIE_ZSPM2E-L1-7SD52,\VM-PF.IntUser\PDD 30-09-2025.IntPrj\Network Model.IntPrjfolder\Network Data.IntPrjfolder\ESTE 138 kV.ElmNet\Los Orígenes.ElmSite\ZLORIE.ElmSubstat\1.ElmTerm\Cub_1.StaCubic\ZLORIE_ZSPM2E-L1-7SD52.ElmRelay,Distance/Overcurrent/Voltage,f4,45.5,0.0,0.0,1,1,1,0,1,,138.0,Cub_1,,138 kV Los Orígenes – SPM 2_a,ElmLne,ZLORIE_ZXLO2E-L1,1,0,0,0,0,0
,ZLORIE_ZXLO1E-L1-RED670,\VM-PF.IntUser\PDD 30-09-2025.IntPrj\Network Model.IntPrjfolder\Network Data.IntPrjfolder\ESTE 138 kV.ElmNet\Los Orígenes.ElmSite\ZLORIE.ElmSubstat\2.ElmTerm\Cub_1.StaCubic\ZLORIE_ZXLO1E-L1-RED670.ElmRelay,PTOF PTUF PFRC 81,FRC1,0.0,0.0,0.0,1,0,1,0,2,,138.0,Cub_1,,138 kV Los Orígenes – SPM_a,ElmLne,ZLORIE_ZXLO1E-L1,1,0,0,0,0,0
,ZLORIE_ZXLO1E-L1-RED670,\VM-PF.IntUser\PDD 30-09-2025.IntPrj\Network Model.IntPrjfolder\Network Data.IntPrjfolder\ESTE 138 kV.ElmNet\Los Orígenes.ElmSite\ZLORIE.ElmSubstat\2.ElmTerm\Cub_1.StaCubic\ZLORIE_ZXLO1E-L1-RED670.ElmRelay,PTOF PTUF PFRC 81,FRC2,0.0,0.0,0.0,1,0,1,0,2,,138.0,Cub_1,,138 kV Los Orígenes – SPM_a,ElmLne,ZLORIE_ZXLO1E-L1,1,0,0,0,0,0
,ZLORIE_ZXLO1E-L1-RED670,\VM-PF.IntUser\PDD 30-09-2025.IntPrj\Network Model.IntPrjfolder\Network Data.IntPrjfolder\ESTE 138 kV.ElmNet\Los Orígenes.ElmSite\ZLORIE.ElmSubstat\2.ElmTerm\Cub_1.StaCubic\ZLORIE_ZXLO1E-L1-RED670.ElmRelay,PTOF PTUF PFRC 81,TOF,35.0,0.0,0.0,1,0,1,0,2,,138.0,Cub_1,,138 kV Los Orígenes – SPM_a,ElmLne,ZLORIE_ZXLO1E-L1,1,0,0,0,0,0
,ZLORIE_ZXLO1E-L1-RED670,\VM-PF.IntUser\PDD 30-09-2025.IntPrj\Network Model.IntPrjfolder\Network Data.IntPrjfolder\ESTE 138 kV.ElmNet\Los Orígenes.ElmSite\ZLORIE.ElmSubstat\2.ElmTerm\Cub_1.StaCubic\ZLORIE_ZXLO1E-L1-RED670.ElmRelay,PTOF PTUF PFRC 81,TUF 1,35.0,0.0,0.0,1,0,1,0,2,,138.0,Cub_1,,138 kV Los Orígenes – SPM_a,ElmLne,ZLORIE_ZXLO1E-L1,1,0,0,0,0,0
,ZLORIE_ZXLO1E-L1-RED670,\VM-PF.IntUser\PDD 30-09-2025.IntPrj\Network Model.IntPrjfolder\Network Data.IntPrjfolder\ESTE 138 kV.ElmNet\Los Orígenes.ElmSite\ZLORIE.ElmSubstat\2.ElmTerm\Cub_1.StaCubic\ZLORIE_ZXLO1E-L1-RED670.ElmRelay,PTOF PTUF PFRC 81,TUF 2,35.0,0.0,0.0,1,0,1,0,2,,138.0,Cub_1,,138 kV Los Orígenes – SPM_a,ElmLne,ZLORIE_ZXLO1E-L1,1,0,0,0,0,0
,ZLORIE_ZXLO1E-L1-P141,\VM-PF.IntUser\PDD 30-09-2025.IntPrj\Network Model.IntPrjfolder\Network Data.IntPrjfolder\ESTE 138 kV.ElmNet\Los Orígenes.ElmSite\ZLORIE.ElmSubstat\2.ElmTerm\Cub_1.StaCubic\ZLORIE_ZXLO1E-L1-P141.ElmRelay,,df/dt<1,0.0,0.10000000149011612,0.0,1,,1,0,2,,138.0,Cub_1,,138 kV Los Orígenes – SPM_a,ElmLne,ZLORIE_ZXLO1E-L1,1,0,0,0,0,0
,ZLORIE_ZXLO1E-L1-P141,\VM-PF.IntUser\PDD 30-09-2025.IntPrj\Network Model.IntPrjfolder\Network Data.IntPrjfolder\ESTE 138 kV.ElmNet\Los Orígenes.ElmSite\ZLORIE.ElmSubstat\2.ElmTerm\Cub_1.StaCubic\ZLORIE_ZXLO1E-L1-P141.ElmRelay,,df/dt<2,0.0,0.10000000149011612,0.0,1,,1,0,2,,138.0,Cub_1,,138 kV Los Orígenes – SPM_a,ElmLne,ZLORIE_ZXLO1E-L1,1,0,0,0,0,0
,ZLORIE_ZXLO1E-L1-P141,\VM-PF.IntUser\PDD 30-09-2025.IntPrj\Network Model.IntPrjfolder\Network Data.IntPrjfolder\ESTE 138 kV.ElmNet\Los Orígenes.ElmSite\ZLORIE.ElmSubstat\2.ElmTerm\Cub_1.StaCubic\ZLORIE_ZXLO1E-L1-P141.ElmRelay,,df/dt<3,0.0,0.10000000149011612,0.0,1,,1,0,2,,138.0,Cub_1,,138 kV Los Orígenes – SPM_a,ElmLne,ZLORIE_ZXLO1E-L1,1,0,0,0,0,0
,ZLORIE_ZXLO1E-L1-P141,\VM-PF.IntUser\PDD 30-09-2025.IntPrj\Network Model.IntPrjfolder\Network Data.IntPrjfolder\ESTE 138 kV.ElmNet\Los Orígenes.ElmSite\ZLORIE.ElmSubstat\2.ElmTerm\Cub_1.StaCubic\ZLORIE_ZXLO1E-L1-P141.ElmRelay,,df/dt<4,0.0,0.10000000149011612,0.0,1,,1,0,2,,138.0,Cub_1,,138 kV Los Orígenes – SPM_a,ElmLne,ZLORIE_ZXLO1E-L1,1,0,0,0,0,0
,ZLORIE_ZXLO1E-L1-P141,\VM-PF.IntUser\PDD 30-09-2025.IntPrj\Network Model.IntPrjfolder\Network Data.IntPrjfolder\ESTE 138 kV.ElmNet\Los Orígenes.ElmSite\ZLORIE.ElmSubstat\2.ElmTerm\Cub_1.StaCubic\ZLORIE_ZXLO1E-L1-P141.ElmRelay,,f<1,48.0,0.0,0.30000001192092896,1,,1,0,2,,138.0,Cub_1,,138 kV Los Orígenes – SPM_a,ElmLne,ZLORIE_ZXLO1E-L1,1,0,0,0,0,0
,ZLORIE_ZXLO1E-L1-P141,\VM-PF.IntUser\PDD 30-09-2025.IntPrj\Network Model.IntPrjfolder\Network Data.IntPrjfolder\ESTE 138 kV.ElmNet\Los Orígenes.ElmSite\ZLORIE.ElmSubstat\2.ElmTerm\Cub_1.StaCubic\ZLORIE_ZXLO1E-L1-P141.ElmRelay,,f<2,46.0,0.0,0.0,1,,1,0,2,,138.0,Cub_1,,138 kV Los Orígenes – SPM_a,ElmLne,ZLORIE_ZXLO1E-L1,1,0,0,0,0,0
,ZLORIE_ZXLO1E-L1-P141,\VM-PF.IntUser\PDD 30-09-2025.IntPrj\Network Model.IntPrjfolder\Network Data.IntPrjfolder\ESTE 138 kV.ElmNet\Los Orígenes.ElmSite\ZLORIE.ElmSubstat\2.ElmTerm\Cub_1.StaCubic\ZLORIE_ZXLO1E-L1-P141.ElmRelay,,f<3,52.0,0.0,0.30000001192092896,1,,1,0,2,,138.0,Cub_1,,138 kV Los Orígenes – SPM_a,ElmLne,ZLORIE_ZXLO1E-L1,1,0,0,0,0,0
,ZLORIE_ZXLO1E-L1-P141,\VM-PF.IntUser\PDD 30-09-2025.IntPrj\Network Model.IntPrjfolder\Network Data.IntPrjfolder\ESTE 138 kV.ElmNet\Los Orígenes.ElmSite\ZLORIE.ElmSubstat\2.ElmTerm\Cub_1.StaCubic\ZLORIE_ZXLO1E-L1-P141.ElmRelay,,f<4,54.0,0.0,0.0,1,,1,0,2,,138.0,Cub_1,,138 kV Los Orígenes – SPM_a,ElmLne,ZLORIE_ZXLO1E-L1,1,0,0,0,0,0
,ZLORIE_ZXLO1E-L1-P141,\VM-PF.IntUser\PDD 30-09-2025.IntPrj\Network Model.IntPrjfolder\Network Data.IntPrjfolder\ESTE 138 kV.ElmNet\Los Orígenes.ElmSite\ZLORIE.ElmSubstat\2.ElmTerm\Cub_1.StaCubic\ZLORIE_ZXLO1E-L1-P141.ElmRelay,,f>1,45.0,0.0,0.0,1,,1,0,2,,138.0,Cub_1,,138 kV Los Orígenes – SPM_a,ElmLne,ZLORIE_ZXLO1E-L1,1,0,0,0,0,0
,ZLORIE_ZXLO1E-L1-P141,\VM-PF.IntUser\PDD 30-09-2025.IntPrj\Network Model.IntPrjfolder\Network Data.IntPrjfolder\ESTE 138 kV.ElmNet\Los Orígenes.ElmSite\ZLORIE.ElmSubstat\2.ElmTerm\Cub_1.StaCubic\ZLORIE_ZXLO1E-L1-P141.ElmRelay,,f>2,45.0,0.0,0.0,1,,1,0,2,,138.0,Cub_1,,138 kV Los Orígenes – SPM_a,ElmLne,ZLORIE_ZXLO1E-L1,1,0,0,0,0,0
,ZLORIE_ZSPMAE-L1-RED670,\VM-PF.IntUser\PDD 30-09-2025.IntPrj\Network Model.IntPrjfolder\Network Data.IntPrjfolder\ESTE 138 kV.ElmNet\Tap 1 Los Orígenes.ElmTerm\Cub_3.StaCubic\ZLORIE_ZSPMAE-L1-RED670.ElmRelay,PTOF PTUF PFRC 81,FRC1,0.0,0.0,0.0,1,0,1,0,Tap 1 Los Orígenes,WXLO1E,138.0,Cub_3,,138 kV Los Orígenes – SPM_b,ElmLne,ZSPMAE_ZXLO1E-L1,1,0,0,0,0,0
,ZLORIE_ZSPMAE-L1-RED670,\VM-PF.IntUser\PDD 30-09-2025.IntPrj\Network Model.IntPrjfolder\Network Data.IntPrjfolder\ESTE 138 kV.ElmNet\Tap 1 Los Orígenes.ElmTerm\Cub_3.StaCubic\ZLORIE_ZSPMAE-L1-RED670.ElmRelay,PTOF PTUF PFRC 81,FRC2,0.0,0.0,0.0,1,0,1,0,Tap 1 Los Orígenes,WXLO1E,138.0,Cub_3,,138 kV Los Orígenes – SPM_b,ElmLne,ZSPMAE_ZXLO1E-L1,1,0,0,0,0,0
,ZLORIE_ZSPMAE-L1-RED670,\VM-PF.IntUser\PDD 30-09-2025.IntPrj\Network Model.IntPrjfolder\Network Data.IntPrjfolder\ESTE 138 kV.ElmNet\Tap 1 Los Orígenes.ElmTerm\Cub_3.StaCubic\ZLORIE_ZSPMAE-L1-RED670.ElmRelay,PTOF PTUF PFRC 81,TOF,35.0,0.0,0.0,1,0,1,0,Tap 1 Los Orígenes,WXLO1E,138.0,Cub_3,,138 kV Los Orígenes – SPM_b,ElmLne,ZSPMAE_ZXLO1E-L1,1,0,0,0,0,0
,ZLORIE_ZSPMAE-L1-RED670,\VM-PF.IntUser\PDD 30-09-2025.IntPrj\Network Model.IntPrjfolder\Network Data.IntPrjfolder\ESTE 138 kV.ElmNet\Tap 1 Los Orígenes.ElmTerm\Cub_3.StaCubic\ZLORIE_ZSPMAE-L1-RED670.ElmRelay,PTOF PTUF PFRC 81,TUF 1,35.0,0.0,0.0,1,0,1,0,Tap 1 Los Orígenes,WXLO1E,138.0,Cub_3,,138 kV Los Orígenes – SPM_b,ElmLne,ZSPMAE_ZXLO1E-L1,1,0,0,0,0,0
,ZLORIE_ZSPMAE-L1-RED670,\VM-PF.IntUser\PDD 30-09-2025.IntPrj\Network Model.IntPrjfolder\Network Data.IntPrjfolder\ESTE 138 kV.ElmNet\Tap 1 Los Orígenes.ElmTerm\Cub_3.StaCubic\ZLORIE_ZSPMAE-L1-RED670.ElmRelay,PTOF PTUF PFRC 81,TUF 2,35.0,0.0,0.0,1,0,1,0,Tap 1 Los Orígenes,WXLO1E,138.0,Cub_3,,138 kV Los Orígenes – SPM_b,ElmLne,ZSPMAE_ZXLO1E-L1,1,0,0,0,0,0
,ZLORIE_ZSPMAE-L1-P141,\VM-PF.IntUser\PDD 30-09-2025.IntPrj\Network Model.IntPrjfolder\Network Data.IntPrjfolder\ESTE 138 kV.ElmNet\Tap 1 Los Orígenes.ElmTerm\Cub_3.StaCubic\ZLORIE_ZSPMAE-L1-P141.ElmRelay,,df/dt<1,0.0,0.10000000149011612,0.0,1,,1,0,Tap 1 Los Orígenes,WXLO1E,138.0,Cub_3,,138 kV Los Orígenes – SPM_b,ElmLne,ZSPMAE_ZXLO1E-L1,1,0,0,0,0,0
,ZLORIE_ZSPMAE-L1-P141,\VM-PF.IntUser\PDD 30-09-2025.IntPrj\Network Model.IntPrjfolder\Network Data.IntPrjfolder\ESTE 138 kV.ElmNet\Tap 1 Los Orígenes.ElmTerm\Cub_3.StaCubic\ZLORIE_ZSPMAE-L1-P141.ElmRelay,,df/dt<2,0.0,0.10000000149011612,0.0,1,,1,0,Tap 1 Los Orígenes,WXLO1E,138.0,Cub_3,,138 kV Los Orígenes – SPM_b,ElmLne,ZSPMAE_ZXLO1E-L1,1,0,0,0,0,0
,ZLORIE_ZSPMAE-L1-P141,\VM-PF.IntUser\PDD 30-09-2025.IntPrj\Network Model.IntPrjfolder\Network Data.IntPrjfolder\ESTE 138 kV.ElmNet\Tap 1 Los Orígenes.ElmTerm\Cub_3.StaCubic\ZLORIE_ZSPMAE-L1-P141.ElmRelay,,df/dt<3,0.0,0.10000000149011612,0.0,1,,1,0,Tap 1 Los Orígenes,WXLO1E,138.0,Cub_3,,138 kV Los Orígenes – SPM_b,ElmLne,ZSPMAE_ZXLO1E-L1,1,0,0,0,0,0
,ZLORIE_ZSPMAE-L1-P141,\VM-PF.IntUser\PDD 30-09-2025.IntPrj\Network Model.IntPrjfolder\Network Data.IntPrjfolder\ESTE 138 kV.ElmNet\Tap 1 Los Orígenes.ElmTerm\Cub_3.StaCubic\ZLORIE_ZSPMAE-L1-P141.ElmRelay,,df/dt<4,0.0,0.10000000149011612,0.0,1,,1,0,Tap 1 Los Orígenes,WXLO1E,138.0,Cub_3,,138 kV Los Orígenes – SPM_b,ElmLne,ZSPMAE_ZXLO1E-L1,1,0,0,0,0,0
,ZLORIE_ZSPMAE-L1-P141,\VM-PF.IntUser\PDD 30-09-2025.IntPrj\Network Model.IntPrjfolder\Network Data.IntPrjfolder\ESTE 138 kV.ElmNet\Tap 1 Los Orígenes.ElmTerm\Cub_3.StaCubic\ZLORIE_ZSPMAE-L1-P141.ElmRelay,,f<1,48.0,0.0,0.30000001192092896,1,,1,0,Tap 1 Los Orígenes,WXLO1E,138.0,Cub_3,,138 kV Los Orígenes – SPM_b,ElmLne,ZSPMAE_ZXLO1E-L1,1,0,0,0,0,0
,ZLORIE_ZSPMAE-L1-P141,\VM-PF.IntUser\PDD 30-09-2025.IntPrj\Network Model.IntPrjfolder\Network Data.IntPrjfolder\ESTE 138 kV.ElmNet\Tap 1 Los Orígenes.ElmTerm\Cub_3.StaCubic\ZLORIE_ZSPMAE-L1-P141.ElmRelay,,f<2,46.0,0.0,0.0,1,,1,0,Tap 1 Los Orígenes,WXLO1E,138.0,Cub_3,,138 kV Los Orígenes – SPM_b,ElmLne,ZSPMAE_ZXLO1E-L1,1,0,0,0,0,0
,ZLORIE_ZSPMAE-L1-P141,\VM-PF.IntUser\PDD 30-09-2025.IntPrj\Network Model.IntPrjfolder\Network Data.IntPrjfolder\ESTE 138 kV.ElmNet\Tap 1 Los Orígenes.ElmTerm\Cub_3.StaCubic\ZLORIE_ZSPMAE-L1-P141.ElmRelay,,f<3,52.0,0.0,0.30000001192092896,1,,1,0,Tap 1 Los Orígenes,WXLO1E,138.0,Cub_3,,138 kV Los Orígenes – SPM_b,ElmLne,ZSPMAE_ZXLO1E-L1,1,0,0,0,0,0
,ZLORIE_ZSPMAE-L1-P141,\VM-PF.IntUser\PDD 30-09-2025.IntPrj\Network Model.IntPrjfolder\Network Data.IntPrjfolder\ESTE 138 kV.ElmNet\Tap 1 Los Orígenes.ElmTerm\Cub_3.StaCubic\ZLORIE_ZSPMAE-L1-P141.ElmRelay,,f<4,54.0,0.0,0.0,1,,1,0,Tap 1 Los Orígenes,WXLO1E,138.0,Cub_3,,138 kV Los Orígenes – SPM_b,ElmLne,ZSPMAE_ZXLO1E-L1,1,0,0,0,0,0
,ZLORIE_ZSPMAE-L1-P141,\VM-PF.IntUser\PDD 30-09-2025.IntPrj\Network Model.IntPrjfolder\Network Data.IntPrjfolder\ESTE 138 kV.ElmNet\Tap 1 Los Orígenes.ElmTerm\Cub_3.StaCubic\ZLORIE_ZSPMAE-L1-P141.ElmRelay,,f>1,45.0,0.0,0.0,1,,1,0,Tap 1 Los Orígenes,WXLO1E,138.0,Cub_3,,138 kV Los Orígenes – SPM_b,ElmLne,ZSPMAE_ZXLO1E-L1,1,0,0,0,0,0
,ZLORIE_ZSPMAE-L1-P141,\VM-PF.IntUser\PDD 30-09-2025.IntPrj\Network Model.IntPrjfolder\Network Data.IntPrjfolder\ESTE 138 kV.ElmNet\Tap 1 Los Orígenes.ElmTerm\Cub_3.StaCubic\ZLORIE_ZSPMAE-L1-P141.ElmRelay,,f>2,45.0,0.0,0.0,1,,1,0,Tap 1 Los Orígenes,WXLO1E,138.0,Cub_3,,138 kV Los Orígenes – SPM_b,ElmLne,ZSPMAE_ZXLO1E-L1,1,0,0,0,0,0
,ZCLUIE_ZAAINE-L1-SEL 311C,\VM-PF.IntUser\PDD 30-09-2025.IntPrj\Network Model.IntPrjfolder\Network Data.IntPrjfolder\ESTE 138 kV.ElmNet\ZCLUIE.ElmSubstat\E1.ElmTerm\Cub_1.StaCubic\ZCLUIE_ZAAINE-L1-SEL 311C.ElmRelay,,81D1,41.0,0.0,0.0416666679084301,1,,1,0,E1,,138.0,Cub_1,,138 kV Guerra – La Luisa_b,ElmLne,ZCLUIE_ZXCL2E-L1,1,0,0,0,0,0
,ZCLUIE_ZAAINE-L1-SEL 311C,\VM-PF.IntUser\PDD 30-09-2025.IntPrj\Network Model.IntPrjfolder\Network Data.IntPrjfolder\ESTE 138 kV.ElmNet\ZCLUIE.ElmSubstat\E1.ElmTerm\Cub_1.StaCubic\ZCLUIE_ZAAINE-L1-SEL 311C.ElmRelay,,81D2,41.0,0.0,0.0416666679084301,1,,1,0,E1,,138.0,Cub_1,,138 kV Guerra – La Luisa_b,ElmLne,ZCLUIE_ZXCL2E-L1,1,0,0,0,0,0
,ZCLUIE_ZAAINE-L1-SEL 311C,\VM-PF.IntUser\PDD 30-09-2025.IntPrj\Network Model.IntPrjfolder\Network Data.IntPrjfolder\ESTE 138 kV.ElmNet\ZCLUIE.ElmSubstat\E1.ElmTerm\Cub_1.StaCubic\ZCLUIE_ZAAINE-L1-SEL 311C.ElmRelay,,81D3,41.0,0.0,0.0416666679084301,1,,1,0,E1,,138.0,Cub_1,,138 kV Guerra – La Luisa_b,ElmLne,ZCLUIE_ZXCL2E-L1,1,0,0,0,0,0
,ZCLUIE_ZAAINE-L1-SEL 311C,\VM-PF.IntUser\PDD 30-09-2025.IntPrj\Network Model.IntPrjfolder\Network Data.IntPrjfolder\ESTE 138 kV.ElmNet\ZCLUIE.ElmSubstat\E1.ElmTerm\Cub_1.StaCubic\ZCLUIE_ZAAINE-L1-SEL 311C.ElmRelay,,81D4,41.0,0.0,0.0416666679084301,1,,1,0,E1,,138.0,Cub_1,,138 kV Guerra – La Luisa_b,ElmLne,ZCLUIE_ZXCL2E-L1,1,0,0,0,0,0
,ZCLUIE_ZAAINE-L1-SEL 311C,\VM-PF.IntUser\PDD 30-09-2025.IntPrj\Network Model.IntPrjfolder\Network Data.IntPrjfolder\ESTE 138 kV.ElmNet\ZCLUIE.ElmSubstat\E1.ElmTerm\Cub_1.StaCubic\ZCLUIE_ZAAINE-L1-SEL 311C.ElmRelay,,81D5,41.0,0.0,0.0416666679084301,1,,1,0,E1,,138.0,Cub_1,,138 kV Guerra – La Luisa_b,ElmLne,ZCLUIE_ZXCL2E-L1,1,0,0,0,0,0
,ZCLUIE_ZAAINE-L1-REL670,\VM-PF.IntUser\PDD 30-09-2025.IntPrj\Network Model.IntPrjfolder\Network Data.IntPrjfolder\ESTE 138 kV.ElmNet\ZCLUIE.ElmSubstat\E1.ElmTerm\Cub_1.StaCubic\ZCLUIE_ZAAINE-L1-REL670.ElmRelay,PTOF PTUF PFRC 81,FRC1,0.0,0.0,0.0,1,0,1,0,E1,,138.0,Cub_1,,138 kV Guerra – La Luisa_b,ElmLne,ZCLUIE_ZXCL2E-L1,1,0,0,0,0,0
,ZCLUIE_ZAAINE-L1-REL670,\VM-PF.IntUser\PDD 30-09-2025.IntPrj\Network Model.IntPrjfolder\Network Data.IntPrjfolder\ESTE 138 kV.ElmNet\ZCLUIE.ElmSubstat\E1.ElmTerm\Cub_1.StaCubic\ZCLUIE_ZAAINE-L1-REL670.ElmRelay,PTOF PTUF PFRC 81,FRC2,0.0,0.0,0.0,1,0,1,0,E1,,138.0,Cub_1,,138 kV Guerra – La Luisa_b,ElmLne,ZCLUIE_ZXCL2E-L1,1,0,0,0,0,0
,ZCLUIE_ZAAINE-L1-REL670,\VM-PF.IntUser\PDD 30-09-2025.IntPrj\Network Model.IntPrjfolder\Network Data.IntPrjfolder\ESTE 138 kV.ElmNet\ZCLUIE.ElmSubstat\E1.ElmTerm\Cub_1.StaCubic\ZCLUIE_ZAAINE-L1-REL670.ElmRelay,PTOF PTUF PFRC 81,TOF,35.0,0.0,0.0,1,0,1,0,E1,,138.0,Cub_1,,138 kV Guerra – La Luisa_b,ElmLne,ZCLUIE_ZXCL2E-L1,1,0,0,0,0,0
,ZCLUIE_ZAAINE-L1-REL670,\VM-PF.IntUser\PDD 30-09-2025.IntPrj\Network Model.IntPrjfolder\Network Data.IntPrjfolder\ESTE 138 kV.ElmNet\ZCLUIE.ElmSubstat\E1.ElmTerm\Cub_1.StaCubic\ZCLUIE_ZAAINE-L1-REL670.ElmRelay,PTOF PTUF PFRC 81,TUF 1,35.0,0.0,0.0,1,0,1,0,E1,,138.0,Cub_1,,138 kV Guerra – La Luisa_b,ElmLne,ZCLUIE_ZXCL2E-L1,1,0,0,0,0,0
,ZCLUIE_ZAAINE-L1-REL670,\VM-PF.IntUser\PDD 30-09-2025.IntPrj\Network Model.IntPrjfolder\Network Data.IntPrjfolder\ESTE 138 kV.ElmNet\ZCLUIE.ElmSubstat\E1.ElmTerm\Cub_1.StaCubic\ZCLUIE_ZAAINE-L1-REL670.ElmRelay,PTOF PTUF PFRC 81,TUF 2,35.0,0.0,0.0,1,0,1,0,E1,,138.0,Cub_1,,138 kV Guerra – La Luisa_b,ElmLne,ZCLUIE_ZXCL2E-L1,1,0,0,0,0,0
,ZCLUIE_ZSPM2E-L1-REL670,\VM-PF.IntUser\PDD 30-09-2025.IntPrj\Network Model.IntPrjfolder\Network Data.IntPrjfolder\ESTE 138 kV.ElmNet\ZCLUIE.ElmSubstat\E2.ElmTerm\Cub_1.StaCubic\ZCLUIE_ZSPM2E-L1-REL670.ElmRelay,PTOF PTUF PFRC 81,FRC1,0.0,0.0,0.0,1,0,1,0,E2,,138.0,Cub_1,,138 kV CIP La Luisa – SPM 2_a,ElmLne,ZCLUIE_ZXCL3E-L1,1,0,0,0,0,0
,ZCLUIE_ZSPM2E-L1-REL670,\VM-PF.IntUser\PDD 30-09-2025.IntPrj\Network Model.IntPrjfolder\Network Data.IntPrjfolder\ESTE 138 kV.ElmNet\ZCLUIE.ElmSubstat\E2.ElmTerm\Cub_1.StaCubic\ZCLUIE_ZSPM2E-L1-REL670.ElmRelay,PTOF PTUF PFRC 81,FRC2,0.0,0.0,0.0,1,0,1,0,E2,,138.0,Cub_1,,138 kV CIP La Luisa – SPM 2_a,ElmLne,ZCLUIE_ZXCL3E-L1,1,0,0,0,0,0
,ZCLUIE_ZSPM2E-L1-REL670,\VM-PF.IntUser\PDD 30-09-2025.IntPrj\Network Model.IntPrjfolder\Network Data.IntPrjfolder\ESTE 138 kV.ElmNet\ZCLUIE.ElmSubstat\E2.ElmTerm\Cub_1.StaCubic\ZCLUIE_ZSPM2E-L1-REL670.ElmRelay,PTOF PTUF PFRC 81,TOF,35.0,0.0,0.0,1,0,1,0,E2,,138.0,Cub_1,,138 kV CIP La Luisa – SPM 2_a,ElmLne,ZCLUIE_ZXCL3E-L1,1,0,0,0,0,0
,ZCLUIE_ZSPM2E-L1-REL670,\VM-PF.IntUser\PDD 30-09-2025.IntPrj\Network Model.IntPrjfolder\Network Data.IntPrjfolder\ESTE 138 kV.ElmNet\ZCLUIE.ElmSubstat\E2.ElmTerm\Cub_1.StaCubic\ZCLUIE_ZSPM2E-L1-REL670.ElmRelay,PTOF PTUF PFRC 81,TUF 1,35.0,0.0,0.0,1,0,1,0,E2,,138.0,Cub_1,,138 kV CIP La Luisa – SPM 2_a,ElmLne,ZCLUIE_ZXCL3E-L1,1,0,0,0,0,0
,ZCLUIE_ZSPM2E-L1-REL670,\VM-PF.IntUser\PDD 30-09-2025.IntPrj\Network Model.IntPrjfolder\Network Data.IntPrjfolder\ESTE 138 kV.ElmNet\ZCLUIE.ElmSubstat\E2.ElmTerm\Cub_1.StaCubic\ZCLUIE_ZSPM2E-L1-REL670.ElmRelay,PTOF PTUF PFRC 81,TUF 2,35.0,0.0,0.0,1,0,1,0,E2,,138.0,Cub_1,,138 kV CIP La Luisa – SPM 2_a,ElmLne,ZCLUIE_ZXCL3E-L1,1,0,0,0,0,0
,ZCLUIE_ZSPM2E-L1-SEL 311C,\VM-PF.IntUser\PDD 30-09-2025.IntPrj\Network Model.IntPrjfolder\Network Data.IntPrjfolder\ESTE 138 kV.ElmNet\ZCLUIE.ElmSubstat\E2.ElmTerm\Cub_1.StaCubic\ZCLUIE_ZSPM2E-L1-SEL 311C.ElmRelay,,81D1,41.0,0.0,0.0416666679084301,1,,1,0,E2,,138.0,Cub_1,,138 kV CIP La Luisa – SPM 2_a,ElmLne,ZCLUIE_ZXCL3E-L1,1,0,0,0,0,0
,ZCLUIE_ZSPM2E-L1-SEL 311C,\VM-PF.IntUser\PDD 30-09-2025.IntPrj\Network Model.IntPrjfolder\Network Data.IntPrjfolder\ESTE 138 kV.ElmNet\ZCLUIE.ElmSubstat\E2.ElmTerm\Cub_1.StaCubic\ZCLUIE_ZSPM2E-L1-SEL 311C.ElmRelay,,81D2,41.0,0.0,0.0416666679084301,1,,1,0,E2,,138.0,Cub_1,,138 kV CIP La Luisa – SPM 2_a,ElmLne,ZCLUIE_ZXCL3E-L1,1,0,0,0,0,0
,ZCLUIE_ZSPM2E-L1-SEL 311C,\VM-PF.IntUser\PDD 30-09-2025.IntPrj\Network Model.IntPrjfolder\Network Data.IntPrjfolder\ESTE 138 kV.ElmNet\ZCLUIE.ElmSubstat\E2.ElmTerm\Cub_1.StaCubic\ZCLUIE_ZSPM2E-L1-SEL 311C.ElmRelay,,81D3,41.0,0.0,0.0416666679084301,1,,1,0,E2,,138.0,Cub_1,,138 kV CIP La Luisa – SPM 2_a,ElmLne,ZCLUIE_ZXCL3E-L1,1,0,0,0,0,0
,ZCLUIE_ZSPM2E-L1-SEL 311C,\VM-PF.IntUser\PDD 30-09-2025.IntPrj\Network Model.IntPrjfolder\Network Data.IntPrjfolder\ESTE 138 kV.ElmNet\ZCLUIE.ElmSubstat\E2.ElmTerm\Cub_1.StaCubic\ZCLUIE_ZSPM2E-L1-SEL 311C.ElmRelay,,81D4,41.0,0.0,0.0416666679084301,1,,1,0,E2,,138.0,Cub_1,,138 kV CIP La Luisa – SPM 2_a,ElmLne,ZCLUIE_ZXCL3E-L1,1,0,0,0,0,0
,ZCLUIE_ZSPM2E-L1-SEL 311C,\VM-PF.IntUser\PDD 30-09-2025.IntPrj\Network Model.IntPrjfolder\Network Data.IntPrjfolder\ESTE 138 kV.ElmNet\ZCLUIE.ElmSubstat\E2.ElmTerm\Cub_1.StaCubic\ZCLUIE_ZSPM2E-L1-SEL 311C.ElmRelay,,81D5,41.0,0.0,0.0416666679084301,1,,1,0,E2,,138.0,Cub_1,,138 kV CIP La Luisa – SPM 2_a,ElmLne,ZCLUIE_ZXCL3E-L1,1,0,0,0,0,0
,ZCLUIE_ZSPM2E-L1-REL670,\VM-PF.IntUser\PDD 30-09-2025.IntPrj\Network Model.IntPrjfolder\Network Data.IntPrjfolder\ESTE 138 kV.ElmNet\ZCLUIE.ElmSubstat\E5.ElmTerm\Cub_1.StaCubic\ZCLUIE_ZSPM2E-L1-REL670.ElmRelay,PTOF PTUF PFRC 81,FRC1,0.0,0.0,0.0,1,0,1,0,E5,,138.0,Cub_1,,138 kV La Luisa D3,ElmLod,WCLUIE-D3,0,0,0,0,0,0
,ZCLUIE_ZSPM2E-L1-REL670,\VM-PF.IntUser\PDD 30-09-2025.IntPrj\Network Model.IntPrjfolder\Network Data.IntPrjfolder\ESTE 138 kV.ElmNet\ZCLUIE.ElmSubstat\E5.ElmTerm\Cub_1.StaCubic\ZCLUIE_ZSPM2E-L1-REL670.ElmRelay,PTOF PTUF PFRC 81,FRC2,0.0,0.0,0.0,1,0,1,0,E5,,138.0,Cub_1,,138 kV La Luisa D3,ElmLod,WCLUIE-D3,0,0,0,0,0,0
,ZCLUIE_ZSPM2E-L1-REL670,\VM-PF.IntUser\PDD 30-09-2025.IntPrj\Network Model.IntPrjfolder\Network Data.IntPrjfolder\ESTE 138 kV.ElmNet\ZCLUIE.ElmSubstat\E5.ElmTerm\Cub_1.StaCubic\ZCLUIE_ZSPM2E-L1-REL670.ElmRelay,PTOF PTUF PFRC 81,TOF,35.0,0.0,0.0,1,0,1,0,E5,,138.0,Cub_1,,138 kV La Luisa D3,ElmLod,WCLUIE-D3,0,0,0,0,0,0
,ZCLUIE_ZSPM2E-L1-REL670,\VM-PF.IntUser\PDD 30-09-2025.IntPrj\Network Model.IntPrjfolder\Network Data.IntPrjfolder\ESTE 138 kV.ElmNet\ZCLUIE.ElmSubstat\E5.ElmTerm\Cub_1.StaCubic\ZCLUIE_ZSPM2E-L1-REL670.ElmRelay,PTOF PTUF PFRC 81,TUF 1,35.0,0.0,0.0,1,0,1,0,E5,,138.0,Cub_1,,138 kV La Luisa D3,ElmLod,WCLUIE-D3,0,0,0,0,0,0
,ZCLUIE_ZSPM2E-L1-REL670,\VM-PF.IntUser\PDD 30-09-2025.IntPrj\Network Model.IntPrjfolder\Network Data.IntPrjfolder\ESTE 138 kV.ElmNet\ZCLUIE.ElmSubstat\E5.ElmTerm\Cub_1.StaCubic\ZCLUIE_ZSPM2E-L1-REL670.ElmRelay,PTOF PTUF PFRC 81,TUF 2,35.0,0.0,0.0,1,0,1,0,E5,,138.0,Cub_1,,138 kV La Luisa D3,ElmLod,WCLUIE-D3,0,0,0,0,0,0
,ZCLUIE_ZSPM2E-L1-SEL 311C,\VM-PF.IntUser\PDD 30-09-2025.IntPrj\Network Model.IntPrjfolder\Network Data.IntPrjfolder\ESTE 138 kV.ElmNet\ZCLUIE.ElmSubstat\E5.ElmTerm\Cub_1.StaCubic\ZCLUIE_ZSPM2E-L1-SEL 311C.ElmRelay,,81D1,41.0,0.0,0.0416666679084301,1,,1,0,E5,,138.0,Cub_1,,138 kV La Luisa D3,ElmLod,WCLUIE-D3,0,0,0,0,0,0
,ZCLUIE_ZSPM2E-L1-SEL 311C,\VM-PF.IntUser\PDD 30-09-2025.IntPrj\Network Model.IntPrjfolder\Network Data.IntPrjfolder\ESTE 138 kV.ElmNet\ZCLUIE.ElmSubstat\E5.ElmTerm\Cub_1.StaCubic\ZCLUIE_ZSPM2E-L1-SEL 311C.ElmRelay,,81D2,41.0,0.0,0.0416666679084301,1,,1,0,E5,,138.0,Cub_1,,138 kV La Luisa D3,ElmLod,WCLUIE-D3,0,0,0,0,0,0
,ZCLUIE_ZSPM2E-L1-SEL 311C,\VM-PF.IntUser\PDD 30-09-2025.IntPrj\Network Model.IntPrjfolder\Network Data.IntPrjfolder\ESTE 138 kV.ElmNet\ZCLUIE.ElmSubstat\E5.ElmTerm\Cub_1.StaCubic\ZCLUIE_ZSPM2E-L1-SEL 311C.ElmRelay,,81D3,41.0,0.0,0.0416666679084301,1,,1,0,E5,,138.0,Cub_1,,138 kV La Luisa D3,ElmLod,WCLUIE-D3,0,0,0,0,0,0
,ZCLUIE_ZSPM2E-L1-SEL 311C,\VM-PF.IntUser\PDD 30-09-2025.IntPrj\Network Model.IntPrjfolder\Network Data.IntPrjfolder\ESTE 138 kV.ElmNet\ZCLUIE.ElmSubstat\E5.ElmTerm\Cub_1.StaCubic\ZCLUIE_ZSPM2E-L1-SEL 311C.ElmRelay,,81D4,41.0,0.0,0.0416666679084301,1,,1,0,E5,,138.0,Cub_1,,138 kV La Luisa D3,ElmLod,WCLUIE-D3,0,0,0,0,0,0
,ZCLUIE_ZSPM2E-L1-SEL 311C,\VM-PF.IntUser\PDD 30-09-2025.IntPrj\Network Model.IntPrjfolder\Network Data.IntPrjfolder\ESTE 138 kV.ElmNet\ZCLUIE.ElmSubstat\E5.ElmTerm\Cub_1.StaCubic\ZCLUIE_ZSPM2E-L1-SEL 311C.ElmRelay,,81D5,41.0,0.0,0.0416666679084301,1,,1,0,E5,,138.0,Cub_1,,138 kV La Luisa D3,ElmLod,WCLUIE-D3,0,0,0,0,0,0
,ZCLUIE_ZSPM2E-L1-REL670,\VM-PF.IntUser\PDD 30-09-2025.IntPrj\Network Model.IntPrjfolder\Network Data.IntPrjfolder\ESTE 138 kV.ElmNet\ZCLUIE.ElmSubstat\E6.ElmTerm\Cub_1.StaCubic\ZCLUIE_ZSPM2E-L1-REL670.ElmRelay,PTOF PTUF PFRC 81,FRC1,0.0,0.0,0.0,1,0,1,0,E6,,138.0,Cub_1,,138 kV La Luisa D4,ElmLod,WCLUIE-D4,0,0,0,0,0,0
,ZCLUIE_ZSPM2E-L1-REL670,\VM-PF.IntUser\PDD 30-09-2025.IntPrj\Network Model.IntPrjfolder\Network Data.IntPrjfolder\ESTE 138 kV.ElmNet\ZCLUIE.ElmSubstat\E6.ElmTerm\Cub_1.StaCubic\ZCLUIE_ZSPM2E-L1-REL670.ElmRelay,PTOF PTUF PFRC 81,FRC2,0.0,0.0,0.0,1,0,1,0,E6,,138.0,Cub_1,,138 kV La Luisa D4,ElmLod,WCLUIE-D4,0,0,0,0,0,0
,ZCLUIE_ZSPM2E-L1-REL670,\VM-PF.IntUser\PDD 30-09-2025.IntPrj\Network Model.IntPrjfolder\Network Data.IntPrjfolder\ESTE 138 kV.ElmNet\ZCLUIE.ElmSubstat\E6.ElmTerm\Cub_1.StaCubic\ZCLUIE_ZSPM2E-L1-REL670.ElmRelay,PTOF PTUF PFRC 81,TOF,35.0,0.0,0.0,1,0,1,0,E6,,138.0,Cub_1,,138 kV La Luisa D4,ElmLod,WCLUIE-D4,0,0,0,0,0,0
,ZCLUIE_ZSPM2E-L1-REL670,\VM-PF.IntUser\PDD 30-09-2025.IntPrj\Network Model.IntPrjfolder\Network Data.IntPrjfolder\ESTE 138 kV.ElmNet\ZCLUIE.ElmSubstat\E6.ElmTerm\Cub_1.StaCubic\ZCLUIE_ZSPM2E-L1-REL670.ElmRelay,PTOF PTUF PFRC 81,TUF 1,35.0,0.0,0.0,1,0,1,0,E6,,138.0,Cub_1,,138 kV La Luisa D4,ElmLod,WCLUIE-D4,0,0,0,0,0,0
,ZCLUIE_ZSPM2E-L1-REL670,\VM-PF.IntUser\PDD 30-09-2025.IntPrj\Network Model.IntPrjfolder\Network Data.IntPrjfolder\ESTE 138 kV.ElmNet\ZCLUIE.ElmSubstat\E6.ElmTerm\Cub_1.StaCubic\ZCLUIE_ZSPM2E-L1-REL670.ElmRelay,PTOF PTUF PFRC 81,TUF 2,35.0,0.0,0.0,1,0,1,0,E6,,138.0,Cub_1,,138 kV La Luisa D4,ElmLod,WCLUIE-D4,0,0,0,0,0,0
,ZCLUIE_ZSPM2E-L1-SEL 311C,\VM-PF.IntUser\PDD 30-09-2025.IntPrj\Network Model.IntPrjfolder\Network Data.IntPrjfolder\ESTE 138 kV.ElmNet\ZCLUIE.ElmSubstat\E6.ElmTerm\Cub_1.StaCubic\ZCLUIE_ZSPM2E-L1-SEL 311C.ElmRelay,,81D1,41.0,0.0,0.0416666679084301,1,,1,0,E6,,138.0,Cub_1,,138 kV La Luisa D4,ElmLod,WCLUIE-D4,0,0,0,0,0,0
,ZCLUIE_ZSPM2E-L1-SEL 311C,\VM-PF.IntUser\PDD 30-09-2025.IntPrj\Network Model.IntPrjfolder\Network Data.IntPrjfolder\ESTE 138 kV.ElmNet\ZCLUIE.ElmSubstat\E6.ElmTerm\Cub_1.StaCubic\ZCLUIE_ZSPM2E-L1-SEL 311C.ElmRelay,,81D2,41.0,0.0,0.0416666679084301,1,,1,0,E6,,138.0,Cub_1,,138 kV La Luisa D4,ElmLod,WCLUIE-D4,0,0,0,0,0,0
,ZCLUIE_ZSPM2E-L1-SEL 311C,\VM-PF.IntUser\PDD 30-09-2025.IntPrj\Network Model.IntPrjfolder\Network Data.IntPrjfolder\ESTE 138 kV.ElmNet\ZCLUIE.ElmSubstat\E6.ElmTerm\Cub_1.StaCubic\ZCLUIE_ZSPM2E-L1-SEL 311C.ElmRelay,,81D3,41.0,0.0,0.0416666679084301,1,,1,0,E6,,138.0,Cub_1,,138 kV La Luisa D4,ElmLod,WCLUIE-D4,0,0,0,0,0,0
,ZCLUIE_ZSPM2E-L1-SEL 311C,\VM-PF.IntUser\PDD 30-09-2025.IntPrj\Network Model.IntPrjfolder\Network Data.IntPrjfolder\ESTE 138 kV.ElmNet\ZCLUIE.ElmSubstat\E6.ElmTerm\Cub_1.StaCubic\ZCLUIE_ZSPM2E-L1-SEL 311C.ElmRelay,,81D4,41.0,0.0,0.0416666679084301,1,,1,0,E6,,138.0,Cub_1,,138 kV La Luisa D4,ElmLod,WCLUIE-D4,0,0,0,0,0,0
,ZCLUIE_ZSPM2E-L1-SEL 311C,\VM-PF.IntUser\PDD 30-09-2025.IntPrj\Network Model.IntPrjfolder\Network Data.IntPrjfolder\ESTE 138 kV.ElmNet\ZCLUIE.ElmSubstat\E6.ElmTerm\Cub_1.StaCubic\ZCLUIE_ZSPM2E-L1-SEL 311C.ElmRelay,,81D5,41.0,0.0,0.0416666679084301,1,,1,0,E6,,138.0,Cub_1,,138 kV La Luisa D4,ElmLod,WCLUIE-D4,0,0,0,0,0,0
,ZSPBEE_ZSESTE-L1-SEL 311L,\VM-PF.IntUser\PDD 30-09-2025.IntPrj\Network Model.IntPrjfolder\Network Data.IntPrjfolder\ESTE 138 kV.ElmNet\San Pedro Bio-Energy.ElmSite\ZSPBEE.ElmSubstat\3.ElmTerm\Cub_1.StaCubic\ZSPBEE_ZSESTE-L1-SEL 311L.ElmRelay,,81D1,41.0,0.0,0.0416666679084301,1,,1,0,3,,138.0,Cub_1,,138kV SP Bio-Energy – SPM_a,ElmLne,ZSPBEE_ZXSP2E-L1,1,0,0,0,0,0
,ZSPBEE_ZSESTE-L1-SEL 311L,\VM-PF.IntUser\PDD 30-09-2025.IntPrj\Network Model.IntPrjfolder\Network Data.IntPrjfolder\ESTE 138 kV.ElmNet\San Pedro Bio-Energy.ElmSite\ZSPBEE.ElmSubstat\3.ElmTerm\Cub_1.StaCubic\ZSPBEE_ZSESTE-L1-SEL 311L.ElmRelay,,81D2,41.0,0.0,0.0416666679084301,1,,1,0,3,,138.0,Cub_1,,138kV SP Bio-Energy – SPM_a,ElmLne,ZSPBEE_ZXSP2E-L1,1,0,0,0,0,0
,ZSPBEE_ZSESTE-L1-SEL 311L,\VM-PF.IntUser\PDD 30-09-2025.IntPrj\Network Model.IntPrjfolder\Network Data.IntPrjfolder\ESTE 138 kV.ElmNet\San Pedro Bio-Energy.ElmSite\ZSPBEE.ElmSubstat\3.ElmTerm\Cub_1.StaCubic\ZSPBEE_ZSESTE-L1-SEL 311L.ElmRelay,,81D3,41.0,0.0,0.0416666679084301,1,,1,0,3,,138.0,Cub_1,,138kV SP Bio-Energy – SPM_a,ElmLne,ZSPBEE_ZXSP2E-L1,1,0,0,0,0,0
,ZSPBEE_ZSESTE-L1-SEL 311L,\VM-PF.IntUser\PDD 30-09-2025.IntPrj\Network Model.IntPrjfolder\Network Data.IntPrjfolder\ESTE 138 kV.ElmNet\San Pedro Bio-Energy.ElmSite\ZSPBEE.ElmSubstat\3.ElmTerm\Cub_1.StaCubic\ZSPBEE_ZSESTE-L1-SEL 311L.ElmRelay,,81D4,41.0,0.0,0.0416666679084301,1,,1,0,3,,138.0,Cub_1,,138kV SP Bio-Energy – SPM_a,ElmLne,ZSPBEE_ZXSP2E-L1,1,0,0,0,0,0
,ZSPBEE_ZSESTE-L1-SEL 311L,\VM-PF.IntUser\PDD 30-09-2025.IntPrj\Network Model.IntPrjfolder\Network Data.IntPrjfolder\ESTE 138 kV.ElmNet\San Pedro Bio-Energy.ElmSite\ZSPBEE.ElmSubstat\3.ElmTerm\Cub_1.StaCubic\ZSPBEE_ZSESTE-L1-SEL 311L.ElmRelay,,81D5,41.0,0.0,0.0416666679084301,1,,1,0,3,,138.0,Cub_1,,138kV SP Bio-Energy – SPM_a,ElmLne,ZSPBEE_ZXSP2E-L1,1,0,0,0,0,0
,ZSPBEE_ZSESTE-L1-SEL 311L,\VM-PF.IntUser\PDD 30-09-2025.IntPrj\Network Model.IntPrjfolder\Network Data.IntPrjfolder\ESTE 138 kV.ElmNet\San Pedro Bio-Energy.ElmSite\ZSPBEE.ElmSubstat\3.ElmTerm\Cub_1.StaCubic\ZSPBEE_ZSESTE-L1-SEL 311L.ElmRelay,,81D6,41.0,0.0,0.0416666679084301,1,,1,0,3,,138.0,Cub_1,,138kV SP Bio-Energy – SPM_a,ElmLne,ZSPBEE_ZXSP2E-L1,1,0,0,0,0,0
,ZSPBEE_ZQUISE-L1-SEL 311L,\VM-PF.IntUser\PDD 30-09-2025.IntPrj\Network Model.IntPrjfolder\Network Data.IntPrjfolder\ESTE 138 kV.ElmNet\San Pedro Bio-Energy.ElmSite\ZSPBEE.ElmSubstat\5.ElmTerm\Cub_1.StaCubic\ZSPBEE_ZQUISE-L1-SEL 311L.ElmRelay,,81D1,41.0,0.0,0.0416666679084301,1,,1,0,5,,138.0,Cub_1,,138 kV San Pedro Bio-Energy – SPM 2_a,ElmLne,ZSPBEE_ZXSP1E-L1,1,0,0,0,0,0
,ZSPBEE_ZQUISE-L1-SEL 311L,\VM-PF.IntUser\PDD 30-09-2025.IntPrj\Network Model.IntPrjfolder\Network Data.IntPrjfolder\ESTE 138 kV.ElmNet\San Pedro Bio-Energy.ElmSite\ZSPBEE.ElmSubstat\5.ElmTerm\Cub_1.StaCubic\ZSPBEE_ZQUISE-L1-SEL 311L.ElmRelay,,81D2,41.0,0.0,0.0416666679084301,1,,1,0,5,,138.0,Cub_1,,138 kV San Pedro Bio-Energy – SPM 2_a,ElmLne,ZSPBEE_ZXSP1E-L1,1,0,0,0,0,0
,ZSPBEE_ZQUISE-L1-SEL 311L,\VM-PF.IntUser\PDD 30-09-2025.IntPrj\Network Model.IntPrjfolder\Network Data.IntPrjfolder\ESTE 138 kV.ElmNet\San Pedro Bio-Energy.ElmSite\ZSPBEE.ElmSubstat\5.ElmTerm\Cub_1.StaCubic\ZSPBEE_ZQUISE-L1-SEL 311L.ElmRelay,,81D3,41.0,0.0,0.0416666679084301,1,,1,0,5,,138.0,Cub_1,,138 kV San Pedro Bio-Energy – SPM 2_a,ElmLne,ZSPBEE_ZXSP1E-L1,1,0,0,0,0,0
,ZSPBEE_ZQUISE-L1-SEL 311L,\VM-PF.IntUser\PDD 30-09-2025.IntPrj\Network Model.IntPrjfolder\Network Data.IntPrjfolder\ESTE 138 kV.ElmNet\San Pedro Bio-Energy.ElmSite\ZSPBEE.ElmSubstat\5.ElmTerm\Cub_1.StaCubic\ZSPBEE_ZQUISE-L1-SEL 311L.ElmRelay,,81D4,41.0,0.0,0.0416666679084301,1,,1,0,5,,138.0,Cub_1,,138 kV San Pedro Bio-Energy – SPM 2_a,ElmLne,ZSPBEE_ZXSP1E-L1,1,0,0,0,0,0
,ZSPBEE_ZQUISE-L1-SEL 311L,\VM-PF.IntUser\PDD 30-09-2025.IntPrj\Network Model.IntPrjfolder\Network Data.IntPrjfolder\ESTE 138 kV.ElmNet\San Pedro Bio-Energy.ElmSite\ZSPBEE.ElmSubstat\5.ElmTerm\Cub_1.StaCubic\ZSPBEE_ZQUISE-L1-SEL 311L.ElmRelay,,81D5,41.0,0.0,0.0416666679084301,1,,1,0,5,,138.0,Cub_1,,138 kV San Pedro Bio-Energy – SPM 2_a,ElmLne,ZSPBEE_ZXSP1E-L1,1,0,0,0,0,0
,ZSPBEE_ZQUISE-L1-SEL 311L,\VM-PF.IntUser\PDD 30-09-2025.IntPrj\Network Model.IntPrjfolder\Network Data.IntPrjfolder\ESTE 138 kV.ElmNet\San Pedro Bio-Energy.ElmSite\ZSPBEE.ElmSubstat\5.ElmTerm\Cub_1.StaCubic\ZSPBEE_ZQUISE-L1-SEL 311L.ElmRelay,,81D6,41.0,0.0,0.0416666679084301,1,,1,0,5,,138.0,Cub_1,,138 kV San Pedro Bio-Energy – SPM 2_a,ElmLne,ZSPBEE_ZXSP1E-L1,1,0,0,0,0,0
,ZSPMBE_ZSPM2E-L1-7SA6,\VM-PF.IntUser\PDD 30-09-2025.IntPrj\Network Model.IntPrjfolder\Network Data.IntPrjfolder\ESTE 138 kV.ElmNet\San Pedro.ElmSite\ZSPMAE.ElmSubstat\L2.ElmTerm\Cub_2.StaCubic\ZSPMBE_ZSPM2E-L1-7SA6.ElmRelay,Frequency (50Hz),f1,49.5,0.0,60.0,1,0,1,0,L2,,138.0,Cub_2,,138 kV Los Orígenes – SPM_b,ElmLne,ZSPMAE_ZXLO1E-L1,1,0,0,0,0,0
,ZSPMBE_ZSPM2E-L1-7SA6,\VM-PF.IntUser\PDD 30-09-2025.IntPrj\Network Model.IntPrjfolder\Network Data.IntPrjfolder\ESTE 138 kV.ElmNet\San Pedro.ElmSite\ZSPMAE.ElmSubstat\L2.ElmTerm\Cub_2.StaCubic\ZSPMBE_ZSPM2E-L1-7SA6.ElmRelay,Frequency (50Hz),f2,49.0,0.0,30.0,1,0,1,0,L2,,138.0,Cub_2,,138 kV Los Orígenes – SPM_b,ElmLne,ZSPMAE_ZXLO1E-L1,1,0,0,0,0,0
,ZSPMBE_ZSPM2E-L1-7SA6,\VM-PF.IntUser\PDD 30-09-2025.IntPrj\Network Model.IntPrjfolder\Network Data.IntPrjfolder\ESTE 138 kV.ElmNet\San Pedro.ElmSite\ZSPMAE.ElmSubstat\L2.ElmTerm\Cub_2.StaCubic\ZSPMBE_ZSPM2E-L1-7SA6.ElmRelay,Frequency (50Hz),f3,47.5,0.0,3.0,1,0,1,0,L2,,138.0,Cub_2,,138 kV Los Orígenes – SPM_b,ElmLne,ZSPMAE_ZXLO1E-L1,1,0,0,0,0,0
,ZSPMBE_ZSPM2E-L1-7SA6,\VM-PF.IntUser\PDD 30-09-2025.IntPrj\Network Model.IntPrjfolder\Network Data.IntPrjfolder\ESTE 138 kV.ElmNet\San Pedro.ElmSite\ZSPMAE.ElmSubstat\L2.ElmTerm\Cub_2.StaCubic\ZSPMBE_ZSPM2E-L1-7SA6.ElmRelay,Frequency (50Hz),f4,51.0,0.0,30.0,1,0,1,0,L2,,138.0,Cub_2,,138 kV Los Orígenes – SPM_b,ElmLne,ZSPMAE_ZXLO1E-L1,1,0,0,0,0,0
,ZSPMBE_ZSPM2E-L1-7SA6,\VM-PF.IntUser\PDD 30-09-2025.IntPrj\Network Model.IntPrjfolder\Network Data.IntPrjfolder\ESTE 138 kV.ElmNet\San Pedro.ElmSite\ZSPMAE.ElmSubstat\L2.ElmTerm\Cub_2.StaCubic\ZSPMBE_ZSPM2E-L1-7SA6.ElmRelay,Frequency (60Hz),f1,59.5,0.0,60.0,1,1,1,0,L2,,138.0,Cub_2,,138 kV Los Orígenes – SPM_b,ElmLne,ZSPMAE_ZXLO1E-L1,1,0,0,0,0,0
,ZSPMBE_ZSPM2E-L1-7SA6,\VM-PF.IntUser\PDD 30-09-2025.IntPrj\Network Model.IntPrjfolder\Network Data.IntPrjfolder\ESTE 138 kV.ElmNet\San Pedro.ElmSite\ZSPMAE.ElmSubstat\L2.ElmTerm\Cub_2.StaCubic\ZSPMBE_ZSPM2E-L1-7SA6.ElmRelay,Frequency (60Hz),f2,57.0,0.0,30.0,1,1,1,0,L2,,138.0,Cub_2,,138 kV Los Orígenes – SPM_b,ElmLne,ZSPMAE_ZXLO1E-L1,1,0,0,0,0,0
,ZSPMBE_ZSPM2E-L1-7SA6,\VM-PF.IntUser\PDD 30-09-2025.IntPrj\Network Model.IntPrjfolder\Network Data.IntPrjfolder\ESTE 138 kV.ElmNet\San Pedro.ElmSite\ZSPMAE.ElmSubstat\L2.ElmTerm\Cub_2.StaCubic\ZSPMBE_ZSPM2E-L1-7SA6.ElmRelay,Frequency (60Hz),f3,59.5,0.0,3.0,1,1,1,0,L2,,138.0,Cub_2,,138 kV Los Orígenes – SPM_b,ElmLne,ZSPMAE_ZXLO1E-L1,1,0,0,0,0,0
,ZSPMBE_ZSPM2E-L1-7SA6,\VM-PF.IntUser\PDD 30-09-2025.IntPrj\Network Model.IntPrjfolder\Network Data.IntPrjfolder\ESTE 138 kV.ElmNet\San Pedro.ElmSite\ZSPMAE.ElmSubstat\L2.ElmTerm\Cub_2.StaCubic\ZSPMBE_ZSPM2E-L1-7SA6.ElmRelay,Frequency (60Hz),f4,62.0,0.0,30.0,1,1,1,0,L2,,138.0,Cub_2,,138 kV Los Orígenes – SPM_b,ElmLne,ZSPMAE_ZXLO1E-L1,1,0,0,0,0,0
,ZSPMBE_ZLROME-L1-7SA6,\VM-PF.IntUser\PDD 30-09-2025.IntPrj\Network Model.IntPrjfolder\Network Data.IntPrjfolder\ESTE 138 kV.ElmNet\San Pedro.ElmSite\ZSPMAE.ElmSubstat\R1.ElmTerm\Cub_2.StaCubic\ZSPMBE_ZLROME-L1-7SA6.ElmRelay,Frequency (50Hz),f1,49.5,0.0,60.0,1,0,1,0,R1,,138.0,Cub_2,,138 kV Coastal – SPM_b,ElmLne,ZSPMBE_ZXCO1E-L1,1,0,0,0,0,0
,ZSPMBE_ZLROME-L1-7SA6,\VM-PF.IntUser\PDD 30-09-2025.IntPrj\Network Model.IntPrjfolder\Network Data.IntPrjfolder\ESTE 138 kV.ElmNet\San Pedro.ElmSite\ZSPMAE.ElmSubstat\R1.ElmTerm\Cub_2.StaCubic\ZSPMBE_ZLROME-L1-7SA6.ElmRelay,Frequency (50Hz),f2,49.0,0.0,30.0,1,0,1,0,R1,,138.0,Cub_2,,138 kV Coastal – SPM_b,ElmLne,ZSPMBE_ZXCO1E-L1,1,0,0,0,0,0
,ZSPMBE_ZLROME-L1-7SA6,\VM-PF.IntUser\PDD 30-09-2025.IntPrj\Network Model.IntPrjfolder\Network Data.IntPrjfolder\ESTE 138 kV.ElmNet\San Pedro.ElmSite\ZSPMAE.ElmSubstat\R1.ElmTerm\Cub_2.StaCubic\ZSPMBE_ZLROME-L1-7SA6.ElmRelay,Frequency (50Hz),f3,47.5,0.0,3.0,1,0,1,0,R1,,138.0,Cub_2,,138 kV Coastal – SPM_b,ElmLne,ZSPMBE_ZXCO1E-L1,1,0,0,0,0,0
,ZSPMBE_ZLROME-L1-7SA6,\VM-PF.IntUser\PDD 30-09-2025.IntPrj\Network Model.IntPrjfolder\Network Data.IntPrjfolder\ESTE 138 kV.ElmNet\San Pedro.ElmSite\ZSPMAE.ElmSubstat\R1.ElmTerm\Cub_2.StaCubic\ZSPMBE_ZLROME-L1-7SA6.ElmRelay,Frequency (50Hz),f4,51.0,0.0,30.0,1,0,1,0,R1,,138.0,Cub_2,,138 kV Coastal – SPM_b,ElmLne,ZSPMBE_ZXCO1E-L1,1,0,0,0,0,0
,ZSPMBE_ZLROME-L1-7SA6,\VM-PF.IntUser\PDD 30-09-2025.IntPrj\Network Model.IntPrjfolder\Network Data.IntPrjfolder\ESTE 138 kV.ElmNet\San Pedro.ElmSite\ZSPMAE.ElmSubstat\R1.ElmTerm\Cub_2.StaCubic\ZSPMBE_ZLROME-L1-7SA6.ElmRelay,Frequency (60Hz),f1,59.5,0.0,60.0,1,1,1,0,R1,,138.0,Cub_2,,138 kV Coastal – SPM_b,ElmLne,ZSPMBE_ZXCO1E-L1,1,0,0,0,0,0
,ZSPMBE_ZLROME-L1-7SA6,\VM-PF.IntUser\PDD 30-09-2025.IntPrj\Network Model.IntPrjfolder\Network Data.IntPrjfolder\ESTE 138 kV.ElmNet\San Pedro.ElmSite\ZSPMAE.ElmSubstat\R1.ElmTerm\Cub_2.StaCubic\ZSPMBE_ZLROME-L1-7SA6.ElmRelay,Frequency (60Hz),f2,57.0,0.0,30.0,1,1,1,0,R1,,138.0,Cub_2,,138 kV Coastal – SPM_b,ElmLne,ZSPMBE_ZXCO1E-L1,1,0,0,0,0,0
,ZSPMBE_ZLROME-L1-7SA6,\VM-PF.IntUser\PDD 30-09-2025.IntPrj\Network Model.IntPrjfolder\Network Data.IntPrjfolder\ESTE 138 kV.ElmNet\San Pedro.ElmSite\ZSPMAE.ElmSubstat\R1.ElmTerm\Cub_2.StaCubic\ZSPMBE_ZLROME-L1-7SA6.ElmRelay,Frequency (60Hz),f3,59.5,0.0,3.0,1,1,1,0,R1,,138.0,Cub_2,,138 kV Coastal – SPM_b,ElmLne,ZSPMBE_ZXCO1E-L1,1,0,0,0,0,0
,ZSPMBE_ZLROME-L1-7SA6,\VM-PF.IntUser\PDD 30-09-2025.IntPrj\Network Model.IntPrjfolder\Network Data.IntPrjfolder\ESTE 138 kV.ElmNet\San Pedro.ElmSite\ZSPMAE.ElmSubstat\R1.ElmTerm\Cub_2.StaCubic\ZSPMBE_ZLROME-L1-7SA6.ElmRelay,Frequency (60Hz),f4,62.0,0.0,30.0,1,1,1,0,R1,,138.0,Cub_2,,138 kV Coastal – SPM_b,ElmLne,ZSPMBE_ZXCO1E-L1,1,0,0,0,0,0
,ZSPMBE_ZLROME-L1-7SD52,\VM-PF.IntUser\PDD 30-09-2025.IntPrj\Network Model.IntPrjfolder\Network Data.IntPrjfolder\ESTE 138 kV.ElmNet\San Pedro.ElmSite\ZSPMAE.ElmSubstat\R1.ElmTerm\Cub_2.StaCubic\ZSPMBE_ZLROME-L1-7SD52.ElmRelay,Distance/Overcurrent/Voltage,f1,45.5,0.0,0.0,1,1,1,0,R1,,138.0,Cub_2,,138 kV Coastal – SPM_b,ElmLne,ZSPMBE_ZXCO1E-L1,1,0,0,0,0,0
,ZSPMBE_ZLROME-L1-7SD52,\VM-PF.IntUser\PDD 30-09-2025.IntPrj\Network Model.IntPrjfolder\Network Data.IntPrjfolder\ESTE 138 kV.ElmNet\San Pedro.ElmSite\ZSPMAE.ElmSubstat\R1.ElmTerm\Cub_2.StaCubic\ZSPMBE_ZLROME-L1-7SD52.ElmRelay,Distance/Overcurrent/Voltage,f2,45.5,0.0,0.0,1,1,1,0,R1,,138.0,Cub_2,,138 kV Coastal – SPM_b,ElmLne,ZSPMBE_ZXCO1E-L1,1,0,0,0,0,0
,ZSPMBE_ZLROME-L1-7SD52,\VM-PF.IntUser\PDD 30-09-2025.IntPrj\Network Model.IntPrjfolder\Network Data.IntPrjfolder\ESTE 138 kV.ElmNet\San Pedro.ElmSite\ZSPMAE.ElmSubstat\R1.ElmTerm\Cub_2.StaCubic\ZSPMBE_ZLROME-L1-7SD52.ElmRelay,Distance/Overcurrent/Voltage,f3,45.5,0.0,0.0,1,1,1,0,R1,,138.0,Cub_2,,138 kV Coastal – SPM_b,ElmLne,ZSPMBE_ZXCO1E-L1,1,0,0,0,0,0
,ZSPMBE_ZLROME-L1-7SD52,\VM-PF.IntUser\PDD 30-09-2025.IntPrj\Network Model.IntPrjfolder\Network Data.IntPrjfolder\ESTE 138 kV.ElmNet\San Pedro.ElmSite\ZSPMAE.ElmSubstat\R1.ElmTerm\Cub_2.StaCubic\ZSPMBE_ZLROME-L1-7SD52.ElmRelay,Distance/Overcurrent/Voltage,f4,45.5,0.0,0.0,1,1,1,0,R1,,138.0,Cub_2,,138 kV Coastal – SPM_b,ElmLne,ZSPMBE_ZXCO1E-L1,1,0,0,0,0,0
,ZSPMBE_ZLROME-L2-7SA6,\VM-PF.IntUser\PDD 30-09-2025.IntPrj\Network Model.IntPrjfolder\Network Data.IntPrjfolder\ESTE 138 kV.ElmNet\San Pedro.ElmSite\ZSPMAE.ElmSubstat\R2.ElmTerm\Cub_2.StaCubic\ZSPMBE_ZLROME-L2-7SA6.ElmRelay,Frequency (50Hz),f1,49.5,0.0,60.0,1,0,1,0,R2,,138.0,Cub_2,,138 kV Cumayasa – SPM_b,ElmLne,ZSPMBE_ZXCO2E-L1,1,0,0,0,0,0
,ZSPMBE_ZLROME-L2-7SA6,\VM-PF.IntUser\PDD 30-09-2025.IntPrj\Network Model.IntPrjfolder\Network Data.IntPrjfolder\ESTE 138 kV.ElmNet\San Pedro.ElmSite\ZSPMAE.ElmSubstat\R2.ElmTerm\Cub_2.StaCubic\ZSPMBE_ZLROME-L2-7SA6.ElmRelay,Frequency (50Hz),f2,49.0,0.0,30.0,1,0,1,0,R2,,138.0,Cub_2,,138 kV Cumayasa – SPM_b,ElmLne,ZSPMBE_ZXCO2E-L1,1,0,0,0,0,0
,ZSPMBE_ZLROME-L2-7SA6,\VM-PF.IntUser\PDD 30-09-2025.IntPrj\Network Model.IntPrjfolder\Network Data.IntPrjfolder\ESTE 138 kV.ElmNet\San Pedro.ElmSite\ZSPMAE.ElmSubstat\R2.ElmTerm\Cub_2.StaCubic\ZSPMBE_ZLROME-L2-7SA6.ElmRelay,Frequency (50Hz),f3,47.5,0.0,3.0,1,0,1,0,R2,,138.0,Cub_2,,138 kV Cumayasa – SPM_b,ElmLne,ZSPMBE_ZXCO2E-L1,1,0,0,0,0,0
,ZSPMBE_ZLROME-L2-7SA6,\VM-PF.IntUser\PDD 30-09-2025.IntPrj\Network Model.IntPrjfolder\Network Data.IntPrjfolder\ESTE 138 kV.ElmNet\San Pedro.ElmSite\ZSPMAE.ElmSubstat\R2.ElmTerm\Cub_2.StaCubic\ZSPMBE_ZLROME-L2-7SA6.ElmRelay,Frequency (50Hz),f4,51.0,0.0,30.0,1,0,1,0,R2,,138.0,Cub_2,,138 kV Cumayasa – SPM_b,ElmLne,ZSPMBE_ZXCO2E-L1,1,0,0,0,0,0
,ZSPMBE_ZLROME-L2-7SA6,\VM-PF.IntUser\PDD 30-09-2025.IntPrj\Network Model.IntPrjfolder\Network Data.IntPrjfolder\ESTE 138 kV.ElmNet\San Pedro.ElmSite\ZSPMAE.ElmSubstat\R2.ElmTerm\Cub_2.StaCubic\ZSPMBE_ZLROME-L2-7SA6.ElmRelay,Frequency (60Hz),f1,59.5,0.0,60.0,1,1,1,0,R2,,138.0,Cub_2,,138 kV Cumayasa – SPM_b,ElmLne,ZSPMBE_ZXCO2E-L1,1,0,0,0,0,0
,ZSPMBE_ZLROME-L2-7SA6,\VM-PF.IntUser\PDD 30-09-2025.IntPrj\Network Model.IntPrjfolder\Network Data.IntPrjfolder\ESTE 138 kV.ElmNet\San Pedro.ElmSite\ZSPMAE.ElmSubstat\R2.ElmTerm\Cub_2.StaCubic\ZSPMBE_ZLROME-L2-7SA6.ElmRelay,Frequency (60Hz),f2,57.0,0.0,30.0,1,1,1,0,R2,,138.0,Cub_2,,138 kV Cumayasa – SPM_b,ElmLne,ZSPMBE_ZXCO2E-L1,1,0,0,0,0,0
,ZSPMBE_ZLROME-L2-7SA6,\VM-PF.IntUser\PDD 30-09-2025.IntPrj\Network Model.IntPrjfolder\Network Data.IntPrjfolder\ESTE 138 kV.ElmNet\San Pedro.ElmSite\ZSPMAE.ElmSubstat\R2.ElmTerm\Cub_2.StaCubic\ZSPMBE_ZLROME-L2-7SA6.ElmRelay,Frequency (60Hz),f3,59.5,0.0,3.0,1,1,1,0,R2,,138.0,Cub_2,,138 kV Cumayasa – SPM_b,ElmLne,ZSPMBE_ZXCO2E-L1,1,0,0,0,0,0
,ZSPMBE_ZLROME-L2-7SA6,\VM-PF.IntUser\PDD 30-09-2025.IntPrj\Network Model.IntPrjfolder\Network Data.IntPrjfolder\ESTE 138 kV.ElmNet\San Pedro.ElmSite\ZSPMAE.ElmSubstat\R2.ElmTerm\Cub_2.StaCubic\ZSPMBE_ZLROME-L2-7SA6.ElmRelay,Frequency (60Hz),f4,62.0,0.0,30.0,1,1,1,0,R2,,138.0,Cub_2,,138 kV Cumayasa – SPM_b,ElmLne,ZSPMBE_ZXCO2E-L1,1,0,0,0,0,0
,ZSPMBE_ZLROME-L2-7SD52,\VM-PF.IntUser\PDD 30-09-2025.IntPrj\Network Model.IntPrjfolder\Network Data.IntPrjfolder\ESTE 138 kV.ElmNet\San Pedro.ElmSite\ZSPMAE.ElmSubstat\R2.ElmTerm\Cub_2.StaCubic\ZSPMBE_ZLROME-L2-7SD52.ElmRelay,Distance/Overcurrent/Voltage,f1,45.5,0.0,0.0,1,1,1,0,R2,,138.0,Cub_2,,138 kV Cumayasa – SPM_b,ElmLne,ZSPMBE_ZXCO2E-L1,1,0,0,0,0,0
,ZSPMBE_ZLROME-L2-7SD52,\VM-PF.IntUser\PDD 30-09-2025.IntPrj\Network Model.IntPrjfolder\Network Data.IntPrjfolder\ESTE 138 kV.ElmNet\San Pedro.ElmSite\ZSPMAE.ElmSubstat\R2.ElmTerm\Cub_2.StaCubic\ZSPMBE_ZLROME-L2-7SD52.ElmRelay,Distance/Overcurrent/Voltage,f2,45.5,0.0,0.0,1,1,1,0,R2,,138.0,Cub_2,,138 kV Cumayasa – SPM_b,ElmLne,ZSPMBE_ZXCO2E-L1,1,0,0,0,0,0
,ZSPMBE_ZLROME-L2-7SD52,\VM-PF.IntUser\PDD 30-09-2025.IntPrj\Network Model.IntPrjfolder\Network Data.IntPrjfolder\ESTE 138 kV.ElmNet\San Pedro.ElmSite\ZSPMAE.ElmSubstat\R2.ElmTerm\Cub_2.StaCubic\ZSPMBE_ZLROME-L2-7SD52.ElmRelay,Distance/Overcurrent/Voltage,f3,45.5,0.0,0.0,1,1,1,0,R2,,138.0,Cub_2,,138 kV Cumayasa – SPM_b,ElmLne,ZSPMBE_ZXCO2E-L1,1,0,0,0,0,0
,ZSPMBE_ZLROME-L2-7SD52,\VM-PF.IntUser\PDD 30-09-2025.IntPrj\Network Model.IntPrjfolder\Network Data.IntPrjfolder\ESTE 138 kV.ElmNet\San Pedro.ElmSite\ZSPMAE.ElmSubstat\R2.ElmTerm\Cub_2.StaCubic\ZSPMBE_ZLROME-L2-7SD52.ElmRelay,Distance/Overcurrent/Voltage,f4,45.5,0.0,0.0,1,1,1,0,R2,,138.0,Cub_2,,138 kV Cumayasa – SPM_b,ElmLne,ZSPMBE_ZXCO2E-L1,1,0,0,0,0,0
,ZSPMAE_ZLORIE-L1-7SA6,\VM-PF.IntUser\PDD 30-09-2025.IntPrj\Network Model.IntPrjfolder\Network Data.IntPrjfolder\ESTE 138 kV.ElmNet\San Pedro.ElmSite\ZSPMAE.ElmSubstat\R3.ElmTerm\Cub_2.StaCubic\ZSPMAE_ZLORIE-L1-7SA6.ElmRelay,Frequency (50Hz),f1,49.5,0.0,60.0,1,0,1,0,R3,,138.0,Cub_2,,138 kV SPM – SPM 2_a,ElmLne,ZXLO3E_ZSPMBE-L1,1,0,0,0,0,0
,ZSPMAE_ZLORIE-L1-7SA6,\VM-PF.IntUser\PDD 30-09-2025.IntPrj\Network Model.IntPrjfolder\Network Data.IntPrjfolder\ESTE 138 kV.ElmNet\San Pedro.ElmSite\ZSPMAE.ElmSubstat\R3.ElmTerm\Cub_2.StaCubic\ZSPMAE_ZLORIE-L1-7SA6.ElmRelay,Frequency (50Hz),f2,49.0,0.0,30.0,1,0,1,0,R3,,138.0,Cub_2,,138 kV SPM – SPM 2_a,ElmLne,ZXLO3E_ZSPMBE-L1,1,0,0,0,0,0
,ZSPMAE_ZLORIE-L1-7SA6,\VM-PF.IntUser\PDD 30-09-2025.IntPrj\Network Model.IntPrjfolder\Network Data.IntPrjfolder\ESTE 138 kV.ElmNet\San Pedro.ElmSite\ZSPMAE.ElmSubstat\R3.ElmTerm\Cub_2.StaCubic\ZSPMAE_ZLORIE-L1-7SA6.ElmRelay,Frequency (50Hz),f3,47.5,0.0,3.0,1,0,1,0,R3,,138.0,Cub_2,,138 kV SPM – SPM 2_a,ElmLne,ZXLO3E_ZSPMBE-L1,1,0,0,0,0,0
,ZSPMAE_ZLORIE-L1-7SA6,\VM-PF.IntUser\PDD 30-09-2025.IntPrj\Network Model.IntPrjfolder\Network Data.IntPrjfolder\ESTE 138 kV.ElmNet\San Pedro.ElmSite\ZSPMAE.ElmSubstat\R3.ElmTerm\Cub_2.StaCubic\ZSPMAE_ZLORIE-L1-7SA6.ElmRelay,Frequency (50Hz),f4,51.0,0.0,30.0,1,0,1,0,R3,,138.0,Cub_2,,138 kV SPM – SPM 2_a,ElmLne,ZXLO3E_ZSPMBE-L1,1,0,0,0,0,0
,ZSPMAE_ZLORIE-L1-7SA6,\VM-PF.IntUser\PDD 30-09-2025.IntPrj\Network Model.IntPrjfolder\Network Data.IntPrjfolder\ESTE 138 kV.ElmNet\San Pedro.ElmSite\ZSPMAE.ElmSubstat\R3.ElmTerm\Cub_2.StaCubic\ZSPMAE_ZLORIE-L1-7SA6.ElmRelay,Frequency (60Hz),f1,59.5,0.0,60.0,1,1,1,0,R3,,138.0,Cub_2,,138 kV SPM – SPM 2_a,ElmLne,ZXLO3E_ZSPMBE-L1,1,0,0,0,0,0
,ZSPMAE_ZLORIE-L1-7SA6,\VM-PF.IntUser\PDD 30-09-2025.IntPrj\Network Model.IntPrjfolder\Network Data.IntPrjfolder\ESTE 138 kV.ElmNet\San Pedro.ElmSite\ZSPMAE.ElmSubstat\R3.ElmTerm\Cub_2.StaCubic\ZSPMAE_ZLORIE-L1-7SA6.ElmRelay,Frequency (60Hz),f2,57.0,0.0,30.0,1,1,1,0,R3,,138.0,Cub_2,,138 kV SPM – SPM 2_a,ElmLne,ZXLO3E_ZSPMBE-L1,1,0,0,0,0,0
,ZSPMAE_ZLORIE-L1-7SA6,\VM-PF.IntUser\PDD 30-09-2025.IntPrj\Network Model.IntPrjfolder\Network Data.IntPrjfolder\ESTE 138 kV.ElmNet\San Pedro.ElmSite\ZSPMAE.ElmSubstat\R3.ElmTerm\Cub_2.StaCubic\ZSPMAE_ZLORIE-L1-7SA6.ElmRelay,Frequency (60Hz),f3,59.5,0.0,3.0,1,1,1,0,R3,,138.0,Cub_2,,138 kV SPM – SPM 2_a,ElmLne,ZXLO3E_ZSPMBE-L1,1,0,0,0,0,0
,ZSPMAE_ZLORIE-L1-7SA6,\VM-PF.IntUser\PDD 30-09-2025.IntPrj\Network Model.IntPrjfolder\Network Data.IntPrjfolder\ESTE 138 kV.ElmNet\San Pedro.ElmSite\ZSPMAE.ElmSubstat\R3.ElmTerm\Cub_2.StaCubic\ZSPMAE_ZLORIE-L1-7SA6.ElmRelay,Frequency (60Hz),f4,62.0,0.0,30.0,1,1,1,0,R3,,138.0,Cub_2,,138 kV SPM – SPM 2_a,ElmLne,ZXLO3E_ZSPMBE-L1,1,0,0,0,0,0
,SAN PEDRO DE MACORIS,\VM-PF.IntUser\PDD 30-09-2025.IntPrj\Network Model.IntPrjfolder\Network Data.IntPrjfolder\ESTE 138 kV.ElmNet\San Pedro.ElmSite\ZSPMAF.ElmSubstat\2.ElmTerm\Cub_1.StaCubic\SAN PEDRO DE MACORIS.ElmRelay,,EDE 1 F<,59.29999923706055,0.0,0.10000000149011612,0,,0,1,2,,69.0,Cub_1,,Demanda SPM,ElmLod,ZSPMAF-D1,0,1,37.36,12.49,0,0
,SAN PEDRO DE MACORIS,\VM-PF.IntUser\PDD 30-09-2025.IntPrj\Network Model.IntPrjfolder\Network Data.IntPrjfolder\ESTE 138 kV.ElmNet\San Pedro.ElmSite\ZSPMAF.ElmSubstat\2.ElmTerm\Cub_1.StaCubic\SAN PEDRO DE MACORIS.ElmRelay,,EDE 2 F<,59.20000076293945,0.0,0.10000000149011612,1,,0,0,2,,69.0,Cub_1,,Demanda SPM,ElmLod,ZSPMAF-D1,0,1,37.36,12.49,0,0
,SAN PEDRO DE MACORIS,\VM-PF.IntUser\PDD 30-09-2025.IntPrj\Network Model.IntPrjfolder\Network Data.IntPrjfolder\ESTE 138 kV.ElmNet\San Pedro.ElmSite\ZSPMAF.ElmSubstat\2.ElmTerm\Cub_1.StaCubic\SAN PEDRO DE MACORIS.ElmRelay,,EDE 3 F<,59.099998474121094,0.0,0.10000000149011612,1,,0,0,2,,69.0,Cub_1,,Demanda SPM,ElmLod,ZSPMAF-D1,0,1,37.36,12.49,0,0
,SAN PEDRO DE MACORIS,\VM-PF.IntUser\PDD 30-09-2025.IntPrj\Network Model.IntPrjfolder\Network Data.IntPrjfolder\ESTE 138 kV.ElmNet\San Pedro.ElmSite\ZSPMAF.ElmSubstat\2.ElmTerm\Cub_1.StaCubic\SAN PEDRO DE MACORIS.ElmRelay,,EDE 4 F<,59.0,0.0,0.10000000149011612,0,,0,1,2,,69.0,Cub_1,,Demanda SPM,ElmLod,ZSPMAF-D1,0,1,37.36,12.49,0,0
,SAN PEDRO DE MACORIS,\VM-PF.IntUser\PDD 30-09-2025.IntPrj\Network Model.IntPrjfolder\Network Data.IntPrjfolder\ESTE 138 kV.ElmNet\San Pedro.ElmSite\ZSPMAF.ElmSubstat\2.ElmTerm\Cub_1.StaCubic\SAN PEDRO DE MACORIS.ElmRelay,,EDE 5 F<,58.900001525878906,0.0,0.10000000149011612,1,,0,0,2,,69.0,Cub_1,,Demanda SPM,ElmLod,ZSPMAF-D1,0,1,37.36,12.49,0,0
,SAN PEDRO DE MACORIS,\VM-PF.IntUser\PDD 30-09-2025.IntPrj\Network Model.IntPrjfolder\Network Data.IntPrjfolder\ESTE 138 kV.ElmNet\San Pedro.ElmSite\ZSPMAF.ElmSubstat\2.ElmTerm\Cub_1.StaCubic\SAN PEDRO DE MACORIS.ElmRelay,,EDE 6 F<,58.79999923706055,0.0,0.10000000149011612,1,,0,0,2,,69.0,Cub_1,,Demanda SPM,ElmLod,ZSPMAF-D1,0,1,37.36,12.49,0,0
,ZESEIE_ZHIGUE-L1-7SD52,\VM-PF.IntUser\PDD 30-09-2025.IntPrj\Network Model.IntPrjfolder\Network Data.IntPrjfolder\ESTE 138 kV.ElmNet\ZESEIE.ElmSubstat\1.ElmTerm\Cub_1.StaCubic\ZESEIE_ZHIGUE-L1-7SD52.ElmRelay,Distance/Overcurrent/Voltage,f1,45.5,0.0,0.0,1,1,1,0,1,,138.0,Cub_1,,138 kV El Seibo – Higüey,ElmLne,ZESEIE_ZHIGUE-L1,1,0,0,0,0,0
,ZESEIE_ZHIGUE-L1-7SD52,\VM-PF.IntUser\PDD 30-09-2025.IntPrj\Network Model.IntPrjfolder\Network Data.IntPrjfolder\ESTE 138 kV.ElmNet\ZESEIE.ElmSubstat\1.ElmTerm\Cub_1.StaCubic\ZESEIE_ZHIGUE-L1-7SD52.ElmRelay,Distance/Overcurrent/Voltage,f2,45.5,0.0,0.0,1,1,1,0,1,,138.0,Cub_1,,138 kV El Seibo – Higüey,ElmLne,ZESEIE_ZHIGUE-L1,1,0,0,0,0,0
,ZESEIE_ZHIGUE-L1-7SD52,\VM-PF.IntUser\PDD 30-09-2025.IntPrj\Network Model.IntPrjfolder\Network Data.IntPrjfolder\ESTE 138 kV.ElmNet\ZESEIE.ElmSubstat\1.ElmTerm\Cub_1.StaCubic\ZESEIE_ZHIGUE-L1-7SD52.ElmRelay,Distance/Overcurrent/Voltage,f3,45.5,0.0,0.0,1,1,1,0,1,,138.0,Cub_1,,138 kV El Seibo – Higüey,ElmLne,ZESEIE_ZHIGUE-L1,1,0,0,0,0,0
,ZESEIE_ZHIGUE-L1-7SD52,\VM-PF.IntUser\PDD 30-09-2025.IntPrj\Network Model.IntPrjfolder\Network Data.IntPrjfolder\ESTE 138 kV.ElmNet\ZESEIE.ElmSubstat\1.ElmTerm\Cub_1.StaCubic\ZESEIE_ZHIGUE-L1-7SD52.ElmRelay,Distance/Overcurrent/Voltage,f4,45.5,0.0,0.0,1,1,1,0,1,,138.0,Cub_1,,138 kV El Seibo – Higüey,ElmLne,ZESEIE_ZHIGUE-L1,1,0,0,0,0,0
,ZHIGUE_ZLROME-L1-7SD52,\VM-PF.IntUser\PDD 30-09-2025.IntPrj\Network Model.IntPrjfolder\Network Data.IntPrjfolder\ESTE 138 kV.ElmNet\ZHIGUE.ElmSubstat\1.ElmTerm\Cub_1.StaCubic\ZHIGUE_ZLROME-L1-7SD52.ElmRelay,Distance/Overcurrent/Voltage,f1,45.5,0.0,0.0,1,1,1,0,1,,138.0,Cub_1,,138 kV Cotoperí – Higüey,ElmLne,ZCOTOP_ZHIGUE-L1,1,0,0,0,0,0
,ZHIGUE_ZLROME-L1-7SD52,\VM-PF.IntUser\PDD 30-09-2025.IntPrj\Network Model.IntPrjfolder\Network Data.IntPrjfolder\ESTE 138 kV.ElmNet\ZHIGUE.ElmSubstat\1.ElmTerm\Cub_1.StaCubic\ZHIGUE_ZLROME-L1-7SD52.ElmRelay,Distance/Overcurrent/Voltage,f2,45.5,0.0,0.0,1,1,1,0,1,,138.0,Cub_1,,138 kV Cotoperí – Higüey,ElmLne,ZCOTOP_ZHIGUE-L1,1,0,0,0,0,0
,ZHIGUE_ZLROME-L1-7SD52,\VM-PF.IntUser\PDD 30-09-2025.IntPrj\Network Model.IntPrjfolder\Network Data.IntPrjfolder\ESTE 138 kV.ElmNet\ZHIGUE.ElmSubstat\1.ElmTerm\Cub_1.StaCubic\ZHIGUE_ZLROME-L1-7SD52.ElmRelay,Distance/Overcurrent/Voltage,f3,45.5,0.0,0.0,1,1,1,0,1,,138.0,Cub_1,,138 kV Cotoperí – Higüey,ElmLne,ZCOTOP_ZHIGUE-L1,1,0,0,0,0,0
,ZHIGUE_ZLROME-L1-7SD52,\VM-PF.IntUser\PDD 30-09-2025.IntPrj\Network Model.IntPrjfolder\Network Data.IntPrjfolder\ESTE 138 kV.ElmNet\ZHIGUE.ElmSubstat\1.ElmTerm\Cub_1.StaCubic\ZHIGUE_ZLROME-L1-7SD52.ElmRelay,Distance/Overcurrent/Voltage,f4,45.5,0.0,0.0,1,1,1,0,1,,138.0,Cub_1,,138 kV Cotoperí – Higüey,ElmLne,ZCOTOP_ZHIGUE-L1,1,0,0,0,0,0
,ZHIGUE_ZLROME-L1-REL670,\VM-PF.IntUser\PDD 30-09-2025.IntPrj\Network Model.IntPrjfolder\Network Data.IntPrjfolder\ESTE 138 kV.ElmNet\ZHIGUE.ElmSubstat\1.ElmTerm\Cub_1.StaCubic\ZHIGUE_ZLROME-L1-REL670.ElmRelay,PTOF PTUF PFRC 81,FRC1,0.0,0.0,0.0,1,0,1,0,1,,138.0,Cub_1,,138 kV Cotoperí – Higüey,ElmLne,ZCOTOP_ZHIGUE-L1,1,0,0,0,0,0
,ZHIGUE_ZLROME-L1-REL670,\VM-PF.IntUser\PDD 30-09-2025.IntPrj\Network Model.IntPrjfolder\Network Data.IntPrjfolder\ESTE 138 kV.ElmNet\ZHIGUE.ElmSubstat\1.ElmTerm\Cub_1.StaCubic\ZHIGUE_ZLROME-L1-REL670.ElmRelay,PTOF PTUF PFRC 81,FRC2,0.0,0.0,0.0,1,0,1,0,1,,138.0,Cub_1,,138 kV Cotoperí – Higüey,ElmLne,ZCOTOP_ZHIGUE-L1,1,0,0,0,0,0
,ZHIGUE_ZLROME-L1-REL670,\VM-PF.IntUser\PDD 30-09-2025.IntPrj\Network Model.IntPrjfolder\Network Data.IntPrjfolder\ESTE 138 kV.ElmNet\ZHIGUE.ElmSubstat\1.ElmTerm\Cub_1.StaCubic\ZHIGUE_ZLROME-L1-REL670.ElmRelay,PTOF PTUF PFRC 81,TOF,35.0,0.0,0.0,1,0,1,0,1,,138.0,Cub_1,,138 kV Cotoperí – Higüey,ElmLne,ZCOTOP_ZHIGUE-L1,1,0,0,0,0,0
,ZHIGUE_ZLROME-L1-REL670,\VM-PF.IntUser\PDD 30-09-2025.IntPrj\Network Model.IntPrjfolder\Network Data.IntPrjfolder\ESTE 138 kV.ElmNet\ZHIGUE.ElmSubstat\1.ElmTerm\Cub_1.StaCubic\ZHIGUE_ZLROME-L1-REL670.ElmRelay,PTOF PTUF PFRC 81,TUF 1,35.0,0.0,0.0,1,0,1,0,1,,138.0,Cub_1,,138 kV Cotoperí – Higüey,ElmLne,ZCOTOP_ZHIGUE-L1,1,0,0,0,0,0
,ZHIGUE_ZLROME-L1-REL670,\VM-PF.IntUser\PDD 30-09-2025.IntPrj\Network Model.IntPrjfolder\Network Data.IntPrjfolder\ESTE 138 kV.ElmNet\ZHIGUE.ElmSubstat\1.ElmTerm\Cub_1.StaCubic\ZHIGUE_ZLROME-L1-REL670.ElmRelay,PTOF PTUF PFRC 81,TUF 2,35.0,0.0,0.0,1,0,1,0,1,,138.0,Cub_1,,138 kV Cotoperí – Higüey,ElmLne,ZCOTOP_ZHIGUE-L1,1,0,0,0,0,0
,ZHIGUE_ZESEIE-L1-7SD52,\VM-PF.IntUser\PDD 30-09-2025.IntPrj\Network Model.IntPrjfolder\Network Data.IntPrjfolder\ESTE 138 kV.ElmNet\ZHIGUE.ElmSubstat\2.ElmTerm\Cub_1.StaCubic\ZHIGUE_ZESEIE-L1-7SD52.ElmRelay,Distance/Overcurrent/Voltage,f1,45.5,0.0,0.0,1,1,1,0,2,,138.0,Cub_1,,138 kV El Seibo – Higüey,ElmLne,ZESEIE_ZHIGUE-L1,1,0,0,0,0,0
,ZHIGUE_ZESEIE-L1-7SD52,\VM-PF.IntUser\PDD 30-09-2025.IntPrj\Network Model.IntPrjfolder\Network Data.IntPrjfolder\ESTE 138 kV.ElmNet\ZHIGUE.ElmSubstat\2.ElmTerm\Cub_1.StaCubic\ZHIGUE_ZESEIE-L1-7SD52.ElmRelay,Distance/Overcurrent/Voltage,f2,45.5,0.0,0.0,1,1,1,0,2,,138.0,Cub_1,,138 kV El Seibo – Higüey,ElmLne,ZESEIE_ZHIGUE-L1,1,0,0,0,0,0
,ZHIGUE_ZESEIE-L1-7SD52,\VM-PF.IntUser\PDD 30-09-2025.IntPrj\Network Model.IntPrjfolder\Network Data.IntPrjfolder\ESTE 138 kV.ElmNet\ZHIGUE.ElmSubstat\2.ElmTerm\Cub_1.StaCubic\ZHIGUE_ZESEIE-L1-7SD52.ElmRelay,Distance/Overcurrent/Voltage,f3,45.5,0.0,0.0,1,1,1,0,2,,138.0,Cub_1,,138 kV El Seibo – Higüey,ElmLne,ZESEIE_ZHIGUE-L1,1,0,0,0,0,0
,ZHIGUE_ZESEIE-L1-7SD52,\VM-PF.IntUser\PDD 30-09-2025.IntPrj\Network Model.IntPrjfolder\Network Data.IntPrjfolder\ESTE 138 kV.ElmNet\ZHIGUE.ElmSubstat\2.ElmTerm\Cub_1.StaCubic\ZHIGUE_ZESEIE-L1-7SD52.ElmRelay,Distance/Overcurrent/Voltage,f4,45.5,0.0,0.0,1,1,1,0,2,,138.0,Cub_1,,138 kV El Seibo – Higüey,ElmLne,ZESEIE_ZHIGUE-L1,1,0,0,0,0,0
,ZHIGUE_ZESEIE-L1-REL670,\VM-PF.IntUser\PDD 30-09-2025.IntPrj\Network Model.IntPrjfolder\Network Data.IntPrjfolder\ESTE 138 kV.ElmNet\ZHIGUE.ElmSubstat\2.ElmTerm\Cub_1.StaCubic\ZHIGUE_ZESEIE-L1-REL670.ElmRelay,PTOF PTUF PFRC 81,FRC1,0.0,0.0,0.0,1,0,1,0,2,,138.0,Cub_1,,138 kV El Seibo – Higüey,ElmLne,ZESEIE_ZHIGUE-L1,1,0,0,0,0,0
,ZHIGUE_ZESEIE-L1-REL670,\VM-PF.IntUser\PDD 30-09-2025.IntPrj\Network Model.IntPrjfolder\Network Data.IntPrjfolder\ESTE 138 kV.ElmNet\ZHIGUE.ElmSubstat\2.ElmTerm\Cub_1.StaCubic\ZHIGUE_ZESEIE-L1-REL670.ElmRelay,PTOF PTUF PFRC 81,FRC2,0.0,0.0,0.0,1,0,1,0,2,,138.0,Cub_1,,138 kV El Seibo – Higüey,ElmLne,ZESEIE_ZHIGUE-L1,1,0,0,0,0,0
,ZHIGUE_ZESEIE-L1-REL670,\VM-PF.IntUser\PDD 30-09-2025.IntPrj\Network Model.IntPrjfolder\Network Data.IntPrjfolder\ESTE 138 kV.ElmNet\ZHIGUE.ElmSubstat\2.ElmTerm\Cub_1.StaCubic\ZHIGUE_ZESEIE-L1-REL670.ElmRelay,PTOF PTUF PFRC 81,TOF,35.0,0.0,0.0,1,0,1,0,2,,138.0,Cub_1,,138 kV El Seibo – Higüey,ElmLne,ZESEIE_ZHIGUE-L1,1,0,0,0,0,0
,ZHIGUE_ZESEIE-L1-REL670,\VM-PF.IntUser\PDD 30-09-2025.IntPrj\Network Model.IntPrjfolder\Network Data.IntPrjfolder\ESTE 138 kV.ElmNet\ZHIGUE.ElmSubstat\2.ElmTerm\Cub_1.StaCubic\ZHIGUE_ZESEIE-L1-REL670.ElmRelay,PTOF PTUF PFRC 81,TUF 1,35.0,0.0,0.0,1,0,1,0,2,,138.0,Cub_1,,138 kV El Seibo – Higüey,ElmLne,ZESEIE_ZHIGUE-L1,1,0,0,0,0,0
,ZHIGUE_ZESEIE-L1-REL670,\VM-PF.IntUser\PDD 30-09-2025.IntPrj\Network Model.IntPrjfolder\Network Data.IntPrjfolder\ESTE 138 kV.ElmNet\ZHIGUE.ElmSubstat\2.ElmTerm\Cub_1.StaCubic\ZHIGUE_ZESEIE-L1-REL670.ElmRelay,PTOF PTUF PFRC 81,TUF 2,35.0,0.0,0.0,1,0,1,0,2,,138.0,Cub_1,,138 kV El Seibo – Higüey,ElmLne,ZESEIE_ZHIGUE-L1,1,0,0,0,0,0
,HIGUEY 138,\VM-PF.IntUser\PDD 30-09-2025.IntPrj\Network Model.IntPrjfolder\Network Data.IntPrjfolder\ESTE 138 kV.ElmNet\ZHIGUE.ElmSubstat\3.ElmTerm\Cub_1.StaCubic\HIGUEY 138.ElmRelay,,EDE 1 F<,59.29999923706055,0.0,0.10000000149011612,0,,0,1,3,,138.0,Cub_1,,Demanda 1 Higüey 138 kV,ElmLod,ZHIGUE-D1,0,1,12.13,3.99,0,0
,HIGUEY 138,\VM-PF.IntUser\PDD 30-09-2025.IntPrj\Network Model.IntPrjfolder\Network Data.IntPrjfolder\ESTE 138 kV.ElmNet\ZHIGUE.ElmSubstat\3.ElmTerm\Cub_1.StaCubic\HIGUEY 138.ElmRelay,,EDE 2 F<,59.20000076293945,0.0,0.10000000149011612,1,,0,0,3,,138.0,Cub_1,,Demanda 1 Higüey 138 kV,ElmLod,ZHIGUE-D1,0,1,12.13,3.99,0,0
,HIGUEY 138,\VM-PF.IntUser\PDD 30-09-2025.IntPrj\Network Model.IntPrjfolder\Network Data.IntPrjfolder\ESTE 138 kV.ElmNet\ZHIGUE.ElmSubstat\3.ElmTerm\Cub_1.StaCubic\HIGUEY 138.ElmRelay,,EDE 3 F<,59.099998474121094,0.0,0.10000000149011612,1,,0,0,3,,138.0,Cub_1,,Demanda 1 Higüey 138 kV,ElmLod,ZHIGUE-D1,0,1,12.13,3.99,0,0
,HIGUEY 138,\VM-PF.IntUser\PDD 30-09-2025.IntPrj\Network Model.IntPrjfolder\Network Data.IntPrjfolder\ESTE 138 kV.ElmNet\ZHIGUE.ElmSubstat\3.ElmTerm\Cub_1.StaCubic\HIGUEY 138.ElmRelay,,EDE 4 F<,59.0,0.0,0.10000000149011612,1,,0,0,3,,138.0,Cub_1,,Demanda 1 Higüey 138 kV,ElmLod,ZHIGUE-D1,0,1,12.13,3.99,0,0
,HIGUEY 138,\VM-PF.IntUser\PDD 30-09-2025.IntPrj\Network Model.IntPrjfolder\Network Data.IntPrjfolder\ESTE 138 kV.ElmNet\ZHIGUE.ElmSubstat\3.ElmTerm\Cub_1.StaCubic\HIGUEY 138.ElmRelay,,EDE 5 F<,58.900001525878906,0.0,0.10000000149011612,1,,0,0,3,,138.0,Cub_1,,Demanda 1 Higüey 138 kV,ElmLod,ZHIGUE-D1,0,1,12.13,3.99,0,0
,HIGUEY 138,\VM-PF.IntUser\PDD 30-09-2025.IntPrj\Network Model.IntPrjfolder\Network Data.IntPrjfolder\ESTE 138 kV.ElmNet\ZHIGUE.ElmSubstat\3.ElmTerm\Cub_1.StaCubic\HIGUEY 138.ElmRelay,,EDE 6 F<,58.79999923706055,0.0,0.10000000149011612,1,,0,0,3,,138.0,Cub_1,,Demanda 1 Higüey 138 kV,ElmLod,ZHIGUE-D1,0,1,12.13,3.99,0,0
,ZHIGUE_ZESEIE-L1-7SD52,\VM-PF.IntUser\PDD 30-09-2025.IntPrj\Network Model.IntPrjfolder\Network Data.IntPrjfolder\ESTE 138 kV.ElmNet\ZHIGUE.ElmSubstat\5.ElmTerm\Cub_1.StaCubic\ZHIGUE_ZESEIE-L1-7SD52.ElmRelay,Distance/Overcurrent/Voltage,f1,45.5,0.0,0.0,1,1,1,0,5,,138.0,Cub_1,,,,,0,0,0,0,0,0
,ZHIGUE_ZESEIE-L1-7SD52,\VM-PF.IntUser\PDD 30-09-2025.IntPrj\Network Model.IntPrjfolder\Network Data.IntPrjfolder\ESTE 138 kV.ElmNet\ZHIGUE.ElmSubstat\5.ElmTerm\Cub_1.StaCubic\ZHIGUE_ZESEIE-L1-7SD52.ElmRelay,Distance/Overcurrent/Voltage,f2,45.5,0.0,0.0,1,1,1,0,5,,138.0,Cub_1,,,,,0,0,0,0,0,0
,ZHIGUE_ZESEIE-L1-7SD52,\VM-PF.IntUser\PDD 30-09-2025.IntPrj\Network Model.IntPrjfolder\Network Data.IntPrjfolder\ESTE 138 kV.ElmNet\ZHIGUE.ElmSubstat\5.ElmTerm\Cub_1.StaCubic\ZHIGUE_ZESEIE-L1-7SD52.ElmRelay,Distance/Overcurrent/Voltage,f3,45.5,0.0,0.0,1,1,1,0,5,,138.0,Cub_1,,,,,0,0,0,0,0,0
,ZHIGUE_ZESEIE-L1-7SD52,\VM-PF.IntUser\PDD 30-09-2025.IntPrj\Network Model.IntPrjfolder\Network Data.IntPrjfolder\ESTE 138 kV.ElmNet\ZHIGUE.ElmSubstat\5.ElmTerm\Cub_1.StaCubic\ZHIGUE_ZESEIE-L1-7SD52.ElmRelay,Distance/Overcurrent/Voltage,f4,45.5,0.0,0.0,1,1,1,0,5,,138.0,Cub_1,,,,,0,0,0,0,0,0
,ZHIGUE_ZESEIE-L1-REL670,\VM-PF.IntUser\PDD 30-09-2025.IntPrj\Network Model.IntPrjfolder\Network Data.IntPrjfolder\ESTE 138 kV.ElmNet\ZHIGUE.ElmSubstat\5.ElmTerm\Cub_1.StaCubic\ZHIGUE_ZESEIE-L1-REL670.ElmRelay,PTOF PTUF PFRC 81,FRC1,0.0,0.0,0.0,1,0,1,0,5,,138.0,Cub_1,,,,,0,0,0,0,0,0
,ZHIGUE_ZESEIE-L1-REL670,\VM-PF.IntUser\PDD 30-09-2025.IntPrj\Network Model.IntPrjfolder\Network Data.IntPrjfolder\ESTE 138 kV.ElmNet\ZHIGUE.ElmSubstat\5.ElmTerm\Cub_1.StaCubic\ZHIGUE_ZESEIE-L1-REL670.ElmRelay,PTOF PTUF PFRC 81,FRC2,0.0,0.0,0.0,1,0,1,0,5,,138.0,Cub_1,,,,,0,0,0,0,0,0
,ZHIGUE_ZESEIE-L1-REL670,\VM-PF.IntUser\PDD 30-09-2025.IntPrj\Network Model.IntPrjfolder\Network Data.IntPrjfolder\ESTE 138 kV.ElmNet\ZHIGUE.ElmSubstat\5.ElmTerm\Cub_1.StaCubic\ZHIGUE_ZESEIE-L1-REL670.ElmRelay,PTOF PTUF PFRC 81,TOF,35.0,0.0,0.0,1,0,1,0,5,,138.0,Cub_1,,,,,0,0,0,0,0,0
,ZHIGUE_ZESEIE-L1-REL670,\VM-PF.IntUser\PDD 30-09-2025.IntPrj\Network Model.IntPrjfolder\Network Data.IntPrjfolder\ESTE 138 kV.ElmNet\ZHIGUE.ElmSubstat\5.ElmTerm\Cub_1.StaCubic\ZHIGUE_ZESEIE-L1-REL670.ElmRelay,PTOF PTUF PFRC 81,TUF 1,35.0,0.0,0.0,1,0,1,0,5,,138.0,Cub_1,,,,,0,0,0,0,0,0
,ZHIGUE_ZESEIE-L1-REL670,\VM-PF.IntUser\PDD 30-09-2025.IntPrj\Network Model.IntPrjfolder\Network Data.IntPrjfolder\ESTE 138 kV.ElmNet\ZHIGUE.ElmSubstat\5.ElmTerm\Cub_1.StaCubic\ZHIGUE_ZESEIE-L1-REL670.ElmRelay,PTOF PTUF PFRC 81,TUF 2,35.0,0.0,0.0,1,0,1,0,5,,138.0,Cub_1,,,,,0,0,0,0,0,0
,ZHIGUE_ZESEIE-L1-7SD52,\VM-PF.IntUser\PDD 30-09-2025.IntPrj\Network Model.IntPrjfolder\Network Data.IntPrjfolder\ESTE 138 kV.ElmNet\ZHIGUE.ElmSubstat\6.ElmTerm\Cub_1.StaCubic\ZHIGUE_ZESEIE-L1-7SD52.ElmRelay,Distance/Overcurrent/Voltage,f1,45.5,0.0,0.0,1,1,1,0,6,,138.0,Cub_1,,,,,0,0,0,0,0,0
,ZHIGUE_ZESEIE-L1-7SD52,\VM-PF.IntUser\PDD 30-09-2025.IntPrj\Network Model.IntPrjfolder\Network Data.IntPrjfolder\ESTE 138 kV.ElmNet\ZHIGUE.ElmSubstat\6.ElmTerm\Cub_1.StaCubic\ZHIGUE_ZESEIE-L1-7SD52.ElmRelay,Distance/Overcurrent/Voltage,f2,45.5,0.0,0.0,1,1,1,0,6,,138.0,Cub_1,,,,,0,0,0,0,0,0
,ZHIGUE_ZESEIE-L1-7SD52,\VM-PF.IntUser\PDD 30-09-2025.IntPrj\Network Model.IntPrjfolder\Network Data.IntPrjfolder\ESTE 138 kV.ElmNet\ZHIGUE.ElmSubstat\6.ElmTerm\Cub_1.StaCubic\ZHIGUE_ZESEIE-L1-7SD52.ElmRelay,Distance/Overcurrent/Voltage,f3,45.5,0.0,0.0,1,1,1,0,6,,138.0,Cub_1,,,,,0,0,0,0,0,0
,ZHIGUE_ZESEIE-L1-7SD52,\VM-PF.IntUser\PDD 30-09-2025.IntPrj\Network Model.IntPrjfolder\Network Data.IntPrjfolder\ESTE 138 kV.ElmNet\ZHIGUE.ElmSubstat\6.ElmTerm\Cub_1.StaCubic\ZHIGUE_ZESEIE-L1-7SD52.ElmRelay,Distance/Overcurrent/Voltage,f4,45.5,0.0,0.0,1,1,1,0,6,,138.0,Cub_1,,,,,0,0,0,0,0,0
,ZHIGUE_ZESEIE-L1-REL670,\VM-PF.IntUser\PDD 30-09-2025.IntPrj\Network Model.IntPrjfolder\Network Data.IntPrjfolder\ESTE 138 kV.ElmNet\ZHIGUE.ElmSubstat\6.ElmTerm\Cub_1.StaCubic\ZHIGUE_ZESEIE-L1-REL670.ElmRelay,PTOF PTUF PFRC 81,FRC1,0.0,0.0,0.0,1,0,1,0,6,,138.0,Cub_1,,,,,0,0,0,0,0,0
,ZHIGUE_ZESEIE-L1-REL670,\VM-PF.IntUser\PDD 30-09-2025.IntPrj\Network Model.IntPrjfolder\Network Data.IntPrjfolder\ESTE 138 kV.ElmNet\ZHIGUE.ElmSubstat\6.ElmTerm\Cub_1.StaCubic\ZHIGUE_ZESEIE-L1-REL670.ElmRelay,PTOF PTUF PFRC 81,FRC2,0.0,0.0,0.0,1,0,1,0,6,,138.0,Cub_1,,,,,0,0,0,0,0,0
,ZHIGUE_ZESEIE-L1-REL670,\VM-PF.IntUser\PDD 30-09-2025.IntPrj\Network Model.IntPrjfolder\Network Data.IntPrjfolder\ESTE 138 kV.ElmNet\ZHIGUE.ElmSubstat\6.ElmTerm\Cub_1.StaCubic\ZHIGUE_ZESEIE-L1-REL670.ElmRelay,PTOF PTUF PFRC 81,TOF,35.0,0.0,0.0,1,0,1,0,6,,138.0,Cub_1,,,,,0,0,0,0,0,0
,ZHIGUE_ZESEIE-L1-REL670,\VM-PF.IntUser\PDD 30-09-2025.IntPrj\Network Model.IntPrjfolder\Network Data.IntPrjfolder\ESTE 138 kV.ElmNet\ZHIGUE.ElmSubstat\6.ElmTerm\Cub_1.StaCubic\ZHIGUE_ZESEIE-L1-REL670.ElmRelay,PTOF PTUF PFRC 81,TUF 1,35.0,0.0,0.0,1,0,1,0,6,,138.0,Cub_1,,,,,0,0,0,0,0,0
,ZHIGUE_ZESEIE-L1-REL670,\VM-PF.IntUser\PDD 30-09-2025.IntPrj\Network Model.IntPrjfolder\Network Data.IntPrjfolder\ESTE 138 kV.ElmNet\ZHIGUE.ElmSubstat\6.ElmTerm\Cub_1.StaCubic\ZHIGUE_ZESEIE-L1-REL670.ElmRelay,PTOF PTUF PFRC 81,TUF 2,35.0,0.0,0.0,1,0,1,0,6,,138.0,Cub_1,,,,,0,0,0,0,0,0
,ZHIGUE_ZLROME-L1-7SD52,\VM-PF.IntUser\PDD 30-09-2025.IntPrj\Network Model.IntPrjfolder\Network Data.IntPrjfolder\ESTE 138 kV.ElmNet\ZHIGUE.ElmSubstat\5(1).ElmTerm\Cub_1.StaCubic\ZHIGUE_ZLROME-L1-7SD52.ElmRelay,Distance/Overcurrent/Voltage,f1,45.5,0.0,0.0,1,1,1,0,5(1),,138.0,Cub_1,,Demanda 3 Higüey 138 kV,ElmLod,ZHIGUE-D3,0,1,5.48,0.0,0,0
,ZHIGUE_ZLROME-L1-7SD52,\VM-PF.IntUser\PDD 30-09-2025.IntPrj\Network Model.IntPrjfolder\Network Data.IntPrjfolder\ESTE 138 kV.ElmNet\ZHIGUE.ElmSubstat\5(1).ElmTerm\Cub_1.StaCubic\ZHIGUE_ZLROME-L1-7SD52.ElmRelay,Distance/Overcurrent/Voltage,f2,45.5,0.0,0.0,1,1,1,0,5(1),,138.0,Cub_1,,Demanda 3 Higüey 138 kV,ElmLod,ZHIGUE-D3,0,1,5.48,0.0,0,0
,ZHIGUE_ZLROME-L1-7SD52,\VM-PF.IntUser\PDD 30-09-2025.IntPrj\Network Model.IntPrjfolder\Network Data.IntPrjfolder\ESTE 138 kV.ElmNet\ZHIGUE.ElmSubstat\5(1).ElmTerm\Cub_1.StaCubic\ZHIGUE_ZLROME-L1-7SD52.ElmRelay,Distance/Overcurrent/Voltage,f3,45.5,0.0,0.0,1,1,1,0,5(1),,138.0,Cub_1,,Demanda 3 Higüey 138 kV,ElmLod,ZHIGUE-D3,0,1,5.48,0.0,0,0
,ZHIGUE_ZLROME-L1-7SD52,\VM-PF.IntUser\PDD 30-09-2025.IntPrj\Network Model.IntPrjfolder\Network Data.IntPrjfolder\ESTE 138 kV.ElmNet\ZHIGUE.ElmSubstat\5(1).ElmTerm\Cub_1.StaCubic\ZHIGUE_ZLROME-L1-7SD52.ElmRelay,Distance/Overcurrent/Voltage,f4,45.5,0.0,0.0,1,1,1,0,5(1),,138.0,Cub_1,,Demanda 3 Higüey 138 kV,ElmLod,ZHIGUE-D3,0,1,5.48,0.0,0,0
,ZHIGUE_ZLROME-L1-REL670,\VM-PF.IntUser\PDD 30-09-2025.IntPrj\Network Model.IntPrjfolder\Network Data.IntPrjfolder\ESTE 138 kV.ElmNet\ZHIGUE.ElmSubstat\5(1).ElmTerm\Cub_1.StaCubic\ZHIGUE_ZLROME-L1-REL670.ElmRelay,PTOF PTUF PFRC 81,FRC1,0.0,0.0,0.0,1,0,1,0,5(1),,138.0,Cub_1,,Demanda 3 Higüey 138 kV,ElmLod,ZHIGUE-D3,0,1,5.48,0.0,0,0
,ZHIGUE_ZLROME-L1-REL670,\VM-PF.IntUser\PDD 30-09-2025.IntPrj\Network Model.IntPrjfolder\Network Data.IntPrjfolder\ESTE 138 kV.ElmNet\ZHIGUE.ElmSubstat\5(1).ElmTerm\Cub_1.StaCubic\ZHIGUE_ZLROME-L1-REL670.ElmRelay,PTOF PTUF PFRC 81,FRC2,0.0,0.0,0.0,1,0,1,0,5(1),,138.0,Cub_1,,Demanda 3 Higüey 138 kV,ElmLod,ZHIGUE-D3,0,1,5.48,0.0,0,0
,ZHIGUE_ZLROME-L1-REL670,\VM-PF.IntUser\PDD 30-09-2025.IntPrj\Network Model.IntPrjfolder\Network Data.IntPrjfolder\ESTE 138 kV.ElmNet\ZHIGUE.ElmSubstat\5(1).ElmTerm\Cub_1.StaCubic\ZHIGUE_ZLROME-L1-REL670.ElmRelay,PTOF PTUF PFRC 81,TOF,35.0,0.0,0.0,1,0,1,0,5(1),,138.0,Cub_1,,Demanda 3 Higüey 138 kV,ElmLod,ZHIGUE-D3,0,1,5.48,0.0,0,0
,ZHIGUE_ZLROME-L1-REL670,\VM-PF.IntUser\PDD 30-09-2025.IntPrj\Network Model.IntPrjfolder\Network Data.IntPrjfolder\ESTE 138 kV.ElmNet\ZHIGUE.ElmSubstat\5(1).ElmTerm\Cub_1.StaCubic\ZHIGUE_ZLROME-L1-REL670.ElmRelay,PTOF PTUF PFRC 81,TUF 1,35.0,0.0,0.0,1,0,1,0,5(1),,138.0,Cub_1,,Demanda 3 Higüey 138 kV,ElmLod,ZHIGUE-D3,0,1,5.48,0.0,0,0
,ZHIGUE_ZLROME-L1-REL670,\VM-PF.IntUser\PDD 30-09-2025.IntPrj\Network Model.IntPrjfolder\Network Data.IntPrjfolder\ESTE 138 kV.ElmNet\ZHIGUE.ElmSubstat\5(1).ElmTerm\Cub_1.StaCubic\ZHIGUE_ZLROME-L1-REL670.ElmRelay,PTOF PTUF PFRC 81,TUF 2,35.0,0.0,0.0,1,0,1,0,5(1),,138.0,Cub_1,,Demanda 3 Higüey 138 kV,ElmLod,ZHIGUE-D3,0,1,5.48,0.0,0,0
,ZJDOLE_ZHNSAE-L1-7SA6,\VM-PF.IntUser\PDD 30-09-2025.IntPrj\Network Model.IntPrjfolder\Network Data.IntPrjfolder\ESTE 138 kV.ElmNet\ZJDOLE.ElmSubstat\1.ElmTerm\Cub_1.StaCubic\ZJDOLE_ZHNSAE-L1-7SA6.ElmRelay,Frequency (50Hz),f1,49.5,0.0,60.0,1,0,1,0,1,,138.0,Cub_1,,138 kV Hainamosa – Juan Dolio_c,ElmLne,ZJDOLE_ZXJD2E-L1,1,0,0,0,0,0
,ZJDOLE_ZHNSAE-L1-7SA6,\VM-PF.IntUser\PDD 30-09-2025.IntPrj\Network Model.IntPrjfolder\Network Data.IntPrjfolder\ESTE 138 kV.ElmNet\ZJDOLE.ElmSubstat\1.ElmTerm\Cub_1.StaCubic\ZJDOLE_ZHNSAE-L1-7SA6.ElmRelay,Frequency (50Hz),f2,49.0,0.0,30.0,1,0,1,0,1,,138.0,Cub_1,,138 kV Hainamosa – Juan Dolio_c,ElmLne,ZJDOLE_ZXJD2E-L1,1,0,0,0,0,0
,ZJDOLE_ZHNSAE-L1-7SA6,\VM-PF.IntUser\PDD 30-09-2025.IntPrj\Network Model.IntPrjfolder\Network Data.IntPrjfolder\ESTE 138 kV.ElmNet\ZJDOLE.ElmSubstat\1.ElmTerm\Cub_1.StaCubic\ZJDOLE_ZHNSAE-L1-7SA6.ElmRelay,Frequency (50Hz),f3,47.5,0.0,3.0,1,0,1,0,1,,138.0,Cub_1,,138 kV Hainamosa – Juan Dolio_c,ElmLne,ZJDOLE_ZXJD2E-L1,1,0,0,0,0,0
,ZJDOLE_ZHNSAE-L1-7SA6,\VM-PF.IntUser\PDD 30-09-2025.IntPrj\Network Model.IntPrjfolder\Network Data.IntPrjfolder\ESTE 138 kV.ElmNet\ZJDOLE.ElmSubstat\1.ElmTerm\Cub_1.StaCubic\ZJDOLE_ZHNSAE-L1-7SA6.ElmRelay,Frequency (50Hz),f4,51.0,0.0,30.0,1,0,1,0,1,,138.0,Cub_1,,138 kV Hainamosa – Juan Dolio_c,ElmLne,ZJDOLE_ZXJD2E-L1,1,0,0,0,0,0
,ZJDOLE_ZHNSAE-L1-7SA6,\VM-PF.IntUser\PDD 30-09-2025.IntPrj\Network Model.IntPrjfolder\Network Data.IntPrjfolder\ESTE 138 kV.ElmNet\ZJDOLE.ElmSubstat\1.ElmTerm\Cub_1.StaCubic\ZJDOLE_ZHNSAE-L1-7SA6.ElmRelay,Frequency (60Hz),f1,59.5,0.0,60.0,1,1,1,0,1,,138.0,Cub_1,,138 kV Hainamosa – Juan Dolio_c,ElmLne,ZJDOLE_ZXJD2E-L1,1,0,0,0,0,0
,ZJDOLE_ZHNSAE-L1-7SA6,\VM-PF.IntUser\PDD 30-09-2025.IntPrj\Network Model.IntPrjfolder\Network Data.IntPrjfolder\ESTE 138 kV.ElmNet\ZJDOLE.ElmSubstat\1.ElmTerm\Cub_1.StaCubic\ZJDOLE_ZHNSAE-L1-7SA6.ElmRelay,Frequency (60Hz),f2,57.0,0.0,30.0,1,1,1,0,1,,138.0,Cub_1,,138 kV Hainamosa – Juan Dolio_c,ElmLne,ZJDOLE_ZXJD2E-L1,1,0,0,0,0,0
,ZJDOLE_ZHNSAE-L1-7SA6,\VM-PF.IntUser\PDD 30-09-2025.IntPrj\Network Model.IntPrjfolder\Network Data.IntPrjfolder\ESTE 138 kV.ElmNet\ZJDOLE.ElmSubstat\1.ElmTerm\Cub_1.StaCubic\ZJDOLE_ZHNSAE-L1-7SA6.ElmRelay,Frequency (60Hz),f3,59.5,0.0,3.0,1,1,1,0,1,,138.0,Cub_1,,138 kV Hainamosa – Juan Dolio_c,ElmLne,ZJDOLE_ZXJD2E-L1,1,0,0,0,0,0
,ZJDOLE_ZHNSAE-L1-7SA6,\VM-PF.IntUser\PDD 30-09-2025.IntPrj\Network Model.IntPrjfolder\Network Data.IntPrjfolder\ESTE 138 kV.ElmNet\ZJDOLE.ElmSubstat\1.ElmTerm\Cub_1.StaCubic\ZJDOLE_ZHNSAE-L1-7SA6.ElmRelay,Frequency (60Hz),f4,62.0,0.0,30.0,1,1,1,0,1,,138.0,Cub_1,,138 kV Hainamosa – Juan Dolio_c,ElmLne,ZJDOLE_ZXJD2E-L1,1,0,0,0,0,0
,ZJDOLE_ZSPM2E-L1-7SA6,\VM-PF.IntUser\PDD 30-09-2025.IntPrj\Network Model.IntPrjfolder\Network Data.IntPrjfolder\ESTE 138 kV.ElmNet\ZJDOLE.ElmSubstat\2.ElmTerm\Cub_1.StaCubic\ZJDOLE_ZSPM2E-L1-7SA6.ElmRelay,Frequency (50Hz),f1,49.5,0.0,60.0,1,0,1,0,2,,138.0,Cub_1,,138 kV Juan Dolio – SPM 2_a,ElmLne,ZJDOLE_ZXJD3E-L1,1,0,0,0,0,0
,ZJDOLE_ZSPM2E-L1-7SA6,\VM-PF.IntUser\PDD 30-09-2025.IntPrj\Network Model.IntPrjfolder\Network Data.IntPrjfolder\ESTE 138 kV.ElmNet\ZJDOLE.ElmSubstat\2.ElmTerm\Cub_1.StaCubic\ZJDOLE_ZSPM2E-L1-7SA6.ElmRelay,Frequency (50Hz),f2,49.0,0.0,30.0,1,0,1,0,2,,138.0,Cub_1,,138 kV Juan Dolio – SPM 2_a,ElmLne,ZJDOLE_ZXJD3E-L1,1,0,0,0,0,0
,ZJDOLE_ZSPM2E-L1-7SA6,\VM-PF.IntUser\PDD 30-09-2025.IntPrj\Network Model.IntPrjfolder\Network Data.IntPrjfolder\ESTE 138 kV.ElmNet\ZJDOLE.ElmSubstat\2.ElmTerm\Cub_1.StaCubic\ZJDOLE_ZSPM2E-L1-7SA6.ElmRelay,Frequency (50Hz),f3,47.5,0.0,3.0,1,0,1,0,2,,138.0,Cub_1,,138 kV Juan Dolio – SPM 2_a,ElmLne,ZJDOLE_ZXJD3E-L1,1,0,0,0,0,0
,ZJDOLE_ZSPM2E-L1-7SA6,\VM-PF.IntUser\PDD 30-09-2025.IntPrj\Network Model.IntPrjfolder\Network Data.IntPrjfolder\ESTE 138 kV.ElmNet\ZJDOLE.ElmSubstat\2.ElmTerm\Cub_1.StaCubic\ZJDOLE_ZSPM2E-L1-7SA6.ElmRelay,Frequency (50Hz),f4,51.0,0.0,30.0,1,0,1,0,2,,138.0,Cub_1,,138 kV Juan Dolio – SPM 2_a,ElmLne,ZJDOLE_ZXJD3E-L1,1,0,0,0,0,0
,ZJDOLE_ZSPM2E-L1-7SA6,\VM-PF.IntUser\PDD 30-09-2025.IntPrj\Network Model.IntPrjfolder\Network Data.IntPrjfolder\ESTE 138 kV.ElmNet\ZJDOLE.ElmSubstat\2.ElmTerm\Cub_1.StaCubic\ZJDOLE_ZSPM2E-L1-7SA6.ElmRelay,Frequency (60Hz),f1,59.5,0.0,60.0,1,1,1,0,2,,138.0,Cub_1,,138 kV Juan Dolio – SPM 2_a,ElmLne,ZJDOLE_ZXJD3E-L1,1,0,0,0,0,0
,ZJDOLE_ZSPM2E-L1-7SA6,\VM-PF.IntUser\PDD 30-09-2025.IntPrj\Network Model.IntPrjfolder\Network Data.IntPrjfolder\ESTE 138 kV.ElmNet\ZJDOLE.ElmSubstat\2.ElmTerm\Cub_1.StaCubic\ZJDOLE_ZSPM2E-L1-7SA6.ElmRelay,Frequency (60Hz),f2,57.0,0.0,30.0,1,1,1,0,2,,138.0,Cub_1,,138 kV Juan Dolio – SPM 2_a,ElmLne,ZJDOLE_ZXJD3E-L1,1,0,0,0,0,0
,ZJDOLE_ZSPM2E-L1-7SA6,\VM-PF.IntUser\PDD 30-09-2025.IntPrj\Network Model.IntPrjfolder\Network Data.IntPrjfolder\ESTE 138 kV.ElmNet\ZJDOLE.ElmSubstat\2.ElmTerm\Cub_1.StaCubic\ZJDOLE_ZSPM2E-L1-7SA6.ElmRelay,Frequency (60Hz),f3,59.5,0.0,3.0,1,1,1,0,2,,138.0,Cub_1,,138 kV Juan Dolio – SPM 2_a,ElmLne,ZJDOLE_ZXJD3E-L1,1,0,0,0,0,0
,ZJDOLE_ZSPM2E-L1-7SA6,\VM-PF.IntUser\PDD 30-09-2025.IntPrj\Network Model.IntPrjfolder\Network Data.IntPrjfolder\ESTE 138 kV.ElmNet\ZJDOLE.ElmSubstat\2.ElmTerm\Cub_1.StaCubic\ZJDOLE_ZSPM2E-L1-7SA6.ElmRelay,Frequency (60Hz),f4,62.0,0.0,30.0,1,1,1,0,2,,138.0,Cub_1,,138 kV Juan Dolio – SPM 2_a,ElmLne,ZJDOLE_ZXJD3E-L1,1,0,0,0,0,0
,JUAN DOLIO,\VM-PF.IntUser\PDD 30-09-2025.IntPrj\Network Model.IntPrjfolder\Network Data.IntPrjfolder\ESTE 138 kV.ElmNet\ZJDOLE.ElmSubstat\3.ElmTerm\Cub_1.StaCubic\JUAN DOLIO.ElmRelay,,EDE 1 F<,59.29999923706055,0.0,0.10000000149011612,1,,0,0,3,,138.0,Cub_1,,Demanda Juan Dolio,ElmLod,ZJDOLE-D1,0,1,8.75,0.0,0,0
,JUAN DOLIO,\VM-PF.IntUser\PDD 30-09-2025.IntPrj\Network Model.IntPrjfolder\Network Data.IntPrjfolder\ESTE 138 kV.ElmNet\ZJDOLE.ElmSubstat\3.ElmTerm\Cub_1.StaCubic\JUAN DOLIO.ElmRelay,,EDE 2 F<,59.20000076293945,0.0,0.10000000149011612,1,,0,0,3,,138.0,Cub_1,,Demanda Juan Dolio,ElmLod,ZJDOLE-D1,0,1,8.75,0.0,0,0
,JUAN DOLIO,\VM-PF.IntUser\PDD 30-09-2025.IntPrj\Network Model.IntPrjfolder\Network Data.IntPrjfolder\ESTE 138 kV.ElmNet\ZJDOLE.ElmSubstat\3.ElmTerm\Cub_1.StaCubic\JUAN DOLIO.ElmRelay,,EDE 3 F<,59.099998474121094,0.0,0.10000000149011612,1,,0,0,3,,138.0,Cub_1,,Demanda Juan Dolio,ElmLod,ZJDOLE-D1,0,1,8.75,0.0,0,0
,JUAN DOLIO,\VM-PF.IntUser\PDD 30-09-2025.IntPrj\Network Model.IntPrjfolder\Network Data.IntPrjfolder\ESTE 138 kV.ElmNet\ZJDOLE.ElmSubstat\3.ElmTerm\Cub_1.StaCubic\JUAN DOLIO.ElmRelay,,EDE 4 F<,59.0,0.0,0.10000000149011612,0,,0,1,3,,138.0,Cub_1,,Demanda Juan Dolio,ElmLod,ZJDOLE-D1,0,1,8.75,0.0,0,0
,JUAN DOLIO,\VM-PF.IntUser\PDD 30-09-2025.IntPrj\Network Model.IntPrjfolder\Network Data.IntPrjfolder\ESTE 138 kV.ElmNet\ZJDOLE.ElmSubstat\3.ElmTerm\Cub_1.StaCubic\JUAN DOLIO.ElmRelay,,EDE 5 F<,58.900001525878906,0.0,0.10000000149011612,1,,0,0,3,,138.0,Cub_1,,Demanda Juan Dolio,ElmLod,ZJDOLE-D1,0,1,8.75,0.0,0,0
,JUAN DOLIO,\VM-PF.IntUser\PDD 30-09-2025.IntPrj\Network Model.IntPrjfolder\Network Data.IntPrjfolder\ESTE 138 kV.ElmNet\ZJDOLE.ElmSubstat\3.ElmTerm\Cub_1.StaCubic\JUAN DOLIO.ElmRelay,,EDE 6 F<,58.79999923706055,0.0,0.10000000149011612,1,,0,0,3,,138.0,Cub_1,,Demanda Juan Dolio,ElmLod,ZJDOLE-D1,0,1,8.75,0.0,0,0
,ZF SANTIAGO,\VM-PF.IntUser\PDD 30-09-2025.IntPrj\Network Model.IntPrjfolder\Network Data.IntPrjfolder\NORTE 138 kV.ElmNet\ZF Santiago.ElmSite\ZZSANE.ElmSubstat\E4.ElmTerm\Cub_1.StaCubic\ZF SANTIAGO.ElmRelay,,EDN 1 F<,59.29999923706055,0.0,0.10000000149011612,0,,0,1,E4,,138.0,Cub_1,,Demanda 1 ZF Santiago,ElmLod,ZZSA1E-D1,0,1,31.14,0.0,0,0
,ZF SANTIAGO,\VM-PF.IntUser\PDD 30-09-2025.IntPrj\Network Model.IntPrjfolder\Network Data.IntPrjfolder\NORTE 138 kV.ElmNet\ZF Santiago.ElmSite\ZZSANE.ElmSubstat\E4.ElmTerm\Cub_1.StaCubic\ZF SANTIAGO.ElmRelay,,EDN 2 F<,59.20000076293945,0.0,0.10000000149011612,0,,0,1,E4,,138.0,Cub_1,,Demanda 1 ZF Santiago,ElmLod,ZZSA1E-D1,0,1,31.14,0.0,0,0
,ZF SANTIAGO,\VM-PF.IntUser\PDD 30-09-2025.IntPrj\Network Model.IntPrjfolder\Network Data.IntPrjfolder\NORTE 138 kV.ElmNet\ZF Santiago.ElmSite\ZZSANE.ElmSubstat\E4.ElmTerm\Cub_1.StaCubic\ZF SANTIAGO.ElmRelay,,EDN 3 F<,59.099998474121094,0.0,0.10000000149011612,1,,0,0,E4,,138.0,Cub_1,,Demanda 1 ZF Santiago,ElmLod,ZZSA1E-D1,0,1,31.14,0.0,0,0
,ZF SANTIAGO,\VM-PF.IntUser\PDD 30-09-2025.IntPrj\Network Model.IntPrjfolder\Network Data.IntPrjfolder\NORTE 138 kV.ElmNet\ZF Santiago.ElmSite\ZZSANE.ElmSubstat\E4.ElmTerm\Cub_1.StaCubic\ZF SANTIAGO.ElmRelay,,EDN 4 F<,59.0,0.0,0.10000000149011612,1,,0,0,E4,,138.0,Cub_1,,Demanda 1 ZF Santiago,ElmLod,ZZSA1E-D1,0,1,31.14,0.0,0,0
,ZF SANTIAGO,\VM-PF.IntUser\PDD 30-09-2025.IntPrj\Network Model.IntPrjfolder\Network Data.IntPrjfolder\NORTE 138 kV.ElmNet\ZF Santiago.ElmSite\ZZSANE.ElmSubstat\E4.ElmTerm\Cub_1.StaCubic\ZF SANTIAGO.ElmRelay,,EDN 5 F<,58.900001525878906,0.0,0.10000000149011612,1,,0,0,E4,,138.0,Cub_1,,Demanda 1 ZF Santiago,ElmLod,ZZSA1E-D1,0,1,31.14,0.0,0,0
,ZF SANTIAGO,\VM-PF.IntUser\PDD 30-09-2025.IntPrj\Network Model.IntPrjfolder\Network Data.IntPrjfolder\NORTE 138 kV.ElmNet\ZF Santiago.ElmSite\ZZSANE.ElmSubstat\E4.ElmTerm\Cub_1.StaCubic\ZF SANTIAGO.ElmRelay,,EDN 6 F<,58.79999923706055,0.0,0.10000000149011612,0,,0,1,E4,,138.0,Cub_1,,Demanda 1 ZF Santiago,ElmLod,ZZSA1E-D1,0,1,31.14,0.0,0,0
,CE MONCION <f,\VM-PF.IntUser\PDD 30-09-2025.IntPrj\Network Model.IntPrjfolder\Network Data.IntPrjfolder\NORTE 138 kV.ElmNet\Monción.ElmSite\13.8 kV Zona Monción.ElmTerm\Cub_2.StaCubic\CE MONCION <f.ElmRelay,,F<,58.900001525878906,0.0,0.05000000074505806,1,,1,0,13.8 kV Zona Monción,WZMONK,13.800000190734863,Cub_2,WZMONK_WCEMOK-T1-Q1,13.8/4.16 kV Transformador CE Monción,ElmTr2,WZMONK_WCEMOK-T1,0,1,0.03,0.01,2,1.5
,CE MONCION >f,\VM-PF.IntUser\PDD 30-09-2025.IntPrj\Network Model.IntPrjfolder\Network Data.IntPrjfolder\NORTE 138 kV.ElmNet\Monción.ElmSite\13.8 kV Zona Monción.ElmTerm\Cub_2.StaCubic\CE MONCION >f.ElmRelay,,F>,61.099998474121094,0.0,0.05000000074505806,1,,1,0,13.8 kV Zona Monción,WZMONK,13.800000190734863,Cub_2,WZMONK_WCEMOK-T1-Q1,13.8/4.16 kV Transformador CE Monción,ElmTr2,WZMONK_WCEMOK-T1,0,1,0.03,0.01,2,1.5
,CE MONCION >f,\VM-PF.IntUser\PDD 30-09-2025.IntPrj\Network Model.IntPrjfolder\Network Data.IntPrjfolder\NORTE 138 kV.ElmNet\Monción.ElmSite\13.8 kV Zona Monción.ElmTerm\Cub_2.StaCubic\CE MONCION >f.ElmRelay,,dFdt,0.0,0.0,0.0,1,,1,0,13.8 kV Zona Monción,WZMONK,13.800000190734863,Cub_2,WZMONK_WCEMOK-T1-Q1,13.8/4.16 kV Transformador CE Monción,ElmTr2,WZMONK_WCEMOK-T1,0,1,0.03,0.01,2,1.5
,CANABACOA dF/dt,\VM-PF.IntUser\PDD 30-09-2025.IntPrj\Network Model.IntPrjfolder\Network Data.IntPrjfolder\NORTE 138 kV.ElmNet\Canabacoa.ElmSite\ZCANAE.ElmSubstat\L4.ElmTerm\Cub_2.StaCubic\CANABACOA dF/dt.ElmRelay,,EDN 0 F<,58.79999923706055,0.0,0.10000000149011612,0,,0,1,L4,,138.0,Cub_2,,Demanda Canabacoa,ElmLod,ZCANAE-D1,0,1,32.64,13.02,0,0
,CANABACOA dF/dt,\VM-PF.IntUser\PDD 30-09-2025.IntPrj\Network Model.IntPrjfolder\Network Data.IntPrjfolder\NORTE 138 kV.ElmNet\Canabacoa.ElmSite\ZCANAE.ElmSubstat\L4.ElmTerm\Cub_2.StaCubic\CANABACOA dF/dt.ElmRelay,,EDN 0 Start-dF/dt,59.29999923706055,0.0,0.10000000149011612,0,,0,1,L4,,138.0,Cub_2,,Demanda Canabacoa,ElmLod,ZCANAE-D1,0,1,32.64,13.02,0,0
,CANABACOA dF/dt,\VM-PF.IntUser\PDD 30-09-2025.IntPrj\Network Model.IntPrjfolder\Network Data.IntPrjfolder\NORTE 138 kV.ElmNet\Canabacoa.ElmSite\ZCANAE.ElmSubstat\L4.ElmTerm\Cub_2.StaCubic\CANABACOA dF/dt.ElmRelay,,EDN 0 dF/dt,59.099998474121094,-2.0,0.10000000149011612,0,,0,1,L4,,138.0,Cub_2,,Demanda Canabacoa,ElmLod,ZCANAE-D1,0,1,32.64,13.02,0,0
,CANABACOA dF/dt,\VM-PF.IntUser\PDD 30-09-2025.IntPrj\Network Model.IntPrjfolder\Network Data.IntPrjfolder\NORTE 138 kV.ElmNet\Canabacoa.ElmSite\ZCANAE.ElmSubstat\L4.ElmTerm\Cub_2.StaCubic\CANABACOA dF/dt.ElmRelay,,EDN 1 F<,58.900001525878906,0.0,0.10000000149011612,0,,0,1,L4,,138.0,Cub_2,,Demanda Canabacoa,ElmLod,ZCANAE-D1,0,1,32.64,13.02,0,0
,CANABACOA dF/dt,\VM-PF.IntUser\PDD 30-09-2025.IntPrj\Network Model.IntPrjfolder\Network Data.IntPrjfolder\NORTE 138 kV.ElmNet\Canabacoa.ElmSite\ZCANAE.ElmSubstat\L4.ElmTerm\Cub_2.StaCubic\CANABACOA dF/dt.ElmRelay,,EDN 1 Start-dF/dt,59.29999923706055,0.0,0.10000000149011612,0,,0,1,L4,,138.0,Cub_2,,Demanda Canabacoa,ElmLod,ZCANAE-D1,0,1,32.64,13.02,0,0
,CANABACOA dF/dt,\VM-PF.IntUser\PDD 30-09-2025.IntPrj\Network Model.IntPrjfolder\Network Data.IntPrjfolder\NORTE 138 kV.ElmNet\Canabacoa.ElmSite\ZCANAE.ElmSubstat\L4.ElmTerm\Cub_2.StaCubic\CANABACOA dF/dt.ElmRelay,,EDN 1 dF/dt,58.79999923706055,-2.0,0.10000000149011612,0,,0,1,L4,,138.0,Cub_2,,Demanda Canabacoa,ElmLod,ZCANAE-D1,0,1,32.64,13.02,0,0
,CANABACOA dF/dt,\VM-PF.IntUser\PDD 30-09-2025.IntPrj\Network Model.IntPrjfolder\Network Data.IntPrjfolder\NORTE 138 kV.ElmNet\Canabacoa.ElmSite\ZCANAE.ElmSubstat\L4.ElmTerm\Cub_2.StaCubic\CANABACOA dF/dt.ElmRelay,,EDN 2 F<,58.79999923706055,0.0,0.10000000149011612,1,,0,0,L4,,138.0,Cub_2,,Demanda Canabacoa,ElmLod,ZCANAE-D1,0,1,32.64,13.02,0,0
,CANABACOA dF/dt,\VM-PF.IntUser\PDD 30-09-2025.IntPrj\Network Model.IntPrjfolder\Network Data.IntPrjfolder\NORTE 138 kV.ElmNet\Canabacoa.ElmSite\ZCANAE.ElmSubstat\L4.ElmTerm\Cub_2.StaCubic\CANABACOA dF/dt.ElmRelay,,EDN 2 Start-dF/dt,59.20000076293945,0.0,0.0,1,,0,0,L4,,138.0,Cub_2,,Demanda Canabacoa,ElmLod,ZCANAE-D1,0,1,32.64,13.02,0,0
,CANABACOA dF/dt,\VM-PF.IntUser\PDD 30-09-2025.IntPrj\Network Model.IntPrjfolder\Network Data.IntPrjfolder\NORTE 138 kV.ElmNet\Canabacoa.ElmSite\ZCANAE.ElmSubstat\L4.ElmTerm\Cub_2.StaCubic\CANABACOA dF/dt.ElmRelay,,EDN 2 dF/dt,0.0,-2.0,0.0,1,,0,0,L4,,138.0,Cub_2,,Demanda Canabacoa,ElmLod,ZCANAE-D1,0,1,32.64,13.02,0,0
,CANABACOA dF/dt,\VM-PF.IntUser\PDD 30-09-2025.IntPrj\Network Model.IntPrjfolder\Network Data.IntPrjfolder\NORTE 138 kV.ElmNet\Canabacoa.ElmSite\ZCANAE.ElmSubstat\L4.ElmTerm\Cub_2.StaCubic\CANABACOA dF/dt.ElmRelay,,EDN 3 F<,59.099998474121094,0.0,0.0,1,,0,0,L4,,138.0,Cub_2,,Demanda Canabacoa,ElmLod,ZCANAE-D1,0,1,32.64,13.02,0,0
,CANABACOA dF/dt,\VM-PF.IntUser\PDD 30-09-2025.IntPrj\Network Model.IntPrjfolder\Network Data.IntPrjfolder\NORTE 138 kV.ElmNet\Canabacoa.ElmSite\ZCANAE.ElmSubstat\L4.ElmTerm\Cub_2.StaCubic\CANABACOA dF/dt.ElmRelay,,EDN 3 Start-dF/dt,59.099998474121094,0.0,0.0,1,,0,0,L4,,138.0,Cub_2,,Demanda Canabacoa,ElmLod,ZCANAE-D1,0,1,32.64,13.02,0,0
,CANABACOA dF/dt,\VM-PF.IntUser\PDD 30-09-2025.IntPrj\Network Model.IntPrjfolder\Network Data.IntPrjfolder\NORTE 138 kV.ElmNet\Canabacoa.ElmSite\ZCANAE.ElmSubstat\L4.ElmTerm\Cub_2.StaCubic\CANABACOA dF/dt.ElmRelay,,EDN 3 dF/dt,0.0,-2.0,0.0,1,,0,0,L4,,138.0,Cub_2,,Demanda Canabacoa,ElmLod,ZCANAE-D1,0,1,32.64,13.02,0,0
,CANABACOA dF/dt,\VM-PF.IntUser\PDD 30-09-2025.IntPrj\Network Model.IntPrjfolder\Network Data.IntPrjfolder\NORTE 138 kV.ElmNet\Canabacoa.ElmSite\ZCANAE.ElmSubstat\L4.ElmTerm\Cub_2.StaCubic\CANABACOA dF/dt.ElmRelay,,EDN 4 F<,59.0,0.0,0.0,1,,0,0,L4,,138.0,Cub_2,,Demanda Canabacoa,ElmLod,ZCANAE-D1,0,1,32.64,13.02,0,0
,CANABACOA dF/dt,\VM-PF.IntUser\PDD 30-09-2025.IntPrj\Network Model.IntPrjfolder\Network Data.IntPrjfolder\NORTE 138 kV.ElmNet\Canabacoa.ElmSite\ZCANAE.ElmSubstat\L4.ElmTerm\Cub_2.StaCubic\CANABACOA dF/dt.ElmRelay,,EDN 4 Start-dF/dt,59.0,0.0,0.0,1,,0,0,L4,,138.0,Cub_2,,Demanda Canabacoa,ElmLod,ZCANAE-D1,0,1,32.64,13.02,0,0
,CANABACOA dF/dt,\VM-PF.IntUser\PDD 30-09-2025.IntPrj\Network Model.IntPrjfolder\Network Data.IntPrjfolder\NORTE 138 kV.ElmNet\Canabacoa.ElmSite\ZCANAE.ElmSubstat\L4.ElmTerm\Cub_2.StaCubic\CANABACOA dF/dt.ElmRelay,,EDN 4 dF/dt,0.0,-2.0,0.0,1,,0,0,L4,,138.0,Cub_2,,Demanda Canabacoa,ElmLod,ZCANAE-D1,0,1,32.64,13.02,0,0
,CANABACOA dF/dt,\VM-PF.IntUser\PDD 30-09-2025.IntPrj\Network Model.IntPrjfolder\Network Data.IntPrjfolder\NORTE 138 kV.ElmNet\Canabacoa.ElmSite\ZCANAE.ElmSubstat\L4.ElmTerm\Cub_2.StaCubic\CANABACOA dF/dt.ElmRelay,,EDN 5 F<,58.900001525878906,0.0,0.0,1,,0,0,L4,,138.0,Cub_2,,Demanda Canabacoa,ElmLod,ZCANAE-D1,0,1,32.64,13.02,0,0
,CANABACOA dF/dt,\VM-PF.IntUser\PDD 30-09-2025.IntPrj\Network Model.IntPrjfolder\Network Data.IntPrjfolder\NORTE 138 kV.ElmNet\Canabacoa.ElmSite\ZCANAE.ElmSubstat\L4.ElmTerm\Cub_2.StaCubic\CANABACOA dF/dt.ElmRelay,,EDN 5 Start-dF/dt,58.900001525878906,0.0,0.0,1,,0,0,L4,,138.0,Cub_2,,Demanda Canabacoa,ElmLod,ZCANAE-D1,0,1,32.64,13.02,0,0
,CANABACOA dF/dt,\VM-PF.IntUser\PDD 30-09-2025.IntPrj\Network Model.IntPrjfolder\Network Data.IntPrjfolder\NORTE 138 kV.ElmNet\Canabacoa.ElmSite\ZCANAE.ElmSubstat\L4.ElmTerm\Cub_2.StaCubic\CANABACOA dF/dt.ElmRelay,,EDN 5 dF/dt,0.0,-2.0,0.0,1,,0,0,L4,,138.0,Cub_2,,Demanda Canabacoa,ElmLod,ZCANAE-D1,0,1,32.64,13.02,0,0
,CANABACOA dF/dt,\VM-PF.IntUser\PDD 30-09-2025.IntPrj\Network Model.IntPrjfolder\Network Data.IntPrjfolder\NORTE 138 kV.ElmNet\Canabacoa.ElmSite\ZCANAE.ElmSubstat\L4.ElmTerm\Cub_2.StaCubic\CANABACOA dF/dt.ElmRelay,,EDN 6 F<,58.79999923706055,0.0,0.0,1,,0,0,L4,,138.0,Cub_2,,Demanda Canabacoa,ElmLod,ZCANAE-D1,0,1,32.64,13.02,0,0
,CANABACOA dF/dt,\VM-PF.IntUser\PDD 30-09-2025.IntPrj\Network Model.IntPrjfolder\Network Data.IntPrjfolder\NORTE 138 kV.ElmNet\Canabacoa.ElmSite\ZCANAE.ElmSubstat\L4.ElmTerm\Cub_2.StaCubic\CANABACOA dF/dt.ElmRelay,,EDN 6 Start-dF/dt,58.79999923706055,0.0,0.0,1,,0,0,L4,,138.0,Cub_2,,Demanda Canabacoa,ElmLod,ZCANAE-D1,0,1,32.64,13.02,0,0
,CANABACOA dF/dt,\VM-PF.IntUser\PDD 30-09-2025.IntPrj\Network Model.IntPrjfolder\Network Data.IntPrjfolder\NORTE 138 kV.ElmNet\Canabacoa.ElmSite\ZCANAE.ElmSubstat\L4.ElmTerm\Cub_2.StaCubic\CANABACOA dF/dt.ElmRelay,,EDN 6 dF/dt,0.0,-2.0,0.0,1,,0,0,L4,,138.0,Cub_2,,Demanda Canabacoa,ElmLod,ZCANAE-D1,0,1,32.64,13.02,0,0
,CANABACOA,\VM-PF.IntUser\PDD 30-09-2025.IntPrj\Network Model.IntPrjfolder\Network Data.IntPrjfolder\NORTE 138 kV.ElmNet\Canabacoa.ElmSite\ZCANAE.ElmSubstat\L4.ElmTerm\Cub_2.StaCubic\CANABACOA.ElmRelay,,EDN 1 F<,59.29999923706055,0.0,0.10000000149011612,0,,0,1,L4,,138.0,Cub_2,,Demanda Canabacoa,ElmLod,ZCANAE-D1,0,1,32.64,13.02,0,0
,CANABACOA,\VM-PF.IntUser\PDD 30-09-2025.IntPrj\Network Model.IntPrjfolder\Network Data.IntPrjfolder\NORTE 138 kV.ElmNet\Canabacoa.ElmSite\ZCANAE.ElmSubstat\L4.ElmTerm\Cub_2.StaCubic\CANABACOA.ElmRelay,,EDN 2 F<,59.20000076293945,0.0,0.10000000149011612,1,,0,0,L4,,138.0,Cub_2,,Demanda Canabacoa,ElmLod,ZCANAE-D1,0,1,32.64,13.02,0,0
,CANABACOA,\VM-PF.IntUser\PDD 30-09-2025.IntPrj\Network Model.IntPrjfolder\Network Data.IntPrjfolder\NORTE 138 kV.ElmNet\Canabacoa.ElmSite\ZCANAE.ElmSubstat\L4.ElmTerm\Cub_2.StaCubic\CANABACOA.ElmRelay,,EDN 3 F<,59.099998474121094,-2.0,0.10000000149011612,1,,0,0,L4,,138.0,Cub_2,,Demanda Canabacoa,ElmLod,ZCANAE-D1,0,1,32.64,13.02,0,0
,CANABACOA,\VM-PF.IntUser\PDD 30-09-2025.IntPrj\Network Model.IntPrjfolder\Network Data.IntPrjfolder\NORTE 138 kV.ElmNet\Canabacoa.ElmSite\ZCANAE.ElmSubstat\L4.ElmTerm\Cub_2.StaCubic\CANABACOA.ElmRelay,,EDN 4 F<,59.0,0.0,0.10000000149011612,1,,0,0,L4,,138.0,Cub_2,,Demanda Canabacoa,ElmLod,ZCANAE-D1,0,1,32.64,13.02,0,0
,CANABACOA,\VM-PF.IntUser\PDD 30-09-2025.IntPrj\Network Model.IntPrjfolder\Network Data.IntPrjfolder\NORTE 138 kV.ElmNet\Canabacoa.ElmSite\ZCANAE.ElmSubstat\L4.ElmTerm\Cub_2.StaCubic\CANABACOA.ElmRelay,,EDN 5 F<,58.900001525878906,0.0,0.10000000149011612,1,,0,0,L4,,138.0,Cub_2,,Demanda Canabacoa,ElmLod,ZCANAE-D1,0,1,32.64,13.02,0,0
,CANABACOA,\VM-PF.IntUser\PDD 30-09-2025.IntPrj\Network Model.IntPrjfolder\Network Data.IntPrjfolder\NORTE 138 kV.ElmNet\Canabacoa.ElmSite\ZCANAE.ElmSubstat\L4.ElmTerm\Cub_2.StaCubic\CANABACOA.ElmRelay,,EDN 6 F<,58.79999923706055,-2.0,0.10000000149011612,1,,0,0,L4,,138.0,Cub_2,,Demanda Canabacoa,ElmLod,ZCANAE-D1,0,1,32.64,13.02,0,0
,PUERTO PLATA 2 dF/dt,\VM-PF.IntUser\PDD 30-09-2025.IntPrj\Network Model.IntPrjfolder\Network Data.IntPrjfolder\NORTE 138 kV.ElmNet\Puerto Plata 2.ElmSite\ZPPL2E.ElmSubstat\E8.ElmTerm\Cub_1.StaCubic\PUERTO PLATA 2 dF/dt.ElmRelay,,EDN 0 F<,59.29999923706055,0.0,0.10000000149011612,1,,0,0,E8,,138.0,Cub_1,,138 kV Puerto Plata 2 – San Felipe L2,ElmLne,ZPPL2E_ZSFELE-L2,0,0,0,0,0,0
,PUERTO PLATA 2 dF/dt,\VM-PF.IntUser\PDD 30-09-2025.IntPrj\Network Model.IntPrjfolder\Network Data.IntPrjfolder\NORTE 138 kV.ElmNet\Puerto Plata 2.ElmSite\ZPPL2E.ElmSubstat\E8.ElmTerm\Cub_1.StaCubic\PUERTO PLATA 2 dF/dt.ElmRelay,,EDN 0 Start-dF/dt,59.29999923706055,0.0,0.10000000149011612,0,,0,1,E8,,138.0,Cub_1,,138 kV Puerto Plata 2 – San Felipe L2,ElmLne,ZPPL2E_ZSFELE-L2,0,0,0,0,0,0
,PUERTO PLATA 2 dF/dt,\VM-PF.IntUser\PDD 30-09-2025.IntPrj\Network Model.IntPrjfolder\Network Data.IntPrjfolder\NORTE 138 kV.ElmNet\Puerto Plata 2.ElmSite\ZPPL2E.ElmSubstat\E8.ElmTerm\Cub_1.StaCubic\PUERTO PLATA 2 dF/dt.ElmRelay,,EDN 0 dF/dt,59.099998474121094,-2.0,0.10000000149011612,0,,0,1,E8,,138.0,Cub_1,,138 kV Puerto Plata 2 – San Felipe L2,ElmLne,ZPPL2E_ZSFELE-L2,0,0,0,0,0,0
,PUERTO PLATA 2 dF/dt,\VM-PF.IntUser\PDD 30-09-2025.IntPrj\Network Model.IntPrjfolder\Network Data.IntPrjfolder\NORTE 138 kV.ElmNet\Puerto Plata 2.ElmSite\ZPPL2E.ElmSubstat\E8.ElmTerm\Cub_1.StaCubic\PUERTO PLATA 2 dF/dt.ElmRelay,,EDN 1 F<,59.29999923706055,0.0,0.10000000149011612,1,,0,0,E8,,138.0,Cub_1,,138 kV Puerto Plata 2 – San Felipe L2,ElmLne,ZPPL2E_ZSFELE-L2,0,0,0,0,0,0
,PUERTO PLATA 2 dF/dt,\VM-PF.IntUser\PDD 30-09-2025.IntPrj\Network Model.IntPrjfolder\Network Data.IntPrjfolder\NORTE 138 kV.ElmNet\Puerto Plata 2.ElmSite\ZPPL2E.ElmSubstat\E8.ElmTerm\Cub_1.StaCubic\PUERTO PLATA 2 dF/dt.ElmRelay,,EDN 1 Start-dF/dt,59.29999923706055,0.0,0.10000000149011612,1,,0,0,E8,,138.0,Cub_1,,138 kV Puerto Plata 2 – San Felipe L2,ElmLne,ZPPL2E_ZSFELE-L2,0,0,0,0,0,0
,PUERTO PLATA 2 dF/dt,\VM-PF.IntUser\PDD 30-09-2025.IntPrj\Network Model.IntPrjfolder\Network Data.IntPrjfolder\NORTE 138 kV.ElmNet\Puerto Plata 2.ElmSite\ZPPL2E.ElmSubstat\E8.ElmTerm\Cub_1.StaCubic\PUERTO PLATA 2 dF/dt.ElmRelay,,EDN 1 dF/dt,58.79999923706055,-2.0,0.10000000149011612,1,,0,0,E8,,138.0,Cub_1,,138 kV Puerto Plata 2 – San Felipe L2,ElmLne,ZPPL2E_ZSFELE-L2,0,0,0,0,0,0
,PUERTO PLATA 2 dF/dt,\VM-PF.IntUser\PDD 30-09-2025.IntPrj\Network Model.IntPrjfolder\Network Data.IntPrjfolder\NORTE 138 kV.ElmNet\Puerto Plata 2.ElmSite\ZPPL2E.ElmSubstat\E8.ElmTerm\Cub_1.StaCubic\PUERTO PLATA 2 dF/dt.ElmRelay,,EDN 2 F<,59.20000076293945,0.0,0.0,1,,0,0,E8,,138.0,Cub_1,,138 kV Puerto Plata 2 – San Felipe L2,ElmLne,ZPPL2E_ZSFELE-L2,0,0,0,0,0,0
,PUERTO PLATA 2 dF/dt,\VM-PF.IntUser\PDD 30-09-2025.IntPrj\Network Model.IntPrjfolder\Network Data.IntPrjfolder\NORTE 138 kV.ElmNet\Puerto Plata 2.ElmSite\ZPPL2E.ElmSubstat\E8.ElmTerm\Cub_1.StaCubic\PUERTO PLATA 2 dF/dt.ElmRelay,,EDN 2 Start-dF/dt,59.20000076293945,0.0,0.0,1,,0,0,E8,,138.0,Cub_1,,138 kV Puerto Plata 2 – San Felipe L2,ElmLne,ZPPL2E_ZSFELE-L2,0,0,0,0,0,0
,PUERTO PLATA 2 dF/dt,\VM-PF.IntUser\PDD 30-09-2025.IntPrj\Network Model.IntPrjfolder\Network Data.IntPrjfolder\NORTE 138 kV.ElmNet\Puerto Plata 2.ElmSite\ZPPL2E.ElmSubstat\E8.ElmTerm\Cub_1.StaCubic\PUERTO PLATA 2 dF/dt.ElmRelay,,EDN 2 dF/dt,0.0,-2.0,0.0,1,,0,0,E8,,138.0,Cub_1,,138 kV Puerto Plata 2 – San Felipe L2,ElmLne,ZPPL2E_ZSFELE-L2,0,0,0,0,0,0
,PUERTO PLATA 2 dF/dt,\VM-PF.IntUser\PDD 30-09-2025.IntPrj\Network Model.IntPrjfolder\Network Data.IntPrjfolder\NORTE 138 kV.ElmNet\Puerto Plata 2.ElmSite\ZPPL2E.ElmSubstat\E8.ElmTerm\Cub_1.StaCubic\PUERTO PLATA 2 dF/dt.ElmRelay,,EDN 3 F<,59.099998474121094,0.0,0.0,1,,0,0,E8,,138.0,Cub_1,,138 kV Puerto Plata 2 – San Felipe L2,ElmLne,ZPPL2E_ZSFELE-L2,0,0,0,0,0,0
,PUERTO PLATA 2 dF/dt,\VM-PF.IntUser\PDD 30-09-2025.IntPrj\Network Model.IntPrjfolder\Network Data.IntPrjfolder\NORTE 138 kV.ElmNet\Puerto Plata 2.ElmSite\ZPPL2E.ElmSubstat\E8.ElmTerm\Cub_1.StaCubic\PUERTO PLATA 2 dF/dt.ElmRelay,,EDN 3 Start-dF/dt,59.099998474121094,0.0,0.0,1,,0,0,E8,,138.0,Cub_1,,138 kV Puerto Plata 2 – San Felipe L2,ElmLne,ZPPL2E_ZSFELE-L2,0,0,0,0,0,0
,PUERTO PLATA 2 dF/dt,\VM-PF.IntUser\PDD 30-09-2025.IntPrj\Network Model.IntPrjfolder\Network Data.IntPrjfolder\NORTE 138 kV.ElmNet\Puerto Plata 2.ElmSite\ZPPL2E.ElmSubstat\E8.ElmTerm\Cub_1.StaCubic\PUERTO PLATA 2 dF/dt.ElmRelay,,EDN 3 dF/dt,0.0,-2.0,0.0,1,,0,0,E8,,138.0,Cub_1,,138 kV Puerto Plata 2 – San Felipe L2,ElmLne,ZPPL2E_ZSFELE-L2,0,0,0,0,0,0
,PUERTO PLATA 2 dF/dt,\VM-PF.IntUser\PDD 30-09-2025.IntPrj\Network Model.IntPrjfolder\Network Data.IntPrjfolder\NORTE 138 kV.ElmNet\Puerto Plata 2.ElmSite\ZPPL2E.ElmSubstat\E8.ElmTerm\Cub_1.StaCubic\PUERTO PLATA 2 dF/dt.ElmRelay,,EDN 4 F<,59.0,0.0,0.0,1,,0,0,E8,,138.0,Cub_1,,138 kV Puerto Plata 2 – San Felipe L2,ElmLne,ZPPL2E_ZSFELE-L2,0,0,0,0,0,0
,PUERTO PLATA 2 dF/dt,\VM-PF.IntUser\PDD 30-09-2025.IntPrj\Network Model.IntPrjfolder\Network Data.IntPrjfolder\NORTE 138 kV.ElmNet\Puerto Plata 2.ElmSite\ZPPL2E.ElmSubstat\E8.ElmTerm\Cub_1.StaCubic\PUERTO PLATA 2 dF/dt.ElmRelay,,EDN 4 Start-dF/dt,59.0,0.0,0.0,1,,0,0,E8,,138.0,Cub_1,,138 kV Puerto Plata 2 – San Felipe L2,ElmLne,ZPPL2E_ZSFELE-L2,0,0,0,0,0,0
,PUERTO PLATA 2 dF/dt,\VM-PF.IntUser\PDD 30-09-2025.IntPrj\Network Model.IntPrjfolder\Network Data.IntPrjfolder\NORTE 138 kV.ElmNet\Puerto Plata 2.ElmSite\ZPPL2E.ElmSubstat\E8.ElmTerm\Cub_1.StaCubic\PUERTO PLATA 2 dF/dt.ElmRelay,,EDN 4 dF/dt,0.0,-2.0,0.0,1,,0,0,E8,,138.0,Cub_1,,138 kV Puerto Plata 2 – San Felipe L2,ElmLne,ZPPL2E_ZSFELE-L2,0,0,0,0,0,0
,PUERTO PLATA 2 dF/dt,\VM-PF.IntUser\PDD 30-09-2025.IntPrj\Network Model.IntPrjfolder\Network Data.IntPrjfolder\NORTE 138 kV.ElmNet\Puerto Plata 2.ElmSite\ZPPL2E.ElmSubstat\E8.ElmTerm\Cub_1.StaCubic\PUERTO PLATA 2 dF/dt.ElmRelay,,EDN 5 F<,58.900001525878906,0.0,0.0,1,,0,0,E8,,138.0,Cub_1,,138 kV Puerto Plata 2 – San Felipe L2,ElmLne,ZPPL2E_ZSFELE-L2,0,0,0,0,0,0
,PUERTO PLATA 2 dF/dt,\VM-PF.IntUser\PDD 30-09-2025.IntPrj\Network Model.IntPrjfolder\Network Data.IntPrjfolder\NORTE 138 kV.ElmNet\Puerto Plata 2.ElmSite\ZPPL2E.ElmSubstat\E8.ElmTerm\Cub_1.StaCubic\PUERTO PLATA 2 dF/dt.ElmRelay,,EDN 5 Start-dF/dt,58.900001525878906,0.0,0.0,1,,0,0,E8,,138.0,Cub_1,,138 kV Puerto Plata 2 – San Felipe L2,ElmLne,ZPPL2E_ZSFELE-L2,0,0,0,0,0,0
,PUERTO PLATA 2 dF/dt,\VM-PF.IntUser\PDD 30-09-2025.IntPrj\Network Model.IntPrjfolder\Network Data.IntPrjfolder\NORTE 138 kV.ElmNet\Puerto Plata 2.ElmSite\ZPPL2E.ElmSubstat\E8.ElmTerm\Cub_1.StaCubic\PUERTO PLATA 2 dF/dt.ElmRelay,,EDN 5 dF/dt,0.0,-2.0,0.0,1,,0,0,E8,,138.0,Cub_1,,138 kV Puerto Plata 2 – San Felipe L2,ElmLne,ZPPL2E_ZSFELE-L2,0,0,0,0,0,0
,PUERTO PLATA 2 dF/dt,\VM-PF.IntUser\PDD 30-09-2025.IntPrj\Network Model.IntPrjfolder\Network Data.IntPrjfolder\NORTE 138 kV.ElmNet\Puerto Plata 2.ElmSite\ZPPL2E.ElmSubstat\E8.ElmTerm\Cub_1.StaCubic\PUERTO PLATA 2 dF/dt.ElmRelay,,EDN 6 F<,58.79999923706055,0.0,0.0,1,,0,0,E8,,138.0,Cub_1,,138 kV Puerto Plata 2 – San Felipe L2,ElmLne,ZPPL2E_ZSFELE-L2,0,0,0,0,0,0
,PUERTO PLATA 2 dF/dt,\VM-PF.IntUser\PDD 30-09-2025.IntPrj\Network Model.IntPrjfolder\Network Data.IntPrjfolder\NORTE 138 kV.ElmNet\Puerto Plata 2.ElmSite\ZPPL2E.ElmSubstat\E8.ElmTerm\Cub_1.StaCubic\PUERTO PLATA 2 dF/dt.ElmRelay,,EDN 6 Start-dF/dt,58.79999923706055,0.0,0.0,1,,0,0,E8,,138.0,Cub_1,,138 kV Puerto Plata 2 – San Felipe L2,ElmLne,ZPPL2E_ZSFELE-L2,0,0,0,0,0,0
,PUERTO PLATA 2 dF/dt,\VM-PF.IntUser\PDD 30-09-2025.IntPrj\Network Model.IntPrjfolder\Network Data.IntPrjfolder\NORTE 138 kV.ElmNet\Puerto Plata 2.ElmSite\ZPPL2E.ElmSubstat\E8.ElmTerm\Cub_1.StaCubic\PUERTO PLATA 2 dF/dt.ElmRelay,,EDN 6 dF/dt,0.0,-2.0,0.0,1,,0,0,E8,,138.0,Cub_1,,138 kV Puerto Plata 2 – San Felipe L2,ElmLne,ZPPL2E_ZSFELE-L2,0,0,0,0,0,0
,PUERTO PLATA 2,\VM-PF.IntUser\PDD 30-09-2025.IntPrj\Network Model.IntPrjfolder\Network Data.IntPrjfolder\NORTE 138 kV.ElmNet\Puerto Plata 2.ElmSite\ZPPL2E.ElmSubstat\E8.ElmTerm\Cub_1.StaCubic\PUERTO PLATA 2.ElmRelay,,EDN 1 F<,59.29999923706055,0.0,0.10000000149011612,1,,0,0,E8,,138.0,Cub_1,,138 kV Puerto Plata 2 – San Felipe L2,ElmLne,ZPPL2E_ZSFELE-L2,0,0,0,0,0,0
,PUERTO PLATA 2,\VM-PF.IntUser\PDD 30-09-2025.IntPrj\Network Model.IntPrjfolder\Network Data.IntPrjfolder\NORTE 138 kV.ElmNet\Puerto Plata 2.ElmSite\ZPPL2E.ElmSubstat\E8.ElmTerm\Cub_1.StaCubic\PUERTO PLATA 2.ElmRelay,,EDN 2 F<,59.20000076293945,0.0,0.10000000149011612,1,,0,0,E8,,138.0,Cub_1,,138 kV Puerto Plata 2 – San Felipe L2,ElmLne,ZPPL2E_ZSFELE-L2,0,0,0,0,0,0
,PUERTO PLATA 2,\VM-PF.IntUser\PDD 30-09-2025.IntPrj\Network Model.IntPrjfolder\Network Data.IntPrjfolder\NORTE 138 kV.ElmNet\Puerto Plata 2.ElmSite\ZPPL2E.ElmSubstat\E8.ElmTerm\Cub_1.StaCubic\PUERTO PLATA 2.ElmRelay,,EDN 3 F<,59.099998474121094,-2.0,0.10000000149011612,1,,0,0,E8,,138.0,Cub_1,,138 kV Puerto Plata 2 – San Felipe L2,ElmLne,ZPPL2E_ZSFELE-L2,0,0,0,0,0,0
,PUERTO PLATA 2,\VM-PF.IntUser\PDD 30-09-2025.IntPrj\Network Model.IntPrjfolder\Network Data.IntPrjfolder\NORTE 138 kV.ElmNet\Puerto Plata 2.ElmSite\ZPPL2E.ElmSubstat\E8.ElmTerm\Cub_1.StaCubic\PUERTO PLATA 2.ElmRelay,,EDN 4 F<,59.0,0.0,0.10000000149011612,0,,0,1,E8,,138.0,Cub_1,,138 kV Puerto Plata 2 – San Felipe L2,ElmLne,ZPPL2E_ZSFELE-L2,0,0,0,0,0,0
,PUERTO PLATA 2,\VM-PF.IntUser\PDD 30-09-2025.IntPrj\Network Model.IntPrjfolder\Network Data.IntPrjfolder\NORTE 138 kV.ElmNet\Puerto Plata 2.ElmSite\ZPPL2E.ElmSubstat\E8.ElmTerm\Cub_1.StaCubic\PUERTO PLATA 2.ElmRelay,,EDN 5 F<,58.900001525878906,0.0,0.10000000149011612,1,,0,0,E8,,138.0,Cub_1,,138 kV Puerto Plata 2 – San Felipe L2,ElmLne,ZPPL2E_ZSFELE-L2,0,0,0,0,0,0
,PUERTO PLATA 2,\VM-PF.IntUser\PDD 30-09-2025.IntPrj\Network Model.IntPrjfolder\Network Data.IntPrjfolder\NORTE 138 kV.ElmNet\Puerto Plata 2.ElmSite\ZPPL2E.ElmSubstat\E8.ElmTerm\Cub_1.StaCubic\PUERTO PLATA 2.ElmRelay,,EDN 6 F<,58.79999923706055,-2.0,0.10000000149011612,1,,0,0,E8,,138.0,Cub_1,,138 kV Puerto Plata 2 – San Felipe L2,ElmLne,ZPPL2E_ZSFELE-L2,0,0,0,0,0,0
,NIBAJE 138,\VM-PF.IntUser\PDD 30-09-2025.IntPrj\Network Model.IntPrjfolder\Network Data.IntPrjfolder\NORTE 138 kV.ElmNet\ZNIBAE.ElmSubstat\WNIBAE(8).ElmTerm\WBNI38E(2).StaCubic\NIBAJE 138.ElmRelay,,EDN 1 F<,59.29999923706055,0.0,0.10000000149011612,1,,1,0,WNIBAE(8),,138.0,WBNI38E(2),,Demanda 1 Nibaje,ElmLod,ZNIBAE-D1,0,1,27.35,8.91,0,0
,NIBAJE 138,\VM-PF.IntUser\PDD 30-09-2025.IntPrj\Network Model.IntPrjfolder\Network Data.IntPrjfolder\NORTE 138 kV.ElmNet\ZNIBAE.ElmSubstat\WNIBAE(8).ElmTerm\WBNI38E(2).StaCubic\NIBAJE 138.ElmRelay,,EDN 2 F<,59.20000076293945,0.0,0.10000000149011612,1,,1,0,WNIBAE(8),,138.0,WBNI38E(2),,Demanda 1 Nibaje,ElmLod,ZNIBAE-D1,0,1,27.35,8.91,0,0
,NIBAJE 138,\VM-PF.IntUser\PDD 30-09-2025.IntPrj\Network Model.IntPrjfolder\Network Data.IntPrjfolder\NORTE 138 kV.ElmNet\ZNIBAE.ElmSubstat\WNIBAE(8).ElmTerm\WBNI38E(2).StaCubic\NIBAJE 138.ElmRelay,,EDN 3 F<,59.099998474121094,0.0,0.10000000149011612,0,,1,0,WNIBAE(8),,138.0,WBNI38E(2),,Demanda 1 Nibaje,ElmLod,ZNIBAE-D1,0,1,27.35,8.91,0,0
,NIBAJE 138,\VM-PF.IntUser\PDD 30-09-2025.IntPrj\Network Model.IntPrjfolder\Network Data.IntPrjfolder\NORTE 138 kV.ElmNet\ZNIBAE.ElmSubstat\WNIBAE(8).ElmTerm\WBNI38E(2).StaCubic\NIBAJE 138.ElmRelay,,EDN 4 F<,59.0,0.0,0.10000000149011612,0,,1,0,WNIBAE(8),,138.0,WBNI38E(2),,Demanda 1 Nibaje,ElmLod,ZNIBAE-D1,0,1,27.35,8.91,0,0
,NIBAJE 138,\VM-PF.IntUser\PDD 30-09-2025.IntPrj\Network Model.IntPrjfolder\Network Data.IntPrjfolder\NORTE 138 kV.ElmNet\ZNIBAE.ElmSubstat\WNIBAE(8).ElmTerm\WBNI38E(2).StaCubic\NIBAJE 138.ElmRelay,,EDN 5 F<,58.900001525878906,0.0,0.10000000149011612,1,,1,0,WNIBAE(8),,138.0,WBNI38E(2),,Demanda 1 Nibaje,ElmLod,ZNIBAE-D1,0,1,27.35,8.91,0,0
,NIBAJE 138,\VM-PF.IntUser\PDD 30-09-2025.IntPrj\Network Model.IntPrjfolder\Network Data.IntPrjfolder\NORTE 138 kV.ElmNet\ZNIBAE.ElmSubstat\WNIBAE(8).ElmTerm\WBNI38E(2).StaCubic\NIBAJE 138.ElmRelay,,EDN 6 F<,58.79999923706055,0.0,0.10000000149011612,0,,1,0,WNIBAE(8),,138.0,WBNI38E(2),,Demanda 1 Nibaje,ElmLod,ZNIBAE-D1,0,1,27.35,8.91,0,0
,FALCON TT2 <f,\VM-PF.IntUser\PDD 30-09-2025.IntPrj\Network Model.IntPrjfolder\Network Data.IntPrjfolder\NORTE 138 kV.ElmNet\Falcondo.ElmSite\ZFALCF.ElmSubstat\WFALCF(1).ElmTerm\WBFALC69(1).StaCubic\FALCON TT2 <f.ElmRelay,,F<,58.70000076293945,0.0,1.0,1,,1,0,WFALCF(1),,69.0,WBFALC69(1),,69/34.5 kV Transformador FALCONDO,ElmTr2,WFALCF_WFALCK-T1,0,0,0,0,0,0
,FALCON TT2 <f,\VM-PF.IntUser\PDD 30-09-2025.IntPrj\Network Model.IntPrjfolder\Network Data.IntPrjfolder\NORTE 138 kV.ElmNet\Falcondo.ElmSite\ZFALCF.ElmSubstat\1(1).ElmTerm\WBFALC69(1).StaCubic\FALCON TT2 <f.ElmRelay,,F<,58.70000076293945,0.0,1.0,1,,1,0,1(1),,69.0,WBFALC69(1),,,,,0,0,0,0,0,0
,FALCON TT3 <f,\VM-PF.IntUser\PDD 30-09-2025.IntPrj\Network Model.IntPrjfolder\Network Data.IntPrjfolder\NORTE 138 kV.ElmNet\Falcondo.ElmSite\ZFALCE.ElmSubstat\WFALCE(2).ElmTerm\WBFALC38(2).StaCubic\FALCON TT3 <f.ElmRelay,,F<,58.599998474121094,0.0,1.5,1,,1,0,WFALCE(2),,138.0,WBFALC38(2),,138/34.5 kV Transformador FALCONDO,ElmTr2,WFALCE_WFALCK-T1,0,0,0,0,0,0
,FALCON TT3 <f,\VM-PF.IntUser\PDD 30-09-2025.IntPrj\Network Model.IntPrjfolder\Network Data.IntPrjfolder\NORTE 138 kV.ElmNet\Falcondo.ElmSite\ZFALCE.ElmSubstat\2(1).ElmTerm\WBFALC38(2).StaCubic\FALCON TT3 <f.ElmRelay,,F<,58.599998474121094,0.0,1.5,1,,1,0,2(1),,138.0,WBFALC38(2),,138 kV Bonao 3 – FALCONDO,ElmLne,ZBON3E_ZFALCE-L1,0,0,0,0,0,0
,FALCON TT3 <f,\VM-PF.IntUser\PDD 30-09-2025.IntPrj\Network Model.IntPrjfolder\Network Data.IntPrjfolder\NORTE 138 kV.ElmNet\Falcondo.ElmSite\ZFALCE.ElmSubstat\3.ElmTerm\WBFALC38(2).StaCubic\FALCON TT3 <f.ElmRelay,,F<,58.599998474121094,0.0,1.5,1,,1,0,3,,138.0,WBFALC38(2),,,,,0,0,0,0,0,0
,FALCON TT3 <f,\VM-PF.IntUser\PDD 30-09-2025.IntPrj\Network Model.IntPrjfolder\Network Data.IntPrjfolder\NORTE 138 kV.ElmNet\Falcondo.ElmSite\ZFALCE.ElmSubstat\4.ElmTerm\WBFALC38(2).StaCubic\FALCON TT3 <f.ElmRelay,,F<,58.599998474121094,0.0,1.5,1,,1,0,4,,138.0,WBFALC38(2),,,,,0,0,0,0,0,0
,SMITH >f,\VM-PF.IntUser\PDD 30-09-2025.IntPrj\Network Model.IntPrjfolder\Network Data.IntPrjfolder\NORTE 138 kV.ElmNet\ZSFELE(1).ElmSubstat\WSFELE(2).ElmTerm\WBSFELE(2).StaCubic\SMITH >f.ElmRelay,,F>,61.5,0.0,0.05000000074505806,1,,1,0,WSFELE(2),,138.0,WBSFELE(2),,,,,0,0,0,0,0,0
,SMITH >f,\VM-PF.IntUser\PDD 30-09-2025.IntPrj\Network Model.IntPrjfolder\Network Data.IntPrjfolder\NORTE 138 kV.ElmNet\ZSFELE(1).ElmSubstat\WSFELE(2).ElmTerm\WBSFELE(2).StaCubic\SMITH >f.ElmRelay,,dFdt,0.0,0.0,0.0,1,,1,0,WSFELE(2),,138.0,WBSFELE(2),,,,,0,0,0,0,0,0
,SMITH <f,\VM-PF.IntUser\PDD 30-09-2025.IntPrj\Network Model.IntPrjfolder\Network Data.IntPrjfolder\NORTE 138 kV.ElmNet\ZSFELE(1).ElmSubstat\WSFELE(2).ElmTerm\WBSFELE(2).StaCubic\SMITH <f.ElmRelay,,F<,58.5,0.0,0.05000000074505806,1,,1,0,WSFELE(2),,138.0,WBSFELE(2),,,,,0,0,0,0,0,0
,DAJABON,\VM-PF.IntUser\PDD 30-09-2025.IntPrj\Network Model.IntPrjfolder\Network Data.IntPrjfolder\NORTE 138 kV.ElmNet\ZDAJAE.ElmSubstat\3.ElmTerm\Cub_1.StaCubic\DAJABON.ElmRelay,,EDN 1 F<,59.29999923706055,0.0,0.10000000149011612,1,,0,0,3,,138.0,Cub_1,,Demanda Dajabón,ElmLod,ZDAJAE-D1,0,1,12.58,4.33,0,0
,DAJABON,\VM-PF.IntUser\PDD 30-09-2025.IntPrj\Network Model.IntPrjfolder\Network Data.IntPrjfolder\NORTE 138 kV.ElmNet\ZDAJAE.ElmSubstat\3.ElmTerm\Cub_1.StaCubic\DAJABON.ElmRelay,,EDN 2 F<,59.20000076293945,0.0,0.10000000149011612,1,,0,0,3,,138.0,Cub_1,,Demanda Dajabón,ElmLod,ZDAJAE-D1,0,1,12.58,4.33,0,0
,DAJABON,\VM-PF.IntUser\PDD 30-09-2025.IntPrj\Network Model.IntPrjfolder\Network Data.IntPrjfolder\NORTE 138 kV.ElmNet\ZDAJAE.ElmSubstat\3.ElmTerm\Cub_1.StaCubic\DAJABON.ElmRelay,,EDN 3 F<,59.099998474121094,0.0,0.10000000149011612,0,,0,1,3,,138.0,Cub_1,,Demanda Dajabón,ElmLod,ZDAJAE-D1,0,1,12.58,4.33,0,0
,DAJABON,\VM-PF.IntUser\PDD 30-09-2025.IntPrj\Network Model.IntPrjfolder\Network Data.IntPrjfolder\NORTE 138 kV.ElmNet\ZDAJAE.ElmSubstat\3.ElmTerm\Cub_1.StaCubic\DAJABON.ElmRelay,,EDN 4 F<,59.0,0.0,0.10000000149011612,1,,0,0,3,,138.0,Cub_1,,Demanda Dajabón,ElmLod,ZDAJAE-D1,0,1,12.58,4.33,0,0
,DAJABON,\VM-PF.IntUser\PDD 30-09-2025.IntPrj\Network Model.IntPrjfolder\Network Data.IntPrjfolder\NORTE 138 kV.ElmNet\ZDAJAE.ElmSubstat\3.ElmTerm\Cub_1.StaCubic\DAJABON.ElmRelay,,EDN 5 F<,58.900001525878906,0.0,0.10000000149011612,1,,0,0,3,,138.0,Cub_1,,Demanda Dajabón,ElmLod,ZDAJAE-D1,0,1,12.58,4.33,0,0
,DAJABON,\VM-PF.IntUser\PDD 30-09-2025.IntPrj\Network Model.IntPrjfolder\Network Data.IntPrjfolder\NORTE 138 kV.ElmNet\ZDAJAE.ElmSubstat\3.ElmTerm\Cub_1.StaCubic\DAJABON.ElmRelay,,EDN 6 F<,58.79999923706055,0.0,0.10000000149011612,1,,0,0,3,,138.0,Cub_1,,Demanda Dajabón,ElmLod,ZDAJAE-D1,0,1,12.58,4.33,0,0
,VALVERDE MAO,\VM-PF.IntUser\PDD 30-09-2025.IntPrj\Network Model.IntPrjfolder\Network Data.IntPrjfolder\NORTE 138 kV.ElmNet\ZVMAOE.ElmSubstat\2.ElmTerm\Cub_1.StaCubic\VALVERDE MAO.ElmRelay,,EDN 1 F<,59.29999923706055,0.0,0.10000000149011612,1,,0,0,2,,138.0,Cub_1,,Demanda Valverde Mao,ElmLod,ZVMAOE-D1,0,1,22.42,8.74,0,0
,VALVERDE MAO,\VM-PF.IntUser\PDD 30-09-2025.IntPrj\Network Model.IntPrjfolder\Network Data.IntPrjfolder\NORTE 138 kV.ElmNet\ZVMAOE.ElmSubstat\2.ElmTerm\Cub_1.StaCubic\VALVERDE MAO.ElmRelay,,EDN 2 F<,59.20000076293945,0.0,0.10000000149011612,1,,0,0,2,,138.0,Cub_1,,Demanda Valverde Mao,ElmLod,ZVMAOE-D1,0,1,22.42,8.74,0,0
,VALVERDE MAO,\VM-PF.IntUser\PDD 30-09-2025.IntPrj\Network Model.IntPrjfolder\Network Data.IntPrjfolder\NORTE 138 kV.ElmNet\ZVMAOE.ElmSubstat\2.ElmTerm\Cub_1.StaCubic\VALVERDE MAO.ElmRelay,,EDN 3 F<,59.099998474121094,0.0,0.10000000149011612,1,,0,0,2,,138.0,Cub_1,,Demanda Valverde Mao,ElmLod,ZVMAOE-D1,0,1,22.42,8.74,0,0
,VALVERDE MAO,\VM-PF.IntUser\PDD 30-09-2025.IntPrj\Network Model.IntPrjfolder\Network Data.IntPrjfolder\NORTE 138 kV.ElmNet\ZVMAOE.ElmSubstat\2.ElmTerm\Cub_1.StaCubic\VALVERDE MAO.ElmRelay,,EDN 4 F<,59.0,0.0,0.10000000149011612,1,,0,0,2,,138.0,Cub_1,,Demanda Valverde Mao,ElmLod,ZVMAOE-D1,0,1,22.42,8.74,0,0
,VALVERDE MAO,\VM-PF.IntUser\PDD 30-09-2025.IntPrj\Network Model.IntPrjfolder\Network Data.IntPrjfolder\NORTE 138 kV.ElmNet\ZVMAOE.ElmSubstat\2.ElmTerm\Cub_1.StaCubic\VALVERDE MAO.ElmRelay,,EDN 5 F<,58.900001525878906,0.0,0.10000000149011612,0,,0,1,2,,138.0,Cub_1,,Demanda Valverde Mao,ElmLod,ZVMAOE-D1,0,1,22.42,8.74,0,0
,VALVERDE MAO,\VM-PF.IntUser\PDD 30-09-2025.IntPrj\Network Model.IntPrjfolder\Network Data.IntPrjfolder\NORTE 138 kV.ElmNet\ZVMAOE.ElmSubstat\2.ElmTerm\Cub_1.StaCubic\VALVERDE MAO.ElmRelay,,EDN 6 F<,58.79999923706055,0.0,0.10000000149011612,1,,0,0,2,,138.0,Cub_1,,Demanda Valverde Mao,ElmLod,ZVMAOE-D1,0,1,22.42,8.74,0,0
,GALLERA T1,\VM-PF.IntUser\PDD 30-09-2025.IntPrj\Network Model.IntPrjfolder\Network Data.IntPrjfolder\NORTE 138 kV.ElmNet\ZLGALE.ElmSubstat\L2.ElmTerm\Cub_1.StaCubic\GALLERA T1.ElmRelay,,EDN 0 F<,58.900001525878906,0.0,0.10000000149011612,0,,0,1,L2,,138.0,Cub_1,,Demanda 1 La Gallera,ElmLod,ZLGALE-D1,0,1,26.35,7.96,0,0
,GALLERA T1,\VM-PF.IntUser\PDD 30-09-2025.IntPrj\Network Model.IntPrjfolder\Network Data.IntPrjfolder\NORTE 138 kV.ElmNet\ZLGALE.ElmSubstat\L2.ElmTerm\Cub_1.StaCubic\GALLERA T1.ElmRelay,,EDN 0 Start-dF/dt,59.29999923706055,0.0,0.0,0,,0,1,L2,,138.0,Cub_1,,Demanda 1 La Gallera,ElmLod,ZLGALE-D1,0,1,26.35,7.96,0,0
,GALLERA T1,\VM-PF.IntUser\PDD 30-09-2025.IntPrj\Network Model.IntPrjfolder\Network Data.IntPrjfolder\NORTE 138 kV.ElmNet\ZLGALE.ElmSubstat\L2.ElmTerm\Cub_1.StaCubic\GALLERA T1.ElmRelay,,EDN 0 dF/dt,59.099998474121094,-2.0,0.0,0,,0,1,L2,,138.0,Cub_1,,Demanda 1 La Gallera,ElmLod,ZLGALE-D1,0,1,26.35,7.96,0,0
,GALLERA T1,\VM-PF.IntUser\PDD 30-09-2025.IntPrj\Network Model.IntPrjfolder\Network Data.IntPrjfolder\NORTE 138 kV.ElmNet\ZLGALE.ElmSubstat\L2.ElmTerm\Cub_1.StaCubic\GALLERA T1.ElmRelay,,EDN 1 F<,58.79999923706055,0.0,0.10000000149011612,0,,0,1,L2,,138.0,Cub_1,,Demanda 1 La Gallera,ElmLod,ZLGALE-D1,0,1,26.35,7.96,0,0
,GALLERA T1,\VM-PF.IntUser\PDD 30-09-2025.IntPrj\Network Model.IntPrjfolder\Network Data.IntPrjfolder\NORTE 138 kV.ElmNet\ZLGALE.ElmSubstat\L2.ElmTerm\Cub_1.StaCubic\GALLERA T1.ElmRelay,,EDN 1 Start-dF/dt,59.29999923706055,0.0,0.0,0,,0,1,L2,,138.0,Cub_1,,Demanda 1 La Gallera,ElmLod,ZLGALE-D1,0,1,26.35,7.96,0,0
,GALLERA T1,\VM-PF.IntUser\PDD 30-09-2025.IntPrj\Network Model.IntPrjfolder\Network Data.IntPrjfolder\NORTE 138 kV.ElmNet\ZLGALE.ElmSubstat\L2.ElmTerm\Cub_1.StaCubic\GALLERA T1.ElmRelay,,EDN 1 dF/dt,58.79999923706055,-2.0,0.0,0,,0,1,L2,,138.0,Cub_1,,Demanda 1 La Gallera,ElmLod,ZLGALE-D1,0,1,26.35,7.96,0,0
,GALLERA T1,\VM-PF.IntUser\PDD 30-09-2025.IntPrj\Network Model.IntPrjfolder\Network Data.IntPrjfolder\NORTE 138 kV.ElmNet\ZLGALE.ElmSubstat\L2.ElmTerm\Cub_1.StaCubic\GALLERA T1.ElmRelay,,EDN 2 F<,58.70000076293945,0.0,0.15000000596046448,0,,0,1,L2,,138.0,Cub_1,,Demanda 1 La Gallera,ElmLod,ZLGALE-D1,0,1,26.35,7.96,0,0
,GALLERA T1,\VM-PF.IntUser\PDD 30-09-2025.IntPrj\Network Model.IntPrjfolder\Network Data.IntPrjfolder\NORTE 138 kV.ElmNet\ZLGALE.ElmSubstat\L2.ElmTerm\Cub_1.StaCubic\GALLERA T1.ElmRelay,,EDN 2 Start-dF/dt,59.29999923706055,0.0,0.0,0,,0,1,L2,,138.0,Cub_1,,Demanda 1 La Gallera,ElmLod,ZLGALE-D1,0,1,26.35,7.96,0,0
,GALLERA T1,\VM-PF.IntUser\PDD 30-09-2025.IntPrj\Network Model.IntPrjfolder\Network Data.IntPrjfolder\NORTE 138 kV.ElmNet\ZLGALE.ElmSubstat\L2.ElmTerm\Cub_1.StaCubic\GALLERA T1.ElmRelay,,EDN 2 dF/dt,0.0,-2.0,0.0,0,,0,1,L2,,138.0,Cub_1,,Demanda 1 La Gallera,ElmLod,ZLGALE-D1,0,1,26.35,7.96,0,0
,GALLERA T1,\VM-PF.IntUser\PDD 30-09-2025.IntPrj\Network Model.IntPrjfolder\Network Data.IntPrjfolder\NORTE 138 kV.ElmNet\ZLGALE.ElmSubstat\L2.ElmTerm\Cub_1.StaCubic\GALLERA T1.ElmRelay,,EDN 3 F<,59.099998474121094,0.0,0.0,1,,0,0,L2,,138.0,Cub_1,,Demanda 1 La Gallera,ElmLod,ZLGALE-D1,0,1,26.35,7.96,0,0
,GALLERA T1,\VM-PF.IntUser\PDD 30-09-2025.IntPrj\Network Model.IntPrjfolder\Network Data.IntPrjfolder\NORTE 138 kV.ElmNet\ZLGALE.ElmSubstat\L2.ElmTerm\Cub_1.StaCubic\GALLERA T1.ElmRelay,,EDN 3 Start-dF/dt,59.099998474121094,0.0,0.0,1,,0,0,L2,,138.0,Cub_1,,Demanda 1 La Gallera,ElmLod,ZLGALE-D1,0,1,26.35,7.96,0,0
,GALLERA T1,\VM-PF.IntUser\PDD 30-09-2025.IntPrj\Network Model.IntPrjfolder\Network Data.IntPrjfolder\NORTE 138 kV.ElmNet\ZLGALE.ElmSubstat\L2.ElmTerm\Cub_1.StaCubic\GALLERA T1.ElmRelay,,EDN 3 dF/dt,0.0,-2.0,0.0,1,,0,0,L2,,138.0,Cub_1,,Demanda 1 La Gallera,ElmLod,ZLGALE-D1,0,1,26.35,7.96,0,0
,GALLERA T1,\VM-PF.IntUser\PDD 30-09-2025.IntPrj\Network Model.IntPrjfolder\Network Data.IntPrjfolder\NORTE 138 kV.ElmNet\ZLGALE.ElmSubstat\L2.ElmTerm\Cub_1.StaCubic\GALLERA T1.ElmRelay,,EDN 4 F<,59.0,0.0,0.0,1,,0,0,L2,,138.0,Cub_1,,Demanda 1 La Gallera,ElmLod,ZLGALE-D1,0,1,26.35,7.96,0,0
,GALLERA T1,\VM-PF.IntUser\PDD 30-09-2025.IntPrj\Network Model.IntPrjfolder\Network Data.IntPrjfolder\NORTE 138 kV.ElmNet\ZLGALE.ElmSubstat\L2.ElmTerm\Cub_1.StaCubic\GALLERA T1.ElmRelay,,EDN 4 Start-dF/dt,59.0,0.0,0.0,1,,0,0,L2,,138.0,Cub_1,,Demanda 1 La Gallera,ElmLod,ZLGALE-D1,0,1,26.35,7.96,0,0
,GALLERA T1,\VM-PF.IntUser\PDD 30-09-2025.IntPrj\Network Model.IntPrjfolder\Network Data.IntPrjfolder\NORTE 138 kV.ElmNet\ZLGALE.ElmSubstat\L2.ElmTerm\Cub_1.StaCubic\GALLERA T1.ElmRelay,,EDN 4 dF/dt,0.0,-2.0,0.0,1,,0,0,L2,,138.0,Cub_1,,Demanda 1 La Gallera,ElmLod,ZLGALE-D1,0,1,26.35,7.96,0,0
,GALLERA T1,\VM-PF.IntUser\PDD 30-09-2025.IntPrj\Network Model.IntPrjfolder\Network Data.IntPrjfolder\NORTE 138 kV.ElmNet\ZLGALE.ElmSubstat\L2.ElmTerm\Cub_1.StaCubic\GALLERA T1.ElmRelay,,EDN 5 F<,58.900001525878906,0.0,0.0,1,,0,0,L2,,138.0,Cub_1,,Demanda 1 La Gallera,ElmLod,ZLGALE-D1,0,1,26.35,7.96,0,0
,GALLERA T1,\VM-PF.IntUser\PDD 30-09-2025.IntPrj\Network Model.IntPrjfolder\Network Data.IntPrjfolder\NORTE 138 kV.ElmNet\ZLGALE.ElmSubstat\L2.ElmTerm\Cub_1.StaCubic\GALLERA T1.ElmRelay,,EDN 5 Start-dF/dt,58.900001525878906,0.0,0.0,1,,0,0,L2,,138.0,Cub_1,,Demanda 1 La Gallera,ElmLod,ZLGALE-D1,0,1,26.35,7.96,0,0
,GALLERA T1,\VM-PF.IntUser\PDD 30-09-2025.IntPrj\Network Model.IntPrjfolder\Network Data.IntPrjfolder\NORTE 138 kV.ElmNet\ZLGALE.ElmSubstat\L2.ElmTerm\Cub_1.StaCubic\GALLERA T1.ElmRelay,,EDN 5 dF/dt,0.0,-2.0,0.0,1,,0,0,L2,,138.0,Cub_1,,Demanda 1 La Gallera,ElmLod,ZLGALE-D1,0,1,26.35,7.96,0,0
,GALLERA T1,\VM-PF.IntUser\PDD 30-09-2025.IntPrj\Network Model.IntPrjfolder\Network Data.IntPrjfolder\NORTE 138 kV.ElmNet\ZLGALE.ElmSubstat\L2.ElmTerm\Cub_1.StaCubic\GALLERA T1.ElmRelay,,EDN 6 F<,58.79999923706055,0.0,0.0,1,,0,0,L2,,138.0,Cub_1,,Demanda 1 La Gallera,ElmLod,ZLGALE-D1,0,1,26.35,7.96,0,0
,GALLERA T1,\VM-PF.IntUser\PDD 30-09-2025.IntPrj\Network Model.IntPrjfolder\Network Data.IntPrjfolder\NORTE 138 kV.ElmNet\ZLGALE.ElmSubstat\L2.ElmTerm\Cub_1.StaCubic\GALLERA T1.ElmRelay,,EDN 6 Start-dF/dt,58.79999923706055,0.0,0.0,1,,0,0,L2,,138.0,Cub_1,,Demanda 1 La Gallera,ElmLod,ZLGALE-D1,0,1,26.35,7.96,0,0
,GALLERA T1,\VM-PF.IntUser\PDD 30-09-2025.IntPrj\Network Model.IntPrjfolder\Network Data.IntPrjfolder\NORTE 138 kV.ElmNet\ZLGALE.ElmSubstat\L2.ElmTerm\Cub_1.StaCubic\GALLERA T1.ElmRelay,,EDN 6 dF/dt,0.0,-2.0,0.0,1,,0,0,L2,,138.0,Cub_1,,Demanda 1 La Gallera,ElmLod,ZLGALE-D1,0,1,26.35,7.96,0,0
,GALLERA T2,\VM-PF.IntUser\PDD 30-09-2025.IntPrj\Network Model.IntPrjfolder\Network Data.IntPrjfolder\NORTE 138 kV.ElmNet\ZLGALE.ElmSubstat\R2.ElmTerm\Cub_1.StaCubic\GALLERA T2.ElmRelay,,EDN 0 F<,58.79999923706055,0.0,0.10000000149011612,1,,0,0,R2,,138.0,Cub_1,,Demanda 2 La Gallera,ElmLod,ZLGALE-D2,0,1,33.35,6.05,0,0
,GALLERA T2,\VM-PF.IntUser\PDD 30-09-2025.IntPrj\Network Model.IntPrjfolder\Network Data.IntPrjfolder\NORTE 138 kV.ElmNet\ZLGALE.ElmSubstat\R2.ElmTerm\Cub_1.StaCubic\GALLERA T2.ElmRelay,,EDN 0 Start-dF/dt,59.29999923706055,0.0,0.10000000149011612,1,,0,0,R2,,138.0,Cub_1,,Demanda 2 La Gallera,ElmLod,ZLGALE-D2,0,1,33.35,6.05,0,0
,GALLERA T2,\VM-PF.IntUser\PDD 30-09-2025.IntPrj\Network Model.IntPrjfolder\Network Data.IntPrjfolder\NORTE 138 kV.ElmNet\ZLGALE.ElmSubstat\R2.ElmTerm\Cub_1.StaCubic\GALLERA T2.ElmRelay,,EDN 0 dF/dt,59.099998474121094,-2.0,0.10000000149011612,1,,0,0,R2,,138.0,Cub_1,,Demanda 2 La Gallera,ElmLod,ZLGALE-D2,0,1,33.35,6.05,0,0
,GALLERA T2,\VM-PF.IntUser\PDD 30-09-2025.IntPrj\Network Model.IntPrjfolder\Network Data.IntPrjfolder\NORTE 138 kV.ElmNet\ZLGALE.ElmSubstat\R2.ElmTerm\Cub_1.StaCubic\GALLERA T2.ElmRelay,,EDN 1 F<,58.70000076293945,0.0,0.10000000149011612,1,,0,0,R2,,138.0,Cub_1,,Demanda 2 La Gallera,ElmLod,ZLGALE-D2,0,1,33.35,6.05,0,0
,GALLERA T2,\VM-PF.IntUser\PDD 30-09-2025.IntPrj\Network Model.IntPrjfolder\Network Data.IntPrjfolder\NORTE 138 kV.ElmNet\ZLGALE.ElmSubstat\R2.ElmTerm\Cub_1.StaCubic\GALLERA T2.ElmRelay,,EDN 1 Start-dF/dt,59.29999923706055,0.0,0.10000000149011612,1,,0,0,R2,,138.0,Cub_1,,Demanda 2 La Gallera,ElmLod,ZLGALE-D2,0,1,33.35,6.05,0,0
,GALLERA T2,\VM-PF.IntUser\PDD 30-09-2025.IntPrj\Network Model.IntPrjfolder\Network Data.IntPrjfolder\NORTE 138 kV.ElmNet\ZLGALE.ElmSubstat\R2.ElmTerm\Cub_1.StaCubic\GALLERA T2.ElmRelay,,EDN 1 dF/dt,58.79999923706055,-2.0,0.10000000149011612,1,,0,0,R2,,138.0,Cub_1,,Demanda 2 La Gallera,ElmLod,ZLGALE-D2,0,1,33.35,6.05,0,0
,GALLERA T2,\VM-PF.IntUser\PDD 30-09-2025.IntPrj\Network Model.IntPrjfolder\Network Data.IntPrjfolder\NORTE 138 kV.ElmNet\ZLGALE.ElmSubstat\R2.ElmTerm\Cub_1.StaCubic\GALLERA T2.ElmRelay,,EDN 2 F<,58.79999923706055,0.0,0.0,1,,0,0,R2,,138.0,Cub_1,,Demanda 2 La Gallera,ElmLod,ZLGALE-D2,0,1,33.35,6.05,0,0
,GALLERA T2,\VM-PF.IntUser\PDD 30-09-2025.IntPrj\Network Model.IntPrjfolder\Network Data.IntPrjfolder\NORTE 138 kV.ElmNet\ZLGALE.ElmSubstat\R2.ElmTerm\Cub_1.StaCubic\GALLERA T2.ElmRelay,,EDN 2 Start-dF/dt,59.20000076293945,0.0,0.0,1,,0,0,R2,,138.0,Cub_1,,Demanda 2 La Gallera,ElmLod,ZLGALE-D2,0,1,33.35,6.05,0,0
,GALLERA T2,\VM-PF.IntUser\PDD 30-09-2025.IntPrj\Network Model.IntPrjfolder\Network Data.IntPrjfolder\NORTE 138 kV.ElmNet\ZLGALE.ElmSubstat\R2.ElmTerm\Cub_1.StaCubic\GALLERA T2.ElmRelay,,EDN 2 dF/dt,0.0,-2.0,0.0,1,,0,0,R2,,138.0,Cub_1,,Demanda 2 La Gallera,ElmLod,ZLGALE-D2,0,1,33.35,6.05,0,0
,GALLERA T2,\VM-PF.IntUser\PDD 30-09-2025.IntPrj\Network Model.IntPrjfolder\Network Data.IntPrjfolder\NORTE 138 kV.ElmNet\ZLGALE.ElmSubstat\R2.ElmTerm\Cub_1.StaCubic\GALLERA T2.ElmRelay,,EDN 3 F<,58.70000076293945,0.0,0.0,1,,0,0,R2,,138.0,Cub_1,,Demanda 2 La Gallera,ElmLod,ZLGALE-D2,0,1,33.35,6.05,0,0
,GALLERA T2,\VM-PF.IntUser\PDD 30-09-2025.IntPrj\Network Model.IntPrjfolder\Network Data.IntPrjfolder\NORTE 138 kV.ElmNet\ZLGALE.ElmSubstat\R2.ElmTerm\Cub_1.StaCubic\GALLERA T2.ElmRelay,,EDN 3 Start-dF/dt,59.099998474121094,0.0,0.0,1,,0,0,R2,,138.0,Cub_1,,Demanda 2 La Gallera,ElmLod,ZLGALE-D2,0,1,33.35,6.05,0,0
,GALLERA T2,\VM-PF.IntUser\PDD 30-09-2025.IntPrj\Network Model.IntPrjfolder\Network Data.IntPrjfolder\NORTE 138 kV.ElmNet\ZLGALE.ElmSubstat\R2.ElmTerm\Cub_1.StaCubic\GALLERA T2.ElmRelay,,EDN 3 dF/dt,0.0,-2.0,0.0,1,,0,0,R2,,138.0,Cub_1,,Demanda 2 La Gallera,ElmLod,ZLGALE-D2,0,1,33.35,6.05,0,0
,GALLERA T2,\VM-PF.IntUser\PDD 30-09-2025.IntPrj\Network Model.IntPrjfolder\Network Data.IntPrjfolder\NORTE 138 kV.ElmNet\ZLGALE.ElmSubstat\R2.ElmTerm\Cub_1.StaCubic\GALLERA T2.ElmRelay,,EDN 4 F<,59.0,0.0,0.0,1,,0,0,R2,,138.0,Cub_1,,Demanda 2 La Gallera,ElmLod,ZLGALE-D2,0,1,33.35,6.05,0,0
,GALLERA T2,\VM-PF.IntUser\PDD 30-09-2025.IntPrj\Network Model.IntPrjfolder\Network Data.IntPrjfolder\NORTE 138 kV.ElmNet\ZLGALE.ElmSubstat\R2.ElmTerm\Cub_1.StaCubic\GALLERA T2.ElmRelay,,EDN 4 Start-dF/dt,59.0,0.0,0.0,1,,0,0,R2,,138.0,Cub_1,,Demanda 2 La Gallera,ElmLod,ZLGALE-D2,0,1,33.35,6.05,0,0
,GALLERA T2,\VM-PF.IntUser\PDD 30-09-2025.IntPrj\Network Model.IntPrjfolder\Network Data.IntPrjfolder\NORTE 138 kV.ElmNet\ZLGALE.ElmSubstat\R2.ElmTerm\Cub_1.StaCubic\GALLERA T2.ElmRelay,,EDN 4 dF/dt,0.0,-2.0,0.0,1,,0,0,R2,,138.0,Cub_1,,Demanda 2 La Gallera,ElmLod,ZLGALE-D2,0,1,33.35,6.05,0,0
,GALLERA T2,\VM-PF.IntUser\PDD 30-09-2025.IntPrj\Network Model.IntPrjfolder\Network Data.IntPrjfolder\NORTE 138 kV.ElmNet\ZLGALE.ElmSubstat\R2.ElmTerm\Cub_1.StaCubic\GALLERA T2.ElmRelay,,EDN 5 F<,58.900001525878906,0.0,0.0,1,,0,0,R2,,138.0,Cub_1,,Demanda 2 La Gallera,ElmLod,ZLGALE-D2,0,1,33.35,6.05,0,0
,GALLERA T2,\VM-PF.IntUser\PDD 30-09-2025.IntPrj\Network Model.IntPrjfolder\Network Data.IntPrjfolder\NORTE 138 kV.ElmNet\ZLGALE.ElmSubstat\R2.ElmTerm\Cub_1.StaCubic\GALLERA T2.ElmRelay,,EDN 5 Start-dF/dt,58.900001525878906,0.0,0.0,1,,0,0,R2,,138.0,Cub_1,,Demanda 2 La Gallera,ElmLod,ZLGALE-D2,0,1,33.35,6.05,0,0
,GALLERA T2,\VM-PF.IntUser\PDD 30-09-2025.IntPrj\Network Model.IntPrjfolder\Network Data.IntPrjfolder\NORTE 138 kV.ElmNet\ZLGALE.ElmSubstat\R2.ElmTerm\Cub_1.StaCubic\GALLERA T2.ElmRelay,,EDN 5 dF/dt,0.0,-2.0,0.0,1,,0,0,R2,,138.0,Cub_1,,Demanda 2 La Gallera,ElmLod,ZLGALE-D2,0,1,33.35,6.05,0,0
,GALLERA T2,\VM-PF.IntUser\PDD 30-09-2025.IntPrj\Network Model.IntPrjfolder\Network Data.IntPrjfolder\NORTE 138 kV.ElmNet\ZLGALE.ElmSubstat\R2.ElmTerm\Cub_1.StaCubic\GALLERA T2.ElmRelay,,EDN 6 F<,58.79999923706055,0.0,0.0,1,,0,0,R2,,138.0,Cub_1,,Demanda 2 La Gallera,ElmLod,ZLGALE-D2,0,1,33.35,6.05,0,0
,GALLERA T2,\VM-PF.IntUser\PDD 30-09-2025.IntPrj\Network Model.IntPrjfolder\Network Data.IntPrjfolder\NORTE 138 kV.ElmNet\ZLGALE.ElmSubstat\R2.ElmTerm\Cub_1.StaCubic\GALLERA T2.ElmRelay,,EDN 6 Start-dF/dt,58.79999923706055,0.0,0.0,1,,0,0,R2,,138.0,Cub_1,,Demanda 2 La Gallera,ElmLod,ZLGALE-D2,0,1,33.35,6.05,0,0
,GALLERA T2,\VM-PF.IntUser\PDD 30-09-2025.IntPrj\Network Model.IntPrjfolder\Network Data.IntPrjfolder\NORTE 138 kV.ElmNet\ZLGALE.ElmSubstat\R2.ElmTerm\Cub_1.StaCubic\GALLERA T2.ElmRelay,,EDN 6 dF/dt,0.0,-2.0,0.0,1,,0,0,R2,,138.0,Cub_1,,Demanda 2 La Gallera,ElmLod,ZLGALE-D2,0,1,33.35,6.05,0,0
,SMITH <f,\VM-PF.IntUser\PDD 30-09-2025.IntPrj\Network Model.IntPrjfolder\Network Data.IntPrjfolder\NORTE 138 kV.ElmNet\ZSFELE.ElmSubstat\138 kV San Felipe B1.ElmTerm\Cub_2.StaCubic\SMITH <f.ElmRelay,,F<,58.5,0.0,0.05000000074505806,1,,1,0,138 kV San Felipe B1,WSFEL1,138.0,Cub_2,Switch,138/13.8 kV Transformador San Felipe,ElmTr3,WSFELE_WSFEGK-T1,0,0,0,0,0,0
,SMITH >f,\VM-PF.IntUser\PDD 30-09-2025.IntPrj\Network Model.IntPrjfolder\Network Data.IntPrjfolder\NORTE 138 kV.ElmNet\ZSFELE.ElmSubstat\138 kV San Felipe B1.ElmTerm\Cub_2.StaCubic\SMITH >f.ElmRelay,,F>,61.5,0.0,0.05000000074505806,1,,1,0,138 kV San Felipe B1,WSFEL1,138.0,Cub_2,Switch,138/13.8 kV Transformador San Felipe,ElmTr3,WSFELE_WSFEGK-T1,0,0,0,0,0,0
,SMITH >f,\VM-PF.IntUser\PDD 30-09-2025.IntPrj\Network Model.IntPrjfolder\Network Data.IntPrjfolder\NORTE 138 kV.ElmNet\ZSFELE.ElmSubstat\138 kV San Felipe B1.ElmTerm\Cub_2.StaCubic\SMITH >f.ElmRelay,,dFdt,0.0,0.0,0.0,1,,1,0,138 kV San Felipe B1,WSFEL1,138.0,Cub_2,Switch,138/13.8 kV Transformador San Felipe,ElmTr3,WSFELE_WSFEGK-T1,0,0,0,0,0,0
,MOCA 138 (MOCA NUEVA),\VM-PF.IntUser\PDD 30-09-2025.IntPrj\Network Model.IntPrjfolder\Network Data.IntPrjfolder\NORTE 138 kV.ElmNet\ZMOCAE.ElmSubstat\1.ElmTerm\Cub_1.StaCubic\MOCA 138 (MOCA NUEVA).ElmRelay,,EDN 1 F<,59.29999923706055,0.0,0.10000000149011612,1,,0,0,1,,138.0,Cub_1,,Demanda Moca,ElmLod,ZMOCAE-D1,0,1,25.78,10.34,0,0
,MOCA 138 (MOCA NUEVA),\VM-PF.IntUser\PDD 30-09-2025.IntPrj\Network Model.IntPrjfolder\Network Data.IntPrjfolder\NORTE 138 kV.ElmNet\ZMOCAE.ElmSubstat\1.ElmTerm\Cub_1.StaCubic\MOCA 138 (MOCA NUEVA).ElmRelay,,EDN 2 F<,59.20000076293945,0.0,0.10000000149011612,0,,0,1,1,,138.0,Cub_1,,Demanda Moca,ElmLod,ZMOCAE-D1,0,1,25.78,10.34,0,0
,MOCA 138 (MOCA NUEVA),\VM-PF.IntUser\PDD 30-09-2025.IntPrj\Network Model.IntPrjfolder\Network Data.IntPrjfolder\NORTE 138 kV.ElmNet\ZMOCAE.ElmSubstat\1.ElmTerm\Cub_1.StaCubic\MOCA 138 (MOCA NUEVA).ElmRelay,,EDN 3 F<,59.099998474121094,0.0,0.10000000149011612,1,,0,0,1,,138.0,Cub_1,,Demanda Moca,ElmLod,ZMOCAE-D1,0,1,25.78,10.34,0,0
,MOCA 138 (MOCA NUEVA),\VM-PF.IntUser\PDD 30-09-2025.IntPrj\Network Model.IntPrjfolder\Network Data.IntPrjfolder\NORTE 138 kV.ElmNet\ZMOCAE.ElmSubstat\1.ElmTerm\Cub_1.StaCubic\MOCA 138 (MOCA NUEVA).ElmRelay,,EDN 4 F<,59.0,0.0,0.10000000149011612,1,,0,0,1,,138.0,Cub_1,,Demanda Moca,ElmLod,ZMOCAE-D1,0,1,25.78,10.34,0,0
,MOCA 138 (MOCA NUEVA),\VM-PF.IntUser\PDD 30-09-2025.IntPrj\Network Model.IntPrjfolder\Network Data.IntPrjfolder\NORTE 138 kV.ElmNet\ZMOCAE.ElmSubstat\1.ElmTerm\Cub_1.StaCubic\MOCA 138 (MOCA NUEVA).ElmRelay,,EDN 5 F<,58.900001525878906,0.0,0.10000000149011612,1,,0,0,1,,138.0,Cub_1,,Demanda Moca,ElmLod,ZMOCAE-D1,0,1,25.78,10.34,0,0
,MOCA 138 (MOCA NUEVA),\VM-PF.IntUser\PDD 30-09-2025.IntPrj\Network Model.IntPrjfolder\Network Data.IntPrjfolder\NORTE 138 kV.ElmNet\ZMOCAE.ElmSubstat\1.ElmTerm\Cub_1.StaCubic\MOCA 138 (MOCA NUEVA).ElmRelay,,EDN 6 F<,58.79999923706055,0.0,0.10000000149011612,1,,0,0,1,,138.0,Cub_1,,Demanda Moca,ElmLod,ZMOCAE-D1,0,1,25.78,10.34,0,0
,SAN JUAN,\VM-PF.IntUser\PDD 30-09-2025.IntPrj\Network Model.IntPrjfolder\Network Data.IntPrjfolder\SUR 69 kV.ElmNet\ZSJUAF.ElmSubstat\WSJUAF(2).ElmTerm\WBSJUAF(2).StaCubic\SAN JUAN.ElmRelay,,EDS 1 F<,59.29999923706055,0.0,0.10000000149011612,0,,0,1,WSJUAF(2),,69.0,WBSJUAF(2),,Demanda San Juan,ElmLod,ZSJUAF-D1,0,1,21.47,7.6,0,0
,SAN JUAN,\VM-PF.IntUser\PDD 30-09-2025.IntPrj\Network Model.IntPrjfolder\Network Data.IntPrjfolder\SUR 69 kV.ElmNet\ZSJUAF.ElmSubstat\WSJUAF(2).ElmTerm\WBSJUAF(2).StaCubic\SAN JUAN.ElmRelay,,EDS 2 F<,59.20000076293945,0.0,0.10000000149011612,0,,0,1,WSJUAF(2),,69.0,WBSJUAF(2),,Demanda San Juan,ElmLod,ZSJUAF-D1,0,1,21.47,7.6,0,0
,SAN JUAN,\VM-PF.IntUser\PDD 30-09-2025.IntPrj\Network Model.IntPrjfolder\Network Data.IntPrjfolder\SUR 69 kV.ElmNet\ZSJUAF.ElmSubstat\WSJUAF(2).ElmTerm\WBSJUAF(2).StaCubic\SAN JUAN.ElmRelay,,EDS 3 F<,59.099998474121094,0.0,0.10000000149011612,1,,0,0,WSJUAF(2),,69.0,WBSJUAF(2),,Demanda San Juan,ElmLod,ZSJUAF-D1,0,1,21.47,7.6,0,0
,SAN JUAN,\VM-PF.IntUser\PDD 30-09-2025.IntPrj\Network Model.IntPrjfolder\Network Data.IntPrjfolder\SUR 69 kV.ElmNet\ZSJUAF.ElmSubstat\WSJUAF(2).ElmTerm\WBSJUAF(2).StaCubic\SAN JUAN.ElmRelay,,EDS 4 F<,59.0,0.0,0.10000000149011612,1,,0,0,WSJUAF(2),,69.0,WBSJUAF(2),,Demanda San Juan,ElmLod,ZSJUAF-D1,0,1,21.47,7.6,0,0
,SAN JUAN,\VM-PF.IntUser\PDD 30-09-2025.IntPrj\Network Model.IntPrjfolder\Network Data.IntPrjfolder\SUR 69 kV.ElmNet\ZSJUAF.ElmSubstat\WSJUAF(2).ElmTerm\WBSJUAF(2).StaCubic\SAN JUAN.ElmRelay,,EDS 5 F<,58.900001525878906,0.0,0.10000000149011612,1,,0,0,WSJUAF(2),,69.0,WBSJUAF(2),,Demanda San Juan,ElmLod,ZSJUAF-D1,0,1,21.47,7.6,0,0
,SAN JUAN,\VM-PF.IntUser\PDD 30-09-2025.IntPrj\Network Model.IntPrjfolder\Network Data.IntPrjfolder\SUR 69 kV.ElmNet\ZSJUAF.ElmSubstat\WSJUAF(2).ElmTerm\WBSJUAF(2).StaCubic\SAN JUAN.ElmRelay,,EDS 6 F<,58.79999923706055,0.0,0.10000000149011612,1,,0,0,WSJUAF(2),,69.0,WBSJUAF(2),,Demanda San Juan,ElmLod,ZSJUAF-D1,0,1,21.47,7.6,0,0
,SABANETA >f,\VM-PF.IntUser\PDD 30-09-2025.IntPrj\Network Model.IntPrjfolder\Network Data.IntPrjfolder\SUR 69 kV.ElmNet\Sabaneta.ElmSite\ZSABAF.ElmSubstat\WSABAF(1).ElmTerm\WBSABAF(1).StaCubic\SABANETA >f.ElmRelay,,F>,62.5,0.0,0.05000000074505806,1,,1,0,WSABAF(1),,69.0,WBSABAF(1),,69/12.5 kV Transformador Sabaneta,ElmTr2,WSABAF_WSABAK-T1,0,1,1.69,0.61,0,0
,SABANETA >f,\VM-PF.IntUser\PDD 30-09-2025.IntPrj\Network Model.IntPrjfolder\Network Data.IntPrjfolder\SUR 69 kV.ElmNet\Sabaneta.ElmSite\ZSABAF.ElmSubstat\WSABAF(1).ElmTerm\WBSABAF(1).StaCubic\SABANETA >f.ElmRelay,,dFdt,0.0,0.0,0.0,1,,1,0,WSABAF(1),,69.0,WBSABAF(1),,69/12.5 kV Transformador Sabaneta,ElmTr2,WSABAF_WSABAK-T1,0,1,1.69,0.61,0,0
,SABANETA <f,\VM-PF.IntUser\PDD 30-09-2025.IntPrj\Network Model.IntPrjfolder\Network Data.IntPrjfolder\SUR 69 kV.ElmNet\Sabaneta.ElmSite\ZSABAF.ElmSubstat\WSABAF(1).ElmTerm\WBSABAF(1).StaCubic\SABANETA <f.ElmRelay,,F<,58.5,0.0,0.05000000074505806,1,,1,0,WSABAF(1),,69.0,WBSABAF(1),,69/12.5 kV Transformador Sabaneta,ElmTr2,WSABAF_WSABAK-T1,0,1,1.69,0.61,0,0
,MADRE VIEJA,\VM-PF.IntUser\PDD 30-09-2025.IntPrj\Network Model.IntPrjfolder\Network Data.IntPrjfolder\SUR 69 kV.ElmNet\69 kV Madre Vieja.ElmTerm\Cub_1.StaCubic\MADRE VIEJA.ElmRelay,,EDS 1 F<,59.29999923706055,0.0,0.10000000149011612,1,,0,0,69 kV Madre Vieja,WMVIEF,69.0,Cub_1,Switch,Demanda 1 Madre Vieja,ElmLod,ZMVIEF-D1,0,1,35.54,0.33,0,0
,MADRE VIEJA,\VM-PF.IntUser\PDD 30-09-2025.IntPrj\Network Model.IntPrjfolder\Network Data.IntPrjfolder\SUR 69 kV.ElmNet\69 kV Madre Vieja.ElmTerm\Cub_1.StaCubic\MADRE VIEJA.ElmRelay,,EDS 2 F<,59.20000076293945,0.0,0.10000000149011612,1,,0,0,69 kV Madre Vieja,WMVIEF,69.0,Cub_1,Switch,Demanda 1 Madre Vieja,ElmLod,ZMVIEF-D1,0,1,35.54,0.33,0,0
,MADRE VIEJA,\VM-PF.IntUser\PDD 30-09-2025.IntPrj\Network Model.IntPrjfolder\Network Data.IntPrjfolder\SUR 69 kV.ElmNet\69 kV Madre Vieja.ElmTerm\Cub_1.StaCubic\MADRE VIEJA.ElmRelay,,EDS 3 F<,59.099998474121094,0.0,0.10000000149011612,1,,0,0,69 kV Madre Vieja,WMVIEF,69.0,Cub_1,Switch,Demanda 1 Madre Vieja,ElmLod,ZMVIEF-D1,0,1,35.54,0.33,0,0
,MADRE VIEJA,\VM-PF.IntUser\PDD 30-09-2025.IntPrj\Network Model.IntPrjfolder\Network Data.IntPrjfolder\SUR 69 kV.ElmNet\69 kV Madre Vieja.ElmTerm\Cub_1.StaCubic\MADRE VIEJA.ElmRelay,,EDS 4 F<,59.0,0.0,0.10000000149011612,0,,0,1,69 kV Madre Vieja,WMVIEF,69.0,Cub_1,Switch,Demanda 1 Madre Vieja,ElmLod,ZMVIEF-D1,0,1,35.54,0.33,0,0
,MADRE VIEJA,\VM-PF.IntUser\PDD 30-09-2025.IntPrj\Network Model.IntPrjfolder\Network Data.IntPrjfolder\SUR 69 kV.ElmNet\69 kV Madre Vieja.ElmTerm\Cub_1.StaCubic\MADRE VIEJA.ElmRelay,,EDS 5 F<,58.900001525878906,0.0,0.10000000149011612,1,,0,0,69 kV Madre Vieja,WMVIEF,69.0,Cub_1,Switch,Demanda 1 Madre Vieja,ElmLod,ZMVIEF-D1,0,1,35.54,0.33,0,0
,MADRE VIEJA,\VM-PF.IntUser\PDD 30-09-2025.IntPrj\Network Model.IntPrjfolder\Network Data.IntPrjfolder\SUR 69 kV.ElmNet\69 kV Madre Vieja.ElmTerm\Cub_1.StaCubic\MADRE VIEJA.ElmRelay,,EDS 6 F<,58.79999923706055,0.0,0.10000000149011612,1,,0,0,69 kV Madre Vieja,WMVIEF,69.0,Cub_1,Switch,Demanda 1 Madre Vieja,ElmLod,ZMVIEF-D1,0,1,35.54,0.33,0,0
,BARAHONA,\VM-PF.IntUser\PDD 30-09-2025.IntPrj\Network Model.IntPrjfolder\Network Data.IntPrjfolder\SUR 69 kV.ElmNet\ZBARAF.ElmSubstat\1.ElmTerm\Cub_1.StaCubic\BARAHONA.ElmRelay,,EDS 1 F<,59.29999923706055,0.0,0.10000000149011612,0,,0,1,1,,69.0,Cub_1,,Demanda Barahona Pueblo,ElmLod,ZBARAF-D1,0,1,27.21,9.32,0,0
,BARAHONA,\VM-PF.IntUser\PDD 30-09-2025.IntPrj\Network Model.IntPrjfolder\Network Data.IntPrjfolder\SUR 69 kV.ElmNet\ZBARAF.ElmSubstat\1.ElmTerm\Cub_1.StaCubic\BARAHONA.ElmRelay,,EDS 2 F<,59.20000076293945,0.0,0.10000000149011612,1,,0,0,1,,69.0,Cub_1,,Demanda Barahona Pueblo,ElmLod,ZBARAF-D1,0,1,27.21,9.32,0,0
,BARAHONA,\VM-PF.IntUser\PDD 30-09-2025.IntPrj\Network Model.IntPrjfolder\Network Data.IntPrjfolder\SUR 69 kV.ElmNet\ZBARAF.ElmSubstat\1.ElmTerm\Cub_1.StaCubic\BARAHONA.ElmRelay,,EDS 3 F<,59.099998474121094,0.0,0.10000000149011612,0,,0,1,1,,69.0,Cub_1,,Demanda Barahona Pueblo,ElmLod,ZBARAF-D1,0,1,27.21,9.32,0,0
,BARAHONA,\VM-PF.IntUser\PDD 30-09-2025.IntPrj\Network Model.IntPrjfolder\Network Data.IntPrjfolder\SUR 69 kV.ElmNet\ZBARAF.ElmSubstat\1.ElmTerm\Cub_1.StaCubic\BARAHONA.ElmRelay,,EDS 4 F<,59.0,0.0,0.10000000149011612,1,,0,0,1,,69.0,Cub_1,,Demanda Barahona Pueblo,ElmLod,ZBARAF-D1,0,1,27.21,9.32,0,0
,BARAHONA,\VM-PF.IntUser\PDD 30-09-2025.IntPrj\Network Model.IntPrjfolder\Network Data.IntPrjfolder\SUR 69 kV.ElmNet\ZBARAF.ElmSubstat\1.ElmTerm\Cub_1.StaCubic\BARAHONA.ElmRelay,,EDS 5 F<,58.900001525878906,0.0,0.10000000149011612,1,,0,0,1,,69.0,Cub_1,,Demanda Barahona Pueblo,ElmLod,ZBARAF-D1,0,1,27.21,9.32,0,0
,BARAHONA,\VM-PF.IntUser\PDD 30-09-2025.IntPrj\Network Model.IntPrjfolder\Network Data.IntPrjfolder\SUR 69 kV.ElmNet\ZBARAF.ElmSubstat\1.ElmTerm\Cub_1.StaCubic\BARAHONA.ElmRelay,,EDS 6 F<,58.79999923706055,0.0,0.10000000149011612,1,,0,0,1,,69.0,Cub_1,,Demanda Barahona Pueblo,ElmLod,ZBARAF-D1,0,1,27.21,9.32,0,0
,HAINA TG >f,\VM-PF.IntUser\PDD 30-09-2025.IntPrj\Network Model.IntPrjfolder\Network Data.IntPrjfolder\SUR 138 kV.ElmNet\Haina.ElmSite\ZHAINE.ElmSubstat\1.ElmTerm\Cub_1.StaCubic\HAINA TG >f.ElmRelay,,F>,61.79999923706055,0.0,10.0,1,,1,0,1,,138.0,Cub_1,,138/13.8 kV Transformador Haina TG,ElmTr2,WHAINE_WHAIGK-T1,0,0,0,0,0,0
,HAINA TG >f,\VM-PF.IntUser\PDD 30-09-2025.IntPrj\Network Model.IntPrjfolder\Network Data.IntPrjfolder\SUR 138 kV.ElmNet\Haina.ElmSite\ZHAINE.ElmSubstat\1.ElmTerm\Cub_1.StaCubic\HAINA TG >f.ElmRelay,,dFdt,0.0,0.0,0.0,1,,1,0,1,,138.0,Cub_1,,138/13.8 kV Transformador Haina TG,ElmTr2,WHAINE_WHAIGK-T1,0,0,0,0,0,0
,HAINA TG <f,\VM-PF.IntUser\PDD 30-09-2025.IntPrj\Network Model.IntPrjfolder\Network Data.IntPrjfolder\SUR 138 kV.ElmNet\Haina.ElmSite\ZHAINE.ElmSubstat\1.ElmTerm\Cub_1.StaCubic\HAINA TG <f.ElmRelay,,F<,58.20000076293945,0.0,10.0,1,,1,0,1,,138.0,Cub_1,,138/13.8 kV Transformador Haina TG,ElmTr2,WHAINE_WHAIGK-T1,0,0,0,0,0,0
,ZHAINE_ZITABE-L1-SEL 311L,\VM-PF.IntUser\PDD 30-09-2025.IntPrj\Network Model.IntPrjfolder\Network Data.IntPrjfolder\SUR 138 kV.ElmNet\Haina.ElmSite\ZHAINE.ElmSubstat\3.ElmTerm\Cub_1.StaCubic\ZHAINE_ZITABE-L1-SEL 311L.ElmRelay,,81D1,41.0,0.0,0.0416666679084301,1,,1,0,3,,138.0,Cub_1,,138 kV Haina – Itabo L1,ElmLne,ZHAINE_ZITABE-L1,1,0,0,0,0,0
,ZHAINE_ZITABE-L1-SEL 311L,\VM-PF.IntUser\PDD 30-09-2025.IntPrj\Network Model.IntPrjfolder\Network Data.IntPrjfolder\SUR 138 kV.ElmNet\Haina.ElmSite\ZHAINE.ElmSubstat\3.ElmTerm\Cub_1.StaCubic\ZHAINE_ZITABE-L1-SEL 311L.ElmRelay,,81D2,41.0,0.0,0.0416666679084301,1,,1,0,3,,138.0,Cub_1,,138 kV Haina – Itabo L1,ElmLne,ZHAINE_ZITABE-L1,1,0,0,0,0,0
,ZHAINE_ZITABE-L1-SEL 311L,\VM-PF.IntUser\PDD 30-09-2025.IntPrj\Network Model.IntPrjfolder\Network Data.IntPrjfolder\SUR 138 kV.ElmNet\Haina.ElmSite\ZHAINE.ElmSubstat\3.ElmTerm\Cub_1.StaCubic\ZHAINE_ZITABE-L1-SEL 311L.ElmRelay,,81D3,41.0,0.0,0.0416666679084301,1,,1,0,3,,138.0,Cub_1,,138 kV Haina – Itabo L1,ElmLne,ZHAINE_ZITABE-L1,1,0,0,0,0,0
,ZHAINE_ZITABE-L1-SEL 311L,\VM-PF.IntUser\PDD 30-09-2025.IntPrj\Network Model.IntPrjfolder\Network Data.IntPrjfolder\SUR 138 kV.ElmNet\Haina.ElmSite\ZHAINE.ElmSubstat\3.ElmTerm\Cub_1.StaCubic\ZHAINE_ZITABE-L1-SEL 311L.ElmRelay,,81D4,41.0,0.0,0.0416666679084301,1,,1,0,3,,138.0,Cub_1,,138 kV Haina – Itabo L1,ElmLne,ZHAINE_ZITABE-L1,1,0,0,0,0,0
,ZHAINE_ZITABE-L1-SEL 311L,\VM-PF.IntUser\PDD 30-09-2025.IntPrj\Network Model.IntPrjfolder\Network Data.IntPrjfolder\SUR 138 kV.ElmNet\Haina.ElmSite\ZHAINE.ElmSubstat\3.ElmTerm\Cub_1.StaCubic\ZHAINE_ZITABE-L1-SEL 311L.ElmRelay,,81D5,41.0,0.0,0.0416666679084301,1,,1,0,3,,138.0,Cub_1,,138 kV Haina – Itabo L1,ElmLne,ZHAINE_ZITABE-L1,1,0,0,0,0,0
,ZHAINE_ZITABE-L1-SEL 311L,\VM-PF.IntUser\PDD 30-09-2025.IntPrj\Network Model.IntPrjfolder\Network Data.IntPrjfolder\SUR 138 kV.ElmNet\Haina.ElmSite\ZHAINE.ElmSubstat\3.ElmTerm\Cub_1.StaCubic\ZHAINE_ZITABE-L1-SEL 311L.ElmRelay,,81D6,41.0,0.0,0.0416666679084301,1,,1,0,3,,138.0,Cub_1,,138 kV Haina – Itabo L1,ElmLne,ZHAINE_ZITABE-L1,1,0,0,0,0,0
,ZHAINE_ZITABE-L2-SEL 311L,\VM-PF.IntUser\PDD 30-09-2025.IntPrj\Network Model.IntPrjfolder\Network Data.IntPrjfolder\SUR 138 kV.ElmNet\Haina.ElmSite\ZHAINE.ElmSubstat\4.ElmTerm\Cub_1.StaCubic\ZHAINE_ZITABE-L2-SEL 311L.ElmRelay,,81D1,41.0,0.0,0.0416666679084301,1,,1,0,4,,138.0,Cub_1,,138 kV Haina – Itabo L2,ElmLne,ZHAINE_ZITABE-L2,1,0,0,0,0,0
,ZHAINE_ZITABE-L2-SEL 311L,\VM-PF.IntUser\PDD 30-09-2025.IntPrj\Network Model.IntPrjfolder\Network Data.IntPrjfolder\SUR 138 kV.ElmNet\Haina.ElmSite\ZHAINE.ElmSubstat\4.ElmTerm\Cub_1.StaCubic\ZHAINE_ZITABE-L2-SEL 311L.ElmRelay,,81D2,41.0,0.0,0.0416666679084301,1,,1,0,4,,138.0,Cub_1,,138 kV Haina – Itabo L2,ElmLne,ZHAINE_ZITABE-L2,1,0,0,0,0,0
,ZHAINE_ZITABE-L2-SEL 311L,\VM-PF.IntUser\PDD 30-09-2025.IntPrj\Network Model.IntPrjfolder\Network Data.IntPrjfolder\SUR 138 kV.ElmNet\Haina.ElmSite\ZHAINE.ElmSubstat\4.ElmTerm\Cub_1.StaCubic\ZHAINE_ZITABE-L2-SEL 311L.ElmRelay,,81D3,41.0,0.0,0.0416666679084301,1,,1,0,4,,138.0,Cub_1,,138 kV Haina – Itabo L2,ElmLne,ZHAINE_ZITABE-L2,1,0,0,0,0,0
,ZHAINE_ZITABE-L2-SEL 311L,\VM-PF.IntUser\PDD 30-09-2025.IntPrj\Network Model.IntPrjfolder\Network Data.IntPrjfolder\SUR 138 kV.ElmNet\Haina.ElmSite\ZHAINE.ElmSubstat\4.ElmTerm\Cub_1.StaCubic\ZHAINE_ZITABE-L2-SEL 311L.ElmRelay,,81D4,41.0,0.0,0.0416666679084301,1,,1,0,4,,138.0,Cub_1,,138 kV Haina – Itabo L2,ElmLne,ZHAINE_ZITABE-L2,1,0,0,0,0,0
,ZHAINE_ZITABE-L2-SEL 311L,\VM-PF.IntUser\PDD 30-09-2025.IntPrj\Network Model.IntPrjfolder\Network Data.IntPrjfolder\SUR 138 kV.ElmNet\Haina.ElmSite\ZHAINE.ElmSubstat\4.ElmTerm\Cub_1.StaCubic\ZHAINE_ZITABE-L2-SEL 311L.ElmRelay,,81D5,41.0,0.0,0.0416666679084301,1,,1,0,4,,138.0,Cub_1,,138 kV Haina – Itabo L2,ElmLne,ZHAINE_ZITABE-L2,1,0,0,0,0,0
,ZHAINE_ZITABE-L2-SEL 311L,\VM-PF.IntUser\PDD 30-09-2025.IntPrj\Network Model.IntPrjfolder\Network Data.IntPrjfolder\SUR 138 kV.ElmNet\Haina.ElmSite\ZHAINE.ElmSubstat\4.ElmTerm\Cub_1.StaCubic\ZHAINE_ZITABE-L2-SEL 311L.ElmRelay,,81D6,41.0,0.0,0.0416666679084301,1,,1,0,4,,138.0,Cub_1,,138 kV Haina – Itabo L2,ElmLne,ZHAINE_ZITABE-L2,1,0,0,0,0,0
,ZHAINE_ZMATAE-L2-SEL 311C,\VM-PF.IntUser\PDD 30-09-2025.IntPrj\Network Model.IntPrjfolder\Network Data.IntPrjfolder\SUR 138 kV.ElmNet\Haina.ElmSite\ZHAINE.ElmSubstat\6.ElmTerm\Cub_1.StaCubic\ZHAINE_ZMATAE-L2-SEL 311C.ElmRelay,,81D1,41.0,0.0,0.0416666679084301,1,,1,0,6,,138.0,Cub_1,,138 kV Haina – Matadero L2,ElmLne,ZHAINE_ZMATAE-L2,1,0,0,0,0,0
,ZHAINE_ZMATAE-L2-SEL 311C,\VM-PF.IntUser\PDD 30-09-2025.IntPrj\Network Model.IntPrjfolder\Network Data.IntPrjfolder\SUR 138 kV.ElmNet\Haina.ElmSite\ZHAINE.ElmSubstat\6.ElmTerm\Cub_1.StaCubic\ZHAINE_ZMATAE-L2-SEL 311C.ElmRelay,,81D2,41.0,0.0,0.0416666679084301,1,,1,0,6,,138.0,Cub_1,,138 kV Haina – Matadero L2,ElmLne,ZHAINE_ZMATAE-L2,1,0,0,0,0,0
,ZHAINE_ZMATAE-L2-SEL 311C,\VM-PF.IntUser\PDD 30-09-2025.IntPrj\Network Model.IntPrjfolder\Network Data.IntPrjfolder\SUR 138 kV.ElmNet\Haina.ElmSite\ZHAINE.ElmSubstat\6.ElmTerm\Cub_1.StaCubic\ZHAINE_ZMATAE-L2-SEL 311C.ElmRelay,,81D3,41.0,0.0,0.0416666679084301,1,,1,0,6,,138.0,Cub_1,,138 kV Haina – Matadero L2,ElmLne,ZHAINE_ZMATAE-L2,1,0,0,0,0,0
,ZHAINE_ZMATAE-L2-SEL 311C,\VM-PF.IntUser\PDD 30-09-2025.IntPrj\Network Model.IntPrjfolder\Network Data.IntPrjfolder\SUR 138 kV.ElmNet\Haina.ElmSite\ZHAINE.ElmSubstat\6.ElmTerm\Cub_1.StaCubic\ZHAINE_ZMATAE-L2-SEL 311C.ElmRelay,,81D4,41.0,0.0,0.0416666679084301,1,,1,0,6,,138.0,Cub_1,,138 kV Haina – Matadero L2,ElmLne,ZHAINE_ZMATAE-L2,1,0,0,0,0,0
,ZHAINE_ZMATAE-L2-SEL 311C,\VM-PF.IntUser\PDD 30-09-2025.IntPrj\Network Model.IntPrjfolder\Network Data.IntPrjfolder\SUR 138 kV.ElmNet\Haina.ElmSite\ZHAINE.ElmSubstat\6.ElmTerm\Cub_1.StaCubic\ZHAINE_ZMATAE-L2-SEL 311C.ElmRelay,,81D5,41.0,0.0,0.0416666679084301,1,,1,0,6,,138.0,Cub_1,,138 kV Haina – Matadero L2,ElmLne,ZHAINE_ZMATAE-L2,1,0,0,0,0,0
,ZHAINE_ZMATBE-L1-SEL 311C,\VM-PF.IntUser\PDD 30-09-2025.IntPrj\Network Model.IntPrjfolder\Network Data.IntPrjfolder\SUR 138 kV.ElmNet\Haina.ElmSite\ZHAINE.ElmSubstat\5.ElmTerm\Cub_1.StaCubic\ZHAINE_ZMATBE-L1-SEL 311C.ElmRelay,,81D1,41.0,0.0,0.0416666679084301,1,,1,0,5,,138.0,Cub_1,,138 kV Haina – Matadero L1,ElmLne,ZHAINE_ZMATBE-L1,1,0,0,0,0,0
,ZHAINE_ZMATBE-L1-SEL 311C,\VM-PF.IntUser\PDD 30-09-2025.IntPrj\Network Model.IntPrjfolder\Network Data.IntPrjfolder\SUR 138 kV.ElmNet\Haina.ElmSite\ZHAINE.ElmSubstat\5.ElmTerm\Cub_1.StaCubic\ZHAINE_ZMATBE-L1-SEL 311C.ElmRelay,,81D2,41.0,0.0,0.0416666679084301,1,,1,0,5,,138.0,Cub_1,,138 kV Haina – Matadero L1,ElmLne,ZHAINE_ZMATBE-L1,1,0,0,0,0,0
,ZHAINE_ZMATBE-L1-SEL 311C,\VM-PF.IntUser\PDD 30-09-2025.IntPrj\Network Model.IntPrjfolder\Network Data.IntPrjfolder\SUR 138 kV.ElmNet\Haina.ElmSite\ZHAINE.ElmSubstat\5.ElmTerm\Cub_1.StaCubic\ZHAINE_ZMATBE-L1-SEL 311C.ElmRelay,,81D3,41.0,0.0,0.0416666679084301,1,,1,0,5,,138.0,Cub_1,,138 kV Haina – Matadero L1,ElmLne,ZHAINE_ZMATBE-L1,1,0,0,0,0,0
,ZHAINE_ZMATBE-L1-SEL 311C,\VM-PF.IntUser\PDD 30-09-2025.IntPrj\Network Model.IntPrjfolder\Network Data.IntPrjfolder\SUR 138 kV.ElmNet\Haina.ElmSite\ZHAINE.ElmSubstat\5.ElmTerm\Cub_1.StaCubic\ZHAINE_ZMATBE-L1-SEL 311C.ElmRelay,,81D4,41.0,0.0,0.0416666679084301,1,,1,0,5,,138.0,Cub_1,,138 kV Haina – Matadero L1,ElmLne,ZHAINE_ZMATBE-L1,1,0,0,0,0,0
,ZHAINE_ZMATBE-L1-SEL 311C,\VM-PF.IntUser\PDD 30-09-2025.IntPrj\Network Model.IntPrjfolder\Network Data.IntPrjfolder\SUR 138 kV.ElmNet\Haina.ElmSite\ZHAINE.ElmSubstat\5.ElmTerm\Cub_1.StaCubic\ZHAINE_ZMATBE-L1-SEL 311C.ElmRelay,,81D5,41.0,0.0,0.0416666679084301,1,,1,0,5,,138.0,Cub_1,,138 kV Haina – Matadero L1,ElmLne,ZHAINE_ZMATBE-L1,1,0,0,0,0,0
,Lin. Haina-Refineria,\VM-PF.IntUser\PDD 30-09-2025.IntPrj\Network Model.IntPrjfolder\Network Data.IntPrjfolder\SUR 138 kV.ElmNet\Haina.ElmSite\ZHAINF.ElmSubstat\R2.ElmTerm\Cub_2.StaCubic\Lin. Haina-Refineria.ElmRelay,,F<,58.900001525878906,0.0,0.10000000149011612,1,,1,0,R2,,69.0,Cub_2,,69 kV Haina – REFIDOMSA_a,ElmLne,ZHAINF_ZXOJIF-L1,0,2,39.57,15.13,0,0
,BARAHONA CARBON <f,\VM-PF.IntUser\PDD 30-09-2025.IntPrj\Network Model.IntPrjfolder\Network Data.IntPrjfolder\SUR 138 kV.ElmNet\Barahona Carbón.ElmSite\ZBCARE.ElmSubstat\2.ElmTerm\Cub_1.StaCubic\BARAHONA CARBON <f.ElmRelay,,F<,58.0,0.0,2.0,1,,0,0,2,,138.0,Cub_1,,138 kV Bar Carbón – Cruce Cabral 2 L1,ElmLne,ZBCARE_ZCC21E-L1,0,2,31.01,10.94,1,50.0
,BARAHONA CARBON >f,\VM-PF.IntUser\PDD 30-09-2025.IntPrj\Network Model.IntPrjfolder\Network Data.IntPrjfolder\SUR 138 kV.ElmNet\Barahona Carbón.ElmSite\ZBCARE.ElmSubstat\2.ElmTerm\Cub_1.StaCubic\BARAHONA CARBON >f.ElmRelay,,F>,62.0,0.0,2.0,1,,0,0,2,,138.0,Cub_1,,138 kV Bar Carbón – Cruce Cabral 2 L1,ElmLne,ZBCARE_ZCC21E-L1,0,2,31.01,10.94,1,50.0
,BARAHONA CARBON >f,\VM-PF.IntUser\PDD 30-09-2025.IntPrj\Network Model.IntPrjfolder\Network Data.IntPrjfolder\SUR 138 kV.ElmNet\Barahona Carbón.ElmSite\ZBCARE.ElmSubstat\2.ElmTerm\Cub_1.StaCubic\BARAHONA CARBON >f.ElmRelay,,dFdt,0.0,0.0,0.0,1,,0,0,2,,138.0,Cub_1,,138 kV Bar Carbón – Cruce Cabral 2 L1,ElmLne,ZBCARE_ZCC21E-L1,0,2,31.01,10.94,1,50.0
,BARAHONA CARBON <f,\VM-PF.IntUser\PDD 30-09-2025.IntPrj\Network Model.IntPrjfolder\Network Data.IntPrjfolder\SUR 138 kV.ElmNet\Barahona Carbón.ElmSite\ZBCARE.ElmSubstat\4.ElmTerm\Cub_1.StaCubic\BARAHONA CARBON <f.ElmRelay,,F<,58.0,0.0,2.0,1,,0,0,4,,138.0,Cub_1,,138/13.8 kV Transformado Barahona Carbón,ElmTr2,WBCARE_WBARCK-T1,0,1,3.8,1.62,1,50.0
,BARAHONA CARBON >f,\VM-PF.IntUser\PDD 30-09-2025.IntPrj\Network Model.IntPrjfolder\Network Data.IntPrjfolder\SUR 138 kV.ElmNet\Barahona Carbón.ElmSite\ZBCARE.ElmSubstat\4.ElmTerm\Cub_1.StaCubic\BARAHONA CARBON >f.ElmRelay,,F>,62.0,0.0,2.0,1,,0,0,4,,138.0,Cub_1,,138/13.8 kV Transformado Barahona Carbón,ElmTr2,WBCARE_WBARCK-T1,0,1,3.8,1.62,1,50.0
,BARAHONA CARBON >f,\VM-PF.IntUser\PDD 30-09-2025.IntPrj\Network Model.IntPrjfolder\Network Data.IntPrjfolder\SUR 138 kV.ElmNet\Barahona Carbón.ElmSite\ZBCARE.ElmSubstat\4.ElmTerm\Cub_1.StaCubic\BARAHONA CARBON >f.ElmRelay,,dFdt,0.0,0.0,0.0,1,,0,0,4,,138.0,Cub_1,,138/13.8 kV Transformado Barahona Carbón,ElmTr2,WBCARE_WBARCK-T1,0,1,3.8,1.62,1,50.0
,ZITABE_ZITAGE-L1-SEL 411L,\VM-PF.IntUser\PDD 30-09-2025.IntPrj\Network Model.IntPrjfolder\Network Data.IntPrjfolder\SUR 138 kV.ElmNet\Itabo.ElmSite\ZITABE.ElmSubstat\1.ElmTerm\Cub_1.StaCubic\ZITABE_ZITAGE-L1-SEL 411L.ElmRelay,Frequency,81D1,40.0099983215332,0.0,0.03999999910593033,1,0,1,0,1,,138.0,Cub_1,,138 kV Itabo – ItaboTG,ElmLne,ZITABE_ZITAGE-L1,1,0,0,0,0,0
,ZITABE_ZITAGE-L1-SEL 411L,\VM-PF.IntUser\PDD 30-09-2025.IntPrj\Network Model.IntPrjfolder\Network Data.IntPrjfolder\SUR 138 kV.ElmNet\Itabo.ElmSite\ZITABE.ElmSubstat\1.ElmTerm\Cub_1.StaCubic\ZITABE_ZITAGE-L1-SEL 411L.ElmRelay,Frequency,81D2,40.0099983215332,0.0,0.03999999910593033,1,0,1,0,1,,138.0,Cub_1,,138 kV Itabo – ItaboTG,ElmLne,ZITABE_ZITAGE-L1,1,0,0,0,0,0
,ZITABE_ZITAGE-L1-SEL 411L,\VM-PF.IntUser\PDD 30-09-2025.IntPrj\Network Model.IntPrjfolder\Network Data.IntPrjfolder\SUR 138 kV.ElmNet\Itabo.ElmSite\ZITABE.ElmSubstat\1.ElmTerm\Cub_1.StaCubic\ZITABE_ZITAGE-L1-SEL 411L.ElmRelay,Frequency,81D3,40.0099983215332,0.0,0.03999999910593033,1,0,1,0,1,,138.0,Cub_1,,138 kV Itabo – ItaboTG,ElmLne,ZITABE_ZITAGE-L1,1,0,0,0,0,0
,ZITABE_ZITAGE-L1-SEL 411L,\VM-PF.IntUser\PDD 30-09-2025.IntPrj\Network Model.IntPrjfolder\Network Data.IntPrjfolder\SUR 138 kV.ElmNet\Itabo.ElmSite\ZITABE.ElmSubstat\1.ElmTerm\Cub_1.StaCubic\ZITABE_ZITAGE-L1-SEL 411L.ElmRelay,Frequency,81D4,40.0099983215332,0.0,0.03999999910593033,1,0,1,0,1,,138.0,Cub_1,,138 kV Itabo – ItaboTG,ElmLne,ZITABE_ZITAGE-L1,1,0,0,0,0,0
,ZITABE_ZITAGE-L1-SEL 411L,\VM-PF.IntUser\PDD 30-09-2025.IntPrj\Network Model.IntPrjfolder\Network Data.IntPrjfolder\SUR 138 kV.ElmNet\Itabo.ElmSite\ZITABE.ElmSubstat\1.ElmTerm\Cub_1.StaCubic\ZITABE_ZITAGE-L1-SEL 411L.ElmRelay,Frequency,81D5,40.0099983215332,0.0,0.03999999910593033,1,0,1,0,1,,138.0,Cub_1,,138 kV Itabo – ItaboTG,ElmLne,ZITABE_ZITAGE-L1,1,0,0,0,0,0
,ZITABE_ZITAGE-L1-SEL 411L,\VM-PF.IntUser\PDD 30-09-2025.IntPrj\Network Model.IntPrjfolder\Network Data.IntPrjfolder\SUR 138 kV.ElmNet\Itabo.ElmSite\ZITABE.ElmSubstat\1.ElmTerm\Cub_1.StaCubic\ZITABE_ZITAGE-L1-SEL 411L.ElmRelay,Frequency,81D6,40.0099983215332,0.0,0.03999999910593033,1,0,1,0,1,,138.0,Cub_1,,138 kV Itabo – ItaboTG,ElmLne,ZITABE_ZITAGE-L1,1,0,0,0,0,0
,ZITABE_ZITAGE-L1-SEL 311C,\VM-PF.IntUser\PDD 30-09-2025.IntPrj\Network Model.IntPrjfolder\Network Data.IntPrjfolder\SUR 138 kV.ElmNet\Itabo.ElmSite\ZITABE.ElmSubstat\1.ElmTerm\Cub_1.StaCubic\ZITABE_ZITAGE-L1-SEL 311C.ElmRelay,,81D1,41.0,0.0,0.0416666679084301,1,,1,0,1,,138.0,Cub_1,,138 kV Itabo – ItaboTG,ElmLne,ZITABE_ZITAGE-L1,1,0,0,0,0,0
,ZITABE_ZITAGE-L1-SEL 311C,\VM-PF.IntUser\PDD 30-09-2025.IntPrj\Network Model.IntPrjfolder\Network Data.IntPrjfolder\SUR 138 kV.ElmNet\Itabo.ElmSite\ZITABE.ElmSubstat\1.ElmTerm\Cub_1.StaCubic\ZITABE_ZITAGE-L1-SEL 311C.ElmRelay,,81D2,41.0,0.0,0.0416666679084301,1,,1,0,1,,138.0,Cub_1,,138 kV Itabo – ItaboTG,ElmLne,ZITABE_ZITAGE-L1,1,0,0,0,0,0
,ZITABE_ZITAGE-L1-SEL 311C,\VM-PF.IntUser\PDD 30-09-2025.IntPrj\Network Model.IntPrjfolder\Network Data.IntPrjfolder\SUR 138 kV.ElmNet\Itabo.ElmSite\ZITABE.ElmSubstat\1.ElmTerm\Cub_1.StaCubic\ZITABE_ZITAGE-L1-SEL 311C.ElmRelay,,81D3,41.0,0.0,0.0416666679084301,1,,1,0,1,,138.0,Cub_1,,138 kV Itabo – ItaboTG,ElmLne,ZITABE_ZITAGE-L1,1,0,0,0,0,0
,ZITABE_ZITAGE-L1-SEL 311C,\VM-PF.IntUser\PDD 30-09-2025.IntPrj\Network Model.IntPrjfolder\Network Data.IntPrjfolder\SUR 138 kV.ElmNet\Itabo.ElmSite\ZITABE.ElmSubstat\1.ElmTerm\Cub_1.StaCubic\ZITABE_ZITAGE-L1-SEL 311C.ElmRelay,,81D4,41.0,0.0,0.0416666679084301,1,,1,0,1,,138.0,Cub_1,,138 kV Itabo – ItaboTG,ElmLne,ZITABE_ZITAGE-L1,1,0,0,0,0,0
,ZITABE_ZITAGE-L1-SEL 311C,\VM-PF.IntUser\PDD 30-09-2025.IntPrj\Network Model.IntPrjfolder\Network Data.IntPrjfolder\SUR 138 kV.ElmNet\Itabo.ElmSite\ZITABE.ElmSubstat\1.ElmTerm\Cub_1.StaCubic\ZITABE_ZITAGE-L1-SEL 311C.ElmRelay,,81D5,41.0,0.0,0.0416666679084301,1,,1,0,1,,138.0,Cub_1,,138 kV Itabo – ItaboTG,ElmLne,ZITABE_ZITAGE-L1,1,0,0,0,0,0
,ZITABE_ZPALAE-L1-REL670,\VM-PF.IntUser\PDD 30-09-2025.IntPrj\Network Model.IntPrjfolder\Network Data.IntPrjfolder\SUR 138 kV.ElmNet\Itabo.ElmSite\ZITABE.ElmSubstat\2.ElmTerm\Cub_1.StaCubic\ZITABE_ZPALAE-L1-REL670.ElmRelay,PTOF PTUF PFRC 81,FRC1,0.0,0.0,0.0,1,0,1,0,2,,138.0,Cub_1,,138 kV Itabo – Palamara,ElmLne,ZITABE_ZPALAE-L1,1,0,0,0,0,0
,ZITABE_ZPALAE-L1-REL670,\VM-PF.IntUser\PDD 30-09-2025.IntPrj\Network Model.IntPrjfolder\Network Data.IntPrjfolder\SUR 138 kV.ElmNet\Itabo.ElmSite\ZITABE.ElmSubstat\2.ElmTerm\Cub_1.StaCubic\ZITABE_ZPALAE-L1-REL670.ElmRelay,PTOF PTUF PFRC 81,FRC2,0.0,0.0,0.0,1,0,1,0,2,,138.0,Cub_1,,138 kV Itabo – Palamara,ElmLne,ZITABE_ZPALAE-L1,1,0,0,0,0,0
,ZITABE_ZPALAE-L1-REL670,\VM-PF.IntUser\PDD 30-09-2025.IntPrj\Network Model.IntPrjfolder\Network Data.IntPrjfolder\SUR 138 kV.ElmNet\Itabo.ElmSite\ZITABE.ElmSubstat\2.ElmTerm\Cub_1.StaCubic\ZITABE_ZPALAE-L1-REL670.ElmRelay,PTOF PTUF PFRC 81,TOF,35.0,0.0,0.0,1,0,1,0,2,,138.0,Cub_1,,138 kV Itabo – Palamara,ElmLne,ZITABE_ZPALAE-L1,1,0,0,0,0,0
,ZITABE_ZPALAE-L1-REL670,\VM-PF.IntUser\PDD 30-09-2025.IntPrj\Network Model.IntPrjfolder\Network Data.IntPrjfolder\SUR 138 kV.ElmNet\Itabo.ElmSite\ZITABE.ElmSubstat\2.ElmTerm\Cub_1.StaCubic\ZITABE_ZPALAE-L1-REL670.ElmRelay,PTOF PTUF PFRC 81,TUF 1,35.0,0.0,0.0,1,0,1,0,2,,138.0,Cub_1,,138 kV Itabo – Palamara,ElmLne,ZITABE_ZPALAE-L1,1,0,0,0,0,0
,ZITABE_ZPALAE-L1-REL670,\VM-PF.IntUser\PDD 30-09-2025.IntPrj\Network Model.IntPrjfolder\Network Data.IntPrjfolder\SUR 138 kV.ElmNet\Itabo.ElmSite\ZITABE.ElmSubstat\2.ElmTerm\Cub_1.StaCubic\ZITABE_ZPALAE-L1-REL670.ElmRelay,PTOF PTUF PFRC 81,TUF 2,35.0,0.0,0.0,1,0,1,0,2,,138.0,Cub_1,,138 kV Itabo – Palamara,ElmLne,ZITABE_ZPALAE-L1,1,0,0,0,0,0
,ZITABE_ZHERRE-L1-REL670,\VM-PF.IntUser\PDD 30-09-2025.IntPrj\Network Model.IntPrjfolder\Network Data.IntPrjfolder\SUR 138 kV.ElmNet\Itabo.ElmSite\ZITABE.ElmSubstat\6.ElmTerm\Cub_1.StaCubic\ZITABE_ZHERRE-L1-REL670.ElmRelay,PTOF PTUF PFRC 81,FRC1,0.0,0.0,0.0,1,0,1,0,6,,138.0,Cub_1,,138 kV Herrera – Itabo_b,ElmLne,ZITABE_ZXHE2E-L1,1,0,0,0,0,0
,ZITABE_ZHERRE-L1-REL670,\VM-PF.IntUser\PDD 30-09-2025.IntPrj\Network Model.IntPrjfolder\Network Data.IntPrjfolder\SUR 138 kV.ElmNet\Itabo.ElmSite\ZITABE.ElmSubstat\6.ElmTerm\Cub_1.StaCubic\ZITABE_ZHERRE-L1-REL670.ElmRelay,PTOF PTUF PFRC 81,FRC2,0.0,0.0,0.0,1,0,1,0,6,,138.0,Cub_1,,138 kV Herrera – Itabo_b,ElmLne,ZITABE_ZXHE2E-L1,1,0,0,0,0,0
,ZITABE_ZHERRE-L1-REL670,\VM-PF.IntUser\PDD 30-09-2025.IntPrj\Network Model.IntPrjfolder\Network Data.IntPrjfolder\SUR 138 kV.ElmNet\Itabo.ElmSite\ZITABE.ElmSubstat\6.ElmTerm\Cub_1.StaCubic\ZITABE_ZHERRE-L1-REL670.ElmRelay,PTOF PTUF PFRC 81,TOF,35.0,0.0,0.0,1,0,1,0,6,,138.0,Cub_1,,138 kV Herrera – Itabo_b,ElmLne,ZITABE_ZXHE2E-L1,1,0,0,0,0,0
,ZITABE_ZHERRE-L1-REL670,\VM-PF.IntUser\PDD 30-09-2025.IntPrj\Network Model.IntPrjfolder\Network Data.IntPrjfolder\SUR 138 kV.ElmNet\Itabo.ElmSite\ZITABE.ElmSubstat\6.ElmTerm\Cub_1.StaCubic\ZITABE_ZHERRE-L1-REL670.ElmRelay,PTOF PTUF PFRC 81,TUF 1,35.0,0.0,0.0,1,0,1,0,6,,138.0,Cub_1,,138 kV Herrera – Itabo_b,ElmLne,ZITABE_ZXHE2E-L1,1,0,0,0,0,0
,ZITABE_ZHERRE-L1-REL670,\VM-PF.IntUser\PDD 30-09-2025.IntPrj\Network Model.IntPrjfolder\Network Data.IntPrjfolder\SUR 138 kV.ElmNet\Itabo.ElmSite\ZITABE.ElmSubstat\6.ElmTerm\Cub_1.StaCubic\ZITABE_ZHERRE-L1-REL670.ElmRelay,PTOF PTUF PFRC 81,TUF 2,35.0,0.0,0.0,1,0,1,0,6,,138.0,Cub_1,,138 kV Herrera – Itabo_b,ElmLne,ZITABE_ZXHE2E-L1,1,0,0,0,0,0
,ZITABE_ZLPRAE-L1-REL670,\VM-PF.IntUser\PDD 30-09-2025.IntPrj\Network Model.IntPrjfolder\Network Data.IntPrjfolder\SUR 138 kV.ElmNet\Itabo.ElmSite\ZITABE.ElmSubstat\7.ElmTerm\Cub_1.StaCubic\ZITABE_ZLPRAE-L1-REL670.ElmRelay,PTOF PTUF PFRC 81,FRC1,0.0,0.0,0.0,1,0,1,0,7,,138.0,Cub_1,,138 kV Itabo – Los Prados_a,ElmLne,ZITABE_ZXHER1-L1,1,0,0,0,0,0
,ZITABE_ZLPRAE-L1-REL670,\VM-PF.IntUser\PDD 30-09-2025.IntPrj\Network Model.IntPrjfolder\Network Data.IntPrjfolder\SUR 138 kV.ElmNet\Itabo.ElmSite\ZITABE.ElmSubstat\7.ElmTerm\Cub_1.StaCubic\ZITABE_ZLPRAE-L1-REL670.ElmRelay,PTOF PTUF PFRC 81,FRC2,0.0,0.0,0.0,1,0,1,0,7,,138.0,Cub_1,,138 kV Itabo – Los Prados_a,ElmLne,ZITABE_ZXHER1-L1,1,0,0,0,0,0
,ZITABE_ZLPRAE-L1-REL670,\VM-PF.IntUser\PDD 30-09-2025.IntPrj\Network Model.IntPrjfolder\Network Data.IntPrjfolder\SUR 138 kV.ElmNet\Itabo.ElmSite\ZITABE.ElmSubstat\7.ElmTerm\Cub_1.StaCubic\ZITABE_ZLPRAE-L1-REL670.ElmRelay,PTOF PTUF PFRC 81,TOF,35.0,0.0,0.0,1,0,1,0,7,,138.0,Cub_1,,138 kV Itabo – Los Prados_a,ElmLne,ZITABE_ZXHER1-L1,1,0,0,0,0,0
,ZITABE_ZLPRAE-L1-REL670,\VM-PF.IntUser\PDD 30-09-2025.IntPrj\Network Model.IntPrjfolder\Network Data.IntPrjfolder\SUR 138 kV.ElmNet\Itabo.ElmSite\ZITABE.ElmSubstat\7.ElmTerm\Cub_1.StaCubic\ZITABE_ZLPRAE-L1-REL670.ElmRelay,PTOF PTUF PFRC 81,TUF 1,35.0,0.0,0.0,1,0,1,0,7,,138.0,Cub_1,,138 kV Itabo – Los Prados_a,ElmLne,ZITABE_ZXHER1-L1,1,0,0,0,0,0
,ZITABE_ZLPRAE-L1-REL670,\VM-PF.IntUser\PDD 30-09-2025.IntPrj\Network Model.IntPrjfolder\Network Data.IntPrjfolder\SUR 138 kV.ElmNet\Itabo.ElmSite\ZITABE.ElmSubstat\7.ElmTerm\Cub_1.StaCubic\ZITABE_ZLPRAE-L1-REL670.ElmRelay,PTOF PTUF PFRC 81,TUF 2,35.0,0.0,0.0,1,0,1,0,7,,138.0,Cub_1,,138 kV Itabo – Los Prados_a,ElmLne,ZITABE_ZXHER1-L1,1,0,0,0,0,0
,ZITABE_ZHAINE-L1-SEL 311L,\VM-PF.IntUser\PDD 30-09-2025.IntPrj\Network Model.IntPrjfolder\Network Data.IntPrjfolder\SUR 138 kV.ElmNet\Itabo.ElmSite\ZITABE.ElmSubstat\8.ElmTerm\Cub_1.StaCubic\ZITABE_ZHAINE-L1-SEL 311L.ElmRelay,,81D1,41.0,0.0,0.0416666679084301,1,,1,0,8,,138.0,Cub_1,,138 kV Haina – Itabo L1,ElmLne,ZHAINE_ZITABE-L1,1,0,0,0,0,0
,ZITABE_ZHAINE-L1-SEL 311L,\VM-PF.IntUser\PDD 30-09-2025.IntPrj\Network Model.IntPrjfolder\Network Data.IntPrjfolder\SUR 138 kV.ElmNet\Itabo.ElmSite\ZITABE.ElmSubstat\8.ElmTerm\Cub_1.StaCubic\ZITABE_ZHAINE-L1-SEL 311L.ElmRelay,,81D2,41.0,0.0,0.0416666679084301,1,,1,0,8,,138.0,Cub_1,,138 kV Haina – Itabo L1,ElmLne,ZHAINE_ZITABE-L1,1,0,0,0,0,0
,ZITABE_ZHAINE-L1-SEL 311L,\VM-PF.IntUser\PDD 30-09-2025.IntPrj\Network Model.IntPrjfolder\Network Data.IntPrjfolder\SUR 138 kV.ElmNet\Itabo.ElmSite\ZITABE.ElmSubstat\8.ElmTerm\Cub_1.StaCubic\ZITABE_ZHAINE-L1-SEL 311L.ElmRelay,,81D3,41.0,0.0,0.0416666679084301,1,,1,0,8,,138.0,Cub_1,,138 kV Haina – Itabo L1,ElmLne,ZHAINE_ZITABE-L1,1,0,0,0,0,0
,ZITABE_ZHAINE-L1-SEL 311L,\VM-PF.IntUser\PDD 30-09-2025.IntPrj\Network Model.IntPrjfolder\Network Data.IntPrjfolder\SUR 138 kV.ElmNet\Itabo.ElmSite\ZITABE.ElmSubstat\8.ElmTerm\Cub_1.StaCubic\ZITABE_ZHAINE-L1-SEL 311L.ElmRelay,,81D4,41.0,0.0,0.0416666679084301,1,,1,0,8,,138.0,Cub_1,,138 kV Haina – Itabo L1,ElmLne,ZHAINE_ZITABE-L1,1,0,0,0,0,0
,ZITABE_ZHAINE-L1-SEL 311L,\VM-PF.IntUser\PDD 30-09-2025.IntPrj\Network Model.IntPrjfolder\Network Data.IntPrjfolder\SUR 138 kV.ElmNet\Itabo.ElmSite\ZITABE.ElmSubstat\8.ElmTerm\Cub_1.StaCubic\ZITABE_ZHAINE-L1-SEL 311L.ElmRelay,,81D5,41.0,0.0,0.0416666679084301,1,,1,0,8,,138.0,Cub_1,,138 kV Haina – Itabo L1,ElmLne,ZHAINE_ZITABE-L1,1,0,0,0,0,0
,ZITABE_ZHAINE-L1-SEL 311L,\VM-PF.IntUser\PDD 30-09-2025.IntPrj\Network Model.IntPrjfolder\Network Data.IntPrjfolder\SUR 138 kV.ElmNet\Itabo.ElmSite\ZITABE.ElmSubstat\8.ElmTerm\Cub_1.StaCubic\ZITABE_ZHAINE-L1-SEL 311L.ElmRelay,,81D6,41.0,0.0,0.0416666679084301,1,,1,0,8,,138.0,Cub_1,,138 kV Haina – Itabo L1,ElmLne,ZHAINE_ZITABE-L1,1,0,0,0,0,0
,ZITABE_ZHAINE-L1-REL670,\VM-PF.IntUser\PDD 30-09-2025.IntPrj\Network Model.IntPrjfolder\Network Data.IntPrjfolder\SUR 138 kV.ElmNet\Itabo.ElmSite\ZITABE.ElmSubstat\8.ElmTerm\Cub_1.StaCubic\ZITABE_ZHAINE-L1-REL670.ElmRelay,PTOF PTUF PFRC 81,FRC1,0.0,0.0,0.0,1,0,1,0,8,,138.0,Cub_1,,138 kV Haina – Itabo L1,ElmLne,ZHAINE_ZITABE-L1,1,0,0,0,0,0
,ZITABE_ZHAINE-L1-REL670,\VM-PF.IntUser\PDD 30-09-2025.IntPrj\Network Model.IntPrjfolder\Network Data.IntPrjfolder\SUR 138 kV.ElmNet\Itabo.ElmSite\ZITABE.ElmSubstat\8.ElmTerm\Cub_1.StaCubic\ZITABE_ZHAINE-L1-REL670.ElmRelay,PTOF PTUF PFRC 81,FRC2,0.0,0.0,0.0,1,0,1,0,8,,138.0,Cub_1,,138 kV Haina – Itabo L1,ElmLne,ZHAINE_ZITABE-L1,1,0,0,0,0,0
,ZITABE_ZHAINE-L1-REL670,\VM-PF.IntUser\PDD 30-09-2025.IntPrj\Network Model.IntPrjfolder\Network Data.IntPrjfolder\SUR 138 kV.ElmNet\Itabo.ElmSite\ZITABE.ElmSubstat\8.ElmTerm\Cub_1.StaCubic\ZITABE_ZHAINE-L1-REL670.ElmRelay,PTOF PTUF PFRC 81,TOF,35.0,0.0,0.0,1,0,1,0,8,,138.0,Cub_1,,138 kV Haina – Itabo L1,ElmLne,ZHAINE_ZITABE-L1,1,0,0,0,0,0
,ZITABE_ZHAINE-L1-REL670,\VM-PF.IntUser\PDD 30-09-2025.IntPrj\Network Model.IntPrjfolder\Network Data.IntPrjfolder\SUR 138 kV.ElmNet\Itabo.ElmSite\ZITABE.ElmSubstat\8.ElmTerm\Cub_1.StaCubic\ZITABE_ZHAINE-L1-REL670.ElmRelay,PTOF PTUF PFRC 81,TUF 1,35.0,0.0,0.0,1,0,1,0,8,,138.0,Cub_1,,138 kV Haina – Itabo L1,ElmLne,ZHAINE_ZITABE-L1,1,0,0,0,0,0
,ZITABE_ZHAINE-L1-REL670,\VM-PF.IntUser\PDD 30-09-2025.IntPrj\Network Model.IntPrjfolder\Network Data.IntPrjfolder\SUR 138 kV.ElmNet\Itabo.ElmSite\ZITABE.ElmSubstat\8.ElmTerm\Cub_1.StaCubic\ZITABE_ZHAINE-L1-REL670.ElmRelay,PTOF PTUF PFRC 81,TUF 2,35.0,0.0,0.0,1,0,1,0,8,,138.0,Cub_1,,138 kV Haina – Itabo L1,ElmLne,ZHAINE_ZITABE-L1,1,0,0,0,0,0
,ZITABE_ZHAINE-L2-SEL 311L,\VM-PF.IntUser\PDD 30-09-2025.IntPrj\Network Model.IntPrjfolder\Network Data.IntPrjfolder\SUR 138 kV.ElmNet\Itabo.ElmSite\ZITABE.ElmSubstat\9.ElmTerm\Cub_1.StaCubic\ZITABE_ZHAINE-L2-SEL 311L.ElmRelay,,81D1,41.0,0.0,0.0416666679084301,1,,1,0,9,,138.0,Cub_1,,138 kV Haina – Itabo L2,ElmLne,ZHAINE_ZITABE-L2,1,0,0,0,0,0
,ZITABE_ZHAINE-L2-SEL 311L,\VM-PF.IntUser\PDD 30-09-2025.IntPrj\Network Model.IntPrjfolder\Network Data.IntPrjfolder\SUR 138 kV.ElmNet\Itabo.ElmSite\ZITABE.ElmSubstat\9.ElmTerm\Cub_1.StaCubic\ZITABE_ZHAINE-L2-SEL 311L.ElmRelay,,81D2,41.0,0.0,0.0416666679084301,1,,1,0,9,,138.0,Cub_1,,138 kV Haina – Itabo L2,ElmLne,ZHAINE_ZITABE-L2,1,0,0,0,0,0
,ZITABE_ZHAINE-L2-SEL 311L,\VM-PF.IntUser\PDD 30-09-2025.IntPrj\Network Model.IntPrjfolder\Network Data.IntPrjfolder\SUR 138 kV.ElmNet\Itabo.ElmSite\ZITABE.ElmSubstat\9.ElmTerm\Cub_1.StaCubic\ZITABE_ZHAINE-L2-SEL 311L.ElmRelay,,81D3,41.0,0.0,0.0416666679084301,1,,1,0,9,,138.0,Cub_1,,138 kV Haina – Itabo L2,ElmLne,ZHAINE_ZITABE-L2,1,0,0,0,0,0
,ZITABE_ZHAINE-L2-SEL 311L,\VM-PF.IntUser\PDD 30-09-2025.IntPrj\Network Model.IntPrjfolder\Network Data.IntPrjfolder\SUR 138 kV.ElmNet\Itabo.ElmSite\ZITABE.ElmSubstat\9.ElmTerm\Cub_1.StaCubic\ZITABE_ZHAINE-L2-SEL 311L.ElmRelay,,81D4,41.0,0.0,0.0416666679084301,1,,1,0,9,,138.0,Cub_1,,138 kV Haina – Itabo L2,ElmLne,ZHAINE_ZITABE-L2,1,0,0,0,0,0
,ZITABE_ZHAINE-L2-SEL 311L,\VM-PF.IntUser\PDD 30-09-2025.IntPrj\Network Model.IntPrjfolder\Network Data.IntPrjfolder\SUR 138 kV.ElmNet\Itabo.ElmSite\ZITABE.ElmSubstat\9.ElmTerm\Cub_1.StaCubic\ZITABE_ZHAINE-L2-SEL 311L.ElmRelay,,81D5,41.0,0.0,0.0416666679084301,1,,1,0,9,,138.0,Cub_1,,138 kV Haina – Itabo L2,ElmLne,ZHAINE_ZITABE-L2,1,0,0,0,0,0
,ZITABE_ZHAINE-L2-SEL 311L,\VM-PF.IntUser\PDD 30-09-2025.IntPrj\Network Model.IntPrjfolder\Network Data.IntPrjfolder\SUR 138 kV.ElmNet\Itabo.ElmSite\ZITABE.ElmSubstat\9.ElmTerm\Cub_1.StaCubic\ZITABE_ZHAINE-L2-SEL 311L.ElmRelay,,81D6,41.0,0.0,0.0416666679084301,1,,1,0,9,,138.0,Cub_1,,138 kV Haina – Itabo L2,ElmLne,ZHAINE_ZITABE-L2,1,0,0,0,0,0
,ZITABE_ZHAINE-L2-REL670,\VM-PF.IntUser\PDD 30-09-2025.IntPrj\Network Model.IntPrjfolder\Network Data.IntPrjfolder\SUR 138 kV.ElmNet\Itabo.ElmSite\ZITABE.ElmSubstat\9.ElmTerm\Cub_1.StaCubic\ZITABE_ZHAINE-L2-REL670.ElmRelay,PTOF PTUF PFRC 81,FRC1,0.0,0.0,0.0,1,0,1,0,9,,138.0,Cub_1,,138 kV Haina – Itabo L2,ElmLne,ZHAINE_ZITABE-L2,1,0,0,0,0,0
,ZITABE_ZHAINE-L2-REL670,\VM-PF.IntUser\PDD 30-09-2025.IntPrj\Network Model.IntPrjfolder\Network Data.IntPrjfolder\SUR 138 kV.ElmNet\Itabo.ElmSite\ZITABE.ElmSubstat\9.ElmTerm\Cub_1.StaCubic\ZITABE_ZHAINE-L2-REL670.ElmRelay,PTOF PTUF PFRC 81,FRC2,0.0,0.0,0.0,1,0,1,0,9,,138.0,Cub_1,,138 kV Haina – Itabo L2,ElmLne,ZHAINE_ZITABE-L2,1,0,0,0,0,0
,ZITABE_ZHAINE-L2-REL670,\VM-PF.IntUser\PDD 30-09-2025.IntPrj\Network Model.IntPrjfolder\Network Data.IntPrjfolder\SUR 138 kV.ElmNet\Itabo.ElmSite\ZITABE.ElmSubstat\9.ElmTerm\Cub_1.StaCubic\ZITABE_ZHAINE-L2-REL670.ElmRelay,PTOF PTUF PFRC 81,TOF,35.0,0.0,0.0,1,0,1,0,9,,138.0,Cub_1,,138 kV Haina – Itabo L2,ElmLne,ZHAINE_ZITABE-L2,1,0,0,0,0,0
,ZITABE_ZHAINE-L2-REL670,\VM-PF.IntUser\PDD 30-09-2025.IntPrj\Network Model.IntPrjfolder\Network Data.IntPrjfolder\SUR 138 kV.ElmNet\Itabo.ElmSite\ZITABE.ElmSubstat\9.ElmTerm\Cub_1.StaCubic\ZITABE_ZHAINE-L2-REL670.ElmRelay,PTOF PTUF PFRC 81,TUF 1,35.0,0.0,0.0,1,0,1,0,9,,138.0,Cub_1,,138 kV Haina – Itabo L2,ElmLne,ZHAINE_ZITABE-L2,1,0,0,0,0,0
,ZITABE_ZHAINE-L2-REL670,\VM-PF.IntUser\PDD 30-09-2025.IntPrj\Network Model.IntPrjfolder\Network Data.IntPrjfolder\SUR 138 kV.ElmNet\Itabo.ElmSite\ZITABE.ElmSubstat\9.ElmTerm\Cub_1.StaCubic\ZITABE_ZHAINE-L2-REL670.ElmRelay,PTOF PTUF PFRC 81,TUF 2,35.0,0.0,0.0,1,0,1,0,9,,138.0,Cub_1,,138 kV Haina – Itabo L2,ElmLne,ZHAINE_ZITABE-L2,1,0,0,0,0,0
,ZITAGE_ZITABE-L1-SEL 411L,\VM-PF.IntUser\PDD 30-09-2025.IntPrj\Network Model.IntPrjfolder\Network Data.IntPrjfolder\SUR 138 kV.ElmNet\Itabo TG.ElmSite\ZITAGE.ElmSubstat\1.ElmTerm\Cub_1.StaCubic\ZITAGE_ZITABE-L1-SEL 411L.ElmRelay,Frequency,81D1,40.0099983215332,0.0,0.03999999910593033,1,0,1,0,1,,138.0,Cub_1,,138 kV Itabo – ItaboTG,ElmLne,ZITABE_ZITAGE-L1,1,0,0,0,0,0
,ZITAGE_ZITABE-L1-SEL 411L,\VM-PF.IntUser\PDD 30-09-2025.IntPrj\Network Model.IntPrjfolder\Network Data.IntPrjfolder\SUR 138 kV.ElmNet\Itabo TG.ElmSite\ZITAGE.ElmSubstat\1.ElmTerm\Cub_1.StaCubic\ZITAGE_ZITABE-L1-SEL 411L.ElmRelay,Frequency,81D2,40.0099983215332,0.0,0.03999999910593033,1,0,1,0,1,,138.0,Cub_1,,138 kV Itabo – ItaboTG,ElmLne,ZITABE_ZITAGE-L1,1,0,0,0,0,0
,ZITAGE_ZITABE-L1-SEL 411L,\VM-PF.IntUser\PDD 30-09-2025.IntPrj\Network Model.IntPrjfolder\Network Data.IntPrjfolder\SUR 138 kV.ElmNet\Itabo TG.ElmSite\ZITAGE.ElmSubstat\1.ElmTerm\Cub_1.StaCubic\ZITAGE_ZITABE-L1-SEL 411L.ElmRelay,Frequency,81D3,40.0099983215332,0.0,0.03999999910593033,1,0,1,0,1,,138.0,Cub_1,,138 kV Itabo – ItaboTG,ElmLne,ZITABE_ZITAGE-L1,1,0,0,0,0,0
,ZITAGE_ZITABE-L1-SEL 411L,\VM-PF.IntUser\PDD 30-09-2025.IntPrj\Network Model.IntPrjfolder\Network Data.IntPrjfolder\SUR 138 kV.ElmNet\Itabo TG.ElmSite\ZITAGE.ElmSubstat\1.ElmTerm\Cub_1.StaCubic\ZITAGE_ZITABE-L1-SEL 411L.ElmRelay,Frequency,81D4,40.0099983215332,0.0,0.03999999910593033,1,0,1,0,1,,138.0,Cub_1,,138 kV Itabo – ItaboTG,ElmLne,ZITABE_ZITAGE-L1,1,0,0,0,0,0
,ZITAGE_ZITABE-L1-SEL 411L,\VM-PF.IntUser\PDD 30-09-2025.IntPrj\Network Model.IntPrjfolder\Network Data.IntPrjfolder\SUR 138 kV.ElmNet\Itabo TG.ElmSite\ZITAGE.ElmSubstat\1.ElmTerm\Cub_1.StaCubic\ZITAGE_ZITABE-L1-SEL 411L.ElmRelay,Frequency,81D5,40.0099983215332,0.0,0.03999999910593033,1,0,1,0,1,,138.0,Cub_1,,138 kV Itabo – ItaboTG,ElmLne,ZITABE_ZITAGE-L1,1,0,0,0,0,0
,ZITAGE_ZITABE-L1-SEL 411L,\VM-PF.IntUser\PDD 30-09-2025.IntPrj\Network Model.IntPrjfolder\Network Data.IntPrjfolder\SUR 138 kV.ElmNet\Itabo TG.ElmSite\ZITAGE.ElmSubstat\1.ElmTerm\Cub_1.StaCubic\ZITAGE_ZITABE-L1-SEL 411L.ElmRelay,Frequency,81D6,40.0099983215332,0.0,0.03999999910593033,1,0,1,0,1,,138.0,Cub_1,,138 kV Itabo – ItaboTG,ElmLne,ZITABE_ZITAGE-L1,1,0,0,0,0,0
,ZITAGE_ZITABE-L1-SEL 311C,\VM-PF.IntUser\PDD 30-09-2025.IntPrj\Network Model.IntPrjfolder\Network Data.IntPrjfolder\SUR 138 kV.ElmNet\Itabo TG.ElmSite\ZITAGE.ElmSubstat\1.ElmTerm\Cub_1.StaCubic\ZITAGE_ZITABE-L1-SEL 311C.ElmRelay,,81D1,41.0,0.0,0.0416666679084301,1,,1,0,1,,138.0,Cub_1,,138 kV Itabo – ItaboTG,ElmLne,ZITABE_ZITAGE-L1,1,0,0,0,0,0
,ZITAGE_ZITABE-L1-SEL 311C,\VM-PF.IntUser\PDD 30-09-2025.IntPrj\Network Model.IntPrjfolder\Network Data.IntPrjfolder\SUR 138 kV.ElmNet\Itabo TG.ElmSite\ZITAGE.ElmSubstat\1.ElmTerm\Cub_1.StaCubic\ZITAGE_ZITABE-L1-SEL 311C.ElmRelay,,81D2,41.0,0.0,0.0416666679084301,1,,1,0,1,,138.0,Cub_1,,138 kV Itabo – ItaboTG,ElmLne,ZITABE_ZITAGE-L1,1,0,0,0,0,0
,ZITAGE_ZITABE-L1-SEL 311C,\VM-PF.IntUser\PDD 30-09-2025.IntPrj\Network Model.IntPrjfolder\Network Data.IntPrjfolder\SUR 138 kV.ElmNet\Itabo TG.ElmSite\ZITAGE.ElmSubstat\1.ElmTerm\Cub_1.StaCubic\ZITAGE_ZITABE-L1-SEL 311C.ElmRelay,,81D3,41.0,0.0,0.0416666679084301,1,,1,0,1,,138.0,Cub_1,,138 kV Itabo – ItaboTG,ElmLne,ZITABE_ZITAGE-L1,1,0,0,0,0,0
,ZITAGE_ZITABE-L1-SEL 311C,\VM-PF.IntUser\PDD 30-09-2025.IntPrj\Network Model.IntPrjfolder\Network Data.IntPrjfolder\SUR 138 kV.ElmNet\Itabo TG.ElmSite\ZITAGE.ElmSubstat\1.ElmTerm\Cub_1.StaCubic\ZITAGE_ZITABE-L1-SEL 311C.ElmRelay,,81D4,41.0,0.0,0.0416666679084301,1,,1,0,1,,138.0,Cub_1,,138 kV Itabo – ItaboTG,ElmLne,ZITABE_ZITAGE-L1,1,0,0,0,0,0
,ZITAGE_ZITABE-L1-SEL 311C,\VM-PF.IntUser\PDD 30-09-2025.IntPrj\Network Model.IntPrjfolder\Network Data.IntPrjfolder\SUR 138 kV.ElmNet\Itabo TG.ElmSite\ZITAGE.ElmSubstat\1.ElmTerm\Cub_1.StaCubic\ZITAGE_ZITABE-L1-SEL 311C.ElmRelay,,81D5,41.0,0.0,0.0416666679084301,1,,1,0,1,,138.0,Cub_1,,138 kV Itabo – ItaboTG,ElmLne,ZITABE_ZITAGE-L1,1,0,0,0,0,0
,ZITAGE_ZJSA1E-L1-SEL 411L,\VM-PF.IntUser\PDD 30-09-2025.IntPrj\Network Model.IntPrjfolder\Network Data.IntPrjfolder\SUR 138 kV.ElmNet\Itabo TG.ElmSite\ZITAGE.ElmSubstat\4.ElmTerm\Cub_1.StaCubic\ZITAGE_ZJSA1E-L1-SEL 411L.ElmRelay,Frequency,81D1,40.0099983215332,0.0,0.03999999910593033,1,0,1,0,4,,138.0,Cub_1,,138 kV Itabo TG – Julio Sauri L1,ElmLne,ZITAGE_ZJSAUE-L1,1,0,0,0,0,0
,ZITAGE_ZJSA1E-L1-SEL 411L,\VM-PF.IntUser\PDD 30-09-2025.IntPrj\Network Model.IntPrjfolder\Network Data.IntPrjfolder\SUR 138 kV.ElmNet\Itabo TG.ElmSite\ZITAGE.ElmSubstat\4.ElmTerm\Cub_1.StaCubic\ZITAGE_ZJSA1E-L1-SEL 411L.ElmRelay,Frequency,81D2,40.0099983215332,0.0,0.03999999910593033,1,0,1,0,4,,138.0,Cub_1,,138 kV Itabo TG – Julio Sauri L1,ElmLne,ZITAGE_ZJSAUE-L1,1,0,0,0,0,0
,ZITAGE_ZJSA1E-L1-SEL 411L,\VM-PF.IntUser\PDD 30-09-2025.IntPrj\Network Model.IntPrjfolder\Network Data.IntPrjfolder\SUR 138 kV.ElmNet\Itabo TG.ElmSite\ZITAGE.ElmSubstat\4.ElmTerm\Cub_1.StaCubic\ZITAGE_ZJSA1E-L1-SEL 411L.ElmRelay,Frequency,81D3,40.0099983215332,0.0,0.03999999910593033,1,0,1,0,4,,138.0,Cub_1,,138 kV Itabo TG – Julio Sauri L1,ElmLne,ZITAGE_ZJSAUE-L1,1,0,0,0,0,0
,ZITAGE_ZJSA1E-L1-SEL 411L,\VM-PF.IntUser\PDD 30-09-2025.IntPrj\Network Model.IntPrjfolder\Network Data.IntPrjfolder\SUR 138 kV.ElmNet\Itabo TG.ElmSite\ZITAGE.ElmSubstat\4.ElmTerm\Cub_1.StaCubic\ZITAGE_ZJSA1E-L1-SEL 411L.ElmRelay,Frequency,81D4,40.0099983215332,0.0,0.03999999910593033,1,0,1,0,4,,138.0,Cub_1,,138 kV Itabo TG – Julio Sauri L1,ElmLne,ZITAGE_ZJSAUE-L1,1,0,0,0,0,0
,ZITAGE_ZJSA1E-L1-SEL 411L,\VM-PF.IntUser\PDD 30-09-2025.IntPrj\Network Model.IntPrjfolder\Network Data.IntPrjfolder\SUR 138 kV.ElmNet\Itabo TG.ElmSite\ZITAGE.ElmSubstat\4.ElmTerm\Cub_1.StaCubic\ZITAGE_ZJSA1E-L1-SEL 411L.ElmRelay,Frequency,81D5,40.0099983215332,0.0,0.03999999910593033,1,0,1,0,4,,138.0,Cub_1,,138 kV Itabo TG – Julio Sauri L1,ElmLne,ZITAGE_ZJSAUE-L1,1,0,0,0,0,0
,ZITAGE_ZJSA1E-L1-SEL 411L,\VM-PF.IntUser\PDD 30-09-2025.IntPrj\Network Model.IntPrjfolder\Network Data.IntPrjfolder\SUR 138 kV.ElmNet\Itabo TG.ElmSite\ZITAGE.ElmSubstat\4.ElmTerm\Cub_1.StaCubic\ZITAGE_ZJSA1E-L1-SEL 411L.ElmRelay,Frequency,81D6,40.0099983215332,0.0,0.03999999910593033,1,0,1,0,4,,138.0,Cub_1,,138 kV Itabo TG – Julio Sauri L1,ElmLne,ZITAGE_ZJSAUE-L1,1,0,0,0,0,0
,ZITAGE_ZJSA1E-L1-SEL 311C,\VM-PF.IntUser\PDD 30-09-2025.IntPrj\Network Model.IntPrjfolder\Network Data.IntPrjfolder\SUR 138 kV.ElmNet\Itabo TG.ElmSite\ZITAGE.ElmSubstat\4.ElmTerm\Cub_1.StaCubic\ZITAGE_ZJSA1E-L1-SEL 311C.ElmRelay,,81D1,41.0,0.0,0.0416666679084301,1,,1,0,4,,138.0,Cub_1,,138 kV Itabo TG – Julio Sauri L1,ElmLne,ZITAGE_ZJSAUE-L1,1,0,0,0,0,0
,ZITAGE_ZJSA1E-L1-SEL 311C,\VM-PF.IntUser\PDD 30-09-2025.IntPrj\Network Model.IntPrjfolder\Network Data.IntPrjfolder\SUR 138 kV.ElmNet\Itabo TG.ElmSite\ZITAGE.ElmSubstat\4.ElmTerm\Cub_1.StaCubic\ZITAGE_ZJSA1E-L1-SEL 311C.ElmRelay,,81D2,41.0,0.0,0.0416666679084301,1,,1,0,4,,138.0,Cub_1,,138 kV Itabo TG – Julio Sauri L1,ElmLne,ZITAGE_ZJSAUE-L1,1,0,0,0,0,0
,ZITAGE_ZJSA1E-L1-SEL 311C,\VM-PF.IntUser\PDD 30-09-2025.IntPrj\Network Model.IntPrjfolder\Network Data.IntPrjfolder\SUR 138 kV.ElmNet\Itabo TG.ElmSite\ZITAGE.ElmSubstat\4.ElmTerm\Cub_1.StaCubic\ZITAGE_ZJSA1E-L1-SEL 311C.ElmRelay,,81D3,41.0,0.0,0.0416666679084301,1,,1,0,4,,138.0,Cub_1,,138 kV Itabo TG – Julio Sauri L1,ElmLne,ZITAGE_ZJSAUE-L1,1,0,0,0,0,0
,ZITAGE_ZJSA1E-L1-SEL 311C,\VM-PF.IntUser\PDD 30-09-2025.IntPrj\Network Model.IntPrjfolder\Network Data.IntPrjfolder\SUR 138 kV.ElmNet\Itabo TG.ElmSite\ZITAGE.ElmSubstat\4.ElmTerm\Cub_1.StaCubic\ZITAGE_ZJSA1E-L1-SEL 311C.ElmRelay,,81D4,41.0,0.0,0.0416666679084301,1,,1,0,4,,138.0,Cub_1,,138 kV Itabo TG – Julio Sauri L1,ElmLne,ZITAGE_ZJSAUE-L1,1,0,0,0,0,0
,ZITAGE_ZJSA1E-L1-SEL 311C,\VM-PF.IntUser\PDD 30-09-2025.IntPrj\Network Model.IntPrjfolder\Network Data.IntPrjfolder\SUR 138 kV.ElmNet\Itabo TG.ElmSite\ZITAGE.ElmSubstat\4.ElmTerm\Cub_1.StaCubic\ZITAGE_ZJSA1E-L1-SEL 311C.ElmRelay,,81D5,41.0,0.0,0.0416666679084301,1,,1,0,4,,138.0,Cub_1,,138 kV Itabo TG – Julio Sauri L1,ElmLne,ZITAGE_ZJSAUE-L1,1,0,0,0,0,0
,ZITAGE_ZJSA1E-L2-SEL 411L,\VM-PF.IntUser\PDD 30-09-2025.IntPrj\Network Model.IntPrjfolder\Network Data.IntPrjfolder\SUR 138 kV.ElmNet\Itabo TG.ElmSite\ZITAGE.ElmSubstat\3.ElmTerm\Cub_1.StaCubic\ZITAGE_ZJSA1E-L2-SEL 411L.ElmRelay,Frequency,81D1,40.0099983215332,0.0,0.03999999910593033,1,0,1,0,3,,138.0,Cub_1,,138 kV Itabo TG – Julio Sauri L2,ElmLne,ZITAGE_ZJSAUE-L2,1,0,0,0,0,0
,ZITAGE_ZJSA1E-L2-SEL 411L,\VM-PF.IntUser\PDD 30-09-2025.IntPrj\Network Model.IntPrjfolder\Network Data.IntPrjfolder\SUR 138 kV.ElmNet\Itabo TG.ElmSite\ZITAGE.ElmSubstat\3.ElmTerm\Cub_1.StaCubic\ZITAGE_ZJSA1E-L2-SEL 411L.ElmRelay,Frequency,81D2,40.0099983215332,0.0,0.03999999910593033,1,0,1,0,3,,138.0,Cub_1,,138 kV Itabo TG – Julio Sauri L2,ElmLne,ZITAGE_ZJSAUE-L2,1,0,0,0,0,0
,ZITAGE_ZJSA1E-L2-SEL 411L,\VM-PF.IntUser\PDD 30-09-2025.IntPrj\Network Model.IntPrjfolder\Network Data.IntPrjfolder\SUR 138 kV.ElmNet\Itabo TG.ElmSite\ZITAGE.ElmSubstat\3.ElmTerm\Cub_1.StaCubic\ZITAGE_ZJSA1E-L2-SEL 411L.ElmRelay,Frequency,81D3,40.0099983215332,0.0,0.03999999910593033,1,0,1,0,3,,138.0,Cub_1,,138 kV Itabo TG – Julio Sauri L2,ElmLne,ZITAGE_ZJSAUE-L2,1,0,0,0,0,0
,ZITAGE_ZJSA1E-L2-SEL 411L,\VM-PF.IntUser\PDD 30-09-2025.IntPrj\Network Model.IntPrjfolder\Network Data.IntPrjfolder\SUR 138 kV.ElmNet\Itabo TG.ElmSite\ZITAGE.ElmSubstat\3.ElmTerm\Cub_1.StaCubic\ZITAGE_ZJSA1E-L2-SEL 411L.ElmRelay,Frequency,81D4,40.0099983215332,0.0,0.03999999910593033,1,0,1,0,3,,138.0,Cub_1,,138 kV Itabo TG – Julio Sauri L2,ElmLne,ZITAGE_ZJSAUE-L2,1,0,0,0,0,0
,ZITAGE_ZJSA1E-L2-SEL 411L,\VM-PF.IntUser\PDD 30-09-2025.IntPrj\Network Model.IntPrjfolder\Network Data.IntPrjfolder\SUR 138 kV.ElmNet\Itabo TG.ElmSite\ZITAGE.ElmSubstat\3.ElmTerm\Cub_1.StaCubic\ZITAGE_ZJSA1E-L2-SEL 411L.ElmRelay,Frequency,81D5,40.0099983215332,0.0,0.03999999910593033,1,0,1,0,3,,138.0,Cub_1,,138 kV Itabo TG – Julio Sauri L2,ElmLne,ZITAGE_ZJSAUE-L2,1,0,0,0,0,0
,ZITAGE_ZJSA1E-L2-SEL 411L,\VM-PF.IntUser\PDD 30-09-2025.IntPrj\Network Model.IntPrjfolder\Network Data.IntPrjfolder\SUR 138 kV.ElmNet\Itabo TG.ElmSite\ZITAGE.ElmSubstat\3.ElmTerm\Cub_1.StaCubic\ZITAGE_ZJSA1E-L2-SEL 411L.ElmRelay,Frequency,81D6,40.0099983215332,0.0,0.03999999910593033,1,0,1,0,3,,138.0,Cub_1,,138 kV Itabo TG – Julio Sauri L2,ElmLne,ZITAGE_ZJSAUE-L2,1,0,0,0,0,0
,ZITAGE_ZJSA1E-L2-SEL 311C,\VM-PF.IntUser\PDD 30-09-2025.IntPrj\Network Model.IntPrjfolder\Network Data.IntPrjfolder\SUR 138 kV.ElmNet\Itabo TG.ElmSite\ZITAGE.ElmSubstat\3.ElmTerm\Cub_1.StaCubic\ZITAGE_ZJSA1E-L2-SEL 311C.ElmRelay,,81D1,41.0,0.0,0.0416666679084301,1,,1,0,3,,138.0,Cub_1,,138 kV Itabo TG – Julio Sauri L2,ElmLne,ZITAGE_ZJSAUE-L2,1,0,0,0,0,0
,ZITAGE_ZJSA1E-L2-SEL 311C,\VM-PF.IntUser\PDD 30-09-2025.IntPrj\Network Model.IntPrjfolder\Network Data.IntPrjfolder\SUR 138 kV.ElmNet\Itabo TG.ElmSite\ZITAGE.ElmSubstat\3.ElmTerm\Cub_1.StaCubic\ZITAGE_ZJSA1E-L2-SEL 311C.ElmRelay,,81D2,41.0,0.0,0.0416666679084301,1,,1,0,3,,138.0,Cub_1,,138 kV Itabo TG – Julio Sauri L2,ElmLne,ZITAGE_ZJSAUE-L2,1,0,0,0,0,0
,ZITAGE_ZJSA1E-L2-SEL 311C,\VM-PF.IntUser\PDD 30-09-2025.IntPrj\Network Model.IntPrjfolder\Network Data.IntPrjfolder\SUR 138 kV.ElmNet\Itabo TG.ElmSite\ZITAGE.ElmSubstat\3.ElmTerm\Cub_1.StaCubic\ZITAGE_ZJSA1E-L2-SEL 311C.ElmRelay,,81D3,41.0,0.0,0.0416666679084301,1,,1,0,3,,138.0,Cub_1,,138 kV Itabo TG – Julio Sauri L2,ElmLne,ZITAGE_ZJSAUE-L2,1,0,0,0,0,0
,ZITAGE_ZJSA1E-L2-SEL 311C,\VM-PF.IntUser\PDD 30-09-2025.IntPrj\Network Model.IntPrjfolder\Network Data.IntPrjfolder\SUR 138 kV.ElmNet\Itabo TG.ElmSite\ZITAGE.ElmSubstat\3.ElmTerm\Cub_1.StaCubic\ZITAGE_ZJSA1E-L2-SEL 311C.ElmRelay,,81D4,41.0,0.0,0.0416666679084301,1,,1,0,3,,138.0,Cub_1,,138 kV Itabo TG – Julio Sauri L2,ElmLne,ZITAGE_ZJSAUE-L2,1,0,0,0,0,0
,ZITAGE_ZJSA1E-L2-SEL 311C,\VM-PF.IntUser\PDD 30-09-2025.IntPrj\Network Model.IntPrjfolder\Network Data.IntPrjfolder\SUR 138 kV.ElmNet\Itabo TG.ElmSite\ZITAGE.ElmSubstat\3.ElmTerm\Cub_1.StaCubic\ZITAGE_ZJSA1E-L2-SEL 311C.ElmRelay,,81D5,41.0,0.0,0.0416666679084301,1,,1,0,3,,138.0,Cub_1,,138 kV Itabo TG – Julio Sauri L2,ElmLne,ZITAGE_ZJSAUE-L2,1,0,0,0,0,0
,ZITAGE_ZUASDE-L1-SEL 411L,\VM-PF.IntUser\PDD 30-09-2025.IntPrj\Network Model.IntPrjfolder\Network Data.IntPrjfolder\SUR 138 kV.ElmNet\Itabo TG.ElmSite\ZITAGE.ElmSubstat\2.ElmTerm\Cub_1.StaCubic\ZITAGE_ZUASDE-L1-SEL 411L.ElmRelay,Frequency,81D1,40.0099983215332,0.0,0.03999999910593033,1,0,1,0,2,,138.0,Cub_1,,138 kV Itabo TG – UASD,ElmLne,ZITAGE_ZUASDE-L1,1,0,0,0,0,0
,ZITAGE_ZUASDE-L1-SEL 411L,\VM-PF.IntUser\PDD 30-09-2025.IntPrj\Network Model.IntPrjfolder\Network Data.IntPrjfolder\SUR 138 kV.ElmNet\Itabo TG.ElmSite\ZITAGE.ElmSubstat\2.ElmTerm\Cub_1.StaCubic\ZITAGE_ZUASDE-L1-SEL 411L.ElmRelay,Frequency,81D2,40.0099983215332,0.0,0.03999999910593033,1,0,1,0,2,,138.0,Cub_1,,138 kV Itabo TG – UASD,ElmLne,ZITAGE_ZUASDE-L1,1,0,0,0,0,0
,ZITAGE_ZUASDE-L1-SEL 411L,\VM-PF.IntUser\PDD 30-09-2025.IntPrj\Network Model.IntPrjfolder\Network Data.IntPrjfolder\SUR 138 kV.ElmNet\Itabo TG.ElmSite\ZITAGE.ElmSubstat\2.ElmTerm\Cub_1.StaCubic\ZITAGE_ZUASDE-L1-SEL 411L.ElmRelay,Frequency,81D3,40.0099983215332,0.0,0.03999999910593033,1,0,1,0,2,,138.0,Cub_1,,138 kV Itabo TG – UASD,ElmLne,ZITAGE_ZUASDE-L1,1,0,0,0,0,0
,ZITAGE_ZUASDE-L1-SEL 411L,\VM-PF.IntUser\PDD 30-09-2025.IntPrj\Network Model.IntPrjfolder\Network Data.IntPrjfolder\SUR 138 kV.ElmNet\Itabo TG.ElmSite\ZITAGE.ElmSubstat\2.ElmTerm\Cub_1.StaCubic\ZITAGE_ZUASDE-L1-SEL 411L.ElmRelay,Frequency,81D4,40.0099983215332,0.0,0.03999999910593033,1,0,1,0,2,,138.0,Cub_1,,138 kV Itabo TG – UASD,ElmLne,ZITAGE_ZUASDE-L1,1,0,0,0,0,0
,ZITAGE_ZUASDE-L1-SEL 411L,\VM-PF.IntUser\PDD 30-09-2025.IntPrj\Network Model.IntPrjfolder\Network Data.IntPrjfolder\SUR 138 kV.ElmNet\Itabo TG.ElmSite\ZITAGE.ElmSubstat\2.ElmTerm\Cub_1.StaCubic\ZITAGE_ZUASDE-L1-SEL 411L.ElmRelay,Frequency,81D5,40.0099983215332,0.0,0.03999999910593033,1,0,1,0,2,,138.0,Cub_1,,138 kV Itabo TG – UASD,ElmLne,ZITAGE_ZUASDE-L1,1,0,0,0,0,0
,ZITAGE_ZUASDE-L1-SEL 411L,\VM-PF.IntUser\PDD 30-09-2025.IntPrj\Network Model.IntPrjfolder\Network Data.IntPrjfolder\SUR 138 kV.ElmNet\Itabo TG.ElmSite\ZITAGE.ElmSubstat\2.ElmTerm\Cub_1.StaCubic\ZITAGE_ZUASDE-L1-SEL 411L.ElmRelay,Frequency,81D6,40.0099983215332,0.0,0.03999999910593033,1,0,1,0,2,,138.0,Cub_1,,138 kV Itabo TG – UASD,ElmLne,ZITAGE_ZUASDE-L1,1,0,0,0,0,0
,ZITAGE_ZUASDE-L1-SEL 311C,\VM-PF.IntUser\PDD 30-09-2025.IntPrj\Network Model.IntPrjfolder\Network Data.IntPrjfolder\SUR 138 kV.ElmNet\Itabo TG.ElmSite\ZITAGE.ElmSubstat\2.ElmTerm\Cub_1.StaCubic\ZITAGE_ZUASDE-L1-SEL 311C.ElmRelay,,81D1,41.0,0.0,0.0416666679084301,1,,1,0,2,,138.0,Cub_1,,138 kV Itabo TG – UASD,ElmLne,ZITAGE_ZUASDE-L1,1,0,0,0,0,0
,ZITAGE_ZUASDE-L1-SEL 311C,\VM-PF.IntUser\PDD 30-09-2025.IntPrj\Network Model.IntPrjfolder\Network Data.IntPrjfolder\SUR 138 kV.ElmNet\Itabo TG.ElmSite\ZITAGE.ElmSubstat\2.ElmTerm\Cub_1.StaCubic\ZITAGE_ZUASDE-L1-SEL 311C.ElmRelay,,81D2,41.0,0.0,0.0416666679084301,1,,1,0,2,,138.0,Cub_1,,138 kV Itabo TG – UASD,ElmLne,ZITAGE_ZUASDE-L1,1,0,0,0,0,0
,ZITAGE_ZUASDE-L1-SEL 311C,\VM-PF.IntUser\PDD 30-09-2025.IntPrj\Network Model.IntPrjfolder\Network Data.IntPrjfolder\SUR 138 kV.ElmNet\Itabo TG.ElmSite\ZITAGE.ElmSubstat\2.ElmTerm\Cub_1.StaCubic\ZITAGE_ZUASDE-L1-SEL 311C.ElmRelay,,81D3,41.0,0.0,0.0416666679084301,1,,1,0,2,,138.0,Cub_1,,138 kV Itabo TG – UASD,ElmLne,ZITAGE_ZUASDE-L1,1,0,0,0,0,0
,ZITAGE_ZUASDE-L1-SEL 311C,\VM-PF.IntUser\PDD 30-09-2025.IntPrj\Network Model.IntPrjfolder\Network Data.IntPrjfolder\SUR 138 kV.ElmNet\Itabo TG.ElmSite\ZITAGE.ElmSubstat\2.ElmTerm\Cub_1.StaCubic\ZITAGE_ZUASDE-L1-SEL 311C.ElmRelay,,81D4,41.0,0.0,0.0416666679084301,1,,1,0,2,,138.0,Cub_1,,138 kV Itabo TG – UASD,ElmLne,ZITAGE_ZUASDE-L1,1,0,0,0,0,0
,ZITAGE_ZUASDE-L1-SEL 311C,\VM-PF.IntUser\PDD 30-09-2025.IntPrj\Network Model.IntPrjfolder\Network Data.IntPrjfolder\SUR 138 kV.ElmNet\Itabo TG.ElmSite\ZITAGE.ElmSubstat\2.ElmTerm\Cub_1.StaCubic\ZITAGE_ZUASDE-L1-SEL 311C.ElmRelay,,81D5,41.0,0.0,0.0416666679084301,1,,1,0,2,,138.0,Cub_1,,138 kV Itabo TG – UASD,ElmLne,ZITAGE_ZUASDE-L1,1,0,0,0,0,0
,DOMICEM,\VM-PF.IntUser\PDD 30-09-2025.IntPrj\Network Model.IntPrjfolder\Network Data.IntPrjfolder\SUR 138 kV.ElmNet\Palenque.ElmSite\Terminal Palenque 1.ElmTerm\Cub_4.StaCubic\DOMICEM.ElmRelay,,UNR 1 F<,59.29999923706055,0.0,0.10000000149011612,1,,0,0,Terminal Palenque 1,WPAQ1K,4.159999847412109,Cub_4,Switch,Demanda Domicem,ElmLod,ZPAQ1K-D1,0,1,23.08,6.73,0,0
,DOMICEM,\VM-PF.IntUser\PDD 30-09-2025.IntPrj\Network Model.IntPrjfolder\Network Data.IntPrjfolder\SUR 138 kV.ElmNet\Palenque.ElmSite\Terminal Palenque 1.ElmTerm\Cub_4.StaCubic\DOMICEM.ElmRelay,,UNR 2 F<,59.20000076293945,0.0,0.10000000149011612,1,,0,0,Terminal Palenque 1,WPAQ1K,4.159999847412109,Cub_4,Switch,Demanda Domicem,ElmLod,ZPAQ1K-D1,0,1,23.08,6.73,0,0
,DOMICEM,\VM-PF.IntUser\PDD 30-09-2025.IntPrj\Network Model.IntPrjfolder\Network Data.IntPrjfolder\SUR 138 kV.ElmNet\Palenque.ElmSite\Terminal Palenque 1.ElmTerm\Cub_4.StaCubic\DOMICEM.ElmRelay,,UNR 3 F<,59.099998474121094,0.0,0.10000000149011612,1,,0,0,Terminal Palenque 1,WPAQ1K,4.159999847412109,Cub_4,Switch,Demanda Domicem,ElmLod,ZPAQ1K-D1,0,1,23.08,6.73,0,0
,DOMICEM,\VM-PF.IntUser\PDD 30-09-2025.IntPrj\Network Model.IntPrjfolder\Network Data.IntPrjfolder\SUR 138 kV.ElmNet\Palenque.ElmSite\Terminal Palenque 1.ElmTerm\Cub_4.StaCubic\DOMICEM.ElmRelay,,UNR 4 F<,59.0,0.0,0.10000000149011612,1,,0,0,Terminal Palenque 1,WPAQ1K,4.159999847412109,Cub_4,Switch,Demanda Domicem,ElmLod,ZPAQ1K-D1,0,1,23.08,6.73,0,0
,DOMICEM,\VM-PF.IntUser\PDD 30-09-2025.IntPrj\Network Model.IntPrjfolder\Network Data.IntPrjfolder\SUR 138 kV.ElmNet\Palenque.ElmSite\Terminal Palenque 1.ElmTerm\Cub_4.StaCubic\DOMICEM.ElmRelay,,UNR 5 F<,58.900001525878906,0.0,0.10000000149011612,1,,0,0,Terminal Palenque 1,WPAQ1K,4.159999847412109,Cub_4,Switch,Demanda Domicem,ElmLod,ZPAQ1K-D1,0,1,23.08,6.73,0,0
,DOMICEM,\VM-PF.IntUser\PDD 30-09-2025.IntPrj\Network Model.IntPrjfolder\Network Data.IntPrjfolder\SUR 138 kV.ElmNet\Palenque.ElmSite\Terminal Palenque 1.ElmTerm\Cub_4.StaCubic\DOMICEM.ElmRelay,,UNR 6 F<,58.79999923706055,0.0,0.10000000149011612,1,,0,0,Terminal Palenque 1,WPAQ1K,4.159999847412109,Cub_4,Switch,Demanda Domicem,ElmLod,ZPAQ1K-D1,0,1,23.08,6.73,0,0
,DOMICEM dF/dt,\VM-PF.IntUser\PDD 30-09-2025.IntPrj\Network Model.IntPrjfolder\Network Data.IntPrjfolder\SUR 138 kV.ElmNet\Palenque.ElmSite\Terminal Palenque 1.ElmTerm\Cub_4.StaCubic\DOMICEM dF/dt.ElmRelay,,UNR 0 F<,58.70000076293945,0.0,0.10000000149011612,1,,0,0,Terminal Palenque 1,WPAQ1K,4.159999847412109,Cub_4,Switch,Demanda Domicem,ElmLod,ZPAQ1K-D1,0,1,23.08,6.73,0,0
,DOMICEM dF/dt,\VM-PF.IntUser\PDD 30-09-2025.IntPrj\Network Model.IntPrjfolder\Network Data.IntPrjfolder\SUR 138 kV.ElmNet\Palenque.ElmSite\Terminal Palenque 1.ElmTerm\Cub_4.StaCubic\DOMICEM dF/dt.ElmRelay,,UNR 0 Start-dF/dt,59.29999923706055,0.0,0.10000000149011612,1,,0,0,Terminal Palenque 1,WPAQ1K,4.159999847412109,Cub_4,Switch,Demanda Domicem,ElmLod,ZPAQ1K-D1,0,1,23.08,6.73,0,0
,DOMICEM dF/dt,\VM-PF.IntUser\PDD 30-09-2025.IntPrj\Network Model.IntPrjfolder\Network Data.IntPrjfolder\SUR 138 kV.ElmNet\Palenque.ElmSite\Terminal Palenque 1.ElmTerm\Cub_4.StaCubic\DOMICEM dF/dt.ElmRelay,,UNR 0 dF/dt,59.099998474121094,-2.0,0.10000000149011612,1,,0,0,Terminal Palenque 1,WPAQ1K,4.159999847412109,Cub_4,Switch,Demanda Domicem,ElmLod,ZPAQ1K-D1,0,1,23.08,6.73,0,0
,DOMICEM dF/dt,\VM-PF.IntUser\PDD 30-09-2025.IntPrj\Network Model.IntPrjfolder\Network Data.IntPrjfolder\SUR 138 kV.ElmNet\Palenque.ElmSite\Terminal Palenque 1.ElmTerm\Cub_4.StaCubic\DOMICEM dF/dt.ElmRelay,,UNR 1 F<,58.79999923706055,0.0,0.10000000149011612,1,,0,0,Terminal Palenque 1,WPAQ1K,4.159999847412109,Cub_4,Switch,Demanda Domicem,ElmLod,ZPAQ1K-D1,0,1,23.08,6.73,0,0
,DOMICEM dF/dt,\VM-PF.IntUser\PDD 30-09-2025.IntPrj\Network Model.IntPrjfolder\Network Data.IntPrjfolder\SUR 138 kV.ElmNet\Palenque.ElmSite\Terminal Palenque 1.ElmTerm\Cub_4.StaCubic\DOMICEM dF/dt.ElmRelay,,UNR 1 Start-dF/dt,59.29999923706055,0.0,0.10000000149011612,1,,0,0,Terminal Palenque 1,WPAQ1K,4.159999847412109,Cub_4,Switch,Demanda Domicem,ElmLod,ZPAQ1K-D1,0,1,23.08,6.73,0,0
,DOMICEM dF/dt,\VM-PF.IntUser\PDD 30-09-2025.IntPrj\Network Model.IntPrjfolder\Network Data.IntPrjfolder\SUR 138 kV.ElmNet\Palenque.ElmSite\Terminal Palenque 1.ElmTerm\Cub_4.StaCubic\DOMICEM dF/dt.ElmRelay,,UNR 1 dF/dt,58.79999923706055,-2.0,0.10000000149011612,1,,0,0,Terminal Palenque 1,WPAQ1K,4.159999847412109,Cub_4,Switch,Demanda Domicem,ElmLod,ZPAQ1K-D1,0,1,23.08,6.73,0,0
,DOMICEM dF/dt,\VM-PF.IntUser\PDD 30-09-2025.IntPrj\Network Model.IntPrjfolder\Network Data.IntPrjfolder\SUR 138 kV.ElmNet\Palenque.ElmSite\Terminal Palenque 1.ElmTerm\Cub_4.StaCubic\DOMICEM dF/dt.ElmRelay,,UNR 2 F<,58.70000076293945,0.0,0.0,1,,0,0,Terminal Palenque 1,WPAQ1K,4.159999847412109,Cub_4,Switch,Demanda Domicem,ElmLod,ZPAQ1K-D1,0,1,23.08,6.73,0,0
,DOMICEM dF/dt,\VM-PF.IntUser\PDD 30-09-2025.IntPrj\Network Model.IntPrjfolder\Network Data.IntPrjfolder\SUR 138 kV.ElmNet\Palenque.ElmSite\Terminal Palenque 1.ElmTerm\Cub_4.StaCubic\DOMICEM dF/dt.ElmRelay,,UNR 2 Start-dF/dt,59.29999923706055,0.0,0.0,1,,0,0,Terminal Palenque 1,WPAQ1K,4.159999847412109,Cub_4,Switch,Demanda Domicem,ElmLod,ZPAQ1K-D1,0,1,23.08,6.73,0,0
,DOMICEM dF/dt,\VM-PF.IntUser\PDD 30-09-2025.IntPrj\Network Model.IntPrjfolder\Network Data.IntPrjfolder\SUR 138 kV.ElmNet\Palenque.ElmSite\Terminal Palenque 1.ElmTerm\Cub_4.StaCubic\DOMICEM dF/dt.ElmRelay,,UNR 2 dF/dt,0.0,-2.0,0.0,1,,0,0,Terminal Palenque 1,WPAQ1K,4.159999847412109,Cub_4,Switch,Demanda Domicem,ElmLod,ZPAQ1K-D1,0,1,23.08,6.73,0,0
,DOMICEM dF/dt,\VM-PF.IntUser\PDD 30-09-2025.IntPrj\Network Model.IntPrjfolder\Network Data.IntPrjfolder\SUR 138 kV.ElmNet\Palenque.ElmSite\Terminal Palenque 1.ElmTerm\Cub_4.StaCubic\DOMICEM dF/dt.ElmRelay,,UNR 3 F<,59.099998474121094,0.0,0.0,1,,0,0,Terminal Palenque 1,WPAQ1K,4.159999847412109,Cub_4,Switch,Demanda Domicem,ElmLod,ZPAQ1K-D1,0,1,23.08,6.73,0,0
,DOMICEM dF/dt,\VM-PF.IntUser\PDD 30-09-2025.IntPrj\Network Model.IntPrjfolder\Network Data.IntPrjfolder\SUR 138 kV.ElmNet\Palenque.ElmSite\Terminal Palenque 1.ElmTerm\Cub_4.StaCubic\DOMICEM dF/dt.ElmRelay,,UNR 3 Start-dF/dt,59.099998474121094,0.0,0.0,1,,0,0,Terminal Palenque 1,WPAQ1K,4.159999847412109,Cub_4,Switch,Demanda Domicem,ElmLod,ZPAQ1K-D1,0,1,23.08,6.73,0,0
,DOMICEM dF/dt,\VM-PF.IntUser\PDD 30-09-2025.IntPrj\Network Model.IntPrjfolder\Network Data.IntPrjfolder\SUR 138 kV.ElmNet\Palenque.ElmSite\Terminal Palenque 1.ElmTerm\Cub_4.StaCubic\DOMICEM dF/dt.ElmRelay,,UNR 3 dF/dt,0.0,-2.0,0.0,1,,0,0,Terminal Palenque 1,WPAQ1K,4.159999847412109,Cub_4,Switch,Demanda Domicem,ElmLod,ZPAQ1K-D1,0,1,23.08,6.73,0,0
,DOMICEM dF/dt,\VM-PF.IntUser\PDD 30-09-2025.IntPrj\Network Model.IntPrjfolder\Network Data.IntPrjfolder\SUR 138 kV.ElmNet\Palenque.ElmSite\Terminal Palenque 1.ElmTerm\Cub_4.StaCubic\DOMICEM dF/dt.ElmRelay,,UNR 4 F<,59.0,0.0,0.0,1,,0,0,Terminal Palenque 1,WPAQ1K,4.159999847412109,Cub_4,Switch,Demanda Domicem,ElmLod,ZPAQ1K-D1,0,1,23.08,6.73,0,0
,DOMICEM dF/dt,\VM-PF.IntUser\PDD 30-09-2025.IntPrj\Network Model.IntPrjfolder\Network Data.IntPrjfolder\SUR 138 kV.ElmNet\Palenque.ElmSite\Terminal Palenque 1.ElmTerm\Cub_4.StaCubic\DOMICEM dF/dt.ElmRelay,,UNR 4 Start-dF/dt,59.0,0.0,0.0,1,,0,0,Terminal Palenque 1,WPAQ1K,4.159999847412109,Cub_4,Switch,Demanda Domicem,ElmLod,ZPAQ1K-D1,0,1,23.08,6.73,0,0
,DOMICEM dF/dt,\VM-PF.IntUser\PDD 30-09-2025.IntPrj\Network Model.IntPrjfolder\Network Data.IntPrjfolder\SUR 138 kV.ElmNet\Palenque.ElmSite\Terminal Palenque 1.ElmTerm\Cub_4.StaCubic\DOMICEM dF/dt.ElmRelay,,UNR 4 dF/dt,0.0,-2.0,0.0,1,,0,0,Terminal Palenque 1,WPAQ1K,4.159999847412109,Cub_4,Switch,Demanda Domicem,ElmLod,ZPAQ1K-D1,0,1,23.08,6.73,0,0
,DOMICEM dF/dt,\VM-PF.IntUser\PDD 30-09-2025.IntPrj\Network Model.IntPrjfolder\Network Data.IntPrjfolder\SUR 138 kV.ElmNet\Palenque.ElmSite\Terminal Palenque 1.ElmTerm\Cub_4.StaCubic\DOMICEM dF/dt.ElmRelay,,UNR 5 F<,58.900001525878906,0.0,0.0,1,,0,0,Terminal Palenque 1,WPAQ1K,4.159999847412109,Cub_4,Switch,Demanda Domicem,ElmLod,ZPAQ1K-D1,0,1,23.08,6.73,0,0
,DOMICEM dF/dt,\VM-PF.IntUser\PDD 30-09-2025.IntPrj\Network Model.IntPrjfolder\Network Data.IntPrjfolder\SUR 138 kV.ElmNet\Palenque.ElmSite\Terminal Palenque 1.ElmTerm\Cub_4.StaCubic\DOMICEM dF/dt.ElmRelay,,UNR 5 Start-dF/dt,58.900001525878906,0.0,0.0,1,,0,0,Terminal Palenque 1,WPAQ1K,4.159999847412109,Cub_4,Switch,Demanda Domicem,ElmLod,ZPAQ1K-D1,0,1,23.08,6.73,0,0
,DOMICEM dF/dt,\VM-PF.IntUser\PDD 30-09-2025.IntPrj\Network Model.IntPrjfolder\Network Data.IntPrjfolder\SUR 138 kV.ElmNet\Palenque.ElmSite\Terminal Palenque 1.ElmTerm\Cub_4.StaCubic\DOMICEM dF/dt.ElmRelay,,UNR 5 dF/dt,0.0,-2.0,0.0,1,,0,0,Terminal Palenque 1,WPAQ1K,4.159999847412109,Cub_4,Switch,Demanda Domicem,ElmLod,ZPAQ1K-D1,0,1,23.08,6.73,0,0
,DOMICEM dF/dt,\VM-PF.IntUser\PDD 30-09-2025.IntPrj\Network Model.IntPrjfolder\Network Data.IntPrjfolder\SUR 138 kV.ElmNet\Palenque.ElmSite\Terminal Palenque 1.ElmTerm\Cub_4.StaCubic\DOMICEM dF/dt.ElmRelay,,UNR 6 F<,58.79999923706055,0.0,0.0,1,,0,0,Terminal Palenque 1,WPAQ1K,4.159999847412109,Cub_4,Switch,Demanda Domicem,ElmLod,ZPAQ1K-D1,0,1,23.08,6.73,0,0
,DOMICEM dF/dt,\VM-PF.IntUser\PDD 30-09-2025.IntPrj\Network Model.IntPrjfolder\Network Data.IntPrjfolder\SUR 138 kV.ElmNet\Palenque.ElmSite\Terminal Palenque 1.ElmTerm\Cub_4.StaCubic\DOMICEM dF/dt.ElmRelay,,UNR 6 Start-dF/dt,58.79999923706055,0.0,0.0,1,,0,0,Terminal Palenque 1,WPAQ1K,4.159999847412109,Cub_4,Switch,Demanda Domicem,ElmLod,ZPAQ1K-D1,0,1,23.08,6.73,0,0
,DOMICEM dF/dt,\VM-PF.IntUser\PDD 30-09-2025.IntPrj\Network Model.IntPrjfolder\Network Data.IntPrjfolder\SUR 138 kV.ElmNet\Palenque.ElmSite\Terminal Palenque 1.ElmTerm\Cub_4.StaCubic\DOMICEM dF/dt.ElmRelay,,UNR 6 dF/dt,0.0,-2.0,0.0,1,,0,0,Terminal Palenque 1,WPAQ1K,4.159999847412109,Cub_4,Switch,Demanda Domicem,ElmLod,ZPAQ1K-D1,0,1,23.08,6.73,0,0
,ARROYO HONDO,\VM-PF.IntUser\PDD 30-09-2025.IntPrj\Network Model.IntPrjfolder\Network Data.IntPrjfolder\CENTRAL 138 kV.ElmNet\Arroyo Hondo.ElmSite\ZAHONF.ElmSubstat\WAHONF(16).ElmTerm\WBAHONF(1).StaCubic\ARROYO HONDO.ElmRelay,,EDS 1 F<,59.29999923706055,0.0,0.10000000149011612,1,,0,0,WAHONF(16),,69.0,WBAHONF(1),,Demanda 1 Arroyo Hondo,ElmLod,ZAHONF-D1,0,0,0,0,0,0
,ARROYO HONDO,\VM-PF.IntUser\PDD 30-09-2025.IntPrj\Network Model.IntPrjfolder\Network Data.IntPrjfolder\CENTRAL 138 kV.ElmNet\Arroyo Hondo.ElmSite\ZAHONF.ElmSubstat\WAHONF(16).ElmTerm\WBAHONF(1).StaCubic\ARROYO HONDO.ElmRelay,,EDS 2 F<,59.20000076293945,0.0,0.10000000149011612,0,,0,1,WAHONF(16),,69.0,WBAHONF(1),,Demanda 1 Arroyo Hondo,ElmLod,ZAHONF-D1,0,0,0,0,0,0
,ARROYO HONDO,\VM-PF.IntUser\PDD 30-09-2025.IntPrj\Network Model.IntPrjfolder\Network Data.IntPrjfolder\CENTRAL 138 kV.ElmNet\Arroyo Hondo.ElmSite\ZAHONF.ElmSubstat\WAHONF(16).ElmTerm\WBAHONF(1).StaCubic\ARROYO HONDO.ElmRelay,,EDS 3 F<,59.099998474121094,0.0,0.10000000149011612,1,,0,0,WAHONF(16),,69.0,WBAHONF(1),,Demanda 1 Arroyo Hondo,ElmLod,ZAHONF-D1,0,0,0,0,0,0
,ARROYO HONDO,\VM-PF.IntUser\PDD 30-09-2025.IntPrj\Network Model.IntPrjfolder\Network Data.IntPrjfolder\CENTRAL 138 kV.ElmNet\Arroyo Hondo.ElmSite\ZAHONF.ElmSubstat\WAHONF(16).ElmTerm\WBAHONF(1).StaCubic\ARROYO HONDO.ElmRelay,,EDS 4 F<,59.0,0.0,0.10000000149011612,1,,0,0,WAHONF(16),,69.0,WBAHONF(1),,Demanda 1 Arroyo Hondo,ElmLod,ZAHONF-D1,0,0,0,0,0,0
,ARROYO HONDO,\VM-PF.IntUser\PDD 30-09-2025.IntPrj\Network Model.IntPrjfolder\Network Data.IntPrjfolder\CENTRAL 138 kV.ElmNet\Arroyo Hondo.ElmSite\ZAHONF.ElmSubstat\WAHONF(16).ElmTerm\WBAHONF(1).StaCubic\ARROYO HONDO.ElmRelay,,EDS 5 F<,58.900001525878906,0.0,0.10000000149011612,1,,0,0,WAHONF(16),,69.0,WBAHONF(1),,Demanda 1 Arroyo Hondo,ElmLod,ZAHONF-D1,0,0,0,0,0,0
,ARROYO HONDO,\VM-PF.IntUser\PDD 30-09-2025.IntPrj\Network Model.IntPrjfolder\Network Data.IntPrjfolder\CENTRAL 138 kV.ElmNet\Arroyo Hondo.ElmSite\ZAHONF.ElmSubstat\WAHONF(16).ElmTerm\WBAHONF(1).StaCubic\ARROYO HONDO.ElmRelay,,EDS 6 F<,58.79999923706055,0.0,0.10000000149011612,1,,0,0,WAHONF(16),,69.0,WBAHONF(1),,Demanda 1 Arroyo Hondo,ElmLod,ZAHONF-D1,0,0,0,0,0,0
,ARROYO HONDO B,\VM-PF.IntUser\PDD 30-09-2025.IntPrj\Network Model.IntPrjfolder\Network Data.IntPrjfolder\CENTRAL 138 kV.ElmNet\Arroyo Hondo.ElmSite\ZAHONF.ElmSubstat\WAHONF(2).ElmTerm\WBAHONF(2).StaCubic\ARROYO HONDO B.ElmRelay,,EDS 1 F<,59.29999923706055,0.0,0.10000000149011612,1,,0,0,WAHONF(2),,69.0,WBAHONF(2),,Demanda 2 Arroyo Hondo,ElmLod,ZAHOBF-D1,0,1,21.97,6.01,0,0
,ARROYO HONDO B,\VM-PF.IntUser\PDD 30-09-2025.IntPrj\Network Model.IntPrjfolder\Network Data.IntPrjfolder\CENTRAL 138 kV.ElmNet\Arroyo Hondo.ElmSite\ZAHONF.ElmSubstat\WAHONF(2).ElmTerm\WBAHONF(2).StaCubic\ARROYO HONDO B.ElmRelay,,EDS 2 F<,59.20000076293945,0.0,0.10000000149011612,0,,0,1,WAHONF(2),,69.0,WBAHONF(2),,Demanda 2 Arroyo Hondo,ElmLod,ZAHOBF-D1,0,1,21.97,6.01,0,0
,ARROYO HONDO B,\VM-PF.IntUser\PDD 30-09-2025.IntPrj\Network Model.IntPrjfolder\Network Data.IntPrjfolder\CENTRAL 138 kV.ElmNet\Arroyo Hondo.ElmSite\ZAHONF.ElmSubstat\WAHONF(2).ElmTerm\WBAHONF(2).StaCubic\ARROYO HONDO B.ElmRelay,,EDS 3 F<,59.099998474121094,0.0,0.10000000149011612,0,,0,1,WAHONF(2),,69.0,WBAHONF(2),,Demanda 2 Arroyo Hondo,ElmLod,ZAHOBF-D1,0,1,21.97,6.01,0,0
,ARROYO HONDO B,\VM-PF.IntUser\PDD 30-09-2025.IntPrj\Network Model.IntPrjfolder\Network Data.IntPrjfolder\CENTRAL 138 kV.ElmNet\Arroyo Hondo.ElmSite\ZAHONF.ElmSubstat\WAHONF(2).ElmTerm\WBAHONF(2).StaCubic\ARROYO HONDO B.ElmRelay,,EDS 4 F<,59.0,0.0,0.10000000149011612,1,,0,0,WAHONF(2),,69.0,WBAHONF(2),,Demanda 2 Arroyo Hondo,ElmLod,ZAHOBF-D1,0,1,21.97,6.01,0,0
,ARROYO HONDO B,\VM-PF.IntUser\PDD 30-09-2025.IntPrj\Network Model.IntPrjfolder\Network Data.IntPrjfolder\CENTRAL 138 kV.ElmNet\Arroyo Hondo.ElmSite\ZAHONF.ElmSubstat\WAHONF(2).ElmTerm\WBAHONF(2).StaCubic\ARROYO HONDO B.ElmRelay,,EDS 5 F<,58.900001525878906,0.0,0.10000000149011612,1,,0,0,WAHONF(2),,69.0,WBAHONF(2),,Demanda 2 Arroyo Hondo,ElmLod,ZAHOBF-D1,0,1,21.97,6.01,0,0
,ARROYO HONDO B,\VM-PF.IntUser\PDD 30-09-2025.IntPrj\Network Model.IntPrjfolder\Network Data.IntPrjfolder\CENTRAL 138 kV.ElmNet\Arroyo Hondo.ElmSite\ZAHONF.ElmSubstat\WAHONF(2).ElmTerm\WBAHONF(2).StaCubic\ARROYO HONDO B.ElmRelay,,EDS 6 F<,58.79999923706055,0.0,0.10000000149011612,1,,0,0,WAHONF(2),,69.0,WBAHONF(2),,Demanda 2 Arroyo Hondo,ElmLod,ZAHOBF-D1,0,1,21.97,6.01,0,0
,ARROYO HONDO B,\VM-PF.IntUser\PDD 30-09-2025.IntPrj\Network Model.IntPrjfolder\Network Data.IntPrjfolder\CENTRAL 138 kV.ElmNet\Arroyo Hondo.ElmSite\ZAHONF.ElmSubstat\1(5).ElmTerm\WBAHONF(2).StaCubic\ARROYO HONDO B.ElmRelay,,EDS 1 F<,59.29999923706055,0.0,0.10000000149011612,1,,0,0,1(5),,69.0,WBAHONF(2),,,,,0,0,0,0,0,0
,ARROYO HONDO B,\VM-PF.IntUser\PDD 30-09-2025.IntPrj\Network Model.IntPrjfolder\Network Data.IntPrjfolder\CENTRAL 138 kV.ElmNet\Arroyo Hondo.ElmSite\ZAHONF.ElmSubstat\1(5).ElmTerm\WBAHONF(2).StaCubic\ARROYO HONDO B.ElmRelay,,EDS 2 F<,59.20000076293945,0.0,0.10000000149011612,0,,0,1,1(5),,69.0,WBAHONF(2),,,,,0,0,0,0,0,0
,ARROYO HONDO B,\VM-PF.IntUser\PDD 30-09-2025.IntPrj\Network Model.IntPrjfolder\Network Data.IntPrjfolder\CENTRAL 138 kV.ElmNet\Arroyo Hondo.ElmSite\ZAHONF.ElmSubstat\1(5).ElmTerm\WBAHONF(2).StaCubic\ARROYO HONDO B.ElmRelay,,EDS 3 F<,59.099998474121094,0.0,0.10000000149011612,0,,0,1,1(5),,69.0,WBAHONF(2),,,,,0,0,0,0,0,0
,ARROYO HONDO B,\VM-PF.IntUser\PDD 30-09-2025.IntPrj\Network Model.IntPrjfolder\Network Data.IntPrjfolder\CENTRAL 138 kV.ElmNet\Arroyo Hondo.ElmSite\ZAHONF.ElmSubstat\1(5).ElmTerm\WBAHONF(2).StaCubic\ARROYO HONDO B.ElmRelay,,EDS 4 F<,59.0,0.0,0.10000000149011612,1,,0,0,1(5),,69.0,WBAHONF(2),,,,,0,0,0,0,0,0
,ARROYO HONDO B,\VM-PF.IntUser\PDD 30-09-2025.IntPrj\Network Model.IntPrjfolder\Network Data.IntPrjfolder\CENTRAL 138 kV.ElmNet\Arroyo Hondo.ElmSite\ZAHONF.ElmSubstat\1(5).ElmTerm\WBAHONF(2).StaCubic\ARROYO HONDO B.ElmRelay,,EDS 5 F<,58.900001525878906,0.0,0.10000000149011612,1,,0,0,1(5),,69.0,WBAHONF(2),,,,,0,0,0,0,0,0
,ARROYO HONDO B,\VM-PF.IntUser\PDD 30-09-2025.IntPrj\Network Model.IntPrjfolder\Network Data.IntPrjfolder\CENTRAL 138 kV.ElmNet\Arroyo Hondo.ElmSite\ZAHONF.ElmSubstat\1(5).ElmTerm\WBAHONF(2).StaCubic\ARROYO HONDO B.ElmRelay,,EDS 6 F<,58.79999923706055,0.0,0.10000000149011612,1,,0,0,1(5),,69.0,WBAHONF(2),,,,,0,0,0,0,0,0
,ZAHO1E_ZPAL2E-L1-REL 670,\VM-PF.IntUser\PDD 30-09-2025.IntPrj\Network Model.IntPrjfolder\Network Data.IntPrjfolder\CENTRAL 138 kV.ElmNet\Arroyo Hondo.ElmSite\ZAHONE.ElmSubstat\E02.ElmTerm\Cub_1.StaCubic\ZAHO1E_ZPAL2E-L1-REL 670.ElmRelay,PTOF PTUF PFRC 81,FRC1,0.0,0.0,0.0,1,0,1,0,E02,,138.0,Cub_1,,138 kV Arroyo Hondo – Palamara_a,ElmLne,ZAHO1E_ZXPL2F-L1,1,0,0,0,0,0
,ZAHO1E_ZPAL2E-L1-REL 670,\VM-PF.IntUser\PDD 30-09-2025.IntPrj\Network Model.IntPrjfolder\Network Data.IntPrjfolder\CENTRAL 138 kV.ElmNet\Arroyo Hondo.ElmSite\ZAHONE.ElmSubstat\E02.ElmTerm\Cub_1.StaCubic\ZAHO1E_ZPAL2E-L1-REL 670.ElmRelay,PTOF PTUF PFRC 81,FRC2,0.0,0.0,0.0,1,0,1,0,E02,,138.0,Cub_1,,138 kV Arroyo Hondo – Palamara_a,ElmLne,ZAHO1E_ZXPL2F-L1,1,0,0,0,0,0
,ZAHO1E_ZPAL2E-L1-REL 670,\VM-PF.IntUser\PDD 30-09-2025.IntPrj\Network Model.IntPrjfolder\Network Data.IntPrjfolder\CENTRAL 138 kV.ElmNet\Arroyo Hondo.ElmSite\ZAHONE.ElmSubstat\E02.ElmTerm\Cub_1.StaCubic\ZAHO1E_ZPAL2E-L1-REL 670.ElmRelay,PTOF PTUF PFRC 81,TOF,35.0,0.0,0.0,1,0,1,0,E02,,138.0,Cub_1,,138 kV Arroyo Hondo – Palamara_a,ElmLne,ZAHO1E_ZXPL2F-L1,1,0,0,0,0,0
,ZAHO1E_ZPAL2E-L1-REL 670,\VM-PF.IntUser\PDD 30-09-2025.IntPrj\Network Model.IntPrjfolder\Network Data.IntPrjfolder\CENTRAL 138 kV.ElmNet\Arroyo Hondo.ElmSite\ZAHONE.ElmSubstat\E02.ElmTerm\Cub_1.StaCubic\ZAHO1E_ZPAL2E-L1-REL 670.ElmRelay,PTOF PTUF PFRC 81,TUF 1,35.0,0.0,0.0,1,0,1,0,E02,,138.0,Cub_1,,138 kV Arroyo Hondo – Palamara_a,ElmLne,ZAHO1E_ZXPL2F-L1,1,0,0,0,0,0
,ZAHO1E_ZPAL2E-L1-REL 670,\VM-PF.IntUser\PDD 30-09-2025.IntPrj\Network Model.IntPrjfolder\Network Data.IntPrjfolder\CENTRAL 138 kV.ElmNet\Arroyo Hondo.ElmSite\ZAHONE.ElmSubstat\E02.ElmTerm\Cub_1.StaCubic\ZAHO1E_ZPAL2E-L1-REL 670.ElmRelay,PTOF PTUF PFRC 81,TUF 2,35.0,0.0,0.0,1,0,1,0,E02,,138.0,Cub_1,,138 kV Arroyo Hondo – Palamara_a,ElmLne,ZAHO1E_ZXPL2F-L1,1,0,0,0,0,0
,ZAHO1E_ZPAL2E-L1-RED 670,\VM-PF.IntUser\PDD 30-09-2025.IntPrj\Network Model.IntPrjfolder\Network Data.IntPrjfolder\CENTRAL 138 kV.ElmNet\Arroyo Hondo.ElmSite\ZAHONE.ElmSubstat\E02.ElmTerm\Cub_1.StaCubic\ZAHO1E_ZPAL2E-L1-RED 670.ElmRelay,PTOF PTUF PFRC 81,FRC1,0.0,0.0,0.0,1,0,1,0,E02,,138.0,Cub_1,,138 kV Arroyo Hondo – Palamara_a,ElmLne,ZAHO1E_ZXPL2F-L1,1,0,0,0,0,0
,ZAHO1E_ZPAL2E-L1-RED 670,\VM-PF.IntUser\PDD 30-09-2025.IntPrj\Network Model.IntPrjfolder\Network Data.IntPrjfolder\CENTRAL 138 kV.ElmNet\Arroyo Hondo.ElmSite\ZAHONE.ElmSubstat\E02.ElmTerm\Cub_1.StaCubic\ZAHO1E_ZPAL2E-L1-RED 670.ElmRelay,PTOF PTUF PFRC 81,FRC2,0.0,0.0,0.0,1,0,1,0,E02,,138.0,Cub_1,,138 kV Arroyo Hondo – Palamara_a,ElmLne,ZAHO1E_ZXPL2F-L1,1,0,0,0,0,0
,ZAHO1E_ZPAL2E-L1-RED 670,\VM-PF.IntUser\PDD 30-09-2025.IntPrj\Network Model.IntPrjfolder\Network Data.IntPrjfolder\CENTRAL 138 kV.ElmNet\Arroyo Hondo.ElmSite\ZAHONE.ElmSubstat\E02.ElmTerm\Cub_1.StaCubic\ZAHO1E_ZPAL2E-L1-RED 670.ElmRelay,PTOF PTUF PFRC 81,TOF,35.0,0.0,0.0,1,0,1,0,E02,,138.0,Cub_1,,138 kV Arroyo Hondo – Palamara_a,ElmLne,ZAHO1E_ZXPL2F-L1,1,0,0,0,0,0
,ZAHO1E_ZPAL2E-L1-RED 670,\VM-PF.IntUser\PDD 30-09-2025.IntPrj\Network Model.IntPrjfolder\Network Data.IntPrjfolder\CENTRAL 138 kV.ElmNet\Arroyo Hondo.ElmSite\ZAHONE.ElmSubstat\E02.ElmTerm\Cub_1.StaCubic\ZAHO1E_ZPAL2E-L1-RED 670.ElmRelay,PTOF PTUF PFRC 81,TUF 1,35.0,0.0,0.0,1,0,1,0,E02,,138.0,Cub_1,,138 kV Arroyo Hondo – Palamara_a,ElmLne,ZAHO1E_ZXPL2F-L1,1,0,0,0,0,0
,ZAHO1E_ZPAL2E-L1-RED 670,\VM-PF.IntUser\PDD 30-09-2025.IntPrj\Network Model.IntPrjfolder\Network Data.IntPrjfolder\CENTRAL 138 kV.ElmNet\Arroyo Hondo.ElmSite\ZAHONE.ElmSubstat\E02.ElmTerm\Cub_1.StaCubic\ZAHO1E_ZPAL2E-L1-RED 670.ElmRelay,PTOF PTUF PFRC 81,TUF 2,35.0,0.0,0.0,1,0,1,0,E02,,138.0,Cub_1,,138 kV Arroyo Hondo – Palamara_a,ElmLne,ZAHO1E_ZXPL2F-L1,1,0,0,0,0,0
,ZAHO1E_ZLISAE-L1-REL 670,\VM-PF.IntUser\PDD 30-09-2025.IntPrj\Network Model.IntPrjfolder\Network Data.IntPrjfolder\CENTRAL 138 kV.ElmNet\Arroyo Hondo.ElmSite\ZAHONE.ElmSubstat\E08.ElmTerm\Cub_1.StaCubic\ZAHO1E_ZLISAE-L1-REL 670.ElmRelay,PTOF PTUF PFRC 81,FRC1,0.0,0.0,0.0,1,0,1,0,E08,,138.0,Cub_1,,138 kV Arroyo Hondo – La Isabela,ElmLne,ZAHO2E_ZXLI1E-L1,1,0,0,0,0,0
,ZAHO1E_ZLISAE-L1-REL 670,\VM-PF.IntUser\PDD 30-09-2025.IntPrj\Network Model.IntPrjfolder\Network Data.IntPrjfolder\CENTRAL 138 kV.ElmNet\Arroyo Hondo.ElmSite\ZAHONE.ElmSubstat\E08.ElmTerm\Cub_1.StaCubic\ZAHO1E_ZLISAE-L1-REL 670.ElmRelay,PTOF PTUF PFRC 81,FRC2,0.0,0.0,0.0,1,0,1,0,E08,,138.0,Cub_1,,138 kV Arroyo Hondo – La Isabela,ElmLne,ZAHO2E_ZXLI1E-L1,1,0,0,0,0,0
,ZAHO1E_ZLISAE-L1-REL 670,\VM-PF.IntUser\PDD 30-09-2025.IntPrj\Network Model.IntPrjfolder\Network Data.IntPrjfolder\CENTRAL 138 kV.ElmNet\Arroyo Hondo.ElmSite\ZAHONE.ElmSubstat\E08.ElmTerm\Cub_1.StaCubic\ZAHO1E_ZLISAE-L1-REL 670.ElmRelay,PTOF PTUF PFRC 81,TOF,35.0,0.0,0.0,1,0,1,0,E08,,138.0,Cub_1,,138 kV Arroyo Hondo – La Isabela,ElmLne,ZAHO2E_ZXLI1E-L1,1,0,0,0,0,0
,ZAHO1E_ZLISAE-L1-REL 670,\VM-PF.IntUser\PDD 30-09-2025.IntPrj\Network Model.IntPrjfolder\Network Data.IntPrjfolder\CENTRAL 138 kV.ElmNet\Arroyo Hondo.ElmSite\ZAHONE.ElmSubstat\E08.ElmTerm\Cub_1.StaCubic\ZAHO1E_ZLISAE-L1-REL 670.ElmRelay,PTOF PTUF PFRC 81,TUF 1,35.0,0.0,0.0,1,0,1,0,E08,,138.0,Cub_1,,138 kV Arroyo Hondo – La Isabela,ElmLne,ZAHO2E_ZXLI1E-L1,1,0,0,0,0,0
,ZAHO1E_ZLISAE-L1-REL 670,\VM-PF.IntUser\PDD 30-09-2025.IntPrj\Network Model.IntPrjfolder\Network Data.IntPrjfolder\CENTRAL 138 kV.ElmNet\Arroyo Hondo.ElmSite\ZAHONE.ElmSubstat\E08.ElmTerm\Cub_1.StaCubic\ZAHO1E_ZLISAE-L1-REL 670.ElmRelay,PTOF PTUF PFRC 81,TUF 2,35.0,0.0,0.0,1,0,1,0,E08,,138.0,Cub_1,,138 kV Arroyo Hondo – La Isabela,ElmLne,ZAHO2E_ZXLI1E-L1,1,0,0,0,0,0
,ZAHO1E_ZLISAE-L1-RED 670,\VM-PF.IntUser\PDD 30-09-2025.IntPrj\Network Model.IntPrjfolder\Network Data.IntPrjfolder\CENTRAL 138 kV.ElmNet\Arroyo Hondo.ElmSite\ZAHONE.ElmSubstat\E08.ElmTerm\Cub_1.StaCubic\ZAHO1E_ZLISAE-L1-RED 670.ElmRelay,PTOF PTUF PFRC 81,FRC1,0.0,0.0,0.0,1,0,1,0,E08,,138.0,Cub_1,,138 kV Arroyo Hondo – La Isabela,ElmLne,ZAHO2E_ZXLI1E-L1,1,0,0,0,0,0
,ZAHO1E_ZLISAE-L1-RED 670,\VM-PF.IntUser\PDD 30-09-2025.IntPrj\Network Model.IntPrjfolder\Network Data.IntPrjfolder\CENTRAL 138 kV.ElmNet\Arroyo Hondo.ElmSite\ZAHONE.ElmSubstat\E08.ElmTerm\Cub_1.StaCubic\ZAHO1E_ZLISAE-L1-RED 670.ElmRelay,PTOF PTUF PFRC 81,FRC2,0.0,0.0,0.0,1,0,1,0,E08,,138.0,Cub_1,,138 kV Arroyo Hondo – La Isabela,ElmLne,ZAHO2E_ZXLI1E-L1,1,0,0,0,0,0
,ZAHO1E_ZLISAE-L1-RED 670,\VM-PF.IntUser\PDD 30-09-2025.IntPrj\Network Model.IntPrjfolder\Network Data.IntPrjfolder\CENTRAL 138 kV.ElmNet\Arroyo Hondo.ElmSite\ZAHONE.ElmSubstat\E08.ElmTerm\Cub_1.StaCubic\ZAHO1E_ZLISAE-L1-RED 670.ElmRelay,PTOF PTUF PFRC 81,TOF,35.0,0.0,0.0,1,0,1,0,E08,,138.0,Cub_1,,138 kV Arroyo Hondo – La Isabela,ElmLne,ZAHO2E_ZXLI1E-L1,1,0,0,0,0,0
,ZAHO1E_ZLISAE-L1-RED 670,\VM-PF.IntUser\PDD 30-09-2025.IntPrj\Network Model.IntPrjfolder\Network Data.IntPrjfolder\CENTRAL 138 kV.ElmNet\Arroyo Hondo.ElmSite\ZAHONE.ElmSubstat\E08.ElmTerm\Cub_1.StaCubic\ZAHO1E_ZLISAE-L1-RED 670.ElmRelay,PTOF PTUF PFRC 81,TUF 1,35.0,0.0,0.0,1,0,1,0,E08,,138.0,Cub_1,,138 kV Arroyo Hondo – La Isabela,ElmLne,ZAHO2E_ZXLI1E-L1,1,0,0,0,0,0
,ZAHO1E_ZLISAE-L1-RED 670,\VM-PF.IntUser\PDD 30-09-2025.IntPrj\Network Model.IntPrjfolder\Network Data.IntPrjfolder\CENTRAL 138 kV.ElmNet\Arroyo Hondo.ElmSite\ZAHONE.ElmSubstat\E08.ElmTerm\Cub_1.StaCubic\ZAHO1E_ZLISAE-L1-RED 670.ElmRelay,PTOF PTUF PFRC 81,TUF 2,35.0,0.0,0.0,1,0,1,0,E08,,138.0,Cub_1,,138 kV Arroyo Hondo – La Isabela,ElmLne,ZAHO2E_ZXLI1E-L1,1,0,0,0,0,0
,HERRERA NUEVA,\VM-PF.IntUser\PDD 30-09-2025.IntPrj\Network Model.IntPrjfolder\Network Data.IntPrjfolder\CENTRAL 138 kV.ElmNet\Herrera.ElmSite\ZHNV3F.ElmSubstat\1.ElmTerm\Cub_1.StaCubic\HERRERA NUEVA.ElmRelay,,EDS 1 F<,59.29999923706055,0.0,0.10000000149011612,1,,0,0,1,,69.0,Cub_1,,Demanda Herrera Nueva,ElmLod,ZHNVAF-D1,0,1,17.32,6.25,0,0
,HERRERA NUEVA,\VM-PF.IntUser\PDD 30-09-2025.IntPrj\Network Model.IntPrjfolder\Network Data.IntPrjfolder\CENTRAL 138 kV.ElmNet\Herrera.ElmSite\ZHNV3F.ElmSubstat\1.ElmTerm\Cub_1.StaCubic\HERRERA NUEVA.ElmRelay,,EDS 2 F<,59.20000076293945,0.0,0.10000000149011612,1,,0,0,1,,69.0,Cub_1,,Demanda Herrera Nueva,ElmLod,ZHNVAF-D1,0,1,17.32,6.25,0,0
,HERRERA NUEVA,\VM-PF.IntUser\PDD 30-09-2025.IntPrj\Network Model.IntPrjfolder\Network Data.IntPrjfolder\CENTRAL 138 kV.ElmNet\Herrera.ElmSite\ZHNV3F.ElmSubstat\1.ElmTerm\Cub_1.StaCubic\HERRERA NUEVA.ElmRelay,,EDS 3 F<,59.099998474121094,0.0,0.10000000149011612,0,,0,1,1,,69.0,Cub_1,,Demanda Herrera Nueva,ElmLod,ZHNVAF-D1,0,1,17.32,6.25,0,0
,HERRERA NUEVA,\VM-PF.IntUser\PDD 30-09-2025.IntPrj\Network Model.IntPrjfolder\Network Data.IntPrjfolder\CENTRAL 138 kV.ElmNet\Herrera.ElmSite\ZHNV3F.ElmSubstat\1.ElmTerm\Cub_1.StaCubic\HERRERA NUEVA.ElmRelay,,EDS 4 F<,59.0,0.0,0.10000000149011612,1,,0,0,1,,69.0,Cub_1,,Demanda Herrera Nueva,ElmLod,ZHNVAF-D1,0,1,17.32,6.25,0,0
,HERRERA NUEVA,\VM-PF.IntUser\PDD 30-09-2025.IntPrj\Network Model.IntPrjfolder\Network Data.IntPrjfolder\CENTRAL 138 kV.ElmNet\Herrera.ElmSite\ZHNV3F.ElmSubstat\1.ElmTerm\Cub_1.StaCubic\HERRERA NUEVA.ElmRelay,,EDS 5 F<,58.900001525878906,0.0,0.10000000149011612,1,,0,0,1,,69.0,Cub_1,,Demanda Herrera Nueva,ElmLod,ZHNVAF-D1,0,1,17.32,6.25,0,0
,HERRERA NUEVA,\VM-PF.IntUser\PDD 30-09-2025.IntPrj\Network Model.IntPrjfolder\Network Data.IntPrjfolder\CENTRAL 138 kV.ElmNet\Herrera.ElmSite\ZHNV3F.ElmSubstat\1.ElmTerm\Cub_1.StaCubic\HERRERA NUEVA.ElmRelay,,EDS 6 F<,58.79999923706055,0.0,0.10000000149011612,1,,0,0,1,,69.0,Cub_1,,Demanda Herrera Nueva,ElmLod,ZHNVAF-D1,0,1,17.32,6.25,0,0
,HERRERA NUEVA dF/dt,\VM-PF.IntUser\PDD 30-09-2025.IntPrj\Network Model.IntPrjfolder\Network Data.IntPrjfolder\CENTRAL 138 kV.ElmNet\Herrera.ElmSite\ZHNV3F.ElmSubstat\1.ElmTerm\Cub_1.StaCubic\HERRERA NUEVA dF/dt.ElmRelay,,EDS 0 F<,58.900001525878906,0.0,0.10000000149011612,0,,0,1,1,,69.0,Cub_1,,Demanda Herrera Nueva,ElmLod,ZHNVAF-D1,0,1,17.32,6.25,0,0
,HERRERA NUEVA dF/dt,\VM-PF.IntUser\PDD 30-09-2025.IntPrj\Network Model.IntPrjfolder\Network Data.IntPrjfolder\CENTRAL 138 kV.ElmNet\Herrera.ElmSite\ZHNV3F.ElmSubstat\1.ElmTerm\Cub_1.StaCubic\HERRERA NUEVA dF/dt.ElmRelay,,EDS 0 Start-dF/dt,59.29999923706055,0.0,0.0,0,,0,1,1,,69.0,Cub_1,,Demanda Herrera Nueva,ElmLod,ZHNVAF-D1,0,1,17.32,6.25,0,0
,HERRERA NUEVA dF/dt,\VM-PF.IntUser\PDD 30-09-2025.IntPrj\Network Model.IntPrjfolder\Network Data.IntPrjfolder\CENTRAL 138 kV.ElmNet\Herrera.ElmSite\ZHNV3F.ElmSubstat\1.ElmTerm\Cub_1.StaCubic\HERRERA NUEVA dF/dt.ElmRelay,,EDS 0 dF/dt,59.099998474121094,-2.0,0.0,0,,0,1,1,,69.0,Cub_1,,Demanda Herrera Nueva,ElmLod,ZHNVAF-D1,0,1,17.32,6.25,0,0
,HERRERA NUEVA dF/dt,\VM-PF.IntUser\PDD 30-09-2025.IntPrj\Network Model.IntPrjfolder\Network Data.IntPrjfolder\CENTRAL 138 kV.ElmNet\Herrera.ElmSite\ZHNV3F.ElmSubstat\1.ElmTerm\Cub_1.StaCubic\HERRERA NUEVA dF/dt.ElmRelay,,EDS 1 F<,58.900001525878906,0.0,0.10000000149011612,1,,0,0,1,,69.0,Cub_1,,Demanda Herrera Nueva,ElmLod,ZHNVAF-D1,0,1,17.32,6.25,0,0
,HERRERA NUEVA dF/dt,\VM-PF.IntUser\PDD 30-09-2025.IntPrj\Network Model.IntPrjfolder\Network Data.IntPrjfolder\CENTRAL 138 kV.ElmNet\Herrera.ElmSite\ZHNV3F.ElmSubstat\1.ElmTerm\Cub_1.StaCubic\HERRERA NUEVA dF/dt.ElmRelay,,EDS 1 Start-dF/dt,59.29999923706055,0.0,0.10000000149011612,1,,0,0,1,,69.0,Cub_1,,Demanda Herrera Nueva,ElmLod,ZHNVAF-D1,0,1,17.32,6.25,0,0
,HERRERA NUEVA dF/dt,\VM-PF.IntUser\PDD 30-09-2025.IntPrj\Network Model.IntPrjfolder\Network Data.IntPrjfolder\CENTRAL 138 kV.ElmNet\Herrera.ElmSite\ZHNV3F.ElmSubstat\1.ElmTerm\Cub_1.StaCubic\HERRERA NUEVA dF/dt.ElmRelay,,EDS 1 dF/dt,58.79999923706055,-2.0,0.10000000149011612,1,,0,0,1,,69.0,Cub_1,,Demanda Herrera Nueva,ElmLod,ZHNVAF-D1,0,1,17.32,6.25,0,0
,HERRERA NUEVA dF/dt,\VM-PF.IntUser\PDD 30-09-2025.IntPrj\Network Model.IntPrjfolder\Network Data.IntPrjfolder\CENTRAL 138 kV.ElmNet\Herrera.ElmSite\ZHNV3F.ElmSubstat\1.ElmTerm\Cub_1.StaCubic\HERRERA NUEVA dF/dt.ElmRelay,,EDS 2 F<,59.20000076293945,0.0,0.0,1,,0,0,1,,69.0,Cub_1,,Demanda Herrera Nueva,ElmLod,ZHNVAF-D1,0,1,17.32,6.25,0,0
,HERRERA NUEVA dF/dt,\VM-PF.IntUser\PDD 30-09-2025.IntPrj\Network Model.IntPrjfolder\Network Data.IntPrjfolder\CENTRAL 138 kV.ElmNet\Herrera.ElmSite\ZHNV3F.ElmSubstat\1.ElmTerm\Cub_1.StaCubic\HERRERA NUEVA dF/dt.ElmRelay,,EDS 2 Start-dF/dt,59.20000076293945,0.0,0.0,1,,0,0,1,,69.0,Cub_1,,Demanda Herrera Nueva,ElmLod,ZHNVAF-D1,0,1,17.32,6.25,0,0
,HERRERA NUEVA dF/dt,\VM-PF.IntUser\PDD 30-09-2025.IntPrj\Network Model.IntPrjfolder\Network Data.IntPrjfolder\CENTRAL 138 kV.ElmNet\Herrera.ElmSite\ZHNV3F.ElmSubstat\1.ElmTerm\Cub_1.StaCubic\HERRERA NUEVA dF/dt.ElmRelay,,EDS 2 dF/dt,0.0,-2.0,0.0,1,,0,0,1,,69.0,Cub_1,,Demanda Herrera Nueva,ElmLod,ZHNVAF-D1,0,1,17.32,6.25,0,0
,HERRERA NUEVA dF/dt,\VM-PF.IntUser\PDD 30-09-2025.IntPrj\Network Model.IntPrjfolder\Network Data.IntPrjfolder\CENTRAL 138 kV.ElmNet\Herrera.ElmSite\ZHNV3F.ElmSubstat\1.ElmTerm\Cub_1.StaCubic\HERRERA NUEVA dF/dt.ElmRelay,,EDS 3 F<,59.099998474121094,0.0,0.0,1,,0,0,1,,69.0,Cub_1,,Demanda Herrera Nueva,ElmLod,ZHNVAF-D1,0,1,17.32,6.25,0,0
,HERRERA NUEVA dF/dt,\VM-PF.IntUser\PDD 30-09-2025.IntPrj\Network Model.IntPrjfolder\Network Data.IntPrjfolder\CENTRAL 138 kV.ElmNet\Herrera.ElmSite\ZHNV3F.ElmSubstat\1.ElmTerm\Cub_1.StaCubic\HERRERA NUEVA dF/dt.ElmRelay,,EDS 3 Start-dF/dt,59.099998474121094,0.0,0.0,1,,0,0,1,,69.0,Cub_1,,Demanda Herrera Nueva,ElmLod,ZHNVAF-D1,0,1,17.32,6.25,0,0
,HERRERA NUEVA dF/dt,\VM-PF.IntUser\PDD 30-09-2025.IntPrj\Network Model.IntPrjfolder\Network Data.IntPrjfolder\CENTRAL 138 kV.ElmNet\Herrera.ElmSite\ZHNV3F.ElmSubstat\1.ElmTerm\Cub_1.StaCubic\HERRERA NUEVA dF/dt.ElmRelay,,EDS 3 dF/dt,0.0,-2.0,0.0,1,,0,0,1,,69.0,Cub_1,,Demanda Herrera Nueva,ElmLod,ZHNVAF-D1,0,1,17.32,6.25,0,0
,HERRERA NUEVA dF/dt,\VM-PF.IntUser\PDD 30-09-2025.IntPrj\Network Model.IntPrjfolder\Network Data.IntPrjfolder\CENTRAL 138 kV.ElmNet\Herrera.ElmSite\ZHNV3F.ElmSubstat\1.ElmTerm\Cub_1.StaCubic\HERRERA NUEVA dF/dt.ElmRelay,,EDS 4 F<,59.0,0.0,0.0,1,,0,0,1,,69.0,Cub_1,,Demanda Herrera Nueva,ElmLod,ZHNVAF-D1,0,1,17.32,6.25,0,0
,HERRERA NUEVA dF/dt,\VM-PF.IntUser\PDD 30-09-2025.IntPrj\Network Model.IntPrjfolder\Network Data.IntPrjfolder\CENTRAL 138 kV.ElmNet\Herrera.ElmSite\ZHNV3F.ElmSubstat\1.ElmTerm\Cub_1.StaCubic\HERRERA NUEVA dF/dt.ElmRelay,,EDS 4 Start-dF/dt,59.0,0.0,0.0,1,,0,0,1,,69.0,Cub_1,,Demanda Herrera Nueva,ElmLod,ZHNVAF-D1,0,1,17.32,6.25,0,0
,HERRERA NUEVA dF/dt,\VM-PF.IntUser\PDD 30-09-2025.IntPrj\Network Model.IntPrjfolder\Network Data.IntPrjfolder\CENTRAL 138 kV.ElmNet\Herrera.ElmSite\ZHNV3F.ElmSubstat\1.ElmTerm\Cub_1.StaCubic\HERRERA NUEVA dF/dt.ElmRelay,,EDS 4 dF/dt,0.0,-2.0,0.0,1,,0,0,1,,69.0,Cub_1,,Demanda Herrera Nueva,ElmLod,ZHNVAF-D1,0,1,17.32,6.25,0,0
,HERRERA NUEVA dF/dt,\VM-PF.IntUser\PDD 30-09-2025.IntPrj\Network Model.IntPrjfolder\Network Data.IntPrjfolder\CENTRAL 138 kV.ElmNet\Herrera.ElmSite\ZHNV3F.ElmSubstat\1.ElmTerm\Cub_1.StaCubic\HERRERA NUEVA dF/dt.ElmRelay,,EDS 5 F<,58.900001525878906,0.0,0.0,1,,0,0,1,,69.0,Cub_1,,Demanda Herrera Nueva,ElmLod,ZHNVAF-D1,0,1,17.32,6.25,0,0
,HERRERA NUEVA dF/dt,\VM-PF.IntUser\PDD 30-09-2025.IntPrj\Network Model.IntPrjfolder\Network Data.IntPrjfolder\CENTRAL 138 kV.ElmNet\Herrera.ElmSite\ZHNV3F.ElmSubstat\1.ElmTerm\Cub_1.StaCubic\HERRERA NUEVA dF/dt.ElmRelay,,EDS 5 Start-dF/dt,58.900001525878906,0.0,0.0,1,,0,0,1,,69.0,Cub_1,,Demanda Herrera Nueva,ElmLod,ZHNVAF-D1,0,1,17.32,6.25,0,0
,HERRERA NUEVA dF/dt,\VM-PF.IntUser\PDD 30-09-2025.IntPrj\Network Model.IntPrjfolder\Network Data.IntPrjfolder\CENTRAL 138 kV.ElmNet\Herrera.ElmSite\ZHNV3F.ElmSubstat\1.ElmTerm\Cub_1.StaCubic\HERRERA NUEVA dF/dt.ElmRelay,,EDS 5 dF/dt,0.0,-2.0,0.0,1,,0,0,1,,69.0,Cub_1,,Demanda Herrera Nueva,ElmLod,ZHNVAF-D1,0,1,17.32,6.25,0,0
,HERRERA NUEVA dF/dt,\VM-PF.IntUser\PDD 30-09-2025.IntPrj\Network Model.IntPrjfolder\Network Data.IntPrjfolder\CENTRAL 138 kV.ElmNet\Herrera.ElmSite\ZHNV3F.ElmSubstat\1.ElmTerm\Cub_1.StaCubic\HERRERA NUEVA dF/dt.ElmRelay,,EDS 6 F<,58.79999923706055,0.0,0.0,1,,0,0,1,,69.0,Cub_1,,Demanda Herrera Nueva,ElmLod,ZHNVAF-D1,0,1,17.32,6.25,0,0
,HERRERA NUEVA dF/dt,\VM-PF.IntUser\PDD 30-09-2025.IntPrj\Network Model.IntPrjfolder\Network Data.IntPrjfolder\CENTRAL 138 kV.ElmNet\Herrera.ElmSite\ZHNV3F.ElmSubstat\1.ElmTerm\Cub_1.StaCubic\HERRERA NUEVA dF/dt.ElmRelay,,EDS 6 Start-dF/dt,58.79999923706055,0.0,0.0,1,,0,0,1,,69.0,Cub_1,,Demanda Herrera Nueva,ElmLod,ZHNVAF-D1,0,1,17.32,6.25,0,0
,HERRERA NUEVA dF/dt,\VM-PF.IntUser\PDD 30-09-2025.IntPrj\Network Model.IntPrjfolder\Network Data.IntPrjfolder\CENTRAL 138 kV.ElmNet\Herrera.ElmSite\ZHNV3F.ElmSubstat\1.ElmTerm\Cub_1.StaCubic\HERRERA NUEVA dF/dt.ElmRelay,,EDS 6 dF/dt,0.0,-2.0,0.0,1,,0,0,1,,69.0,Cub_1,,Demanda Herrera Nueva,ElmLod,ZHNVAF-D1,0,1,17.32,6.25,0,0
,DAJAO,\VM-PF.IntUser\PDD 30-09-2025.IntPrj\Network Model.IntPrjfolder\Network Data.IntPrjfolder\CENTRAL 138 kV.ElmNet\Dajao.ElmSite\ZDJAOF.ElmSubstat\WDJAOF(11).ElmTerm\WBDAJAF(1).StaCubic\DAJAO.ElmRelay,,EDE 1 F<,59.29999923706055,0.0,0.10000000149011612,1,,0,0,WDJAOF(11),,69.0,WBDAJAF(1),,69 kV Dajao – Sabana Perdida_a,ElmLne,ZDJAOF_ZSPERF-L1,0,3,48.8,21.57,0,0
,DAJAO,\VM-PF.IntUser\PDD 30-09-2025.IntPrj\Network Model.IntPrjfolder\Network Data.IntPrjfolder\CENTRAL 138 kV.ElmNet\Dajao.ElmSite\ZDJAOF.ElmSubstat\WDJAOF(11).ElmTerm\WBDAJAF(1).StaCubic\DAJAO.ElmRelay,,EDE 2 F<,59.20000076293945,0.0,0.10000000149011612,1,,0,0,WDJAOF(11),,69.0,WBDAJAF(1),,69 kV Dajao – Sabana Perdida_a,ElmLne,ZDJAOF_ZSPERF-L1,0,3,48.8,21.57,0,0
,DAJAO,\VM-PF.IntUser\PDD 30-09-2025.IntPrj\Network Model.IntPrjfolder\Network Data.IntPrjfolder\CENTRAL 138 kV.ElmNet\Dajao.ElmSite\ZDJAOF.ElmSubstat\WDJAOF(11).ElmTerm\WBDAJAF(1).StaCubic\DAJAO.ElmRelay,,EDE 3 F<,59.099998474121094,0.0,0.10000000149011612,1,,0,0,WDJAOF(11),,69.0,WBDAJAF(1),,69 kV Dajao – Sabana Perdida_a,ElmLne,ZDJAOF_ZSPERF-L1,0,3,48.8,21.57,0,0
,DAJAO,\VM-PF.IntUser\PDD 30-09-2025.IntPrj\Network Model.IntPrjfolder\Network Data.IntPrjfolder\CENTRAL 138 kV.ElmNet\Dajao.ElmSite\ZDJAOF.ElmSubstat\WDJAOF(11).ElmTerm\WBDAJAF(1).StaCubic\DAJAO.ElmRelay,,EDE 4 F<,59.0,0.0,0.10000000149011612,0,,0,1,WDJAOF(11),,69.0,WBDAJAF(1),,69 kV Dajao – Sabana Perdida_a,ElmLne,ZDJAOF_ZSPERF-L1,0,3,48.8,21.57,0,0
,DAJAO,\VM-PF.IntUser\PDD 30-09-2025.IntPrj\Network Model.IntPrjfolder\Network Data.IntPrjfolder\CENTRAL 138 kV.ElmNet\Dajao.ElmSite\ZDJAOF.ElmSubstat\WDJAOF(11).ElmTerm\WBDAJAF(1).StaCubic\DAJAO.ElmRelay,,EDE 5 F<,58.900001525878906,0.0,0.10000000149011612,1,,0,0,WDJAOF(11),,69.0,WBDAJAF(1),,69 kV Dajao – Sabana Perdida_a,ElmLne,ZDJAOF_ZSPERF-L1,0,3,48.8,21.57,0,0
,DAJAO,\VM-PF.IntUser\PDD 30-09-2025.IntPrj\Network Model.IntPrjfolder\Network Data.IntPrjfolder\CENTRAL 138 kV.ElmNet\Dajao.ElmSite\ZDJAOF.ElmSubstat\WDJAOF(11).ElmTerm\WBDAJAF(1).StaCubic\DAJAO.ElmRelay,,EDE 6 F<,58.79999923706055,0.0,0.10000000149011612,1,,0,0,WDJAOF(11),,69.0,WBDAJAF(1),,69 kV Dajao – Sabana Perdida_a,ElmLne,ZDJAOF_ZSPERF-L1,0,3,48.8,21.57,0,0
,ZBCHIE_ZHNSAE-L1-7SA6,\VM-PF.IntUser\PDD 30-09-2025.IntPrj\Network Model.IntPrjfolder\Network Data.IntPrjfolder\CENTRAL 138 kV.ElmNet\Boca Chica.ElmSite\ZBCHIE.ElmSubstat\1.ElmTerm\Cub_1.StaCubic\ZBCHIE_ZHNSAE-L1-7SA6.ElmRelay,Frequency (50Hz),f1,49.5,0.0,60.0,1,0,1,0,1,,138.0,Cub_1,,138 kV Boca Chica – Hainamosa_a,ElmLne,ZBCHIE_ZXBC2E-L1,1,0,0,0,0,0
,ZBCHIE_ZHNSAE-L1-7SA6,\VM-PF.IntUser\PDD 30-09-2025.IntPrj\Network Model.IntPrjfolder\Network Data.IntPrjfolder\CENTRAL 138 kV.ElmNet\Boca Chica.ElmSite\ZBCHIE.ElmSubstat\1.ElmTerm\Cub_1.StaCubic\ZBCHIE_ZHNSAE-L1-7SA6.ElmRelay,Frequency (50Hz),f2,49.0,0.0,30.0,1,0,1,0,1,,138.0,Cub_1,,138 kV Boca Chica – Hainamosa_a,ElmLne,ZBCHIE_ZXBC2E-L1,1,0,0,0,0,0
,ZBCHIE_ZHNSAE-L1-7SA6,\VM-PF.IntUser\PDD 30-09-2025.IntPrj\Network Model.IntPrjfolder\Network Data.IntPrjfolder\CENTRAL 138 kV.ElmNet\Boca Chica.ElmSite\ZBCHIE.ElmSubstat\1.ElmTerm\Cub_1.StaCubic\ZBCHIE_ZHNSAE-L1-7SA6.ElmRelay,Frequency (50Hz),f3,47.5,0.0,3.0,1,0,1,0,1,,138.0,Cub_1,,138 kV Boca Chica – Hainamosa_a,ElmLne,ZBCHIE_ZXBC2E-L1,1,0,0,0,0,0
,ZBCHIE_ZHNSAE-L1-7SA6,\VM-PF.IntUser\PDD 30-09-2025.IntPrj\Network Model.IntPrjfolder\Network Data.IntPrjfolder\CENTRAL 138 kV.ElmNet\Boca Chica.ElmSite\ZBCHIE.ElmSubstat\1.ElmTerm\Cub_1.StaCubic\ZBCHIE_ZHNSAE-L1-7SA6.ElmRelay,Frequency (50Hz),f4,51.0,0.0,30.0,1,0,1,0,1,,138.0,Cub_1,,138 kV Boca Chica – Hainamosa_a,ElmLne,ZBCHIE_ZXBC2E-L1,1,0,0,0,0,0
,ZBCHIE_ZHNSAE-L1-7SA6,\VM-PF.IntUser\PDD 30-09-2025.IntPrj\Network Model.IntPrjfolder\Network Data.IntPrjfolder\CENTRAL 138 kV.ElmNet\Boca Chica.ElmSite\ZBCHIE.ElmSubstat\1.ElmTerm\Cub_1.StaCubic\ZBCHIE_ZHNSAE-L1-7SA6.ElmRelay,Frequency (60Hz),f1,59.5,0.0,60.0,1,1,1,0,1,,138.0,Cub_1,,138 kV Boca Chica – Hainamosa_a,ElmLne,ZBCHIE_ZXBC2E-L1,1,0,0,0,0,0
,ZBCHIE_ZHNSAE-L1-7SA6,\VM-PF.IntUser\PDD 30-09-2025.IntPrj\Network Model.IntPrjfolder\Network Data.IntPrjfolder\CENTRAL 138 kV.ElmNet\Boca Chica.ElmSite\ZBCHIE.ElmSubstat\1.ElmTerm\Cub_1.StaCubic\ZBCHIE_ZHNSAE-L1-7SA6.ElmRelay,Frequency (60Hz),f2,57.0,0.0,30.0,1,1,1,0,1,,138.0,Cub_1,,138 kV Boca Chica – Hainamosa_a,ElmLne,ZBCHIE_ZXBC2E-L1,1,0,0,0,0,0
,ZBCHIE_ZHNSAE-L1-7SA6,\VM-PF.IntUser\PDD 30-09-2025.IntPrj\Network Model.IntPrjfolder\Network Data.IntPrjfolder\CENTRAL 138 kV.ElmNet\Boca Chica.ElmSite\ZBCHIE.ElmSubstat\1.ElmTerm\Cub_1.StaCubic\ZBCHIE_ZHNSAE-L1-7SA6.ElmRelay,Frequency (60Hz),f3,59.5,0.0,3.0,1,1,1,0,1,,138.0,Cub_1,,138 kV Boca Chica – Hainamosa_a,ElmLne,ZBCHIE_ZXBC2E-L1,1,0,0,0,0,0
,ZBCHIE_ZHNSAE-L1-7SA6,\VM-PF.IntUser\PDD 30-09-2025.IntPrj\Network Model.IntPrjfolder\Network Data.IntPrjfolder\CENTRAL 138 kV.ElmNet\Boca Chica.ElmSite\ZBCHIE.ElmSubstat\1.ElmTerm\Cub_1.StaCubic\ZBCHIE_ZHNSAE-L1-7SA6.ElmRelay,Frequency (60Hz),f4,62.0,0.0,30.0,1,1,1,0,1,,138.0,Cub_1,,138 kV Boca Chica – Hainamosa_a,ElmLne,ZBCHIE_ZXBC2E-L1,1,0,0,0,0,0
,ZBCHIE_ZHNSAE-L1-7SD52,\VM-PF.IntUser\PDD 30-09-2025.IntPrj\Network Model.IntPrjfolder\Network Data.IntPrjfolder\CENTRAL 138 kV.ElmNet\Boca Chica.ElmSite\ZBCHIE.ElmSubstat\1.ElmTerm\Cub_1.StaCubic\ZBCHIE_ZHNSAE-L1-7SD52.ElmRelay,Distance/Overcurrent/Voltage,f1,45.5,0.0,0.0,1,1,1,0,1,,138.0,Cub_1,,138 kV Boca Chica – Hainamosa_a,ElmLne,ZBCHIE_ZXBC2E-L1,1,0,0,0,0,0
,ZBCHIE_ZHNSAE-L1-7SD52,\VM-PF.IntUser\PDD 30-09-2025.IntPrj\Network Model.IntPrjfolder\Network Data.IntPrjfolder\CENTRAL 138 kV.ElmNet\Boca Chica.ElmSite\ZBCHIE.ElmSubstat\1.ElmTerm\Cub_1.StaCubic\ZBCHIE_ZHNSAE-L1-7SD52.ElmRelay,Distance/Overcurrent/Voltage,f2,45.5,0.0,0.0,1,1,1,0,1,,138.0,Cub_1,,138 kV Boca Chica – Hainamosa_a,ElmLne,ZBCHIE_ZXBC2E-L1,1,0,0,0,0,0
,ZBCHIE_ZHNSAE-L1-7SD52,\VM-PF.IntUser\PDD 30-09-2025.IntPrj\Network Model.IntPrjfolder\Network Data.IntPrjfolder\CENTRAL 138 kV.ElmNet\Boca Chica.ElmSite\ZBCHIE.ElmSubstat\1.ElmTerm\Cub_1.StaCubic\ZBCHIE_ZHNSAE-L1-7SD52.ElmRelay,Distance/Overcurrent/Voltage,f3,45.5,0.0,0.0,1,1,1,0,1,,138.0,Cub_1,,138 kV Boca Chica – Hainamosa_a,ElmLne,ZBCHIE_ZXBC2E-L1,1,0,0,0,0,0
,ZBCHIE_ZHNSAE-L1-7SD52,\VM-PF.IntUser\PDD 30-09-2025.IntPrj\Network Model.IntPrjfolder\Network Data.IntPrjfolder\CENTRAL 138 kV.ElmNet\Boca Chica.ElmSite\ZBCHIE.ElmSubstat\1.ElmTerm\Cub_1.StaCubic\ZBCHIE_ZHNSAE-L1-7SD52.ElmRelay,Distance/Overcurrent/Voltage,f4,45.5,0.0,0.0,1,1,1,0,1,,138.0,Cub_1,,138 kV Boca Chica – Hainamosa_a,ElmLne,ZBCHIE_ZXBC2E-L1,1,0,0,0,0,0
,ZBCHIE_ZSPM2E-L1-7SA6,\VM-PF.IntUser\PDD 30-09-2025.IntPrj\Network Model.IntPrjfolder\Network Data.IntPrjfolder\CENTRAL 138 kV.ElmNet\Boca Chica.ElmSite\ZBCHIE.ElmSubstat\2.ElmTerm\Cub_1.StaCubic\ZBCHIE_ZSPM2E-L1-7SA6.ElmRelay,Frequency (50Hz),f1,49.5,0.0,60.0,1,0,1,0,2,,138.0,Cub_1,,,,,0,0,0,0,0,0
,ZBCHIE_ZSPM2E-L1-7SA6,\VM-PF.IntUser\PDD 30-09-2025.IntPrj\Network Model.IntPrjfolder\Network Data.IntPrjfolder\CENTRAL 138 kV.ElmNet\Boca Chica.ElmSite\ZBCHIE.ElmSubstat\2.ElmTerm\Cub_1.StaCubic\ZBCHIE_ZSPM2E-L1-7SA6.ElmRelay,Frequency (50Hz),f2,49.0,0.0,30.0,1,0,1,0,2,,138.0,Cub_1,,,,,0,0,0,0,0,0
,ZBCHIE_ZSPM2E-L1-7SA6,\VM-PF.IntUser\PDD 30-09-2025.IntPrj\Network Model.IntPrjfolder\Network Data.IntPrjfolder\CENTRAL 138 kV.ElmNet\Boca Chica.ElmSite\ZBCHIE.ElmSubstat\2.ElmTerm\Cub_1.StaCubic\ZBCHIE_ZSPM2E-L1-7SA6.ElmRelay,Frequency (50Hz),f3,47.5,0.0,3.0,1,0,1,0,2,,138.0,Cub_1,,,,,0,0,0,0,0,0
,ZBCHIE_ZSPM2E-L1-7SA6,\VM-PF.IntUser\PDD 30-09-2025.IntPrj\Network Model.IntPrjfolder\Network Data.IntPrjfolder\CENTRAL 138 kV.ElmNet\Boca Chica.ElmSite\ZBCHIE.ElmSubstat\2.ElmTerm\Cub_1.StaCubic\ZBCHIE_ZSPM2E-L1-7SA6.ElmRelay,Frequency (50Hz),f4,51.0,0.0,30.0,1,0,1,0,2,,138.0,Cub_1,,,,,0,0,0,0,0,0
,ZBCHIE_ZSPM2E-L1-7SA6,\VM-PF.IntUser\PDD 30-09-2025.IntPrj\Network Model.IntPrjfolder\Network Data.IntPrjfolder\CENTRAL 138 kV.ElmNet\Boca Chica.ElmSite\ZBCHIE.ElmSubstat\2.ElmTerm\Cub_1.StaCubic\ZBCHIE_ZSPM2E-L1-7SA6.ElmRelay,Frequency (60Hz),f1,59.5,0.0,60.0,1,1,1,0,2,,138.0,Cub_1,,,,,0,0,0,0,0,0
,ZBCHIE_ZSPM2E-L1-7SA6,\VM-PF.IntUser\PDD 30-09-2025.IntPrj\Network Model.IntPrjfolder\Network Data.IntPrjfolder\CENTRAL 138 kV.ElmNet\Boca Chica.ElmSite\ZBCHIE.ElmSubstat\2.ElmTerm\Cub_1.StaCubic\ZBCHIE_ZSPM2E-L1-7SA6.ElmRelay,Frequency (60Hz),f2,57.0,0.0,30.0,1,1,1,0,2,,138.0,Cub_1,,,,,0,0,0,0,0,0
,ZBCHIE_ZSPM2E-L1-7SA6,\VM-PF.IntUser\PDD 30-09-2025.IntPrj\Network Model.IntPrjfolder\Network Data.IntPrjfolder\CENTRAL 138 kV.ElmNet\Boca Chica.ElmSite\ZBCHIE.ElmSubstat\2.ElmTerm\Cub_1.StaCubic\ZBCHIE_ZSPM2E-L1-7SA6.ElmRelay,Frequency (60Hz),f3,59.5,0.0,3.0,1,1,1,0,2,,138.0,Cub_1,,,,,0,0,0,0,0,0
,ZBCHIE_ZSPM2E-L1-7SA6,\VM-PF.IntUser\PDD 30-09-2025.IntPrj\Network Model.IntPrjfolder\Network Data.IntPrjfolder\CENTRAL 138 kV.ElmNet\Boca Chica.ElmSite\ZBCHIE.ElmSubstat\2.ElmTerm\Cub_1.StaCubic\ZBCHIE_ZSPM2E-L1-7SA6.ElmRelay,Frequency (60Hz),f4,62.0,0.0,30.0,1,1,1,0,2,,138.0,Cub_1,,,,,0,0,0,0,0,0
,ZBCHIE_ZSPM2E-L1-7SD52,\VM-PF.IntUser\PDD 30-09-2025.IntPrj\Network Model.IntPrjfolder\Network Data.IntPrjfolder\CENTRAL 138 kV.ElmNet\Boca Chica.ElmSite\ZBCHIE.ElmSubstat\2.ElmTerm\Cub_1.StaCubic\ZBCHIE_ZSPM2E-L1-7SD52.ElmRelay,Distance/Overcurrent/Voltage,f1,45.5,0.0,0.0,1,1,1,0,2,,138.0,Cub_1,,,,,0,0,0,0,0,0
,ZBCHIE_ZSPM2E-L1-7SD52,\VM-PF.IntUser\PDD 30-09-2025.IntPrj\Network Model.IntPrjfolder\Network Data.IntPrjfolder\CENTRAL 138 kV.ElmNet\Boca Chica.ElmSite\ZBCHIE.ElmSubstat\2.ElmTerm\Cub_1.StaCubic\ZBCHIE_ZSPM2E-L1-7SD52.ElmRelay,Distance/Overcurrent/Voltage,f2,45.5,0.0,0.0,1,1,1,0,2,,138.0,Cub_1,,,,,0,0,0,0,0,0
,ZBCHIE_ZSPM2E-L1-7SD52,\VM-PF.IntUser\PDD 30-09-2025.IntPrj\Network Model.IntPrjfolder\Network Data.IntPrjfolder\CENTRAL 138 kV.ElmNet\Boca Chica.ElmSite\ZBCHIE.ElmSubstat\2.ElmTerm\Cub_1.StaCubic\ZBCHIE_ZSPM2E-L1-7SD52.ElmRelay,Distance/Overcurrent/Voltage,f3,45.5,0.0,0.0,1,1,1,0,2,,138.0,Cub_1,,,,,0,0,0,0,0,0
,ZBCHIE_ZSPM2E-L1-7SD52,\VM-PF.IntUser\PDD 30-09-2025.IntPrj\Network Model.IntPrjfolder\Network Data.IntPrjfolder\CENTRAL 138 kV.ElmNet\Boca Chica.ElmSite\ZBCHIE.ElmSubstat\2.ElmTerm\Cub_1.StaCubic\ZBCHIE_ZSPM2E-L1-7SD52.ElmRelay,Distance/Overcurrent/Voltage,f4,45.5,0.0,0.0,1,1,1,0,2,,138.0,Cub_1,,,,,0,0,0,0,0,0
,BOCA CHICA,\VM-PF.IntUser\PDD 30-09-2025.IntPrj\Network Model.IntPrjfolder\Network Data.IntPrjfolder\CENTRAL 138 kV.ElmNet\Boca Chica.ElmSite\ZBCHIE.ElmSubstat\4.ElmTerm\Cub_1.StaCubic\BOCA CHICA.ElmRelay,,EDE 0 F<,58.79999923706055,0.0,0.10000000149011612,0,,0,1,4,,138.0,Cub_1,,Demanda Boca Chica,ElmLod,ZBCHIE-D1,0,1,39.92,13.65,0,0
,BOCA CHICA,\VM-PF.IntUser\PDD 30-09-2025.IntPrj\Network Model.IntPrjfolder\Network Data.IntPrjfolder\CENTRAL 138 kV.ElmNet\Boca Chica.ElmSite\ZBCHIE.ElmSubstat\4.ElmTerm\Cub_1.StaCubic\BOCA CHICA.ElmRelay,,EDE 0 Start-dF/dt,59.29999923706055,0.0,0.10000000149011612,0,,0,1,4,,138.0,Cub_1,,Demanda Boca Chica,ElmLod,ZBCHIE-D1,0,1,39.92,13.65,0,0
,BOCA CHICA,\VM-PF.IntUser\PDD 30-09-2025.IntPrj\Network Model.IntPrjfolder\Network Data.IntPrjfolder\CENTRAL 138 kV.ElmNet\Boca Chica.ElmSite\ZBCHIE.ElmSubstat\4.ElmTerm\Cub_1.StaCubic\BOCA CHICA.ElmRelay,,EDE 0 dF/dt,59.099998474121094,-2.0,0.10000000149011612,0,,0,1,4,,138.0,Cub_1,,Demanda Boca Chica,ElmLod,ZBCHIE-D1,0,1,39.92,13.65,0,0
,BOCA CHICA,\VM-PF.IntUser\PDD 30-09-2025.IntPrj\Network Model.IntPrjfolder\Network Data.IntPrjfolder\CENTRAL 138 kV.ElmNet\Boca Chica.ElmSite\ZBCHIE.ElmSubstat\4.ElmTerm\Cub_1.StaCubic\BOCA CHICA.ElmRelay,,EDE 1 F<,59.29999923706055,0.0,0.10000000149011612,1,,0,0,4,,138.0,Cub_1,,Demanda Boca Chica,ElmLod,ZBCHIE-D1,0,1,39.92,13.65,0,0
,BOCA CHICA,\VM-PF.IntUser\PDD 30-09-2025.IntPrj\Network Model.IntPrjfolder\Network Data.IntPrjfolder\CENTRAL 138 kV.ElmNet\Boca Chica.ElmSite\ZBCHIE.ElmSubstat\4.ElmTerm\Cub_1.StaCubic\BOCA CHICA.ElmRelay,,EDE 1 Start-dF/dt,59.29999923706055,0.0,0.10000000149011612,1,,0,0,4,,138.0,Cub_1,,Demanda Boca Chica,ElmLod,ZBCHIE-D1,0,1,39.92,13.65,0,0
,BOCA CHICA,\VM-PF.IntUser\PDD 30-09-2025.IntPrj\Network Model.IntPrjfolder\Network Data.IntPrjfolder\CENTRAL 138 kV.ElmNet\Boca Chica.ElmSite\ZBCHIE.ElmSubstat\4.ElmTerm\Cub_1.StaCubic\BOCA CHICA.ElmRelay,,EDE 1 dF/dt,58.79999923706055,-2.0,0.10000000149011612,1,,0,0,4,,138.0,Cub_1,,Demanda Boca Chica,ElmLod,ZBCHIE-D1,0,1,39.92,13.65,0,0
,BOCA CHICA,\VM-PF.IntUser\PDD 30-09-2025.IntPrj\Network Model.IntPrjfolder\Network Data.IntPrjfolder\CENTRAL 138 kV.ElmNet\Boca Chica.ElmSite\ZBCHIE.ElmSubstat\4.ElmTerm\Cub_1.StaCubic\BOCA CHICA.ElmRelay,,EDE 2 F<,58.79999923706055,0.0,0.0,1,,0,0,4,,138.0,Cub_1,,Demanda Boca Chica,ElmLod,ZBCHIE-D1,0,1,39.92,13.65,0,0
,BOCA CHICA,\VM-PF.IntUser\PDD 30-09-2025.IntPrj\Network Model.IntPrjfolder\Network Data.IntPrjfolder\CENTRAL 138 kV.ElmNet\Boca Chica.ElmSite\ZBCHIE.ElmSubstat\4.ElmTerm\Cub_1.StaCubic\BOCA CHICA.ElmRelay,,EDE 2 Start-dF/dt,59.20000076293945,0.0,0.0,1,,0,0,4,,138.0,Cub_1,,Demanda Boca Chica,ElmLod,ZBCHIE-D1,0,1,39.92,13.65,0,0
,BOCA CHICA,\VM-PF.IntUser\PDD 30-09-2025.IntPrj\Network Model.IntPrjfolder\Network Data.IntPrjfolder\CENTRAL 138 kV.ElmNet\Boca Chica.ElmSite\ZBCHIE.ElmSubstat\4.ElmTerm\Cub_1.StaCubic\BOCA CHICA.ElmRelay,,EDE 2 dF/dt,0.0,-2.0,0.0,1,,0,0,4,,138.0,Cub_1,,Demanda Boca Chica,ElmLod,ZBCHIE-D1,0,1,39.92,13.65,0,0
,BOCA CHICA,\VM-PF.IntUser\PDD 30-09-2025.IntPrj\Network Model.IntPrjfolder\Network Data.IntPrjfolder\CENTRAL 138 kV.ElmNet\Boca Chica.ElmSite\ZBCHIE.ElmSubstat\4.ElmTerm\Cub_1.StaCubic\BOCA CHICA.ElmRelay,,EDE 3 F<,59.099998474121094,0.0,0.0,1,,0,0,4,,138.0,Cub_1,,Demanda Boca Chica,ElmLod,ZBCHIE-D1,0,1,39.92,13.65,0,0
,BOCA CHICA,\VM-PF.IntUser\PDD 30-09-2025.IntPrj\Network Model.IntPrjfolder\Network Data.IntPrjfolder\CENTRAL 138 kV.ElmNet\Boca Chica.ElmSite\ZBCHIE.ElmSubstat\4.ElmTerm\Cub_1.StaCubic\BOCA CHICA.ElmRelay,,EDE 3 Start-dF/dt,59.099998474121094,0.0,0.0,1,,0,0,4,,138.0,Cub_1,,Demanda Boca Chica,ElmLod,ZBCHIE-D1,0,1,39.92,13.65,0,0
,BOCA CHICA,\VM-PF.IntUser\PDD 30-09-2025.IntPrj\Network Model.IntPrjfolder\Network Data.IntPrjfolder\CENTRAL 138 kV.ElmNet\Boca Chica.ElmSite\ZBCHIE.ElmSubstat\4.ElmTerm\Cub_1.StaCubic\BOCA CHICA.ElmRelay,,EDE 3 dF/dt,0.0,-2.0,0.0,1,,0,0,4,,138.0,Cub_1,,Demanda Boca Chica,ElmLod,ZBCHIE-D1,0,1,39.92,13.65,0,0
,BOCA CHICA,\VM-PF.IntUser\PDD 30-09-2025.IntPrj\Network Model.IntPrjfolder\Network Data.IntPrjfolder\CENTRAL 138 kV.ElmNet\Boca Chica.ElmSite\ZBCHIE.ElmSubstat\4.ElmTerm\Cub_1.StaCubic\BOCA CHICA.ElmRelay,,EDE 4 F<,59.0,0.0,0.0,1,,0,0,4,,138.0,Cub_1,,Demanda Boca Chica,ElmLod,ZBCHIE-D1,0,1,39.92,13.65,0,0
,BOCA CHICA,\VM-PF.IntUser\PDD 30-09-2025.IntPrj\Network Model.IntPrjfolder\Network Data.IntPrjfolder\CENTRAL 138 kV.ElmNet\Boca Chica.ElmSite\ZBCHIE.ElmSubstat\4.ElmTerm\Cub_1.StaCubic\BOCA CHICA.ElmRelay,,EDE 4 Start-dF/dt,59.0,0.0,0.0,1,,0,0,4,,138.0,Cub_1,,Demanda Boca Chica,ElmLod,ZBCHIE-D1,0,1,39.92,13.65,0,0
,BOCA CHICA,\VM-PF.IntUser\PDD 30-09-2025.IntPrj\Network Model.IntPrjfolder\Network Data.IntPrjfolder\CENTRAL 138 kV.ElmNet\Boca Chica.ElmSite\ZBCHIE.ElmSubstat\4.ElmTerm\Cub_1.StaCubic\BOCA CHICA.ElmRelay,,EDE 4 dF/dt,0.0,-2.0,0.0,1,,0,0,4,,138.0,Cub_1,,Demanda Boca Chica,ElmLod,ZBCHIE-D1,0,1,39.92,13.65,0,0
,BOCA CHICA,\VM-PF.IntUser\PDD 30-09-2025.IntPrj\Network Model.IntPrjfolder\Network Data.IntPrjfolder\CENTRAL 138 kV.ElmNet\Boca Chica.ElmSite\ZBCHIE.ElmSubstat\4.ElmTerm\Cub_1.StaCubic\BOCA CHICA.ElmRelay,,EDE 5 F<,58.900001525878906,0.0,0.0,1,,0,0,4,,138.0,Cub_1,,Demanda Boca Chica,ElmLod,ZBCHIE-D1,0,1,39.92,13.65,0,0
,BOCA CHICA,\VM-PF.IntUser\PDD 30-09-2025.IntPrj\Network Model.IntPrjfolder\Network Data.IntPrjfolder\CENTRAL 138 kV.ElmNet\Boca Chica.ElmSite\ZBCHIE.ElmSubstat\4.ElmTerm\Cub_1.StaCubic\BOCA CHICA.ElmRelay,,EDE 5 Start-dF/dt,58.900001525878906,0.0,0.0,1,,0,0,4,,138.0,Cub_1,,Demanda Boca Chica,ElmLod,ZBCHIE-D1,0,1,39.92,13.65,0,0
,BOCA CHICA,\VM-PF.IntUser\PDD 30-09-2025.IntPrj\Network Model.IntPrjfolder\Network Data.IntPrjfolder\CENTRAL 138 kV.ElmNet\Boca Chica.ElmSite\ZBCHIE.ElmSubstat\4.ElmTerm\Cub_1.StaCubic\BOCA CHICA.ElmRelay,,EDE 5 dF/dt,0.0,-2.0,0.0,1,,0,0,4,,138.0,Cub_1,,Demanda Boca Chica,ElmLod,ZBCHIE-D1,0,1,39.92,13.65,0,0
,BOCA CHICA,\VM-PF.IntUser\PDD 30-09-2025.IntPrj\Network Model.IntPrjfolder\Network Data.IntPrjfolder\CENTRAL 138 kV.ElmNet\Boca Chica.ElmSite\ZBCHIE.ElmSubstat\4.ElmTerm\Cub_1.StaCubic\BOCA CHICA.ElmRelay,,EDE 6 F<,58.79999923706055,0.0,0.0,1,,0,0,4,,138.0,Cub_1,,Demanda Boca Chica,ElmLod,ZBCHIE-D1,0,1,39.92,13.65,0,0
,BOCA CHICA,\VM-PF.IntUser\PDD 30-09-2025.IntPrj\Network Model.IntPrjfolder\Network Data.IntPrjfolder\CENTRAL 138 kV.ElmNet\Boca Chica.ElmSite\ZBCHIE.ElmSubstat\4.ElmTerm\Cub_1.StaCubic\BOCA CHICA.ElmRelay,,EDE 6 Start-dF/dt,58.79999923706055,0.0,0.0,1,,0,0,4,,138.0,Cub_1,,Demanda Boca Chica,ElmLod,ZBCHIE-D1,0,1,39.92,13.65,0,0
,BOCA CHICA,\VM-PF.IntUser\PDD 30-09-2025.IntPrj\Network Model.IntPrjfolder\Network Data.IntPrjfolder\CENTRAL 138 kV.ElmNet\Boca Chica.ElmSite\ZBCHIE.ElmSubstat\4.ElmTerm\Cub_1.StaCubic\BOCA CHICA.ElmRelay,,EDE 6 dF/dt,0.0,-2.0,0.0,1,,0,0,4,,138.0,Cub_1,,Demanda Boca Chica,ElmLod,ZBCHIE-D1,0,1,39.92,13.65,0,0
,ZEMBAE_ZLPRAE-L1-7SA6,\VM-PF.IntUser\PDD 30-09-2025.IntPrj\Network Model.IntPrjfolder\Network Data.IntPrjfolder\CENTRAL 138 kV.ElmNet\ZEMBAE.ElmSubstat\WEMBAE(2).ElmTerm\WBEMBAE(2).StaCubic\ZEMBAE_ZLPRAE-L1-7SA6.ElmRelay,Frequency (50Hz),f1,49.5,0.0,60.0,1,0,1,0,WEMBAE(2),,138.0,WBEMBAE(2),,138 kV Embajador – Los Prados,ElmLne,ZEMBAE_ZLPRAE-L1,1,0,0,0,0,0
,ZEMBAE_ZLPRAE-L1-7SA6,\VM-PF.IntUser\PDD 30-09-2025.IntPrj\Network Model.IntPrjfolder\Network Data.IntPrjfolder\CENTRAL 138 kV.ElmNet\ZEMBAE.ElmSubstat\WEMBAE(2).ElmTerm\WBEMBAE(2).StaCubic\ZEMBAE_ZLPRAE-L1-7SA6.ElmRelay,Frequency (50Hz),f2,49.0,0.0,30.0,1,0,1,0,WEMBAE(2),,138.0,WBEMBAE(2),,138 kV Embajador – Los Prados,ElmLne,ZEMBAE_ZLPRAE-L1,1,0,0,0,0,0
,ZEMBAE_ZLPRAE-L1-7SA6,\VM-PF.IntUser\PDD 30-09-2025.IntPrj\Network Model.IntPrjfolder\Network Data.IntPrjfolder\CENTRAL 138 kV.ElmNet\ZEMBAE.ElmSubstat\WEMBAE(2).ElmTerm\WBEMBAE(2).StaCubic\ZEMBAE_ZLPRAE-L1-7SA6.ElmRelay,Frequency (50Hz),f3,47.5,0.0,3.0,1,0,1,0,WEMBAE(2),,138.0,WBEMBAE(2),,138 kV Embajador – Los Prados,ElmLne,ZEMBAE_ZLPRAE-L1,1,0,0,0,0,0
,ZEMBAE_ZLPRAE-L1-7SA6,\VM-PF.IntUser\PDD 30-09-2025.IntPrj\Network Model.IntPrjfolder\Network Data.IntPrjfolder\CENTRAL 138 kV.ElmNet\ZEMBAE.ElmSubstat\WEMBAE(2).ElmTerm\WBEMBAE(2).StaCubic\ZEMBAE_ZLPRAE-L1-7SA6.ElmRelay,Frequency (50Hz),f4,51.0,0.0,30.0,1,0,1,0,WEMBAE(2),,138.0,WBEMBAE(2),,138 kV Embajador – Los Prados,ElmLne,ZEMBAE_ZLPRAE-L1,1,0,0,0,0,0
,ZEMBAE_ZLPRAE-L1-7SA6,\VM-PF.IntUser\PDD 30-09-2025.IntPrj\Network Model.IntPrjfolder\Network Data.IntPrjfolder\CENTRAL 138 kV.ElmNet\ZEMBAE.ElmSubstat\WEMBAE(2).ElmTerm\WBEMBAE(2).StaCubic\ZEMBAE_ZLPRAE-L1-7SA6.ElmRelay,Frequency (60Hz),f1,59.5,0.0,60.0,1,1,1,0,WEMBAE(2),,138.0,WBEMBAE(2),,138 kV Embajador – Los Prados,ElmLne,ZEMBAE_ZLPRAE-L1,1,0,0,0,0,0
,ZEMBAE_ZLPRAE-L1-7SA6,\VM-PF.IntUser\PDD 30-09-2025.IntPrj\Network Model.IntPrjfolder\Network Data.IntPrjfolder\CENTRAL 138 kV.ElmNet\ZEMBAE.ElmSubstat\WEMBAE(2).ElmTerm\WBEMBAE(2).StaCubic\ZEMBAE_ZLPRAE-L1-7SA6.ElmRelay,Frequency (60Hz),f2,57.0,0.0,30.0,1,1,1,0,WEMBAE(2),,138.0,WBEMBAE(2),,138 kV Embajador – Los Prados,ElmLne,ZEMBAE_ZLPRAE-L1,1,0,0,0,0,0
,ZEMBAE_ZLPRAE-L1-7SA6,\VM-PF.IntUser\PDD 30-09-2025.IntPrj\Network Model.IntPrjfolder\Network Data.IntPrjfolder\CENTRAL 138 kV.ElmNet\ZEMBAE.ElmSubstat\WEMBAE(2).ElmTerm\WBEMBAE(2).StaCubic\ZEMBAE_ZLPRAE-L1-7SA6.ElmRelay,Frequency (60Hz),f3,59.5,0.0,3.0,1,1,1,0,WEMBAE(2),,138.0,WBEMBAE(2),,138 kV Embajador – Los Prados,ElmLne,ZEMBAE_ZLPRAE-L1,1,0,0,0,0,0
,ZEMBAE_ZLPRAE-L1-7SA6,\VM-PF.IntUser\PDD 30-09-2025.IntPrj\Network Model.IntPrjfolder\Network Data.IntPrjfolder\CENTRAL 138 kV.ElmNet\ZEMBAE.ElmSubstat\WEMBAE(2).ElmTerm\WBEMBAE(2).StaCubic\ZEMBAE_ZLPRAE-L1-7SA6.ElmRelay,Frequency (60Hz),f4,62.0,0.0,30.0,1,1,1,0,WEMBAE(2),,138.0,WBEMBAE(2),,138 kV Embajador – Los Prados,ElmLne,ZEMBAE_ZLPRAE-L1,1,0,0,0,0,0
,ZEMBAE_ZMATAE-L1-7SA6,\VM-PF.IntUser\PDD 30-09-2025.IntPrj\Network Model.IntPrjfolder\Network Data.IntPrjfolder\CENTRAL 138 kV.ElmNet\ZEMBAE.ElmSubstat\WEMBAE(1).ElmTerm\WBEMBAE(1).StaCubic\ZEMBAE_ZMATAE-L1-7SA6.ElmRelay,Frequency (50Hz),f1,49.5,0.0,60.0,1,0,1,0,WEMBAE(1),,138.0,WBEMBAE(1),,138 kV Embajador – Matadero,ElmLne,ZEMBAE_ZMATAE-L1,1,0,0,0,0,0
,ZEMBAE_ZMATAE-L1-7SA6,\VM-PF.IntUser\PDD 30-09-2025.IntPrj\Network Model.IntPrjfolder\Network Data.IntPrjfolder\CENTRAL 138 kV.ElmNet\ZEMBAE.ElmSubstat\WEMBAE(1).ElmTerm\WBEMBAE(1).StaCubic\ZEMBAE_ZMATAE-L1-7SA6.ElmRelay,Frequency (50Hz),f2,49.0,0.0,30.0,1,0,1,0,WEMBAE(1),,138.0,WBEMBAE(1),,138 kV Embajador – Matadero,ElmLne,ZEMBAE_ZMATAE-L1,1,0,0,0,0,0
,ZEMBAE_ZMATAE-L1-7SA6,\VM-PF.IntUser\PDD 30-09-2025.IntPrj\Network Model.IntPrjfolder\Network Data.IntPrjfolder\CENTRAL 138 kV.ElmNet\ZEMBAE.ElmSubstat\WEMBAE(1).ElmTerm\WBEMBAE(1).StaCubic\ZEMBAE_ZMATAE-L1-7SA6.ElmRelay,Frequency (50Hz),f3,47.5,0.0,3.0,1,0,1,0,WEMBAE(1),,138.0,WBEMBAE(1),,138 kV Embajador – Matadero,ElmLne,ZEMBAE_ZMATAE-L1,1,0,0,0,0,0
,ZEMBAE_ZMATAE-L1-7SA6,\VM-PF.IntUser\PDD 30-09-2025.IntPrj\Network Model.IntPrjfolder\Network Data.IntPrjfolder\CENTRAL 138 kV.ElmNet\ZEMBAE.ElmSubstat\WEMBAE(1).ElmTerm\WBEMBAE(1).StaCubic\ZEMBAE_ZMATAE-L1-7SA6.ElmRelay,Frequency (50Hz),f4,51.0,0.0,30.0,1,0,1,0,WEMBAE(1),,138.0,WBEMBAE(1),,138 kV Embajador – Matadero,ElmLne,ZEMBAE_ZMATAE-L1,1,0,0,0,0,0
,ZEMBAE_ZMATAE-L1-7SA6,\VM-PF.IntUser\PDD 30-09-2025.IntPrj\Network Model.IntPrjfolder\Network Data.IntPrjfolder\CENTRAL 138 kV.ElmNet\ZEMBAE.ElmSubstat\WEMBAE(1).ElmTerm\WBEMBAE(1).StaCubic\ZEMBAE_ZMATAE-L1-7SA6.ElmRelay,Frequency (60Hz),f1,59.5,0.0,60.0,1,1,1,0,WEMBAE(1),,138.0,WBEMBAE(1),,138 kV Embajador – Matadero,ElmLne,ZEMBAE_ZMATAE-L1,1,0,0,0,0,0
,ZEMBAE_ZMATAE-L1-7SA6,\VM-PF.IntUser\PDD 30-09-2025.IntPrj\Network Model.IntPrjfolder\Network Data.IntPrjfolder\CENTRAL 138 kV.ElmNet\ZEMBAE.ElmSubstat\WEMBAE(1).ElmTerm\WBEMBAE(1).StaCubic\ZEMBAE_ZMATAE-L1-7SA6.ElmRelay,Frequency (60Hz),f2,57.0,0.0,30.0,1,1,1,0,WEMBAE(1),,138.0,WBEMBAE(1),,138 kV Embajador – Matadero,ElmLne,ZEMBAE_ZMATAE-L1,1,0,0,0,0,0
,ZEMBAE_ZMATAE-L1-7SA6,\VM-PF.IntUser\PDD 30-09-2025.IntPrj\Network Model.IntPrjfolder\Network Data.IntPrjfolder\CENTRAL 138 kV.ElmNet\ZEMBAE.ElmSubstat\WEMBAE(1).ElmTerm\WBEMBAE(1).StaCubic\ZEMBAE_ZMATAE-L1-7SA6.ElmRelay,Frequency (60Hz),f3,59.5,0.0,3.0,1,1,1,0,WEMBAE(1),,138.0,WBEMBAE(1),,138 kV Embajador – Matadero,ElmLne,ZEMBAE_ZMATAE-L1,1,0,0,0,0,0
,ZEMBAE_ZMATAE-L1-7SA6,\VM-PF.IntUser\PDD 30-09-2025.IntPrj\Network Model.IntPrjfolder\Network Data.IntPrjfolder\CENTRAL 138 kV.ElmNet\ZEMBAE.ElmSubstat\WEMBAE(1).ElmTerm\WBEMBAE(1).StaCubic\ZEMBAE_ZMATAE-L1-7SA6.ElmRelay,Frequency (60Hz),f4,62.0,0.0,30.0,1,1,1,0,WEMBAE(1),,138.0,WBEMBAE(1),,138 kV Embajador – Matadero,ElmLne,ZEMBAE_ZMATAE-L1,1,0,0,0,0,0
,EMBAJADOR,\VM-PF.IntUser\PDD 30-09-2025.IntPrj\Network Model.IntPrjfolder\Network Data.IntPrjfolder\CENTRAL 138 kV.ElmNet\ZEMBAE.ElmSubstat\WEMBAE(3).ElmTerm\WBEMBAE.StaCubic\EMBAJADOR.ElmRelay,,EDS 1 F<,59.29999923706055,0.0,0.10000000149011612,0,,0,1,WEMBAE(3),,138.0,WBEMBAE,,Demanda 1 Embajador,ElmLod,ZEMBAE-D1,0,1,35.71,11.71,0,0
,EMBAJADOR,\VM-PF.IntUser\PDD 30-09-2025.IntPrj\Network Model.IntPrjfolder\Network Data.IntPrjfolder\CENTRAL 138 kV.ElmNet\ZEMBAE.ElmSubstat\WEMBAE(3).ElmTerm\WBEMBAE.StaCubic\EMBAJADOR.ElmRelay,,EDS 2 F<,59.20000076293945,0.0,0.10000000149011612,0,,0,1,WEMBAE(3),,138.0,WBEMBAE,,Demanda 1 Embajador,ElmLod,ZEMBAE-D1,0,1,35.71,11.71,0,0
,EMBAJADOR,\VM-PF.IntUser\PDD 30-09-2025.IntPrj\Network Model.IntPrjfolder\Network Data.IntPrjfolder\CENTRAL 138 kV.ElmNet\ZEMBAE.ElmSubstat\WEMBAE(3).ElmTerm\WBEMBAE.StaCubic\EMBAJADOR.ElmRelay,,EDS 3 F<,59.099998474121094,0.0,0.10000000149011612,0,,0,1,WEMBAE(3),,138.0,WBEMBAE,,Demanda 1 Embajador,ElmLod,ZEMBAE-D1,0,1,35.71,11.71,0,0
,EMBAJADOR,\VM-PF.IntUser\PDD 30-09-2025.IntPrj\Network Model.IntPrjfolder\Network Data.IntPrjfolder\CENTRAL 138 kV.ElmNet\ZEMBAE.ElmSubstat\WEMBAE(3).ElmTerm\WBEMBAE.StaCubic\EMBAJADOR.ElmRelay,,EDS 4 F<,59.0,0.0,0.10000000149011612,1,,0,0,WEMBAE(3),,138.0,WBEMBAE,,Demanda 1 Embajador,ElmLod,ZEMBAE-D1,0,1,35.71,11.71,0,0
,EMBAJADOR,\VM-PF.IntUser\PDD 30-09-2025.IntPrj\Network Model.IntPrjfolder\Network Data.IntPrjfolder\CENTRAL 138 kV.ElmNet\ZEMBAE.ElmSubstat\WEMBAE(3).ElmTerm\WBEMBAE.StaCubic\EMBAJADOR.ElmRelay,,EDS 5 F<,58.900001525878906,0.0,0.10000000149011612,0,,0,1,WEMBAE(3),,138.0,WBEMBAE,,Demanda 1 Embajador,ElmLod,ZEMBAE-D1,0,1,35.71,11.71,0,0
,EMBAJADOR,\VM-PF.IntUser\PDD 30-09-2025.IntPrj\Network Model.IntPrjfolder\Network Data.IntPrjfolder\CENTRAL 138 kV.ElmNet\ZEMBAE.ElmSubstat\WEMBAE(3).ElmTerm\WBEMBAE.StaCubic\EMBAJADOR.ElmRelay,,EDS 6 F<,58.79999923706055,0.0,0.10000000149011612,1,,0,0,WEMBAE(3),,138.0,WBEMBAE,,Demanda 1 Embajador,ElmLod,ZEMBAE-D1,0,1,35.71,11.71,0,0
,EMBAJADOR dF/dt,\VM-PF.IntUser\PDD 30-09-2025.IntPrj\Network Model.IntPrjfolder\Network Data.IntPrjfolder\CENTRAL 138 kV.ElmNet\ZEMBAE.ElmSubstat\WEMBAE(3).ElmTerm\WBEMBAE.StaCubic\EMBAJADOR dF/dt.ElmRelay,,EDS 0 F<,58.70000076293945,0.0,0.10000000149011612,1,,0,0,WEMBAE(3),,138.0,WBEMBAE,,Demanda 1 Embajador,ElmLod,ZEMBAE-D1,0,1,35.71,11.71,0,0
,EMBAJADOR dF/dt,\VM-PF.IntUser\PDD 30-09-2025.IntPrj\Network Model.IntPrjfolder\Network Data.IntPrjfolder\CENTRAL 138 kV.ElmNet\ZEMBAE.ElmSubstat\WEMBAE(3).ElmTerm\WBEMBAE.StaCubic\EMBAJADOR dF/dt.ElmRelay,,EDS 0 Start-dF/dt,59.29999923706055,0.0,0.10000000149011612,0,,0,1,WEMBAE(3),,138.0,WBEMBAE,,Demanda 1 Embajador,ElmLod,ZEMBAE-D1,0,1,35.71,11.71,0,0
,EMBAJADOR dF/dt,\VM-PF.IntUser\PDD 30-09-2025.IntPrj\Network Model.IntPrjfolder\Network Data.IntPrjfolder\CENTRAL 138 kV.ElmNet\ZEMBAE.ElmSubstat\WEMBAE(3).ElmTerm\WBEMBAE.StaCubic\EMBAJADOR dF/dt.ElmRelay,,EDS 0 dF/dt,59.099998474121094,-2.0,0.10000000149011612,0,,0,1,WEMBAE(3),,138.0,WBEMBAE,,Demanda 1 Embajador,ElmLod,ZEMBAE-D1,0,1,35.71,11.71,0,0
,EMBAJADOR dF/dt,\VM-PF.IntUser\PDD 30-09-2025.IntPrj\Network Model.IntPrjfolder\Network Data.IntPrjfolder\CENTRAL 138 kV.ElmNet\ZEMBAE.ElmSubstat\WEMBAE(3).ElmTerm\WBEMBAE.StaCubic\EMBAJADOR dF/dt.ElmRelay,,EDS 1 F<,58.70000076293945,0.0,0.10000000149011612,1,,0,0,WEMBAE(3),,138.0,WBEMBAE,,Demanda 1 Embajador,ElmLod,ZEMBAE-D1,0,1,35.71,11.71,0,0
,EMBAJADOR dF/dt,\VM-PF.IntUser\PDD 30-09-2025.IntPrj\Network Model.IntPrjfolder\Network Data.IntPrjfolder\CENTRAL 138 kV.ElmNet\ZEMBAE.ElmSubstat\WEMBAE(3).ElmTerm\WBEMBAE.StaCubic\EMBAJADOR dF/dt.ElmRelay,,EDS 1 Start-dF/dt,59.29999923706055,0.0,0.10000000149011612,1,,0,0,WEMBAE(3),,138.0,WBEMBAE,,Demanda 1 Embajador,ElmLod,ZEMBAE-D1,0,1,35.71,11.71,0,0
,EMBAJADOR dF/dt,\VM-PF.IntUser\PDD 30-09-2025.IntPrj\Network Model.IntPrjfolder\Network Data.IntPrjfolder\CENTRAL 138 kV.ElmNet\ZEMBAE.ElmSubstat\WEMBAE(3).ElmTerm\WBEMBAE.StaCubic\EMBAJADOR dF/dt.ElmRelay,,EDS 1 dF/dt,58.79999923706055,-2.0,0.10000000149011612,1,,0,0,WEMBAE(3),,138.0,WBEMBAE,,Demanda 1 Embajador,ElmLod,ZEMBAE-D1,0,1,35.71,11.71,0,0
,EMBAJADOR dF/dt,\VM-PF.IntUser\PDD 30-09-2025.IntPrj\Network Model.IntPrjfolder\Network Data.IntPrjfolder\CENTRAL 138 kV.ElmNet\ZEMBAE.ElmSubstat\WEMBAE(3).ElmTerm\WBEMBAE.StaCubic\EMBAJADOR dF/dt.ElmRelay,,EDS 2 F<,59.20000076293945,0.0,0.0,1,,0,0,WEMBAE(3),,138.0,WBEMBAE,,Demanda 1 Embajador,ElmLod,ZEMBAE-D1,0,1,35.71,11.71,0,0
,EMBAJADOR dF/dt,\VM-PF.IntUser\PDD 30-09-2025.IntPrj\Network Model.IntPrjfolder\Network Data.IntPrjfolder\CENTRAL 138 kV.ElmNet\ZEMBAE.ElmSubstat\WEMBAE(3).ElmTerm\WBEMBAE.StaCubic\EMBAJADOR dF/dt.ElmRelay,,EDS 2 Start-dF/dt,59.20000076293945,0.0,0.0,1,,0,0,WEMBAE(3),,138.0,WBEMBAE,,Demanda 1 Embajador,ElmLod,ZEMBAE-D1,0,1,35.71,11.71,0,0
,EMBAJADOR dF/dt,\VM-PF.IntUser\PDD 30-09-2025.IntPrj\Network Model.IntPrjfolder\Network Data.IntPrjfolder\CENTRAL 138 kV.ElmNet\ZEMBAE.ElmSubstat\WEMBAE(3).ElmTerm\WBEMBAE.StaCubic\EMBAJADOR dF/dt.ElmRelay,,EDS 2 dF/dt,0.0,-2.0,0.0,1,,0,0,WEMBAE(3),,138.0,WBEMBAE,,Demanda 1 Embajador,ElmLod,ZEMBAE-D1,0,1,35.71,11.71,0,0
,EMBAJADOR dF/dt,\VM-PF.IntUser\PDD 30-09-2025.IntPrj\Network Model.IntPrjfolder\Network Data.IntPrjfolder\CENTRAL 138 kV.ElmNet\ZEMBAE.ElmSubstat\WEMBAE(3).ElmTerm\WBEMBAE.StaCubic\EMBAJADOR dF/dt.ElmRelay,,EDS 3 F<,59.099998474121094,0.0,0.0,1,,0,0,WEMBAE(3),,138.0,WBEMBAE,,Demanda 1 Embajador,ElmLod,ZEMBAE-D1,0,1,35.71,11.71,0,0
,EMBAJADOR dF/dt,\VM-PF.IntUser\PDD 30-09-2025.IntPrj\Network Model.IntPrjfolder\Network Data.IntPrjfolder\CENTRAL 138 kV.ElmNet\ZEMBAE.ElmSubstat\WEMBAE(3).ElmTerm\WBEMBAE.StaCubic\EMBAJADOR dF/dt.ElmRelay,,EDS 3 Start-dF/dt,59.099998474121094,0.0,0.0,1,,0,0,WEMBAE(3),,138.0,WBEMBAE,,Demanda 1 Embajador,ElmLod,ZEMBAE-D1,0,1,35.71,11.71,0,0
,EMBAJADOR dF/dt,\VM-PF.IntUser\PDD 30-09-2025.IntPrj\Network Model.IntPrjfolder\Network Data.IntPrjfolder\CENTRAL 138 kV.ElmNet\ZEMBAE.ElmSubstat\WEMBAE(3).ElmTerm\WBEMBAE.StaCubic\EMBAJADOR dF/dt.ElmRelay,,EDS 3 dF/dt,0.0,-2.0,0.0,1,,0,0,WEMBAE(3),,138.0,WBEMBAE,,Demanda 1 Embajador,ElmLod,ZEMBAE-D1,0,1,35.71,11.71,0,0
,EMBAJADOR dF/dt,\VM-PF.IntUser\PDD 30-09-2025.IntPrj\Network Model.IntPrjfolder\Network Data.IntPrjfolder\CENTRAL 138 kV.ElmNet\ZEMBAE.ElmSubstat\WEMBAE(3).ElmTerm\WBEMBAE.StaCubic\EMBAJADOR dF/dt.ElmRelay,,EDS 4 F<,59.0,0.0,0.0,1,,0,0,WEMBAE(3),,138.0,WBEMBAE,,Demanda 1 Embajador,ElmLod,ZEMBAE-D1,0,1,35.71,11.71,0,0
,EMBAJADOR dF/dt,\VM-PF.IntUser\PDD 30-09-2025.IntPrj\Network Model.IntPrjfolder\Network Data.IntPrjfolder\CENTRAL 138 kV.ElmNet\ZEMBAE.ElmSubstat\WEMBAE(3).ElmTerm\WBEMBAE.StaCubic\EMBAJADOR dF/dt.ElmRelay,,EDS 4 Start-dF/dt,59.0,0.0,0.0,1,,0,0,WEMBAE(3),,138.0,WBEMBAE,,Demanda 1 Embajador,ElmLod,ZEMBAE-D1,0,1,35.71,11.71,0,0
,EMBAJADOR dF/dt,\VM-PF.IntUser\PDD 30-09-2025.IntPrj\Network Model.IntPrjfolder\Network Data.IntPrjfolder\CENTRAL 138 kV.ElmNet\ZEMBAE.ElmSubstat\WEMBAE(3).ElmTerm\WBEMBAE.StaCubic\EMBAJADOR dF/dt.ElmRelay,,EDS 4 dF/dt,0.0,-2.0,0.0,1,,0,0,WEMBAE(3),,138.0,WBEMBAE,,Demanda 1 Embajador,ElmLod,ZEMBAE-D1,0,1,35.71,11.71,0,0
,EMBAJADOR dF/dt,\VM-PF.IntUser\PDD 30-09-2025.IntPrj\Network Model.IntPrjfolder\Network Data.IntPrjfolder\CENTRAL 138 kV.ElmNet\ZEMBAE.ElmSubstat\WEMBAE(3).ElmTerm\WBEMBAE.StaCubic\EMBAJADOR dF/dt.ElmRelay,,EDS 5 F<,58.900001525878906,0.0,0.0,1,,0,0,WEMBAE(3),,138.0,WBEMBAE,,Demanda 1 Embajador,ElmLod,ZEMBAE-D1,0,1,35.71,11.71,0,0
,EMBAJADOR dF/dt,\VM-PF.IntUser\PDD 30-09-2025.IntPrj\Network Model.IntPrjfolder\Network Data.IntPrjfolder\CENTRAL 138 kV.ElmNet\ZEMBAE.ElmSubstat\WEMBAE(3).ElmTerm\WBEMBAE.StaCubic\EMBAJADOR dF/dt.ElmRelay,,EDS 5 Start-dF/dt,58.900001525878906,0.0,0.0,1,,0,0,WEMBAE(3),,138.0,WBEMBAE,,Demanda 1 Embajador,ElmLod,ZEMBAE-D1,0,1,35.71,11.71,0,0
,EMBAJADOR dF/dt,\VM-PF.IntUser\PDD 30-09-2025.IntPrj\Network Model.IntPrjfolder\Network Data.IntPrjfolder\CENTRAL 138 kV.ElmNet\ZEMBAE.ElmSubstat\WEMBAE(3).ElmTerm\WBEMBAE.StaCubic\EMBAJADOR dF/dt.ElmRelay,,EDS 5 dF/dt,0.0,-2.0,0.0,1,,0,0,WEMBAE(3),,138.0,WBEMBAE,,Demanda 1 Embajador,ElmLod,ZEMBAE-D1,0,1,35.71,11.71,0,0
,EMBAJADOR dF/dt,\VM-PF.IntUser\PDD 30-09-2025.IntPrj\Network Model.IntPrjfolder\Network Data.IntPrjfolder\CENTRAL 138 kV.ElmNet\ZEMBAE.ElmSubstat\WEMBAE(3).ElmTerm\WBEMBAE.StaCubic\EMBAJADOR dF/dt.ElmRelay,,EDS 6 F<,58.79999923706055,0.0,0.0,1,,0,0,WEMBAE(3),,138.0,WBEMBAE,,Demanda 1 Embajador,ElmLod,ZEMBAE-D1,0,1,35.71,11.71,0,0
,EMBAJADOR dF/dt,\VM-PF.IntUser\PDD 30-09-2025.IntPrj\Network Model.IntPrjfolder\Network Data.IntPrjfolder\CENTRAL 138 kV.ElmNet\ZEMBAE.ElmSubstat\WEMBAE(3).ElmTerm\WBEMBAE.StaCubic\EMBAJADOR dF/dt.ElmRelay,,EDS 6 Start-dF/dt,58.79999923706055,0.0,0.0,1,,0,0,WEMBAE(3),,138.0,WBEMBAE,,Demanda 1 Embajador,ElmLod,ZEMBAE-D1,0,1,35.71,11.71,0,0
,EMBAJADOR dF/dt,\VM-PF.IntUser\PDD 30-09-2025.IntPrj\Network Model.IntPrjfolder\Network Data.IntPrjfolder\CENTRAL 138 kV.ElmNet\ZEMBAE.ElmSubstat\WEMBAE(3).ElmTerm\WBEMBAE.StaCubic\EMBAJADOR dF/dt.ElmRelay,,EDS 6 dF/dt,0.0,-2.0,0.0,1,,0,0,WEMBAE(3),,138.0,WBEMBAE,,Demanda 1 Embajador,ElmLod,ZEMBAE-D1,0,1,35.71,11.71,0,0
,ZHNS2E_ZLM11E-L1-7SD52,\VM-PF.IntUser\PDD 30-09-2025.IntPrj\Network Model.IntPrjfolder\Network Data.IntPrjfolder\CENTRAL 138 kV.ElmNet\Hainamosa.ElmSite\ZHNSAE.ElmSubstat\E11.ElmTerm\Cub_1.StaCubic\ZHNS2E_ZLM11E-L1-7SD52.ElmRelay,Distance/Overcurrent/Voltage,f1,45.5,0.0,0.0,1,1,1,0,E11,,138.0,Cub_1,,138 kV Hainamosa – Los Mina L1,ElmLne,ZHNSAE_ZLMINE-L1,1,0,0,0,0,0
,ZHNS2E_ZLM11E-L1-7SD52,\VM-PF.IntUser\PDD 30-09-2025.IntPrj\Network Model.IntPrjfolder\Network Data.IntPrjfolder\CENTRAL 138 kV.ElmNet\Hainamosa.ElmSite\ZHNSAE.ElmSubstat\E11.ElmTerm\Cub_1.StaCubic\ZHNS2E_ZLM11E-L1-7SD52.ElmRelay,Distance/Overcurrent/Voltage,f2,45.5,0.0,0.0,1,1,1,0,E11,,138.0,Cub_1,,138 kV Hainamosa – Los Mina L1,ElmLne,ZHNSAE_ZLMINE-L1,1,0,0,0,0,0
,ZHNS2E_ZLM11E-L1-7SD52,\VM-PF.IntUser\PDD 30-09-2025.IntPrj\Network Model.IntPrjfolder\Network Data.IntPrjfolder\CENTRAL 138 kV.ElmNet\Hainamosa.ElmSite\ZHNSAE.ElmSubstat\E11.ElmTerm\Cub_1.StaCubic\ZHNS2E_ZLM11E-L1-7SD52.ElmRelay,Distance/Overcurrent/Voltage,f3,45.5,0.0,0.0,1,1,1,0,E11,,138.0,Cub_1,,138 kV Hainamosa – Los Mina L1,ElmLne,ZHNSAE_ZLMINE-L1,1,0,0,0,0,0
,ZHNS2E_ZLM11E-L1-7SD52,\VM-PF.IntUser\PDD 30-09-2025.IntPrj\Network Model.IntPrjfolder\Network Data.IntPrjfolder\CENTRAL 138 kV.ElmNet\Hainamosa.ElmSite\ZHNSAE.ElmSubstat\E11.ElmTerm\Cub_1.StaCubic\ZHNS2E_ZLM11E-L1-7SD52.ElmRelay,Distance/Overcurrent/Voltage,f4,45.5,0.0,0.0,1,1,1,0,E11,,138.0,Cub_1,,138 kV Hainamosa – Los Mina L1,ElmLne,ZHNSAE_ZLMINE-L1,1,0,0,0,0,0
,ZHNSAE_ZLMINE-L2-7SD52,\VM-PF.IntUser\PDD 30-09-2025.IntPrj\Network Model.IntPrjfolder\Network Data.IntPrjfolder\CENTRAL 138 kV.ElmNet\Hainamosa.ElmSite\ZHNSAE.ElmSubstat\E12.ElmTerm\Cub_1.StaCubic\ZHNSAE_ZLMINE-L2-7SD52.ElmRelay,Distance/Overcurrent/Voltage,f1,45.5,0.0,0.0,1,1,1,0,E12,,138.0,Cub_1,,138 kV Hainamosa – Los Mina L2,ElmLne,ZHNSAE_ZLMINE-L2,1,0,0,0,0,0
,ZHNSAE_ZLMINE-L2-7SD52,\VM-PF.IntUser\PDD 30-09-2025.IntPrj\Network Model.IntPrjfolder\Network Data.IntPrjfolder\CENTRAL 138 kV.ElmNet\Hainamosa.ElmSite\ZHNSAE.ElmSubstat\E12.ElmTerm\Cub_1.StaCubic\ZHNSAE_ZLMINE-L2-7SD52.ElmRelay,Distance/Overcurrent/Voltage,f2,45.5,0.0,0.0,1,1,1,0,E12,,138.0,Cub_1,,138 kV Hainamosa – Los Mina L2,ElmLne,ZHNSAE_ZLMINE-L2,1,0,0,0,0,0
,ZHNSAE_ZLMINE-L2-7SD52,\VM-PF.IntUser\PDD 30-09-2025.IntPrj\Network Model.IntPrjfolder\Network Data.IntPrjfolder\CENTRAL 138 kV.ElmNet\Hainamosa.ElmSite\ZHNSAE.ElmSubstat\E12.ElmTerm\Cub_1.StaCubic\ZHNSAE_ZLMINE-L2-7SD52.ElmRelay,Distance/Overcurrent/Voltage,f3,45.5,0.0,0.0,1,1,1,0,E12,,138.0,Cub_1,,138 kV Hainamosa – Los Mina L2,ElmLne,ZHNSAE_ZLMINE-L2,1,0,0,0,0,0
,ZHNSAE_ZLMINE-L2-7SD52,\VM-PF.IntUser\PDD 30-09-2025.IntPrj\Network Model.IntPrjfolder\Network Data.IntPrjfolder\CENTRAL 138 kV.ElmNet\Hainamosa.ElmSite\ZHNSAE.ElmSubstat\E12.ElmTerm\Cub_1.StaCubic\ZHNSAE_ZLMINE-L2-7SD52.ElmRelay,Distance/Overcurrent/Voltage,f4,45.5,0.0,0.0,1,1,1,0,E12,,138.0,Cub_1,,138 kV Hainamosa – Los Mina L2,ElmLne,ZHNSAE_ZLMINE-L2,1,0,0,0,0,0
,ZHNSAE_ZVMELE-L1-7SA6,\VM-PF.IntUser\PDD 30-09-2025.IntPrj\Network Model.IntPrjfolder\Network Data.IntPrjfolder\CENTRAL 138 kV.ElmNet\Hainamosa.ElmSite\ZHNSAE.ElmSubstat\E16.ElmTerm\Cub_1.StaCubic\ZHNSAE_ZVMELE-L1-7SA6.ElmRelay,Frequency (50Hz),f1,49.5,0.0,60.0,1,0,1,0,E16,,138.0,Cub_1,,138 kV Hainamosa – Villa Mella_a,ElmLne,ZHNSAE_ZXVM2E-L1,1,0,0,0,0,0
,ZHNSAE_ZVMELE-L1-7SA6,\VM-PF.IntUser\PDD 30-09-2025.IntPrj\Network Model.IntPrjfolder\Network Data.IntPrjfolder\CENTRAL 138 kV.ElmNet\Hainamosa.ElmSite\ZHNSAE.ElmSubstat\E16.ElmTerm\Cub_1.StaCubic\ZHNSAE_ZVMELE-L1-7SA6.ElmRelay,Frequency (50Hz),f2,49.0,0.0,30.0,1,0,1,0,E16,,138.0,Cub_1,,138 kV Hainamosa – Villa Mella_a,ElmLne,ZHNSAE_ZXVM2E-L1,1,0,0,0,0,0
,ZHNSAE_ZVMELE-L1-7SA6,\VM-PF.IntUser\PDD 30-09-2025.IntPrj\Network Model.IntPrjfolder\Network Data.IntPrjfolder\CENTRAL 138 kV.ElmNet\Hainamosa.ElmSite\ZHNSAE.ElmSubstat\E16.ElmTerm\Cub_1.StaCubic\ZHNSAE_ZVMELE-L1-7SA6.ElmRelay,Frequency (50Hz),f3,47.5,0.0,3.0,1,0,1,0,E16,,138.0,Cub_1,,138 kV Hainamosa – Villa Mella_a,ElmLne,ZHNSAE_ZXVM2E-L1,1,0,0,0,0,0
,ZHNSAE_ZVMELE-L1-7SA6,\VM-PF.IntUser\PDD 30-09-2025.IntPrj\Network Model.IntPrjfolder\Network Data.IntPrjfolder\CENTRAL 138 kV.ElmNet\Hainamosa.ElmSite\ZHNSAE.ElmSubstat\E16.ElmTerm\Cub_1.StaCubic\ZHNSAE_ZVMELE-L1-7SA6.ElmRelay,Frequency (50Hz),f4,51.0,0.0,30.0,1,0,1,0,E16,,138.0,Cub_1,,138 kV Hainamosa – Villa Mella_a,ElmLne,ZHNSAE_ZXVM2E-L1,1,0,0,0,0,0
,ZHNSAE_ZVMELE-L1-7SA6,\VM-PF.IntUser\PDD 30-09-2025.IntPrj\Network Model.IntPrjfolder\Network Data.IntPrjfolder\CENTRAL 138 kV.ElmNet\Hainamosa.ElmSite\ZHNSAE.ElmSubstat\E16.ElmTerm\Cub_1.StaCubic\ZHNSAE_ZVMELE-L1-7SA6.ElmRelay,Frequency (60Hz),f1,59.5,0.0,60.0,1,1,1,0,E16,,138.0,Cub_1,,138 kV Hainamosa – Villa Mella_a,ElmLne,ZHNSAE_ZXVM2E-L1,1,0,0,0,0,0
,ZHNSAE_ZVMELE-L1-7SA6,\VM-PF.IntUser\PDD 30-09-2025.IntPrj\Network Model.IntPrjfolder\Network Data.IntPrjfolder\CENTRAL 138 kV.ElmNet\Hainamosa.ElmSite\ZHNSAE.ElmSubstat\E16.ElmTerm\Cub_1.StaCubic\ZHNSAE_ZVMELE-L1-7SA6.ElmRelay,Frequency (60Hz),f2,57.0,0.0,30.0,1,1,1,0,E16,,138.0,Cub_1,,138 kV Hainamosa – Villa Mella_a,ElmLne,ZHNSAE_ZXVM2E-L1,1,0,0,0,0,0
,ZHNSAE_ZVMELE-L1-7SA6,\VM-PF.IntUser\PDD 30-09-2025.IntPrj\Network Model.IntPrjfolder\Network Data.IntPrjfolder\CENTRAL 138 kV.ElmNet\Hainamosa.ElmSite\ZHNSAE.ElmSubstat\E16.ElmTerm\Cub_1.StaCubic\ZHNSAE_ZVMELE-L1-7SA6.ElmRelay,Frequency (60Hz),f3,59.5,0.0,3.0,1,1,1,0,E16,,138.0,Cub_1,,138 kV Hainamosa – Villa Mella_a,ElmLne,ZHNSAE_ZXVM2E-L1,1,0,0,0,0,0
,ZHNSAE_ZVMELE-L1-7SA6,\VM-PF.IntUser\PDD 30-09-2025.IntPrj\Network Model.IntPrjfolder\Network Data.IntPrjfolder\CENTRAL 138 kV.ElmNet\Hainamosa.ElmSite\ZHNSAE.ElmSubstat\E16.ElmTerm\Cub_1.StaCubic\ZHNSAE_ZVMELE-L1-7SA6.ElmRelay,Frequency (60Hz),f4,62.0,0.0,30.0,1,1,1,0,E16,,138.0,Cub_1,,138 kV Hainamosa – Villa Mella_a,ElmLne,ZHNSAE_ZXVM2E-L1,1,0,0,0,0,0
,ZHNSAE_ZEBRIE-L1-7SA6,\VM-PF.IntUser\PDD 30-09-2025.IntPrj\Network Model.IntPrjfolder\Network Data.IntPrjfolder\CENTRAL 138 kV.ElmNet\Hainamosa.ElmSite\ZHNSAE.ElmSubstat\E15.ElmTerm\Cub_1.StaCubic\ZHNSAE_ZEBRIE-L1-7SA6.ElmRelay,Frequency (50Hz),f1,49.5,0.0,60.0,1,0,1,0,E15,,138.0,Cub_1,,138 kV El Brisal – Hainamosa_a,ElmLne,ZHNSAE_ZXEBR1-L1,1,0,0,0,0,0
,ZHNSAE_ZEBRIE-L1-7SA6,\VM-PF.IntUser\PDD 30-09-2025.IntPrj\Network Model.IntPrjfolder\Network Data.IntPrjfolder\CENTRAL 138 kV.ElmNet\Hainamosa.ElmSite\ZHNSAE.ElmSubstat\E15.ElmTerm\Cub_1.StaCubic\ZHNSAE_ZEBRIE-L1-7SA6.ElmRelay,Frequency (50Hz),f2,49.0,0.0,30.0,1,0,1,0,E15,,138.0,Cub_1,,138 kV El Brisal – Hainamosa_a,ElmLne,ZHNSAE_ZXEBR1-L1,1,0,0,0,0,0
,ZHNSAE_ZEBRIE-L1-7SA6,\VM-PF.IntUser\PDD 30-09-2025.IntPrj\Network Model.IntPrjfolder\Network Data.IntPrjfolder\CENTRAL 138 kV.ElmNet\Hainamosa.ElmSite\ZHNSAE.ElmSubstat\E15.ElmTerm\Cub_1.StaCubic\ZHNSAE_ZEBRIE-L1-7SA6.ElmRelay,Frequency (50Hz),f3,47.5,0.0,3.0,1,0,1,0,E15,,138.0,Cub_1,,138 kV El Brisal – Hainamosa_a,ElmLne,ZHNSAE_ZXEBR1-L1,1,0,0,0,0,0
,ZHNSAE_ZEBRIE-L1-7SA6,\VM-PF.IntUser\PDD 30-09-2025.IntPrj\Network Model.IntPrjfolder\Network Data.IntPrjfolder\CENTRAL 138 kV.ElmNet\Hainamosa.ElmSite\ZHNSAE.ElmSubstat\E15.ElmTerm\Cub_1.StaCubic\ZHNSAE_ZEBRIE-L1-7SA6.ElmRelay,Frequency (50Hz),f4,51.0,0.0,30.0,1,0,1,0,E15,,138.0,Cub_1,,138 kV El Brisal – Hainamosa_a,ElmLne,ZHNSAE_ZXEBR1-L1,1,0,0,0,0,0
,ZHNSAE_ZEBRIE-L1-7SA6,\VM-PF.IntUser\PDD 30-09-2025.IntPrj\Network Model.IntPrjfolder\Network Data.IntPrjfolder\CENTRAL 138 kV.ElmNet\Hainamosa.ElmSite\ZHNSAE.ElmSubstat\E15.ElmTerm\Cub_1.StaCubic\ZHNSAE_ZEBRIE-L1-7SA6.ElmRelay,Frequency (60Hz),f1,59.5,0.0,60.0,1,1,1,0,E15,,138.0,Cub_1,,138 kV El Brisal – Hainamosa_a,ElmLne,ZHNSAE_ZXEBR1-L1,1,0,0,0,0,0
,ZHNSAE_ZEBRIE-L1-7SA6,\VM-PF.IntUser\PDD 30-09-2025.IntPrj\Network Model.IntPrjfolder\Network Data.IntPrjfolder\CENTRAL 138 kV.ElmNet\Hainamosa.ElmSite\ZHNSAE.ElmSubstat\E15.ElmTerm\Cub_1.StaCubic\ZHNSAE_ZEBRIE-L1-7SA6.ElmRelay,Frequency (60Hz),f2,57.0,0.0,30.0,1,1,1,0,E15,,138.0,Cub_1,,138 kV El Brisal – Hainamosa_a,ElmLne,ZHNSAE_ZXEBR1-L1,1,0,0,0,0,0
,ZHNSAE_ZEBRIE-L1-7SA6,\VM-PF.IntUser\PDD 30-09-2025.IntPrj\Network Model.IntPrjfolder\Network Data.IntPrjfolder\CENTRAL 138 kV.ElmNet\Hainamosa.ElmSite\ZHNSAE.ElmSubstat\E15.ElmTerm\Cub_1.StaCubic\ZHNSAE_ZEBRIE-L1-7SA6.ElmRelay,Frequency (60Hz),f3,59.5,0.0,3.0,1,1,1,0,E15,,138.0,Cub_1,,138 kV El Brisal – Hainamosa_a,ElmLne,ZHNSAE_ZXEBR1-L1,1,0,0,0,0,0
,ZHNSAE_ZEBRIE-L1-7SA6,\VM-PF.IntUser\PDD 30-09-2025.IntPrj\Network Model.IntPrjfolder\Network Data.IntPrjfolder\CENTRAL 138 kV.ElmNet\Hainamosa.ElmSite\ZHNSAE.ElmSubstat\E15.ElmTerm\Cub_1.StaCubic\ZHNSAE_ZEBRIE-L1-7SA6.ElmRelay,Frequency (60Hz),f4,62.0,0.0,30.0,1,1,1,0,E15,,138.0,Cub_1,,138 kV El Brisal – Hainamosa_a,ElmLne,ZHNSAE_ZXEBR1-L1,1,0,0,0,0,0
,ZHNSAE_ZVDU1E-L1-7SA6,\VM-PF.IntUser\PDD 30-09-2025.IntPrj\Network Model.IntPrjfolder\Network Data.IntPrjfolder\CENTRAL 138 kV.ElmNet\Hainamosa.ElmSite\ZHNSAE.ElmSubstat\E17.ElmTerm\Cub_1.StaCubic\ZHNSAE_ZVDU1E-L1-7SA6.ElmRelay,Frequency (50Hz),f1,49.5,0.0,60.0,1,0,1,0,E17,,138.0,Cub_1,,,,,0,0,0,0,0,0
,ZHNSAE_ZVDU1E-L1-7SA6,\VM-PF.IntUser\PDD 30-09-2025.IntPrj\Network Model.IntPrjfolder\Network Data.IntPrjfolder\CENTRAL 138 kV.ElmNet\Hainamosa.ElmSite\ZHNSAE.ElmSubstat\E17.ElmTerm\Cub_1.StaCubic\ZHNSAE_ZVDU1E-L1-7SA6.ElmRelay,Frequency (50Hz),f2,49.0,0.0,30.0,1,0,1,0,E17,,138.0,Cub_1,,,,,0,0,0,0,0,0
,ZHNSAE_ZVDU1E-L1-7SA6,\VM-PF.IntUser\PDD 30-09-2025.IntPrj\Network Model.IntPrjfolder\Network Data.IntPrjfolder\CENTRAL 138 kV.ElmNet\Hainamosa.ElmSite\ZHNSAE.ElmSubstat\E17.ElmTerm\Cub_1.StaCubic\ZHNSAE_ZVDU1E-L1-7SA6.ElmRelay,Frequency (50Hz),f3,47.5,0.0,3.0,1,0,1,0,E17,,138.0,Cub_1,,,,,0,0,0,0,0,0
,ZHNSAE_ZVDU1E-L1-7SA6,\VM-PF.IntUser\PDD 30-09-2025.IntPrj\Network Model.IntPrjfolder\Network Data.IntPrjfolder\CENTRAL 138 kV.ElmNet\Hainamosa.ElmSite\ZHNSAE.ElmSubstat\E17.ElmTerm\Cub_1.StaCubic\ZHNSAE_ZVDU1E-L1-7SA6.ElmRelay,Frequency (50Hz),f4,51.0,0.0,30.0,1,0,1,0,E17,,138.0,Cub_1,,,,,0,0,0,0,0,0
,ZHNSAE_ZVDU1E-L1-7SA6,\VM-PF.IntUser\PDD 30-09-2025.IntPrj\Network Model.IntPrjfolder\Network Data.IntPrjfolder\CENTRAL 138 kV.ElmNet\Hainamosa.ElmSite\ZHNSAE.ElmSubstat\E17.ElmTerm\Cub_1.StaCubic\ZHNSAE_ZVDU1E-L1-7SA6.ElmRelay,Frequency (60Hz),f1,59.5,0.0,60.0,1,1,1,0,E17,,138.0,Cub_1,,,,,0,0,0,0,0,0
,ZHNSAE_ZVDU1E-L1-7SA6,\VM-PF.IntUser\PDD 30-09-2025.IntPrj\Network Model.IntPrjfolder\Network Data.IntPrjfolder\CENTRAL 138 kV.ElmNet\Hainamosa.ElmSite\ZHNSAE.ElmSubstat\E17.ElmTerm\Cub_1.StaCubic\ZHNSAE_ZVDU1E-L1-7SA6.ElmRelay,Frequency (60Hz),f2,57.0,0.0,30.0,1,1,1,0,E17,,138.0,Cub_1,,,,,0,0,0,0,0,0
,ZHNSAE_ZVDU1E-L1-7SA6,\VM-PF.IntUser\PDD 30-09-2025.IntPrj\Network Model.IntPrjfolder\Network Data.IntPrjfolder\CENTRAL 138 kV.ElmNet\Hainamosa.ElmSite\ZHNSAE.ElmSubstat\E17.ElmTerm\Cub_1.StaCubic\ZHNSAE_ZVDU1E-L1-7SA6.ElmRelay,Frequency (60Hz),f3,59.5,0.0,3.0,1,1,1,0,E17,,138.0,Cub_1,,,,,0,0,0,0,0,0
,ZHNSAE_ZVDU1E-L1-7SA6,\VM-PF.IntUser\PDD 30-09-2025.IntPrj\Network Model.IntPrjfolder\Network Data.IntPrjfolder\CENTRAL 138 kV.ElmNet\Hainamosa.ElmSite\ZHNSAE.ElmSubstat\E17.ElmTerm\Cub_1.StaCubic\ZHNSAE_ZVDU1E-L1-7SA6.ElmRelay,Frequency (60Hz),f4,62.0,0.0,30.0,1,1,1,0,E17,,138.0,Cub_1,,,,,0,0,0,0,0,0
,HAINAMOSA 138,\VM-PF.IntUser\PDD 30-09-2025.IntPrj\Network Model.IntPrjfolder\Network Data.IntPrjfolder\CENTRAL 138 kV.ElmNet\Hainamosa.ElmSite\ZHNSAE.ElmSubstat\E6.ElmTerm\Cub_1.StaCubic\HAINAMOSA 138.ElmRelay,,EDE 1 F<,59.29999923706055,0.0,0.10000000149011612,1,,0,0,E6,,138.0,Cub_1,,Demanda 1 Hainamosa,ElmLod,ZHNS1E-D1,0,1,24.67,10.32,0,0
,HAINAMOSA 138,\VM-PF.IntUser\PDD 30-09-2025.IntPrj\Network Model.IntPrjfolder\Network Data.IntPrjfolder\CENTRAL 138 kV.ElmNet\Hainamosa.ElmSite\ZHNSAE.ElmSubstat\E6.ElmTerm\Cub_1.StaCubic\HAINAMOSA 138.ElmRelay,,EDE 2 F<,59.20000076293945,0.0,0.10000000149011612,0,,0,1,E6,,138.0,Cub_1,,Demanda 1 Hainamosa,ElmLod,ZHNS1E-D1,0,1,24.67,10.32,0,0
,HAINAMOSA 138,\VM-PF.IntUser\PDD 30-09-2025.IntPrj\Network Model.IntPrjfolder\Network Data.IntPrjfolder\CENTRAL 138 kV.ElmNet\Hainamosa.ElmSite\ZHNSAE.ElmSubstat\E6.ElmTerm\Cub_1.StaCubic\HAINAMOSA 138.ElmRelay,,EDE 3 F<,59.099998474121094,0.0,0.10000000149011612,1,,0,0,E6,,138.0,Cub_1,,Demanda 1 Hainamosa,ElmLod,ZHNS1E-D1,0,1,24.67,10.32,0,0
,HAINAMOSA 138,\VM-PF.IntUser\PDD 30-09-2025.IntPrj\Network Model.IntPrjfolder\Network Data.IntPrjfolder\CENTRAL 138 kV.ElmNet\Hainamosa.ElmSite\ZHNSAE.ElmSubstat\E6.ElmTerm\Cub_1.StaCubic\HAINAMOSA 138.ElmRelay,,EDE 4 F<,59.0,0.0,0.10000000149011612,1,,0,0,E6,,138.0,Cub_1,,Demanda 1 Hainamosa,ElmLod,ZHNS1E-D1,0,1,24.67,10.32,0,0
,HAINAMOSA 138,\VM-PF.IntUser\PDD 30-09-2025.IntPrj\Network Model.IntPrjfolder\Network Data.IntPrjfolder\CENTRAL 138 kV.ElmNet\Hainamosa.ElmSite\ZHNSAE.ElmSubstat\E6.ElmTerm\Cub_1.StaCubic\HAINAMOSA 138.ElmRelay,,EDE 5 F<,58.900001525878906,0.0,0.10000000149011612,1,,0,0,E6,,138.0,Cub_1,,Demanda 1 Hainamosa,ElmLod,ZHNS1E-D1,0,1,24.67,10.32,0,0
,HAINAMOSA 138,\VM-PF.IntUser\PDD 30-09-2025.IntPrj\Network Model.IntPrjfolder\Network Data.IntPrjfolder\CENTRAL 138 kV.ElmNet\Hainamosa.ElmSite\ZHNSAE.ElmSubstat\E6.ElmTerm\Cub_1.StaCubic\HAINAMOSA 138.ElmRelay,,EDE 6 F<,58.79999923706055,0.0,0.10000000149011612,1,,0,0,E6,,138.0,Cub_1,,Demanda 1 Hainamosa,ElmLod,ZHNS1E-D1,0,1,24.67,10.32,0,0
,HAINAMOSA 138 dF/dt,\VM-PF.IntUser\PDD 30-09-2025.IntPrj\Network Model.IntPrjfolder\Network Data.IntPrjfolder\CENTRAL 138 kV.ElmNet\Hainamosa.ElmSite\ZHNSAE.ElmSubstat\E6.ElmTerm\Cub_1.StaCubic\HAINAMOSA 138 dF/dt.ElmRelay,,EDE 0 F<,58.70000076293945,0.0,0.10000000149011612,1,,0,0,E6,,138.0,Cub_1,,Demanda 1 Hainamosa,ElmLod,ZHNS1E-D1,0,1,24.67,10.32,0,0
,HAINAMOSA 138 dF/dt,\VM-PF.IntUser\PDD 30-09-2025.IntPrj\Network Model.IntPrjfolder\Network Data.IntPrjfolder\CENTRAL 138 kV.ElmNet\Hainamosa.ElmSite\ZHNSAE.ElmSubstat\E6.ElmTerm\Cub_1.StaCubic\HAINAMOSA 138 dF/dt.ElmRelay,,EDE 0 Start-dF/dt,59.29999923706055,0.0,0.10000000149011612,0,,0,1,E6,,138.0,Cub_1,,Demanda 1 Hainamosa,ElmLod,ZHNS1E-D1,0,1,24.67,10.32,0,0
,HAINAMOSA 138 dF/dt,\VM-PF.IntUser\PDD 30-09-2025.IntPrj\Network Model.IntPrjfolder\Network Data.IntPrjfolder\CENTRAL 138 kV.ElmNet\Hainamosa.ElmSite\ZHNSAE.ElmSubstat\E6.ElmTerm\Cub_1.StaCubic\HAINAMOSA 138 dF/dt.ElmRelay,,EDE 0 dF/dt,59.099998474121094,-2.0,0.10000000149011612,0,,0,1,E6,,138.0,Cub_1,,Demanda 1 Hainamosa,ElmLod,ZHNS1E-D1,0,1,24.67,10.32,0,0
,HAINAMOSA 138 dF/dt,\VM-PF.IntUser\PDD 30-09-2025.IntPrj\Network Model.IntPrjfolder\Network Data.IntPrjfolder\CENTRAL 138 kV.ElmNet\Hainamosa.ElmSite\ZHNSAE.ElmSubstat\E6.ElmTerm\Cub_1.StaCubic\HAINAMOSA 138 dF/dt.ElmRelay,,EDE 1 F<,58.70000076293945,0.0,0.10000000149011612,1,,0,0,E6,,138.0,Cub_1,,Demanda 1 Hainamosa,ElmLod,ZHNS1E-D1,0,1,24.67,10.32,0,0
,HAINAMOSA 138 dF/dt,\VM-PF.IntUser\PDD 30-09-2025.IntPrj\Network Model.IntPrjfolder\Network Data.IntPrjfolder\CENTRAL 138 kV.ElmNet\Hainamosa.ElmSite\ZHNSAE.ElmSubstat\E6.ElmTerm\Cub_1.StaCubic\HAINAMOSA 138 dF/dt.ElmRelay,,EDE 1 Start-dF/dt,59.29999923706055,0.0,0.10000000149011612,1,,0,0,E6,,138.0,Cub_1,,Demanda 1 Hainamosa,ElmLod,ZHNS1E-D1,0,1,24.67,10.32,0,0
,HAINAMOSA 138 dF/dt,\VM-PF.IntUser\PDD 30-09-2025.IntPrj\Network Model.IntPrjfolder\Network Data.IntPrjfolder\CENTRAL 138 kV.ElmNet\Hainamosa.ElmSite\ZHNSAE.ElmSubstat\E6.ElmTerm\Cub_1.StaCubic\HAINAMOSA 138 dF/dt.ElmRelay,,EDE 1 dF/dt,58.79999923706055,-2.0,0.10000000149011612,1,,0,0,E6,,138.0,Cub_1,,Demanda 1 Hainamosa,ElmLod,ZHNS1E-D1,0,1,24.67,10.32,0,0
,HAINAMOSA 138 dF/dt,\VM-PF.IntUser\PDD 30-09-2025.IntPrj\Network Model.IntPrjfolder\Network Data.IntPrjfolder\CENTRAL 138 kV.ElmNet\Hainamosa.ElmSite\ZHNSAE.ElmSubstat\E6.ElmTerm\Cub_1.StaCubic\HAINAMOSA 138 dF/dt.ElmRelay,,EDE 2 F<,59.20000076293945,0.0,0.0,1,,0,0,E6,,138.0,Cub_1,,Demanda 1 Hainamosa,ElmLod,ZHNS1E-D1,0,1,24.67,10.32,0,0
,HAINAMOSA 138 dF/dt,\VM-PF.IntUser\PDD 30-09-2025.IntPrj\Network Model.IntPrjfolder\Network Data.IntPrjfolder\CENTRAL 138 kV.ElmNet\Hainamosa.ElmSite\ZHNSAE.ElmSubstat\E6.ElmTerm\Cub_1.StaCubic\HAINAMOSA 138 dF/dt.ElmRelay,,EDE 2 Start-dF/dt,59.20000076293945,0.0,0.0,1,,0,0,E6,,138.0,Cub_1,,Demanda 1 Hainamosa,ElmLod,ZHNS1E-D1,0,1,24.67,10.32,0,0
,HAINAMOSA 138 dF/dt,\VM-PF.IntUser\PDD 30-09-2025.IntPrj\Network Model.IntPrjfolder\Network Data.IntPrjfolder\CENTRAL 138 kV.ElmNet\Hainamosa.ElmSite\ZHNSAE.ElmSubstat\E6.ElmTerm\Cub_1.StaCubic\HAINAMOSA 138 dF/dt.ElmRelay,,EDE 2 dF/dt,0.0,-2.0,0.0,1,,0,0,E6,,138.0,Cub_1,,Demanda 1 Hainamosa,ElmLod,ZHNS1E-D1,0,1,24.67,10.32,0,0
,HAINAMOSA 138 dF/dt,\VM-PF.IntUser\PDD 30-09-2025.IntPrj\Network Model.IntPrjfolder\Network Data.IntPrjfolder\CENTRAL 138 kV.ElmNet\Hainamosa.ElmSite\ZHNSAE.ElmSubstat\E6.ElmTerm\Cub_1.StaCubic\HAINAMOSA 138 dF/dt.ElmRelay,,EDE 3 F<,59.099998474121094,0.0,0.0,1,,0,0,E6,,138.0,Cub_1,,Demanda 1 Hainamosa,ElmLod,ZHNS1E-D1,0,1,24.67,10.32,0,0
,HAINAMOSA 138 dF/dt,\VM-PF.IntUser\PDD 30-09-2025.IntPrj\Network Model.IntPrjfolder\Network Data.IntPrjfolder\CENTRAL 138 kV.ElmNet\Hainamosa.ElmSite\ZHNSAE.ElmSubstat\E6.ElmTerm\Cub_1.StaCubic\HAINAMOSA 138 dF/dt.ElmRelay,,EDE 3 Start-dF/dt,59.099998474121094,0.0,0.0,1,,0,0,E6,,138.0,Cub_1,,Demanda 1 Hainamosa,ElmLod,ZHNS1E-D1,0,1,24.67,10.32,0,0
,HAINAMOSA 138 dF/dt,\VM-PF.IntUser\PDD 30-09-2025.IntPrj\Network Model.IntPrjfolder\Network Data.IntPrjfolder\CENTRAL 138 kV.ElmNet\Hainamosa.ElmSite\ZHNSAE.ElmSubstat\E6.ElmTerm\Cub_1.StaCubic\HAINAMOSA 138 dF/dt.ElmRelay,,EDE 3 dF/dt,0.0,-2.0,0.0,1,,0,0,E6,,138.0,Cub_1,,Demanda 1 Hainamosa,ElmLod,ZHNS1E-D1,0,1,24.67,10.32,0,0
,HAINAMOSA 138 dF/dt,\VM-PF.IntUser\PDD 30-09-2025.IntPrj\Network Model.IntPrjfolder\Network Data.IntPrjfolder\CENTRAL 138 kV.ElmNet\Hainamosa.ElmSite\ZHNSAE.ElmSubstat\E6.ElmTerm\Cub_1.StaCubic\HAINAMOSA 138 dF/dt.ElmRelay,,EDE 4 F<,59.0,0.0,0.0,1,,0,0,E6,,138.0,Cub_1,,Demanda 1 Hainamosa,ElmLod,ZHNS1E-D1,0,1,24.67,10.32,0,0
,HAINAMOSA 138 dF/dt,\VM-PF.IntUser\PDD 30-09-2025.IntPrj\Network Model.IntPrjfolder\Network Data.IntPrjfolder\CENTRAL 138 kV.ElmNet\Hainamosa.ElmSite\ZHNSAE.ElmSubstat\E6.ElmTerm\Cub_1.StaCubic\HAINAMOSA 138 dF/dt.ElmRelay,,EDE 4 Start-dF/dt,59.0,0.0,0.0,1,,0,0,E6,,138.0,Cub_1,,Demanda 1 Hainamosa,ElmLod,ZHNS1E-D1,0,1,24.67,10.32,0,0
,HAINAMOSA 138 dF/dt,\VM-PF.IntUser\PDD 30-09-2025.IntPrj\Network Model.IntPrjfolder\Network Data.IntPrjfolder\CENTRAL 138 kV.ElmNet\Hainamosa.ElmSite\ZHNSAE.ElmSubstat\E6.ElmTerm\Cub_1.StaCubic\HAINAMOSA 138 dF/dt.ElmRelay,,EDE 4 dF/dt,0.0,-2.0,0.0,1,,0,0,E6,,138.0,Cub_1,,Demanda 1 Hainamosa,ElmLod,ZHNS1E-D1,0,1,24.67,10.32,0,0
,HAINAMOSA 138 dF/dt,\VM-PF.IntUser\PDD 30-09-2025.IntPrj\Network Model.IntPrjfolder\Network Data.IntPrjfolder\CENTRAL 138 kV.ElmNet\Hainamosa.ElmSite\ZHNSAE.ElmSubstat\E6.ElmTerm\Cub_1.StaCubic\HAINAMOSA 138 dF/dt.ElmRelay,,EDE 5 F<,58.900001525878906,0.0,0.0,1,,0,0,E6,,138.0,Cub_1,,Demanda 1 Hainamosa,ElmLod,ZHNS1E-D1,0,1,24.67,10.32,0,0
,HAINAMOSA 138 dF/dt,\VM-PF.IntUser\PDD 30-09-2025.IntPrj\Network Model.IntPrjfolder\Network Data.IntPrjfolder\CENTRAL 138 kV.ElmNet\Hainamosa.ElmSite\ZHNSAE.ElmSubstat\E6.ElmTerm\Cub_1.StaCubic\HAINAMOSA 138 dF/dt.ElmRelay,,EDE 5 Start-dF/dt,58.900001525878906,0.0,0.0,1,,0,0,E6,,138.0,Cub_1,,Demanda 1 Hainamosa,ElmLod,ZHNS1E-D1,0,1,24.67,10.32,0,0
,HAINAMOSA 138 dF/dt,\VM-PF.IntUser\PDD 30-09-2025.IntPrj\Network Model.IntPrjfolder\Network Data.IntPrjfolder\CENTRAL 138 kV.ElmNet\Hainamosa.ElmSite\ZHNSAE.ElmSubstat\E6.ElmTerm\Cub_1.StaCubic\HAINAMOSA 138 dF/dt.ElmRelay,,EDE 5 dF/dt,0.0,-2.0,0.0,1,,0,0,E6,,138.0,Cub_1,,Demanda 1 Hainamosa,ElmLod,ZHNS1E-D1,0,1,24.67,10.32,0,0
,HAINAMOSA 138 dF/dt,\VM-PF.IntUser\PDD 30-09-2025.IntPrj\Network Model.IntPrjfolder\Network Data.IntPrjfolder\CENTRAL 138 kV.ElmNet\Hainamosa.ElmSite\ZHNSAE.ElmSubstat\E6.ElmTerm\Cub_1.StaCubic\HAINAMOSA 138 dF/dt.ElmRelay,,EDE 6 F<,58.79999923706055,0.0,0.0,1,,0,0,E6,,138.0,Cub_1,,Demanda 1 Hainamosa,ElmLod,ZHNS1E-D1,0,1,24.67,10.32,0,0
,HAINAMOSA 138 dF/dt,\VM-PF.IntUser\PDD 30-09-2025.IntPrj\Network Model.IntPrjfolder\Network Data.IntPrjfolder\CENTRAL 138 kV.ElmNet\Hainamosa.ElmSite\ZHNSAE.ElmSubstat\E6.ElmTerm\Cub_1.StaCubic\HAINAMOSA 138 dF/dt.ElmRelay,,EDE 6 Start-dF/dt,58.79999923706055,0.0,0.0,1,,0,0,E6,,138.0,Cub_1,,Demanda 1 Hainamosa,ElmLod,ZHNS1E-D1,0,1,24.67,10.32,0,0
,HAINAMOSA 138 dF/dt,\VM-PF.IntUser\PDD 30-09-2025.IntPrj\Network Model.IntPrjfolder\Network Data.IntPrjfolder\CENTRAL 138 kV.ElmNet\Hainamosa.ElmSite\ZHNSAE.ElmSubstat\E6.ElmTerm\Cub_1.StaCubic\HAINAMOSA 138 dF/dt.ElmRelay,,EDE 6 dF/dt,0.0,-2.0,0.0,1,,0,0,E6,,138.0,Cub_1,,Demanda 1 Hainamosa,ElmLod,ZHNS1E-D1,0,1,24.67,10.32,0,0
,ZHNSAE_ZBCHIE-L1-7SD52,\VM-PF.IntUser\PDD 30-09-2025.IntPrj\Network Model.IntPrjfolder\Network Data.IntPrjfolder\CENTRAL 138 kV.ElmNet\Hainamosa.ElmSite\ZHNSAE.ElmSubstat\E5.ElmTerm\Cub_1.StaCubic\ZHNSAE_ZBCHIE-L1-7SD52.ElmRelay,Distance/Overcurrent/Voltage,f1,45.5,0.0,0.0,1,1,1,0,E5,,138.0,Cub_1,,138 kV Boca Chica – Hainamosa_b,ElmLne,ZHNSAE_ZXBC2E-L1,1,0,0,0,0,0
,ZHNSAE_ZBCHIE-L1-7SD52,\VM-PF.IntUser\PDD 30-09-2025.IntPrj\Network Model.IntPrjfolder\Network Data.IntPrjfolder\CENTRAL 138 kV.ElmNet\Hainamosa.ElmSite\ZHNSAE.ElmSubstat\E5.ElmTerm\Cub_1.StaCubic\ZHNSAE_ZBCHIE-L1-7SD52.ElmRelay,Distance/Overcurrent/Voltage,f2,45.5,0.0,0.0,1,1,1,0,E5,,138.0,Cub_1,,138 kV Boca Chica – Hainamosa_b,ElmLne,ZHNSAE_ZXBC2E-L1,1,0,0,0,0,0
,ZHNSAE_ZBCHIE-L1-7SD52,\VM-PF.IntUser\PDD 30-09-2025.IntPrj\Network Model.IntPrjfolder\Network Data.IntPrjfolder\CENTRAL 138 kV.ElmNet\Hainamosa.ElmSite\ZHNSAE.ElmSubstat\E5.ElmTerm\Cub_1.StaCubic\ZHNSAE_ZBCHIE-L1-7SD52.ElmRelay,Distance/Overcurrent/Voltage,f3,45.5,0.0,0.0,1,1,1,0,E5,,138.0,Cub_1,,138 kV Boca Chica – Hainamosa_b,ElmLne,ZHNSAE_ZXBC2E-L1,1,0,0,0,0,0
,ZHNSAE_ZBCHIE-L1-7SD52,\VM-PF.IntUser\PDD 30-09-2025.IntPrj\Network Model.IntPrjfolder\Network Data.IntPrjfolder\CENTRAL 138 kV.ElmNet\Hainamosa.ElmSite\ZHNSAE.ElmSubstat\E5.ElmTerm\Cub_1.StaCubic\ZHNSAE_ZBCHIE-L1-7SD52.ElmRelay,Distance/Overcurrent/Voltage,f4,45.5,0.0,0.0,1,1,1,0,E5,,138.0,Cub_1,,138 kV Boca Chica – Hainamosa_b,ElmLne,ZHNSAE_ZXBC2E-L1,1,0,0,0,0,0
,ZHNSAE_ZJDOLE-L1-7SA6,\VM-PF.IntUser\PDD 30-09-2025.IntPrj\Network Model.IntPrjfolder\Network Data.IntPrjfolder\CENTRAL 138 kV.ElmNet\Hainamosa.ElmSite\ZHNSAE.ElmSubstat\E4.ElmTerm\Cub_1.StaCubic\ZHNSAE_ZJDOLE-L1-7SA6.ElmRelay,Frequency (50Hz),f1,49.5,0.0,60.0,1,0,1,0,E4,,138.0,Cub_1,,138 kV Hainamosa – Juan Dolio_a,ElmLne,ZHNSAE_ZXBC1E-L1,1,0,0,0,0,0
,ZHNSAE_ZJDOLE-L1-7SA6,\VM-PF.IntUser\PDD 30-09-2025.IntPrj\Network Model.IntPrjfolder\Network Data.IntPrjfolder\CENTRAL 138 kV.ElmNet\Hainamosa.ElmSite\ZHNSAE.ElmSubstat\E4.ElmTerm\Cub_1.StaCubic\ZHNSAE_ZJDOLE-L1-7SA6.ElmRelay,Frequency (50Hz),f2,49.0,0.0,30.0,1,0,1,0,E4,,138.0,Cub_1,,138 kV Hainamosa – Juan Dolio_a,ElmLne,ZHNSAE_ZXBC1E-L1,1,0,0,0,0,0
,ZHNSAE_ZJDOLE-L1-7SA6,\VM-PF.IntUser\PDD 30-09-2025.IntPrj\Network Model.IntPrjfolder\Network Data.IntPrjfolder\CENTRAL 138 kV.ElmNet\Hainamosa.ElmSite\ZHNSAE.ElmSubstat\E4.ElmTerm\Cub_1.StaCubic\ZHNSAE_ZJDOLE-L1-7SA6.ElmRelay,Frequency (50Hz),f3,47.5,0.0,3.0,1,0,1,0,E4,,138.0,Cub_1,,138 kV Hainamosa – Juan Dolio_a,ElmLne,ZHNSAE_ZXBC1E-L1,1,0,0,0,0,0
,ZHNSAE_ZJDOLE-L1-7SA6,\VM-PF.IntUser\PDD 30-09-2025.IntPrj\Network Model.IntPrjfolder\Network Data.IntPrjfolder\CENTRAL 138 kV.ElmNet\Hainamosa.ElmSite\ZHNSAE.ElmSubstat\E4.ElmTerm\Cub_1.StaCubic\ZHNSAE_ZJDOLE-L1-7SA6.ElmRelay,Frequency (50Hz),f4,51.0,0.0,30.0,1,0,1,0,E4,,138.0,Cub_1,,138 kV Hainamosa – Juan Dolio_a,ElmLne,ZHNSAE_ZXBC1E-L1,1,0,0,0,0,0
,ZHNSAE_ZJDOLE-L1-7SA6,\VM-PF.IntUser\PDD 30-09-2025.IntPrj\Network Model.IntPrjfolder\Network Data.IntPrjfolder\CENTRAL 138 kV.ElmNet\Hainamosa.ElmSite\ZHNSAE.ElmSubstat\E4.ElmTerm\Cub_1.StaCubic\ZHNSAE_ZJDOLE-L1-7SA6.ElmRelay,Frequency (60Hz),f1,59.5,0.0,60.0,1,1,1,0,E4,,138.0,Cub_1,,138 kV Hainamosa – Juan Dolio_a,ElmLne,ZHNSAE_ZXBC1E-L1,1,0,0,0,0,0
,ZHNSAE_ZJDOLE-L1-7SA6,\VM-PF.IntUser\PDD 30-09-2025.IntPrj\Network Model.IntPrjfolder\Network Data.IntPrjfolder\CENTRAL 138 kV.ElmNet\Hainamosa.ElmSite\ZHNSAE.ElmSubstat\E4.ElmTerm\Cub_1.StaCubic\ZHNSAE_ZJDOLE-L1-7SA6.ElmRelay,Frequency (60Hz),f2,57.0,0.0,30.0,1,1,1,0,E4,,138.0,Cub_1,,138 kV Hainamosa – Juan Dolio_a,ElmLne,ZHNSAE_ZXBC1E-L1,1,0,0,0,0,0
,ZHNSAE_ZJDOLE-L1-7SA6,\VM-PF.IntUser\PDD 30-09-2025.IntPrj\Network Model.IntPrjfolder\Network Data.IntPrjfolder\CENTRAL 138 kV.ElmNet\Hainamosa.ElmSite\ZHNSAE.ElmSubstat\E4.ElmTerm\Cub_1.StaCubic\ZHNSAE_ZJDOLE-L1-7SA6.ElmRelay,Frequency (60Hz),f3,59.5,0.0,3.0,1,1,1,0,E4,,138.0,Cub_1,,138 kV Hainamosa – Juan Dolio_a,ElmLne,ZHNSAE_ZXBC1E-L1,1,0,0,0,0,0
,ZHNSAE_ZJDOLE-L1-7SA6,\VM-PF.IntUser\PDD 30-09-2025.IntPrj\Network Model.IntPrjfolder\Network Data.IntPrjfolder\CENTRAL 138 kV.ElmNet\Hainamosa.ElmSite\ZHNSAE.ElmSubstat\E4.ElmTerm\Cub_1.StaCubic\ZHNSAE_ZJDOLE-L1-7SA6.ElmRelay,Frequency (60Hz),f4,62.0,0.0,30.0,1,1,1,0,E4,,138.0,Cub_1,,138 kV Hainamosa – Juan Dolio_a,ElmLne,ZHNSAE_ZXBC1E-L1,1,0,0,0,0,0
,ZHNSAE_ZPAL2E-L1-7SA6,\VM-PF.IntUser\PDD 30-09-2025.IntPrj\Network Model.IntPrjfolder\Network Data.IntPrjfolder\CENTRAL 138 kV.ElmNet\Hainamosa.ElmSite\ZHNSAE.ElmSubstat\E14.ElmTerm\Cub_1.StaCubic\ZHNSAE_ZPAL2E-L1-7SA6.ElmRelay,Frequency (50Hz),f1,49.5,0.0,60.0,1,0,1,0,E14,,138.0,Cub_1,,138 kV Hainamosa – Palamara_a,ElmLne,ZHNSAE_ZXVM1E-L1,1,0,0,0,0,0
,ZHNSAE_ZPAL2E-L1-7SA6,\VM-PF.IntUser\PDD 30-09-2025.IntPrj\Network Model.IntPrjfolder\Network Data.IntPrjfolder\CENTRAL 138 kV.ElmNet\Hainamosa.ElmSite\ZHNSAE.ElmSubstat\E14.ElmTerm\Cub_1.StaCubic\ZHNSAE_ZPAL2E-L1-7SA6.ElmRelay,Frequency (50Hz),f2,49.0,0.0,30.0,1,0,1,0,E14,,138.0,Cub_1,,138 kV Hainamosa – Palamara_a,ElmLne,ZHNSAE_ZXVM1E-L1,1,0,0,0,0,0
,ZHNSAE_ZPAL2E-L1-7SA6,\VM-PF.IntUser\PDD 30-09-2025.IntPrj\Network Model.IntPrjfolder\Network Data.IntPrjfolder\CENTRAL 138 kV.ElmNet\Hainamosa.ElmSite\ZHNSAE.ElmSubstat\E14.ElmTerm\Cub_1.StaCubic\ZHNSAE_ZPAL2E-L1-7SA6.ElmRelay,Frequency (50Hz),f3,47.5,0.0,3.0,1,0,1,0,E14,,138.0,Cub_1,,138 kV Hainamosa – Palamara_a,ElmLne,ZHNSAE_ZXVM1E-L1,1,0,0,0,0,0
,ZHNSAE_ZPAL2E-L1-7SA6,\VM-PF.IntUser\PDD 30-09-2025.IntPrj\Network Model.IntPrjfolder\Network Data.IntPrjfolder\CENTRAL 138 kV.ElmNet\Hainamosa.ElmSite\ZHNSAE.ElmSubstat\E14.ElmTerm\Cub_1.StaCubic\ZHNSAE_ZPAL2E-L1-7SA6.ElmRelay,Frequency (50Hz),f4,51.0,0.0,30.0,1,0,1,0,E14,,138.0,Cub_1,,138 kV Hainamosa – Palamara_a,ElmLne,ZHNSAE_ZXVM1E-L1,1,0,0,0,0,0
,ZHNSAE_ZPAL2E-L1-7SA6,\VM-PF.IntUser\PDD 30-09-2025.IntPrj\Network Model.IntPrjfolder\Network Data.IntPrjfolder\CENTRAL 138 kV.ElmNet\Hainamosa.ElmSite\ZHNSAE.ElmSubstat\E14.ElmTerm\Cub_1.StaCubic\ZHNSAE_ZPAL2E-L1-7SA6.ElmRelay,Frequency (60Hz),f1,59.5,0.0,60.0,1,1,1,0,E14,,138.0,Cub_1,,138 kV Hainamosa – Palamara_a,ElmLne,ZHNSAE_ZXVM1E-L1,1,0,0,0,0,0
,ZHNSAE_ZPAL2E-L1-7SA6,\VM-PF.IntUser\PDD 30-09-2025.IntPrj\Network Model.IntPrjfolder\Network Data.IntPrjfolder\CENTRAL 138 kV.ElmNet\Hainamosa.ElmSite\ZHNSAE.ElmSubstat\E14.ElmTerm\Cub_1.StaCubic\ZHNSAE_ZPAL2E-L1-7SA6.ElmRelay,Frequency (60Hz),f2,57.0,0.0,30.0,1,1,1,0,E14,,138.0,Cub_1,,138 kV Hainamosa – Palamara_a,ElmLne,ZHNSAE_ZXVM1E-L1,1,0,0,0,0,0
,ZHNSAE_ZPAL2E-L1-7SA6,\VM-PF.IntUser\PDD 30-09-2025.IntPrj\Network Model.IntPrjfolder\Network Data.IntPrjfolder\CENTRAL 138 kV.ElmNet\Hainamosa.ElmSite\ZHNSAE.ElmSubstat\E14.ElmTerm\Cub_1.StaCubic\ZHNSAE_ZPAL2E-L1-7SA6.ElmRelay,Frequency (60Hz),f3,59.5,0.0,3.0,1,1,1,0,E14,,138.0,Cub_1,,138 kV Hainamosa – Palamara_a,ElmLne,ZHNSAE_ZXVM1E-L1,1,0,0,0,0,0
,ZHNSAE_ZPAL2E-L1-7SA6,\VM-PF.IntUser\PDD 30-09-2025.IntPrj\Network Model.IntPrjfolder\Network Data.IntPrjfolder\CENTRAL 138 kV.ElmNet\Hainamosa.ElmSite\ZHNSAE.ElmSubstat\E14.ElmTerm\Cub_1.StaCubic\ZHNSAE_ZPAL2E-L1-7SA6.ElmRelay,Frequency (60Hz),f4,62.0,0.0,30.0,1,1,1,0,E14,,138.0,Cub_1,,138 kV Hainamosa – Palamara_a,ElmLne,ZHNSAE_ZXVM1E-L1,1,0,0,0,0,0
,ZHNSAE_ZAAINE-L1-7SA6,\VM-PF.IntUser\PDD 30-09-2025.IntPrj\Network Model.IntPrjfolder\Network Data.IntPrjfolder\CENTRAL 138 kV.ElmNet\Hainamosa.ElmSite\ZHNSAE.ElmSubstat\E1.ElmTerm\Cub_1.StaCubic\ZHNSAE_ZAAINE-L1-7SA6.ElmRelay,Frequency (50Hz),f1,49.5,0.0,60.0,1,0,1,0,E1,,138.0,Cub_1,,138 kV Guerra – Hainamosa L1,ElmLne,ZGUERE_ZHNSAE-L1,1,0,0,0,0,0
,ZHNSAE_ZAAINE-L1-7SA6,\VM-PF.IntUser\PDD 30-09-2025.IntPrj\Network Model.IntPrjfolder\Network Data.IntPrjfolder\CENTRAL 138 kV.ElmNet\Hainamosa.ElmSite\ZHNSAE.ElmSubstat\E1.ElmTerm\Cub_1.StaCubic\ZHNSAE_ZAAINE-L1-7SA6.ElmRelay,Frequency (50Hz),f2,49.0,0.0,30.0,1,0,1,0,E1,,138.0,Cub_1,,138 kV Guerra – Hainamosa L1,ElmLne,ZGUERE_ZHNSAE-L1,1,0,0,0,0,0
,ZHNSAE_ZAAINE-L1-7SA6,\VM-PF.IntUser\PDD 30-09-2025.IntPrj\Network Model.IntPrjfolder\Network Data.IntPrjfolder\CENTRAL 138 kV.ElmNet\Hainamosa.ElmSite\ZHNSAE.ElmSubstat\E1.ElmTerm\Cub_1.StaCubic\ZHNSAE_ZAAINE-L1-7SA6.ElmRelay,Frequency (50Hz),f3,47.5,0.0,3.0,1,0,1,0,E1,,138.0,Cub_1,,138 kV Guerra – Hainamosa L1,ElmLne,ZGUERE_ZHNSAE-L1,1,0,0,0,0,0
,ZHNSAE_ZAAINE-L1-7SA6,\VM-PF.IntUser\PDD 30-09-2025.IntPrj\Network Model.IntPrjfolder\Network Data.IntPrjfolder\CENTRAL 138 kV.ElmNet\Hainamosa.ElmSite\ZHNSAE.ElmSubstat\E1.ElmTerm\Cub_1.StaCubic\ZHNSAE_ZAAINE-L1-7SA6.ElmRelay,Frequency (50Hz),f4,51.0,0.0,30.0,1,0,1,0,E1,,138.0,Cub_1,,138 kV Guerra – Hainamosa L1,ElmLne,ZGUERE_ZHNSAE-L1,1,0,0,0,0,0
,ZHNSAE_ZAAINE-L1-7SA6,\VM-PF.IntUser\PDD 30-09-2025.IntPrj\Network Model.IntPrjfolder\Network Data.IntPrjfolder\CENTRAL 138 kV.ElmNet\Hainamosa.ElmSite\ZHNSAE.ElmSubstat\E1.ElmTerm\Cub_1.StaCubic\ZHNSAE_ZAAINE-L1-7SA6.ElmRelay,Frequency (60Hz),f1,59.5,0.0,60.0,1,1,1,0,E1,,138.0,Cub_1,,138 kV Guerra – Hainamosa L1,ElmLne,ZGUERE_ZHNSAE-L1,1,0,0,0,0,0
,ZHNSAE_ZAAINE-L1-7SA6,\VM-PF.IntUser\PDD 30-09-2025.IntPrj\Network Model.IntPrjfolder\Network Data.IntPrjfolder\CENTRAL 138 kV.ElmNet\Hainamosa.ElmSite\ZHNSAE.ElmSubstat\E1.ElmTerm\Cub_1.StaCubic\ZHNSAE_ZAAINE-L1-7SA6.ElmRelay,Frequency (60Hz),f2,57.0,0.0,30.0,1,1,1,0,E1,,138.0,Cub_1,,138 kV Guerra – Hainamosa L1,ElmLne,ZGUERE_ZHNSAE-L1,1,0,0,0,0,0
,ZHNSAE_ZAAINE-L1-7SA6,\VM-PF.IntUser\PDD 30-09-2025.IntPrj\Network Model.IntPrjfolder\Network Data.IntPrjfolder\CENTRAL 138 kV.ElmNet\Hainamosa.ElmSite\ZHNSAE.ElmSubstat\E1.ElmTerm\Cub_1.StaCubic\ZHNSAE_ZAAINE-L1-7SA6.ElmRelay,Frequency (60Hz),f3,59.5,0.0,3.0,1,1,1,0,E1,,138.0,Cub_1,,138 kV Guerra – Hainamosa L1,ElmLne,ZGUERE_ZHNSAE-L1,1,0,0,0,0,0
,ZHNSAE_ZAAINE-L1-7SA6,\VM-PF.IntUser\PDD 30-09-2025.IntPrj\Network Model.IntPrjfolder\Network Data.IntPrjfolder\CENTRAL 138 kV.ElmNet\Hainamosa.ElmSite\ZHNSAE.ElmSubstat\E1.ElmTerm\Cub_1.StaCubic\ZHNSAE_ZAAINE-L1-7SA6.ElmRelay,Frequency (60Hz),f4,62.0,0.0,30.0,1,1,1,0,E1,,138.0,Cub_1,,138 kV Guerra – Hainamosa L1,ElmLne,ZGUERE_ZHNSAE-L1,1,0,0,0,0,0
,ZHNSAE_ZAAINE-L2-7SA6,\VM-PF.IntUser\PDD 30-09-2025.IntPrj\Network Model.IntPrjfolder\Network Data.IntPrjfolder\CENTRAL 138 kV.ElmNet\Hainamosa.ElmSite\ZHNSAE.ElmSubstat\E2.ElmTerm\Cub_1.StaCubic\ZHNSAE_ZAAINE-L2-7SA6.ElmRelay,Frequency (50Hz),f1,49.5,0.0,60.0,1,0,1,0,E2,,138.0,Cub_1,,138 kV Guerra – Hainamosa L2,ElmLne,ZGUERE_ZHNSAE-L2,1,0,0,0,0,0
,ZHNSAE_ZAAINE-L2-7SA6,\VM-PF.IntUser\PDD 30-09-2025.IntPrj\Network Model.IntPrjfolder\Network Data.IntPrjfolder\CENTRAL 138 kV.ElmNet\Hainamosa.ElmSite\ZHNSAE.ElmSubstat\E2.ElmTerm\Cub_1.StaCubic\ZHNSAE_ZAAINE-L2-7SA6.ElmRelay,Frequency (50Hz),f2,49.0,0.0,30.0,1,0,1,0,E2,,138.0,Cub_1,,138 kV Guerra – Hainamosa L2,ElmLne,ZGUERE_ZHNSAE-L2,1,0,0,0,0,0
,ZHNSAE_ZAAINE-L2-7SA6,\VM-PF.IntUser\PDD 30-09-2025.IntPrj\Network Model.IntPrjfolder\Network Data.IntPrjfolder\CENTRAL 138 kV.ElmNet\Hainamosa.ElmSite\ZHNSAE.ElmSubstat\E2.ElmTerm\Cub_1.StaCubic\ZHNSAE_ZAAINE-L2-7SA6.ElmRelay,Frequency (50Hz),f3,47.5,0.0,3.0,1,0,1,0,E2,,138.0,Cub_1,,138 kV Guerra – Hainamosa L2,ElmLne,ZGUERE_ZHNSAE-L2,1,0,0,0,0,0
,ZHNSAE_ZAAINE-L2-7SA6,\VM-PF.IntUser\PDD 30-09-2025.IntPrj\Network Model.IntPrjfolder\Network Data.IntPrjfolder\CENTRAL 138 kV.ElmNet\Hainamosa.ElmSite\ZHNSAE.ElmSubstat\E2.ElmTerm\Cub_1.StaCubic\ZHNSAE_ZAAINE-L2-7SA6.ElmRelay,Frequency (50Hz),f4,51.0,0.0,30.0,1,0,1,0,E2,,138.0,Cub_1,,138 kV Guerra – Hainamosa L2,ElmLne,ZGUERE_ZHNSAE-L2,1,0,0,0,0,0
,ZHNSAE_ZAAINE-L2-7SA6,\VM-PF.IntUser\PDD 30-09-2025.IntPrj\Network Model.IntPrjfolder\Network Data.IntPrjfolder\CENTRAL 138 kV.ElmNet\Hainamosa.ElmSite\ZHNSAE.ElmSubstat\E2.ElmTerm\Cub_1.StaCubic\ZHNSAE_ZAAINE-L2-7SA6.ElmRelay,Frequency (60Hz),f1,59.5,0.0,60.0,1,1,1,0,E2,,138.0,Cub_1,,138 kV Guerra – Hainamosa L2,ElmLne,ZGUERE_ZHNSAE-L2,1,0,0,0,0,0
,ZHNSAE_ZAAINE-L2-7SA6,\VM-PF.IntUser\PDD 30-09-2025.IntPrj\Network Model.IntPrjfolder\Network Data.IntPrjfolder\CENTRAL 138 kV.ElmNet\Hainamosa.ElmSite\ZHNSAE.ElmSubstat\E2.ElmTerm\Cub_1.StaCubic\ZHNSAE_ZAAINE-L2-7SA6.ElmRelay,Frequency (60Hz),f2,57.0,0.0,30.0,1,1,1,0,E2,,138.0,Cub_1,,138 kV Guerra – Hainamosa L2,ElmLne,ZGUERE_ZHNSAE-L2,1,0,0,0,0,0
,ZHNSAE_ZAAINE-L2-7SA6,\VM-PF.IntUser\PDD 30-09-2025.IntPrj\Network Model.IntPrjfolder\Network Data.IntPrjfolder\CENTRAL 138 kV.ElmNet\Hainamosa.ElmSite\ZHNSAE.ElmSubstat\E2.ElmTerm\Cub_1.StaCubic\ZHNSAE_ZAAINE-L2-7SA6.ElmRelay,Frequency (60Hz),f3,59.5,0.0,3.0,1,1,1,0,E2,,138.0,Cub_1,,138 kV Guerra – Hainamosa L2,ElmLne,ZGUERE_ZHNSAE-L2,1,0,0,0,0,0
,ZHNSAE_ZAAINE-L2-7SA6,\VM-PF.IntUser\PDD 30-09-2025.IntPrj\Network Model.IntPrjfolder\Network Data.IntPrjfolder\CENTRAL 138 kV.ElmNet\Hainamosa.ElmSite\ZHNSAE.ElmSubstat\E2.ElmTerm\Cub_1.StaCubic\ZHNSAE_ZAAINE-L2-7SA6.ElmRelay,Frequency (60Hz),f4,62.0,0.0,30.0,1,1,1,0,E2,,138.0,Cub_1,,138 kV Guerra – Hainamosa L2,ElmLne,ZGUERE_ZHNSAE-L2,1,0,0,0,0,0
,ZHNSAE_ZLMINE-L3-7SD52,\VM-PF.IntUser\PDD 30-09-2025.IntPrj\Network Model.IntPrjfolder\Network Data.IntPrjfolder\CENTRAL 138 kV.ElmNet\Hainamosa.ElmSite\ZHNSAE.ElmSubstat\E7.ElmTerm\Cub_1.StaCubic\ZHNSAE_ZLMINE-L3-7SD52.ElmRelay,Distance/Overcurrent/Voltage,f1,45.5,0.0,0.0,1,1,1,0,E7,,138.0,Cub_1,,138 kV Hainamosa – La Victoria_a,ElmLne,ZHNSAE_ZLVICE-L1_a,0,0,0,0,0,0
,ZHNSAE_ZLMINE-L3-7SD52,\VM-PF.IntUser\PDD 30-09-2025.IntPrj\Network Model.IntPrjfolder\Network Data.IntPrjfolder\CENTRAL 138 kV.ElmNet\Hainamosa.ElmSite\ZHNSAE.ElmSubstat\E7.ElmTerm\Cub_1.StaCubic\ZHNSAE_ZLMINE-L3-7SD52.ElmRelay,Distance/Overcurrent/Voltage,f2,45.5,0.0,0.0,1,1,1,0,E7,,138.0,Cub_1,,138 kV Hainamosa – La Victoria_a,ElmLne,ZHNSAE_ZLVICE-L1_a,0,0,0,0,0,0
,ZHNSAE_ZLMINE-L3-7SD52,\VM-PF.IntUser\PDD 30-09-2025.IntPrj\Network Model.IntPrjfolder\Network Data.IntPrjfolder\CENTRAL 138 kV.ElmNet\Hainamosa.ElmSite\ZHNSAE.ElmSubstat\E7.ElmTerm\Cub_1.StaCubic\ZHNSAE_ZLMINE-L3-7SD52.ElmRelay,Distance/Overcurrent/Voltage,f3,45.5,0.0,0.0,1,1,1,0,E7,,138.0,Cub_1,,138 kV Hainamosa – La Victoria_a,ElmLne,ZHNSAE_ZLVICE-L1_a,0,0,0,0,0,0
,ZHNSAE_ZLMINE-L3-7SD52,\VM-PF.IntUser\PDD 30-09-2025.IntPrj\Network Model.IntPrjfolder\Network Data.IntPrjfolder\CENTRAL 138 kV.ElmNet\Hainamosa.ElmSite\ZHNSAE.ElmSubstat\E7.ElmTerm\Cub_1.StaCubic\ZHNSAE_ZLMINE-L3-7SD52.ElmRelay,Distance/Overcurrent/Voltage,f4,45.5,0.0,0.0,1,1,1,0,E7,,138.0,Cub_1,,138 kV Hainamosa – La Victoria_a,ElmLne,ZHNSAE_ZLVICE-L1_a,0,0,0,0,0,0
,Lin. Hainamosa-Invivienda,\VM-PF.IntUser\PDD 30-09-2025.IntPrj\Network Model.IntPrjfolder\Network Data.IntPrjfolder\CENTRAL 138 kV.ElmNet\Hainamosa.ElmSite\ZHNSAE.ElmSubstat\F3.ElmTerm\Cub_2.StaCubic\Lin. Hainamosa-Invivienda.ElmRelay,,F<,58.900001525878906,0.0,0.10000000149011612,1,,1,0,F3,,69.0,Cub_2,,69 kV Hainamosa – Invivienda,ElmLne,ZHNSAF_ZINVIF-L1,0,1,29.59,11.14,0,0
,ZHNSAE_ZLMINE-L3-7SD52,\VM-PF.IntUser\PDD 30-09-2025.IntPrj\Network Model.IntPrjfolder\Network Data.IntPrjfolder\CENTRAL 138 kV.ElmNet\Hainamosa.ElmSite\ZHNSAE.ElmSubstat\E9.ElmTerm\Cub_1.StaCubic\ZHNSAE_ZLMINE-L3-7SD52.ElmRelay,Distance/Overcurrent/Voltage,f1,45.5,0.0,0.0,1,1,1,0,E9,,138.0,Cub_1,,,,,0,0,0,0,0,0
,ZHNSAE_ZLMINE-L3-7SD52,\VM-PF.IntUser\PDD 30-09-2025.IntPrj\Network Model.IntPrjfolder\Network Data.IntPrjfolder\CENTRAL 138 kV.ElmNet\Hainamosa.ElmSite\ZHNSAE.ElmSubstat\E9.ElmTerm\Cub_1.StaCubic\ZHNSAE_ZLMINE-L3-7SD52.ElmRelay,Distance/Overcurrent/Voltage,f2,45.5,0.0,0.0,1,1,1,0,E9,,138.0,Cub_1,,,,,0,0,0,0,0,0
,ZHNSAE_ZLMINE-L3-7SD52,\VM-PF.IntUser\PDD 30-09-2025.IntPrj\Network Model.IntPrjfolder\Network Data.IntPrjfolder\CENTRAL 138 kV.ElmNet\Hainamosa.ElmSite\ZHNSAE.ElmSubstat\E9.ElmTerm\Cub_1.StaCubic\ZHNSAE_ZLMINE-L3-7SD52.ElmRelay,Distance/Overcurrent/Voltage,f3,45.5,0.0,0.0,1,1,1,0,E9,,138.0,Cub_1,,,,,0,0,0,0,0,0
,ZHNSAE_ZLMINE-L3-7SD52,\VM-PF.IntUser\PDD 30-09-2025.IntPrj\Network Model.IntPrjfolder\Network Data.IntPrjfolder\CENTRAL 138 kV.ElmNet\Hainamosa.ElmSite\ZHNSAE.ElmSubstat\E9.ElmTerm\Cub_1.StaCubic\ZHNSAE_ZLMINE-L3-7SD52.ElmRelay,Distance/Overcurrent/Voltage,f4,45.5,0.0,0.0,1,1,1,0,E9,,138.0,Cub_1,,,,,0,0,0,0,0,0
,HAINAMOSA 138,\VM-PF.IntUser\PDD 30-09-2025.IntPrj\Network Model.IntPrjfolder\Network Data.IntPrjfolder\CENTRAL 138 kV.ElmNet\Hainamosa.ElmSite\ZHNSAE.ElmSubstat\E9(1).ElmTerm\Cub_1.StaCubic\HAINAMOSA 138.ElmRelay,,EDE 1 F<,59.29999923706055,0.0,0.10000000149011612,1,,0,0,E9(1),,138.0,Cub_1,,138 kV Dajao – Hainamosa_b,ElmLne,ZDAJOE_ZHNSAE-L1_a,0,8,120.94,49.77,0,0
,HAINAMOSA 138,\VM-PF.IntUser\PDD 30-09-2025.IntPrj\Network Model.IntPrjfolder\Network Data.IntPrjfolder\CENTRAL 138 kV.ElmNet\Hainamosa.ElmSite\ZHNSAE.ElmSubstat\E9(1).ElmTerm\Cub_1.StaCubic\HAINAMOSA 138.ElmRelay,,EDE 2 F<,59.20000076293945,0.0,0.10000000149011612,0,,0,1,E9(1),,138.0,Cub_1,,138 kV Dajao – Hainamosa_b,ElmLne,ZDAJOE_ZHNSAE-L1_a,0,8,120.94,49.77,0,0
,HAINAMOSA 138,\VM-PF.IntUser\PDD 30-09-2025.IntPrj\Network Model.IntPrjfolder\Network Data.IntPrjfolder\CENTRAL 138 kV.ElmNet\Hainamosa.ElmSite\ZHNSAE.ElmSubstat\E9(1).ElmTerm\Cub_1.StaCubic\HAINAMOSA 138.ElmRelay,,EDE 3 F<,59.099998474121094,0.0,0.10000000149011612,1,,0,0,E9(1),,138.0,Cub_1,,138 kV Dajao – Hainamosa_b,ElmLne,ZDAJOE_ZHNSAE-L1_a,0,8,120.94,49.77,0,0
,HAINAMOSA 138,\VM-PF.IntUser\PDD 30-09-2025.IntPrj\Network Model.IntPrjfolder\Network Data.IntPrjfolder\CENTRAL 138 kV.ElmNet\Hainamosa.ElmSite\ZHNSAE.ElmSubstat\E9(1).ElmTerm\Cub_1.StaCubic\HAINAMOSA 138.ElmRelay,,EDE 4 F<,59.0,0.0,0.10000000149011612,1,,0,0,E9(1),,138.0,Cub_1,,138 kV Dajao – Hainamosa_b,ElmLne,ZDAJOE_ZHNSAE-L1_a,0,8,120.94,49.77,0,0
,HAINAMOSA 138,\VM-PF.IntUser\PDD 30-09-2025.IntPrj\Network Model.IntPrjfolder\Network Data.IntPrjfolder\CENTRAL 138 kV.ElmNet\Hainamosa.ElmSite\ZHNSAE.ElmSubstat\E9(1).ElmTerm\Cub_1.StaCubic\HAINAMOSA 138.ElmRelay,,EDE 5 F<,58.900001525878906,0.0,0.10000000149011612,1,,0,0,E9(1),,138.0,Cub_1,,138 kV Dajao – Hainamosa_b,ElmLne,ZDAJOE_ZHNSAE-L1_a,0,8,120.94,49.77,0,0
,HAINAMOSA 138,\VM-PF.IntUser\PDD 30-09-2025.IntPrj\Network Model.IntPrjfolder\Network Data.IntPrjfolder\CENTRAL 138 kV.ElmNet\Hainamosa.ElmSite\ZHNSAE.ElmSubstat\E9(1).ElmTerm\Cub_1.StaCubic\HAINAMOSA 138.ElmRelay,,EDE 6 F<,58.79999923706055,0.0,0.10000000149011612,1,,0,0,E9(1),,138.0,Cub_1,,138 kV Dajao – Hainamosa_b,ElmLne,ZDAJOE_ZHNSAE-L1_a,0,8,120.94,49.77,0,0
,HAINAMOSA 138 dF/dt,\VM-PF.IntUser\PDD 30-09-2025.IntPrj\Network Model.IntPrjfolder\Network Data.IntPrjfolder\CENTRAL 138 kV.ElmNet\Hainamosa.ElmSite\ZHNSAE.ElmSubstat\E9(1).ElmTerm\Cub_1.StaCubic\HAINAMOSA 138 dF/dt.ElmRelay,,EDE 0 F<,58.70000076293945,0.0,0.10000000149011612,1,,0,0,E9(1),,138.0,Cub_1,,138 kV Dajao – Hainamosa_b,ElmLne,ZDAJOE_ZHNSAE-L1_a,0,8,120.94,49.77,0,0
,HAINAMOSA 138 dF/dt,\VM-PF.IntUser\PDD 30-09-2025.IntPrj\Network Model.IntPrjfolder\Network Data.IntPrjfolder\CENTRAL 138 kV.ElmNet\Hainamosa.ElmSite\ZHNSAE.ElmSubstat\E9(1).ElmTerm\Cub_1.StaCubic\HAINAMOSA 138 dF/dt.ElmRelay,,EDE 0 Start-dF/dt,59.29999923706055,0.0,0.10000000149011612,0,,0,1,E9(1),,138.0,Cub_1,,138 kV Dajao – Hainamosa_b,ElmLne,ZDAJOE_ZHNSAE-L1_a,0,8,120.94,49.77,0,0
,HAINAMOSA 138 dF/dt,\VM-PF.IntUser\PDD 30-09-2025.IntPrj\Network Model.IntPrjfolder\Network Data.IntPrjfolder\CENTRAL 138 kV.ElmNet\Hainamosa.ElmSite\ZHNSAE.ElmSubstat\E9(1).ElmTerm\Cub_1.StaCubic\HAINAMOSA 138 dF/dt.ElmRelay,,EDE 0 dF/dt,59.099998474121094,-2.0,0.10000000149011612,0,,0,1,E9(1),,138.0,Cub_1,,138 kV Dajao – Hainamosa_b,ElmLne,ZDAJOE_ZHNSAE-L1_a,0,8,120.94,49.77,0,0
,HAINAMOSA 138 dF/dt,\VM-PF.IntUser\PDD 30-09-2025.IntPrj\Network Model.IntPrjfolder\Network Data.IntPrjfolder\CENTRAL 138 kV.ElmNet\Hainamosa.ElmSite\ZHNSAE.ElmSubstat\E9(1).ElmTerm\Cub_1.StaCubic\HAINAMOSA 138 dF/dt.ElmRelay,,EDE 1 F<,58.70000076293945,0.0,0.10000000149011612,1,,0,0,E9(1),,138.0,Cub_1,,138 kV Dajao – Hainamosa_b,ElmLne,ZDAJOE_ZHNSAE-L1_a,0,8,120.94,49.77,0,0
,HAINAMOSA 138 dF/dt,\VM-PF.IntUser\PDD 30-09-2025.IntPrj\Network Model.IntPrjfolder\Network Data.IntPrjfolder\CENTRAL 138 kV.ElmNet\Hainamosa.ElmSite\ZHNSAE.ElmSubstat\E9(1).ElmTerm\Cub_1.StaCubic\HAINAMOSA 138 dF/dt.ElmRelay,,EDE 1 Start-dF/dt,59.29999923706055,0.0,0.10000000149011612,1,,0,0,E9(1),,138.0,Cub_1,,138 kV Dajao – Hainamosa_b,ElmLne,ZDAJOE_ZHNSAE-L1_a,0,8,120.94,49.77,0,0
,HAINAMOSA 138 dF/dt,\VM-PF.IntUser\PDD 30-09-2025.IntPrj\Network Model.IntPrjfolder\Network Data.IntPrjfolder\CENTRAL 138 kV.ElmNet\Hainamosa.ElmSite\ZHNSAE.ElmSubstat\E9(1).ElmTerm\Cub_1.StaCubic\HAINAMOSA 138 dF/dt.ElmRelay,,EDE 1 dF/dt,58.79999923706055,-2.0,0.10000000149011612,1,,0,0,E9(1),,138.0,Cub_1,,138 kV Dajao – Hainamosa_b,ElmLne,ZDAJOE_ZHNSAE-L1_a,0,8,120.94,49.77,0,0
,HAINAMOSA 138 dF/dt,\VM-PF.IntUser\PDD 30-09-2025.IntPrj\Network Model.IntPrjfolder\Network Data.IntPrjfolder\CENTRAL 138 kV.ElmNet\Hainamosa.ElmSite\ZHNSAE.ElmSubstat\E9(1).ElmTerm\Cub_1.StaCubic\HAINAMOSA 138 dF/dt.ElmRelay,,EDE 2 F<,59.20000076293945,0.0,0.0,1,,0,0,E9(1),,138.0,Cub_1,,138 kV Dajao – Hainamosa_b,ElmLne,ZDAJOE_ZHNSAE-L1_a,0,8,120.94,49.77,0,0
,HAINAMOSA 138 dF/dt,\VM-PF.IntUser\PDD 30-09-2025.IntPrj\Network Model.IntPrjfolder\Network Data.IntPrjfolder\CENTRAL 138 kV.ElmNet\Hainamosa.ElmSite\ZHNSAE.ElmSubstat\E9(1).ElmTerm\Cub_1.StaCubic\HAINAMOSA 138 dF/dt.ElmRelay,,EDE 2 Start-dF/dt,59.20000076293945,0.0,0.0,1,,0,0,E9(1),,138.0,Cub_1,,138 kV Dajao – Hainamosa_b,ElmLne,ZDAJOE_ZHNSAE-L1_a,0,8,120.94,49.77,0,0
,HAINAMOSA 138 dF/dt,\VM-PF.IntUser\PDD 30-09-2025.IntPrj\Network Model.IntPrjfolder\Network Data.IntPrjfolder\CENTRAL 138 kV.ElmNet\Hainamosa.ElmSite\ZHNSAE.ElmSubstat\E9(1).ElmTerm\Cub_1.StaCubic\HAINAMOSA 138 dF/dt.ElmRelay,,EDE 2 dF/dt,0.0,-2.0,0.0,1,,0,0,E9(1),,138.0,Cub_1,,138 kV Dajao – Hainamosa_b,ElmLne,ZDAJOE_ZHNSAE-L1_a,0,8,120.94,49.77,0,0
,HAINAMOSA 138 dF/dt,\VM-PF.IntUser\PDD 30-09-2025.IntPrj\Network Model.IntPrjfolder\Network Data.IntPrjfolder\CENTRAL 138 kV.ElmNet\Hainamosa.ElmSite\ZHNSAE.ElmSubstat\E9(1).ElmTerm\Cub_1.StaCubic\HAINAMOSA 138 dF/dt.ElmRelay,,EDE 3 F<,59.099998474121094,0.0,0.0,1,,0,0,E9(1),,138.0,Cub_1,,138 kV Dajao – Hainamosa_b,ElmLne,ZDAJOE_ZHNSAE-L1_a,0,8,120.94,49.77,0,0
,HAINAMOSA 138 dF/dt,\VM-PF.IntUser\PDD 30-09-2025.IntPrj\Network Model.IntPrjfolder\Network Data.IntPrjfolder\CENTRAL 138 kV.ElmNet\Hainamosa.ElmSite\ZHNSAE.ElmSubstat\E9(1).ElmTerm\Cub_1.StaCubic\HAINAMOSA 138 dF/dt.ElmRelay,,EDE 3 Start-dF/dt,59.099998474121094,0.0,0.0,1,,0,0,E9(1),,138.0,Cub_1,,138 kV Dajao – Hainamosa_b,ElmLne,ZDAJOE_ZHNSAE-L1_a,0,8,120.94,49.77,0,0
,HAINAMOSA 138 dF/dt,\VM-PF.IntUser\PDD 30-09-2025.IntPrj\Network Model.IntPrjfolder\Network Data.IntPrjfolder\CENTRAL 138 kV.ElmNet\Hainamosa.ElmSite\ZHNSAE.ElmSubstat\E9(1).ElmTerm\Cub_1.StaCubic\HAINAMOSA 138 dF/dt.ElmRelay,,EDE 3 dF/dt,0.0,-2.0,0.0,1,,0,0,E9(1),,138.0,Cub_1,,138 kV Dajao – Hainamosa_b,ElmLne,ZDAJOE_ZHNSAE-L1_a,0,8,120.94,49.77,0,0
,HAINAMOSA 138 dF/dt,\VM-PF.IntUser\PDD 30-09-2025.IntPrj\Network Model.IntPrjfolder\Network Data.IntPrjfolder\CENTRAL 138 kV.ElmNet\Hainamosa.ElmSite\ZHNSAE.ElmSubstat\E9(1).ElmTerm\Cub_1.StaCubic\HAINAMOSA 138 dF/dt.ElmRelay,,EDE 4 F<,59.0,0.0,0.0,1,,0,0,E9(1),,138.0,Cub_1,,138 kV Dajao – Hainamosa_b,ElmLne,ZDAJOE_ZHNSAE-L1_a,0,8,120.94,49.77,0,0
,HAINAMOSA 138 dF/dt,\VM-PF.IntUser\PDD 30-09-2025.IntPrj\Network Model.IntPrjfolder\Network Data.IntPrjfolder\CENTRAL 138 kV.ElmNet\Hainamosa.ElmSite\ZHNSAE.ElmSubstat\E9(1).ElmTerm\Cub_1.StaCubic\HAINAMOSA 138 dF/dt.ElmRelay,,EDE 4 Start-dF/dt,59.0,0.0,0.0,1,,0,0,E9(1),,138.0,Cub_1,,138 kV Dajao – Hainamosa_b,ElmLne,ZDAJOE_ZHNSAE-L1_a,0,8,120.94,49.77,0,0
,HAINAMOSA 138 dF/dt,\VM-PF.IntUser\PDD 30-09-2025.IntPrj\Network Model.IntPrjfolder\Network Data.IntPrjfolder\CENTRAL 138 kV.ElmNet\Hainamosa.ElmSite\ZHNSAE.ElmSubstat\E9(1).ElmTerm\Cub_1.StaCubic\HAINAMOSA 138 dF/dt.ElmRelay,,EDE 4 dF/dt,0.0,-2.0,0.0,1,,0,0,E9(1),,138.0,Cub_1,,138 kV Dajao – Hainamosa_b,ElmLne,ZDAJOE_ZHNSAE-L1_a,0,8,120.94,49.77,0,0
,HAINAMOSA 138 dF/dt,\VM-PF.IntUser\PDD 30-09-2025.IntPrj\Network Model.IntPrjfolder\Network Data.IntPrjfolder\CENTRAL 138 kV.ElmNet\Hainamosa.ElmSite\ZHNSAE.ElmSubstat\E9(1).ElmTerm\Cub_1.StaCubic\HAINAMOSA 138 dF/dt.ElmRelay,,EDE 5 F<,58.900001525878906,0.0,0.0,1,,0,0,E9(1),,138.0,Cub_1,,138 kV Dajao – Hainamosa_b,ElmLne,ZDAJOE_ZHNSAE-L1_a,0,8,120.94,49.77,0,0
,HAINAMOSA 138 dF/dt,\VM-PF.IntUser\PDD 30-09-2025.IntPrj\Network Model.IntPrjfolder\Network Data.IntPrjfolder\CENTRAL 138 kV.ElmNet\Hainamosa.ElmSite\ZHNSAE.ElmSubstat\E9(1).ElmTerm\Cub_1.StaCubic\HAINAMOSA 138 dF/dt.ElmRelay,,EDE 5 Start-dF/dt,58.900001525878906,0.0,0.0,1,,0,0,E9(1),,138.0,Cub_1,,138 kV Dajao – Hainamosa_b,ElmLne,ZDAJOE_ZHNSAE-L1_a,0,8,120.94,49.77,0,0
,HAINAMOSA 138 dF/dt,\VM-PF.IntUser\PDD 30-09-2025.IntPrj\Network Model.IntPrjfolder\Network Data.IntPrjfolder\CENTRAL 138 kV.ElmNet\Hainamosa.ElmSite\ZHNSAE.ElmSubstat\E9(1).ElmTerm\Cub_1.StaCubic\HAINAMOSA 138 dF/dt.ElmRelay,,EDE 5 dF/dt,0.0,-2.0,0.0,1,,0,0,E9(1),,138.0,Cub_1,,138 kV Dajao – Hainamosa_b,ElmLne,ZDAJOE_ZHNSAE-L1_a,0,8,120.94,49.77,0,0
,HAINAMOSA 138 dF/dt,\VM-PF.IntUser\PDD 30-09-2025.IntPrj\Network Model.IntPrjfolder\Network Data.IntPrjfolder\CENTRAL 138 kV.ElmNet\Hainamosa.ElmSite\ZHNSAE.ElmSubstat\E9(1).ElmTerm\Cub_1.StaCubic\HAINAMOSA 138 dF/dt.ElmRelay,,EDE 6 F<,58.79999923706055,0.0,0.0,1,,0,0,E9(1),,138.0,Cub_1,,138 kV Dajao – Hainamosa_b,ElmLne,ZDAJOE_ZHNSAE-L1_a,0,8,120.94,49.77,0,0
,HAINAMOSA 138 dF/dt,\VM-PF.IntUser\PDD 30-09-2025.IntPrj\Network Model.IntPrjfolder\Network Data.IntPrjfolder\CENTRAL 138 kV.ElmNet\Hainamosa.ElmSite\ZHNSAE.ElmSubstat\E9(1).ElmTerm\Cub_1.StaCubic\HAINAMOSA 138 dF/dt.ElmRelay,,EDE 6 Start-dF/dt,58.79999923706055,0.0,0.0,1,,0,0,E9(1),,138.0,Cub_1,,138 kV Dajao – Hainamosa_b,ElmLne,ZDAJOE_ZHNSAE-L1_a,0,8,120.94,49.77,0,0
,HAINAMOSA 138 dF/dt,\VM-PF.IntUser\PDD 30-09-2025.IntPrj\Network Model.IntPrjfolder\Network Data.IntPrjfolder\CENTRAL 138 kV.ElmNet\Hainamosa.ElmSite\ZHNSAE.ElmSubstat\E9(1).ElmTerm\Cub_1.StaCubic\HAINAMOSA 138 dF/dt.ElmRelay,,EDE 6 dF/dt,0.0,-2.0,0.0,1,,0,0,E9(1),,138.0,Cub_1,,138 kV Dajao – Hainamosa_b,ElmLne,ZDAJOE_ZHNSAE-L1_a,0,8,120.94,49.77,0,0
,ZVDUAE_ZTIM2E-L1-7SA6,\VM-PF.IntUser\PDD 30-09-2025.IntPrj\Network Model.IntPrjfolder\Network Data.IntPrjfolder\CENTRAL 138 kV.ElmNet\Villa Duarte.ElmSite\ZVDUAE.ElmSubstat\E4.ElmTerm\Cub_1.StaCubic\ZVDUAE_ZTIM2E-L1-7SA6.ElmRelay,Frequency (50Hz),f1,49.5,0.0,60.0,1,0,1,0,E4,,138.0,Cub_1,,138 kV Timbeque 2 – Villa Duarte,ElmLne,ZTIM2E_ZVDUAE-L1,1,0,0,0,0,0
,ZVDUAE_ZTIM2E-L1-7SA6,\VM-PF.IntUser\PDD 30-09-2025.IntPrj\Network Model.IntPrjfolder\Network Data.IntPrjfolder\CENTRAL 138 kV.ElmNet\Villa Duarte.ElmSite\ZVDUAE.ElmSubstat\E4.ElmTerm\Cub_1.StaCubic\ZVDUAE_ZTIM2E-L1-7SA6.ElmRelay,Frequency (50Hz),f2,49.0,0.0,30.0,1,0,1,0,E4,,138.0,Cub_1,,138 kV Timbeque 2 – Villa Duarte,ElmLne,ZTIM2E_ZVDUAE-L1,1,0,0,0,0,0
,ZVDUAE_ZTIM2E-L1-7SA6,\VM-PF.IntUser\PDD 30-09-2025.IntPrj\Network Model.IntPrjfolder\Network Data.IntPrjfolder\CENTRAL 138 kV.ElmNet\Villa Duarte.ElmSite\ZVDUAE.ElmSubstat\E4.ElmTerm\Cub_1.StaCubic\ZVDUAE_ZTIM2E-L1-7SA6.ElmRelay,Frequency (50Hz),f3,47.5,0.0,3.0,1,0,1,0,E4,,138.0,Cub_1,,138 kV Timbeque 2 – Villa Duarte,ElmLne,ZTIM2E_ZVDUAE-L1,1,0,0,0,0,0
,ZVDUAE_ZTIM2E-L1-7SA6,\VM-PF.IntUser\PDD 30-09-2025.IntPrj\Network Model.IntPrjfolder\Network Data.IntPrjfolder\CENTRAL 138 kV.ElmNet\Villa Duarte.ElmSite\ZVDUAE.ElmSubstat\E4.ElmTerm\Cub_1.StaCubic\ZVDUAE_ZTIM2E-L1-7SA6.ElmRelay,Frequency (50Hz),f4,51.0,0.0,30.0,1,0,1,0,E4,,138.0,Cub_1,,138 kV Timbeque 2 – Villa Duarte,ElmLne,ZTIM2E_ZVDUAE-L1,1,0,0,0,0,0
,ZVDUAE_ZTIM2E-L1-7SA6,\VM-PF.IntUser\PDD 30-09-2025.IntPrj\Network Model.IntPrjfolder\Network Data.IntPrjfolder\CENTRAL 138 kV.ElmNet\Villa Duarte.ElmSite\ZVDUAE.ElmSubstat\E4.ElmTerm\Cub_1.StaCubic\ZVDUAE_ZTIM2E-L1-7SA6.ElmRelay,Frequency (60Hz),f1,59.5,0.0,60.0,1,1,1,0,E4,,138.0,Cub_1,,138 kV Timbeque 2 – Villa Duarte,ElmLne,ZTIM2E_ZVDUAE-L1,1,0,0,0,0,0
,ZVDUAE_ZTIM2E-L1-7SA6,\VM-PF.IntUser\PDD 30-09-2025.IntPrj\Network Model.IntPrjfolder\Network Data.IntPrjfolder\CENTRAL 138 kV.ElmNet\Villa Duarte.ElmSite\ZVDUAE.ElmSubstat\E4.ElmTerm\Cub_1.StaCubic\ZVDUAE_ZTIM2E-L1-7SA6.ElmRelay,Frequency (60Hz),f2,57.0,0.0,30.0,1,1,1,0,E4,,138.0,Cub_1,,138 kV Timbeque 2 – Villa Duarte,ElmLne,ZTIM2E_ZVDUAE-L1,1,0,0,0,0,0
,ZVDUAE_ZTIM2E-L1-7SA6,\VM-PF.IntUser\PDD 30-09-2025.IntPrj\Network Model.IntPrjfolder\Network Data.IntPrjfolder\CENTRAL 138 kV.ElmNet\Villa Duarte.ElmSite\ZVDUAE.ElmSubstat\E4.ElmTerm\Cub_1.StaCubic\ZVDUAE_ZTIM2E-L1-7SA6.ElmRelay,Frequency (60Hz),f3,59.5,0.0,3.0,1,1,1,0,E4,,138.0,Cub_1,,138 kV Timbeque 2 – Villa Duarte,ElmLne,ZTIM2E_ZVDUAE-L1,1,0,0,0,0,0
,ZVDUAE_ZTIM2E-L1-7SA6,\VM-PF.IntUser\PDD 30-09-2025.IntPrj\Network Model.IntPrjfolder\Network Data.IntPrjfolder\CENTRAL 138 kV.ElmNet\Villa Duarte.ElmSite\ZVDUAE.ElmSubstat\E4.ElmTerm\Cub_1.StaCubic\ZVDUAE_ZTIM2E-L1-7SA6.ElmRelay,Frequency (60Hz),f4,62.0,0.0,30.0,1,1,1,0,E4,,138.0,Cub_1,,138 kV Timbeque 2 – Villa Duarte,ElmLne,ZTIM2E_ZVDUAE-L1,1,0,0,0,0,0
,ZVDUAE_ZLMINE-L1-7SA6,\VM-PF.IntUser\PDD 30-09-2025.IntPrj\Network Model.IntPrjfolder\Network Data.IntPrjfolder\CENTRAL 138 kV.ElmNet\Villa Duarte.ElmSite\ZVDUAE.ElmSubstat\E1.ElmTerm\Cub_1.StaCubic\ZVDUAE_ZLMINE-L1-7SA6.ElmRelay,Frequency (50Hz),f1,49.5,0.0,60.0,1,0,1,0,E1,,138.0,Cub_1,,138 kV Los Mina – Villa Duarte,ElmLne,ZLMINE_ZVDUAE-L1,1,0,0,0,0,0
,ZVDUAE_ZLMINE-L1-7SA6,\VM-PF.IntUser\PDD 30-09-2025.IntPrj\Network Model.IntPrjfolder\Network Data.IntPrjfolder\CENTRAL 138 kV.ElmNet\Villa Duarte.ElmSite\ZVDUAE.ElmSubstat\E1.ElmTerm\Cub_1.StaCubic\ZVDUAE_ZLMINE-L1-7SA6.ElmRelay,Frequency (50Hz),f2,49.0,0.0,30.0,1,0,1,0,E1,,138.0,Cub_1,,138 kV Los Mina – Villa Duarte,ElmLne,ZLMINE_ZVDUAE-L1,1,0,0,0,0,0
,ZVDUAE_ZLMINE-L1-7SA6,\VM-PF.IntUser\PDD 30-09-2025.IntPrj\Network Model.IntPrjfolder\Network Data.IntPrjfolder\CENTRAL 138 kV.ElmNet\Villa Duarte.ElmSite\ZVDUAE.ElmSubstat\E1.ElmTerm\Cub_1.StaCubic\ZVDUAE_ZLMINE-L1-7SA6.ElmRelay,Frequency (50Hz),f3,47.5,0.0,3.0,1,0,1,0,E1,,138.0,Cub_1,,138 kV Los Mina – Villa Duarte,ElmLne,ZLMINE_ZVDUAE-L1,1,0,0,0,0,0
,ZVDUAE_ZLMINE-L1-7SA6,\VM-PF.IntUser\PDD 30-09-2025.IntPrj\Network Model.IntPrjfolder\Network Data.IntPrjfolder\CENTRAL 138 kV.ElmNet\Villa Duarte.ElmSite\ZVDUAE.ElmSubstat\E1.ElmTerm\Cub_1.StaCubic\ZVDUAE_ZLMINE-L1-7SA6.ElmRelay,Frequency (50Hz),f4,51.0,0.0,30.0,1,0,1,0,E1,,138.0,Cub_1,,138 kV Los Mina – Villa Duarte,ElmLne,ZLMINE_ZVDUAE-L1,1,0,0,0,0,0
,ZVDUAE_ZLMINE-L1-7SA6,\VM-PF.IntUser\PDD 30-09-2025.IntPrj\Network Model.IntPrjfolder\Network Data.IntPrjfolder\CENTRAL 138 kV.ElmNet\Villa Duarte.ElmSite\ZVDUAE.ElmSubstat\E1.ElmTerm\Cub_1.StaCubic\ZVDUAE_ZLMINE-L1-7SA6.ElmRelay,Frequency (60Hz),f1,59.5,0.0,60.0,1,1,1,0,E1,,138.0,Cub_1,,138 kV Los Mina – Villa Duarte,ElmLne,ZLMINE_ZVDUAE-L1,1,0,0,0,0,0
,ZVDUAE_ZLMINE-L1-7SA6,\VM-PF.IntUser\PDD 30-09-2025.IntPrj\Network Model.IntPrjfolder\Network Data.IntPrjfolder\CENTRAL 138 kV.ElmNet\Villa Duarte.ElmSite\ZVDUAE.ElmSubstat\E1.ElmTerm\Cub_1.StaCubic\ZVDUAE_ZLMINE-L1-7SA6.ElmRelay,Frequency (60Hz),f2,57.0,0.0,30.0,1,1,1,0,E1,,138.0,Cub_1,,138 kV Los Mina – Villa Duarte,ElmLne,ZLMINE_ZVDUAE-L1,1,0,0,0,0,0
,ZVDUAE_ZLMINE-L1-7SA6,\VM-PF.IntUser\PDD 30-09-2025.IntPrj\Network Model.IntPrjfolder\Network Data.IntPrjfolder\CENTRAL 138 kV.ElmNet\Villa Duarte.ElmSite\ZVDUAE.ElmSubstat\E1.ElmTerm\Cub_1.StaCubic\ZVDUAE_ZLMINE-L1-7SA6.ElmRelay,Frequency (60Hz),f3,59.5,0.0,3.0,1,1,1,0,E1,,138.0,Cub_1,,138 kV Los Mina – Villa Duarte,ElmLne,ZLMINE_ZVDUAE-L1,1,0,0,0,0,0
,ZVDUAE_ZLMINE-L1-7SA6,\VM-PF.IntUser\PDD 30-09-2025.IntPrj\Network Model.IntPrjfolder\Network Data.IntPrjfolder\CENTRAL 138 kV.ElmNet\Villa Duarte.ElmSite\ZVDUAE.ElmSubstat\E1.ElmTerm\Cub_1.StaCubic\ZVDUAE_ZLMINE-L1-7SA6.ElmRelay,Frequency (60Hz),f4,62.0,0.0,30.0,1,1,1,0,E1,,138.0,Cub_1,,138 kV Los Mina – Villa Duarte,ElmLne,ZLMINE_ZVDUAE-L1,1,0,0,0,0,0
,ZVDUAE_ZEBRIE-L1-7SA6,\VM-PF.IntUser\PDD 30-09-2025.IntPrj\Network Model.IntPrjfolder\Network Data.IntPrjfolder\CENTRAL 138 kV.ElmNet\Villa Duarte.ElmSite\ZVDUAE.ElmSubstat\E5.ElmTerm\Cub_1.StaCubic\ZVDUAE_ZEBRIE-L1-7SA6.ElmRelay,Frequency (50Hz),f1,49.5,0.0,60.0,1,0,1,0,E5,,138.0,Cub_1,,138 kV El Brisal – Villa Duarte_c,ElmLne,ZVDUAE_ZXEBR2-L1,1,0,0,0,0,0
,ZVDUAE_ZEBRIE-L1-7SA6,\VM-PF.IntUser\PDD 30-09-2025.IntPrj\Network Model.IntPrjfolder\Network Data.IntPrjfolder\CENTRAL 138 kV.ElmNet\Villa Duarte.ElmSite\ZVDUAE.ElmSubstat\E5.ElmTerm\Cub_1.StaCubic\ZVDUAE_ZEBRIE-L1-7SA6.ElmRelay,Frequency (50Hz),f2,49.0,0.0,30.0,1,0,1,0,E5,,138.0,Cub_1,,138 kV El Brisal – Villa Duarte_c,ElmLne,ZVDUAE_ZXEBR2-L1,1,0,0,0,0,0
,ZVDUAE_ZEBRIE-L1-7SA6,\VM-PF.IntUser\PDD 30-09-2025.IntPrj\Network Model.IntPrjfolder\Network Data.IntPrjfolder\CENTRAL 138 kV.ElmNet\Villa Duarte.ElmSite\ZVDUAE.ElmSubstat\E5.ElmTerm\Cub_1.StaCubic\ZVDUAE_ZEBRIE-L1-7SA6.ElmRelay,Frequency (50Hz),f3,47.5,0.0,3.0,1,0,1,0,E5,,138.0,Cub_1,,138 kV El Brisal – Villa Duarte_c,ElmLne,ZVDUAE_ZXEBR2-L1,1,0,0,0,0,0
,ZVDUAE_ZEBRIE-L1-7SA6,\VM-PF.IntUser\PDD 30-09-2025.IntPrj\Network Model.IntPrjfolder\Network Data.IntPrjfolder\CENTRAL 138 kV.ElmNet\Villa Duarte.ElmSite\ZVDUAE.ElmSubstat\E5.ElmTerm\Cub_1.StaCubic\ZVDUAE_ZEBRIE-L1-7SA6.ElmRelay,Frequency (50Hz),f4,51.0,0.0,30.0,1,0,1,0,E5,,138.0,Cub_1,,138 kV El Brisal – Villa Duarte_c,ElmLne,ZVDUAE_ZXEBR2-L1,1,0,0,0,0,0
,ZVDUAE_ZEBRIE-L1-7SA6,\VM-PF.IntUser\PDD 30-09-2025.IntPrj\Network Model.IntPrjfolder\Network Data.IntPrjfolder\CENTRAL 138 kV.ElmNet\Villa Duarte.ElmSite\ZVDUAE.ElmSubstat\E5.ElmTerm\Cub_1.StaCubic\ZVDUAE_ZEBRIE-L1-7SA6.ElmRelay,Frequency (60Hz),f1,59.5,0.0,60.0,1,1,1,0,E5,,138.0,Cub_1,,138 kV El Brisal – Villa Duarte_c,ElmLne,ZVDUAE_ZXEBR2-L1,1,0,0,0,0,0
,ZVDUAE_ZEBRIE-L1-7SA6,\VM-PF.IntUser\PDD 30-09-2025.IntPrj\Network Model.IntPrjfolder\Network Data.IntPrjfolder\CENTRAL 138 kV.ElmNet\Villa Duarte.ElmSite\ZVDUAE.ElmSubstat\E5.ElmTerm\Cub_1.StaCubic\ZVDUAE_ZEBRIE-L1-7SA6.ElmRelay,Frequency (60Hz),f2,57.0,0.0,30.0,1,1,1,0,E5,,138.0,Cub_1,,138 kV El Brisal – Villa Duarte_c,ElmLne,ZVDUAE_ZXEBR2-L1,1,0,0,0,0,0
,ZVDUAE_ZEBRIE-L1-7SA6,\VM-PF.IntUser\PDD 30-09-2025.IntPrj\Network Model.IntPrjfolder\Network Data.IntPrjfolder\CENTRAL 138 kV.ElmNet\Villa Duarte.ElmSite\ZVDUAE.ElmSubstat\E5.ElmTerm\Cub_1.StaCubic\ZVDUAE_ZEBRIE-L1-7SA6.ElmRelay,Frequency (60Hz),f3,59.5,0.0,3.0,1,1,1,0,E5,,138.0,Cub_1,,138 kV El Brisal – Villa Duarte_c,ElmLne,ZVDUAE_ZXEBR2-L1,1,0,0,0,0,0
,ZVDUAE_ZEBRIE-L1-7SA6,\VM-PF.IntUser\PDD 30-09-2025.IntPrj\Network Model.IntPrjfolder\Network Data.IntPrjfolder\CENTRAL 138 kV.ElmNet\Villa Duarte.ElmSite\ZVDUAE.ElmSubstat\E5.ElmTerm\Cub_1.StaCubic\ZVDUAE_ZEBRIE-L1-7SA6.ElmRelay,Frequency (60Hz),f4,62.0,0.0,30.0,1,1,1,0,E5,,138.0,Cub_1,,138 kV El Brisal – Villa Duarte_c,ElmLne,ZVDUAE_ZXEBR2-L1,1,0,0,0,0,0
,ZVDUAE_ZHNSAE-L1-7SA6,\VM-PF.IntUser\PDD 30-09-2025.IntPrj\Network Model.IntPrjfolder\Network Data.IntPrjfolder\CENTRAL 138 kV.ElmNet\Villa Duarte.ElmSite\ZVDUAE.ElmSubstat\E3.ElmTerm\Cub_1.StaCubic\ZVDUAE_ZHNSAE-L1-7SA6.ElmRelay,Frequency (50Hz),f1,49.5,0.0,60.0,1,0,1,0,E3,,138.0,Cub_1,,138 kV Hainamosa – Villa Duarte_c,ElmLne,ZVDUAE_ZXEBR3-L1,1,0,0,0,0,0
,ZVDUAE_ZHNSAE-L1-7SA6,\VM-PF.IntUser\PDD 30-09-2025.IntPrj\Network Model.IntPrjfolder\Network Data.IntPrjfolder\CENTRAL 138 kV.ElmNet\Villa Duarte.ElmSite\ZVDUAE.ElmSubstat\E3.ElmTerm\Cub_1.StaCubic\ZVDUAE_ZHNSAE-L1-7SA6.ElmRelay,Frequency (50Hz),f2,49.0,0.0,30.0,1,0,1,0,E3,,138.0,Cub_1,,138 kV Hainamosa – Villa Duarte_c,ElmLne,ZVDUAE_ZXEBR3-L1,1,0,0,0,0,0
,ZVDUAE_ZHNSAE-L1-7SA6,\VM-PF.IntUser\PDD 30-09-2025.IntPrj\Network Model.IntPrjfolder\Network Data.IntPrjfolder\CENTRAL 138 kV.ElmNet\Villa Duarte.ElmSite\ZVDUAE.ElmSubstat\E3.ElmTerm\Cub_1.StaCubic\ZVDUAE_ZHNSAE-L1-7SA6.ElmRelay,Frequency (50Hz),f3,47.5,0.0,3.0,1,0,1,0,E3,,138.0,Cub_1,,138 kV Hainamosa – Villa Duarte_c,ElmLne,ZVDUAE_ZXEBR3-L1,1,0,0,0,0,0
,ZVDUAE_ZHNSAE-L1-7SA6,\VM-PF.IntUser\PDD 30-09-2025.IntPrj\Network Model.IntPrjfolder\Network Data.IntPrjfolder\CENTRAL 138 kV.ElmNet\Villa Duarte.ElmSite\ZVDUAE.ElmSubstat\E3.ElmTerm\Cub_1.StaCubic\ZVDUAE_ZHNSAE-L1-7SA6.ElmRelay,Frequency (50Hz),f4,51.0,0.0,30.0,1,0,1,0,E3,,138.0,Cub_1,,138 kV Hainamosa – Villa Duarte_c,ElmLne,ZVDUAE_ZXEBR3-L1,1,0,0,0,0,0
,ZVDUAE_ZHNSAE-L1-7SA6,\VM-PF.IntUser\PDD 30-09-2025.IntPrj\Network Model.IntPrjfolder\Network Data.IntPrjfolder\CENTRAL 138 kV.ElmNet\Villa Duarte.ElmSite\ZVDUAE.ElmSubstat\E3.ElmTerm\Cub_1.StaCubic\ZVDUAE_ZHNSAE-L1-7SA6.ElmRelay,Frequency (60Hz),f1,59.5,0.0,60.0,1,1,1,0,E3,,138.0,Cub_1,,138 kV Hainamosa – Villa Duarte_c,ElmLne,ZVDUAE_ZXEBR3-L1,1,0,0,0,0,0
,ZVDUAE_ZHNSAE-L1-7SA6,\VM-PF.IntUser\PDD 30-09-2025.IntPrj\Network Model.IntPrjfolder\Network Data.IntPrjfolder\CENTRAL 138 kV.ElmNet\Villa Duarte.ElmSite\ZVDUAE.ElmSubstat\E3.ElmTerm\Cub_1.StaCubic\ZVDUAE_ZHNSAE-L1-7SA6.ElmRelay,Frequency (60Hz),f2,57.0,0.0,30.0,1,1,1,0,E3,,138.0,Cub_1,,138 kV Hainamosa – Villa Duarte_c,ElmLne,ZVDUAE_ZXEBR3-L1,1,0,0,0,0,0
,ZVDUAE_ZHNSAE-L1-7SA6,\VM-PF.IntUser\PDD 30-09-2025.IntPrj\Network Model.IntPrjfolder\Network Data.IntPrjfolder\CENTRAL 138 kV.ElmNet\Villa Duarte.ElmSite\ZVDUAE.ElmSubstat\E3.ElmTerm\Cub_1.StaCubic\ZVDUAE_ZHNSAE-L1-7SA6.ElmRelay,Frequency (60Hz),f3,59.5,0.0,3.0,1,1,1,0,E3,,138.0,Cub_1,,138 kV Hainamosa – Villa Duarte_c,ElmLne,ZVDUAE_ZXEBR3-L1,1,0,0,0,0,0
,ZVDUAE_ZHNSAE-L1-7SA6,\VM-PF.IntUser\PDD 30-09-2025.IntPrj\Network Model.IntPrjfolder\Network Data.IntPrjfolder\CENTRAL 138 kV.ElmNet\Villa Duarte.ElmSite\ZVDUAE.ElmSubstat\E3.ElmTerm\Cub_1.StaCubic\ZVDUAE_ZHNSAE-L1-7SA6.ElmRelay,Frequency (60Hz),f4,62.0,0.0,30.0,1,1,1,0,E3,,138.0,Cub_1,,138 kV Hainamosa – Villa Duarte_c,ElmLne,ZVDUAE_ZXEBR3-L1,1,0,0,0,0,0
,VILLA DUARTE 138,\VM-PF.IntUser\PDD 30-09-2025.IntPrj\Network Model.IntPrjfolder\Network Data.IntPrjfolder\CENTRAL 138 kV.ElmNet\Villa Duarte.ElmSite\ZVDUAE.ElmSubstat\E2.ElmTerm\Cub_1.StaCubic\VILLA DUARTE 138.ElmRelay,,EDE 1 F<,59.29999923706055,0.0,0.10000000149011612,0,,0,1,E2,,138.0,Cub_1,,Demanda Villa Duarte,ElmLod,ZVDU1E-D1,0,1,26.03,0.38,0,0
,VILLA DUARTE 138,\VM-PF.IntUser\PDD 30-09-2025.IntPrj\Network Model.IntPrjfolder\Network Data.IntPrjfolder\CENTRAL 138 kV.ElmNet\Villa Duarte.ElmSite\ZVDUAE.ElmSubstat\E2.ElmTerm\Cub_1.StaCubic\VILLA DUARTE 138.ElmRelay,,EDE 2 F<,59.20000076293945,0.0,0.10000000149011612,1,,0,0,E2,,138.0,Cub_1,,Demanda Villa Duarte,ElmLod,ZVDU1E-D1,0,1,26.03,0.38,0,0
,VILLA DUARTE 138,\VM-PF.IntUser\PDD 30-09-2025.IntPrj\Network Model.IntPrjfolder\Network Data.IntPrjfolder\CENTRAL 138 kV.ElmNet\Villa Duarte.ElmSite\ZVDUAE.ElmSubstat\E2.ElmTerm\Cub_1.StaCubic\VILLA DUARTE 138.ElmRelay,,EDE 3 F<,59.099998474121094,0.0,0.10000000149011612,1,,0,0,E2,,138.0,Cub_1,,Demanda Villa Duarte,ElmLod,ZVDU1E-D1,0,1,26.03,0.38,0,0
,VILLA DUARTE 138,\VM-PF.IntUser\PDD 30-09-2025.IntPrj\Network Model.IntPrjfolder\Network Data.IntPrjfolder\CENTRAL 138 kV.ElmNet\Villa Duarte.ElmSite\ZVDUAE.ElmSubstat\E2.ElmTerm\Cub_1.StaCubic\VILLA DUARTE 138.ElmRelay,,EDE 4 F<,59.0,0.0,0.10000000149011612,1,,0,0,E2,,138.0,Cub_1,,Demanda Villa Duarte,ElmLod,ZVDU1E-D1,0,1,26.03,0.38,0,0
,VILLA DUARTE 138,\VM-PF.IntUser\PDD 30-09-2025.IntPrj\Network Model.IntPrjfolder\Network Data.IntPrjfolder\CENTRAL 138 kV.ElmNet\Villa Duarte.ElmSite\ZVDUAE.ElmSubstat\E2.ElmTerm\Cub_1.StaCubic\VILLA DUARTE 138.ElmRelay,,EDE 5 F<,58.900001525878906,0.0,0.10000000149011612,1,,0,0,E2,,138.0,Cub_1,,Demanda Villa Duarte,ElmLod,ZVDU1E-D1,0,1,26.03,0.38,0,0
,VILLA DUARTE 138,\VM-PF.IntUser\PDD 30-09-2025.IntPrj\Network Model.IntPrjfolder\Network Data.IntPrjfolder\CENTRAL 138 kV.ElmNet\Villa Duarte.ElmSite\ZVDUAE.ElmSubstat\E2.ElmTerm\Cub_1.StaCubic\VILLA DUARTE 138.ElmRelay,,EDE 6 F<,58.79999923706055,0.0,0.10000000149011612,0,,0,1,E2,,138.0,Cub_1,,Demanda Villa Duarte,ElmLod,ZVDU1E-D1,0,1,26.03,0.38,0,0
,ZMATBE_ZHAINE-L1-7SA6,\VM-PF.IntUser\PDD 30-09-2025.IntPrj\Network Model.IntPrjfolder\Network Data.IntPrjfolder\CENTRAL 138 kV.ElmNet\ZMATAE.ElmSubstat\L1.ElmTerm\Cub_1.StaCubic\ZMATBE_ZHAINE-L1-7SA6.ElmRelay,Frequency (50Hz),f1,49.5,0.0,60.0,1,0,1,0,L1,,138.0,Cub_1,,138 kV Haina – Matadero L1,ElmLne,ZHAINE_ZMATBE-L1,1,0,0,0,0,0
,ZMATBE_ZHAINE-L1-7SA6,\VM-PF.IntUser\PDD 30-09-2025.IntPrj\Network Model.IntPrjfolder\Network Data.IntPrjfolder\CENTRAL 138 kV.ElmNet\ZMATAE.ElmSubstat\L1.ElmTerm\Cub_1.StaCubic\ZMATBE_ZHAINE-L1-7SA6.ElmRelay,Frequency (50Hz),f2,49.0,0.0,30.0,1,0,1,0,L1,,138.0,Cub_1,,138 kV Haina – Matadero L1,ElmLne,ZHAINE_ZMATBE-L1,1,0,0,0,0,0
,ZMATBE_ZHAINE-L1-7SA6,\VM-PF.IntUser\PDD 30-09-2025.IntPrj\Network Model.IntPrjfolder\Network Data.IntPrjfolder\CENTRAL 138 kV.ElmNet\ZMATAE.ElmSubstat\L1.ElmTerm\Cub_1.StaCubic\ZMATBE_ZHAINE-L1-7SA6.ElmRelay,Frequency (50Hz),f3,47.5,0.0,3.0,1,0,1,0,L1,,138.0,Cub_1,,138 kV Haina – Matadero L1,ElmLne,ZHAINE_ZMATBE-L1,1,0,0,0,0,0
,ZMATBE_ZHAINE-L1-7SA6,\VM-PF.IntUser\PDD 30-09-2025.IntPrj\Network Model.IntPrjfolder\Network Data.IntPrjfolder\CENTRAL 138 kV.ElmNet\ZMATAE.ElmSubstat\L1.ElmTerm\Cub_1.StaCubic\ZMATBE_ZHAINE-L1-7SA6.ElmRelay,Frequency (50Hz),f4,51.0,0.0,30.0,1,0,1,0,L1,,138.0,Cub_1,,138 kV Haina – Matadero L1,ElmLne,ZHAINE_ZMATBE-L1,1,0,0,0,0,0
,ZMATBE_ZHAINE-L1-7SA6,\VM-PF.IntUser\PDD 30-09-2025.IntPrj\Network Model.IntPrjfolder\Network Data.IntPrjfolder\CENTRAL 138 kV.ElmNet\ZMATAE.ElmSubstat\L1.ElmTerm\Cub_1.StaCubic\ZMATBE_ZHAINE-L1-7SA6.ElmRelay,Frequency (60Hz),f1,59.5,0.0,60.0,1,1,1,0,L1,,138.0,Cub_1,,138 kV Haina – Matadero L1,ElmLne,ZHAINE_ZMATBE-L1,1,0,0,0,0,0
,ZMATBE_ZHAINE-L1-7SA6,\VM-PF.IntUser\PDD 30-09-2025.IntPrj\Network Model.IntPrjfolder\Network Data.IntPrjfolder\CENTRAL 138 kV.ElmNet\ZMATAE.ElmSubstat\L1.ElmTerm\Cub_1.StaCubic\ZMATBE_ZHAINE-L1-7SA6.ElmRelay,Frequency (60Hz),f2,57.0,0.0,30.0,1,1,1,0,L1,,138.0,Cub_1,,138 kV Haina – Matadero L1,ElmLne,ZHAINE_ZMATBE-L1,1,0,0,0,0,0
,ZMATBE_ZHAINE-L1-7SA6,\VM-PF.IntUser\PDD 30-09-2025.IntPrj\Network Model.IntPrjfolder\Network Data.IntPrjfolder\CENTRAL 138 kV.ElmNet\ZMATAE.ElmSubstat\L1.ElmTerm\Cub_1.StaCubic\ZMATBE_ZHAINE-L1-7SA6.ElmRelay,Frequency (60Hz),f3,59.5,0.0,3.0,1,1,1,0,L1,,138.0,Cub_1,,138 kV Haina – Matadero L1,ElmLne,ZHAINE_ZMATBE-L1,1,0,0,0,0,0
,ZMATBE_ZHAINE-L1-7SA6,\VM-PF.IntUser\PDD 30-09-2025.IntPrj\Network Model.IntPrjfolder\Network Data.IntPrjfolder\CENTRAL 138 kV.ElmNet\ZMATAE.ElmSubstat\L1.ElmTerm\Cub_1.StaCubic\ZMATBE_ZHAINE-L1-7SA6.ElmRelay,Frequency (60Hz),f4,62.0,0.0,30.0,1,1,1,0,L1,,138.0,Cub_1,,138 kV Haina – Matadero L1,ElmLne,ZHAINE_ZMATBE-L1,1,0,0,0,0,0
,ZMATBE_ZMETAE-L1-RED670,\VM-PF.IntUser\PDD 30-09-2025.IntPrj\Network Model.IntPrjfolder\Network Data.IntPrjfolder\CENTRAL 138 kV.ElmNet\ZMATAE.ElmSubstat\L3.ElmTerm\Cub_1.StaCubic\ZMATBE_ZMETAE-L1-RED670.ElmRelay,PTOF PTUF PFRC 81,FRC1,0.0,0.0,0.0,1,0,1,0,L3,,138.0,Cub_1,,138 kV Matadero – METALDOM,ElmLne,ZMATBE_ZMETAE-L1,0,1,2.11,0.9,1,38.92
,ZMATBE_ZMETAE-L1-RED670,\VM-PF.IntUser\PDD 30-09-2025.IntPrj\Network Model.IntPrjfolder\Network Data.IntPrjfolder\CENTRAL 138 kV.ElmNet\ZMATAE.ElmSubstat\L3.ElmTerm\Cub_1.StaCubic\ZMATBE_ZMETAE-L1-RED670.ElmRelay,PTOF PTUF PFRC 81,FRC2,0.0,0.0,0.0,1,0,1,0,L3,,138.0,Cub_1,,138 kV Matadero – METALDOM,ElmLne,ZMATBE_ZMETAE-L1,0,1,2.11,0.9,1,38.92
,ZMATBE_ZMETAE-L1-RED670,\VM-PF.IntUser\PDD 30-09-2025.IntPrj\Network Model.IntPrjfolder\Network Data.IntPrjfolder\CENTRAL 138 kV.ElmNet\ZMATAE.ElmSubstat\L3.ElmTerm\Cub_1.StaCubic\ZMATBE_ZMETAE-L1-RED670.ElmRelay,PTOF PTUF PFRC 81,TOF,35.0,0.0,0.0,1,0,1,0,L3,,138.0,Cub_1,,138 kV Matadero – METALDOM,ElmLne,ZMATBE_ZMETAE-L1,0,1,2.11,0.9,1,38.92
,ZMATBE_ZMETAE-L1-RED670,\VM-PF.IntUser\PDD 30-09-2025.IntPrj\Network Model.IntPrjfolder\Network Data.IntPrjfolder\CENTRAL 138 kV.ElmNet\ZMATAE.ElmSubstat\L3.ElmTerm\Cub_1.StaCubic\ZMATBE_ZMETAE-L1-RED670.ElmRelay,PTOF PTUF PFRC 81,TUF 1,35.0,0.0,0.0,1,0,1,0,L3,,138.0,Cub_1,,138 kV Matadero – METALDOM,ElmLne,ZMATBE_ZMETAE-L1,0,1,2.11,0.9,1,38.92
,ZMATBE_ZMETAE-L1-RED670,\VM-PF.IntUser\PDD 30-09-2025.IntPrj\Network Model.IntPrjfolder\Network Data.IntPrjfolder\CENTRAL 138 kV.ElmNet\ZMATAE.ElmSubstat\L3.ElmTerm\Cub_1.StaCubic\ZMATBE_ZMETAE-L1-RED670.ElmRelay,PTOF PTUF PFRC 81,TUF 2,35.0,0.0,0.0,1,0,1,0,L3,,138.0,Cub_1,,138 kV Matadero – METALDOM,ElmLne,ZMATBE_ZMETAE-L1,0,1,2.11,0.9,1,38.92
,MATADERO,\VM-PF.IntUser\PDD 30-09-2025.IntPrj\Network Model.IntPrjfolder\Network Data.IntPrjfolder\CENTRAL 138 kV.ElmNet\ZMATAE.ElmSubstat\L4.ElmTerm\Cub_1.StaCubic\MATADERO.ElmRelay,,EDS 1 F<,59.29999923706055,0.0,0.10000000149011612,1,,0,0,L4,,138.0,Cub_1,,Demanda 2 Matadero,ElmLod,ZMATAE-D2,0,1,10.44,1.48,0,0
,MATADERO,\VM-PF.IntUser\PDD 30-09-2025.IntPrj\Network Model.IntPrjfolder\Network Data.IntPrjfolder\CENTRAL 138 kV.ElmNet\ZMATAE.ElmSubstat\L4.ElmTerm\Cub_1.StaCubic\MATADERO.ElmRelay,,EDS 2 F<,59.20000076293945,0.0,0.10000000149011612,0,,0,1,L4,,138.0,Cub_1,,Demanda 2 Matadero,ElmLod,ZMATAE-D2,0,1,10.44,1.48,0,0
,MATADERO,\VM-PF.IntUser\PDD 30-09-2025.IntPrj\Network Model.IntPrjfolder\Network Data.IntPrjfolder\CENTRAL 138 kV.ElmNet\ZMATAE.ElmSubstat\L4.ElmTerm\Cub_1.StaCubic\MATADERO.ElmRelay,,EDS 3 F<,59.099998474121094,0.0,0.10000000149011612,1,,0,0,L4,,138.0,Cub_1,,Demanda 2 Matadero,ElmLod,ZMATAE-D2,0,1,10.44,1.48,0,0
,MATADERO,\VM-PF.IntUser\PDD 30-09-2025.IntPrj\Network Model.IntPrjfolder\Network Data.IntPrjfolder\CENTRAL 138 kV.ElmNet\ZMATAE.ElmSubstat\L4.ElmTerm\Cub_1.StaCubic\MATADERO.ElmRelay,,EDS 4 F<,59.0,0.0,0.10000000149011612,0,,0,1,L4,,138.0,Cub_1,,Demanda 2 Matadero,ElmLod,ZMATAE-D2,0,1,10.44,1.48,0,0
,MATADERO,\VM-PF.IntUser\PDD 30-09-2025.IntPrj\Network Model.IntPrjfolder\Network Data.IntPrjfolder\CENTRAL 138 kV.ElmNet\ZMATAE.ElmSubstat\L4.ElmTerm\Cub_1.StaCubic\MATADERO.ElmRelay,,EDS 5 F<,58.900001525878906,0.0,0.10000000149011612,1,,0,0,L4,,138.0,Cub_1,,Demanda 2 Matadero,ElmLod,ZMATAE-D2,0,1,10.44,1.48,0,0
,MATADERO,\VM-PF.IntUser\PDD 30-09-2025.IntPrj\Network Model.IntPrjfolder\Network Data.IntPrjfolder\CENTRAL 138 kV.ElmNet\ZMATAE.ElmSubstat\L4.ElmTerm\Cub_1.StaCubic\MATADERO.ElmRelay,,EDS 6 F<,58.79999923706055,0.0,0.10000000149011612,1,,0,0,L4,,138.0,Cub_1,,Demanda 2 Matadero,ElmLod,ZMATAE-D2,0,1,10.44,1.48,0,0
,MATADERO dF/dt,\VM-PF.IntUser\PDD 30-09-2025.IntPrj\Network Model.IntPrjfolder\Network Data.IntPrjfolder\CENTRAL 138 kV.ElmNet\ZMATAE.ElmSubstat\L4.ElmTerm\Cub_1.StaCubic\MATADERO dF/dt.ElmRelay,,EDS 0 F<,58.70000076293945,0.0,0.10000000149011612,1,,0,0,L4,,138.0,Cub_1,,Demanda 2 Matadero,ElmLod,ZMATAE-D2,0,1,10.44,1.48,0,0
,MATADERO dF/dt,\VM-PF.IntUser\PDD 30-09-2025.IntPrj\Network Model.IntPrjfolder\Network Data.IntPrjfolder\CENTRAL 138 kV.ElmNet\ZMATAE.ElmSubstat\L4.ElmTerm\Cub_1.StaCubic\MATADERO dF/dt.ElmRelay,,EDS 0 Start-dF/dt,59.29999923706055,0.0,0.10000000149011612,0,,0,1,L4,,138.0,Cub_1,,Demanda 2 Matadero,ElmLod,ZMATAE-D2,0,1,10.44,1.48,0,0
,MATADERO dF/dt,\VM-PF.IntUser\PDD 30-09-2025.IntPrj\Network Model.IntPrjfolder\Network Data.IntPrjfolder\CENTRAL 138 kV.ElmNet\ZMATAE.ElmSubstat\L4.ElmTerm\Cub_1.StaCubic\MATADERO dF/dt.ElmRelay,,EDS 0 dF/dt,59.099998474121094,-2.0,0.10000000149011612,0,,0,1,L4,,138.0,Cub_1,,Demanda 2 Matadero,ElmLod,ZMATAE-D2,0,1,10.44,1.48,0,0
,MATADERO dF/dt,\VM-PF.IntUser\PDD 30-09-2025.IntPrj\Network Model.IntPrjfolder\Network Data.IntPrjfolder\CENTRAL 138 kV.ElmNet\ZMATAE.ElmSubstat\L4.ElmTerm\Cub_1.StaCubic\MATADERO dF/dt.ElmRelay,,EDS 1 F<,58.70000076293945,0.0,0.10000000149011612,1,,0,0,L4,,138.0,Cub_1,,Demanda 2 Matadero,ElmLod,ZMATAE-D2,0,1,10.44,1.48,0,0
,MATADERO dF/dt,\VM-PF.IntUser\PDD 30-09-2025.IntPrj\Network Model.IntPrjfolder\Network Data.IntPrjfolder\CENTRAL 138 kV.ElmNet\ZMATAE.ElmSubstat\L4.ElmTerm\Cub_1.StaCubic\MATADERO dF/dt.ElmRelay,,EDS 1 Start-dF/dt,59.29999923706055,0.0,0.10000000149011612,1,,0,0,L4,,138.0,Cub_1,,Demanda 2 Matadero,ElmLod,ZMATAE-D2,0,1,10.44,1.48,0,0
,MATADERO dF/dt,\VM-PF.IntUser\PDD 30-09-2025.IntPrj\Network Model.IntPrjfolder\Network Data.IntPrjfolder\CENTRAL 138 kV.ElmNet\ZMATAE.ElmSubstat\L4.ElmTerm\Cub_1.StaCubic\MATADERO dF/dt.ElmRelay,,EDS 1 dF/dt,58.79999923706055,-2.0,0.10000000149011612,1,,0,0,L4,,138.0,Cub_1,,Demanda 2 Matadero,ElmLod,ZMATAE-D2,0,1,10.44,1.48,0,0
,MATADERO dF/dt,\VM-PF.IntUser\PDD 30-09-2025.IntPrj\Network Model.IntPrjfolder\Network Data.IntPrjfolder\CENTRAL 138 kV.ElmNet\ZMATAE.ElmSubstat\L4.ElmTerm\Cub_1.StaCubic\MATADERO dF/dt.ElmRelay,,EDS 2 F<,59.20000076293945,0.0,0.0,1,,0,0,L4,,138.0,Cub_1,,Demanda 2 Matadero,ElmLod,ZMATAE-D2,0,1,10.44,1.48,0,0
,MATADERO dF/dt,\VM-PF.IntUser\PDD 30-09-2025.IntPrj\Network Model.IntPrjfolder\Network Data.IntPrjfolder\CENTRAL 138 kV.ElmNet\ZMATAE.ElmSubstat\L4.ElmTerm\Cub_1.StaCubic\MATADERO dF/dt.ElmRelay,,EDS 2 Start-dF/dt,59.20000076293945,0.0,0.0,1,,0,0,L4,,138.0,Cub_1,,Demanda 2 Matadero,ElmLod,ZMATAE-D2,0,1,10.44,1.48,0,0
,MATADERO dF/dt,\VM-PF.IntUser\PDD 30-09-2025.IntPrj\Network Model.IntPrjfolder\Network Data.IntPrjfolder\CENTRAL 138 kV.ElmNet\ZMATAE.ElmSubstat\L4.ElmTerm\Cub_1.StaCubic\MATADERO dF/dt.ElmRelay,,EDS 2 dF/dt,0.0,-2.0,0.0,1,,0,0,L4,,138.0,Cub_1,,Demanda 2 Matadero,ElmLod,ZMATAE-D2,0,1,10.44,1.48,0,0
,MATADERO dF/dt,\VM-PF.IntUser\PDD 30-09-2025.IntPrj\Network Model.IntPrjfolder\Network Data.IntPrjfolder\CENTRAL 138 kV.ElmNet\ZMATAE.ElmSubstat\L4.ElmTerm\Cub_1.StaCubic\MATADERO dF/dt.ElmRelay,,EDS 3 F<,59.099998474121094,0.0,0.0,1,,0,0,L4,,138.0,Cub_1,,Demanda 2 Matadero,ElmLod,ZMATAE-D2,0,1,10.44,1.48,0,0
,MATADERO dF/dt,\VM-PF.IntUser\PDD 30-09-2025.IntPrj\Network Model.IntPrjfolder\Network Data.IntPrjfolder\CENTRAL 138 kV.ElmNet\ZMATAE.ElmSubstat\L4.ElmTerm\Cub_1.StaCubic\MATADERO dF/dt.ElmRelay,,EDS 3 Start-dF/dt,59.099998474121094,0.0,0.0,1,,0,0,L4,,138.0,Cub_1,,Demanda 2 Matadero,ElmLod,ZMATAE-D2,0,1,10.44,1.48,0,0
,MATADERO dF/dt,\VM-PF.IntUser\PDD 30-09-2025.IntPrj\Network Model.IntPrjfolder\Network Data.IntPrjfolder\CENTRAL 138 kV.ElmNet\ZMATAE.ElmSubstat\L4.ElmTerm\Cub_1.StaCubic\MATADERO dF/dt.ElmRelay,,EDS 3 dF/dt,0.0,-2.0,0.0,1,,0,0,L4,,138.0,Cub_1,,Demanda 2 Matadero,ElmLod,ZMATAE-D2,0,1,10.44,1.48,0,0
,MATADERO dF/dt,\VM-PF.IntUser\PDD 30-09-2025.IntPrj\Network Model.IntPrjfolder\Network Data.IntPrjfolder\CENTRAL 138 kV.ElmNet\ZMATAE.ElmSubstat\L4.ElmTerm\Cub_1.StaCubic\MATADERO dF/dt.ElmRelay,,EDS 4 F<,59.0,0.0,0.0,1,,0,0,L4,,138.0,Cub_1,,Demanda 2 Matadero,ElmLod,ZMATAE-D2,0,1,10.44,1.48,0,0
,MATADERO dF/dt,\VM-PF.IntUser\PDD 30-09-2025.IntPrj\Network Model.IntPrjfolder\Network Data.IntPrjfolder\CENTRAL 138 kV.ElmNet\ZMATAE.ElmSubstat\L4.ElmTerm\Cub_1.StaCubic\MATADERO dF/dt.ElmRelay,,EDS 4 Start-dF/dt,59.0,0.0,0.0,1,,0,0,L4,,138.0,Cub_1,,Demanda 2 Matadero,ElmLod,ZMATAE-D2,0,1,10.44,1.48,0,0
,MATADERO dF/dt,\VM-PF.IntUser\PDD 30-09-2025.IntPrj\Network Model.IntPrjfolder\Network Data.IntPrjfolder\CENTRAL 138 kV.ElmNet\ZMATAE.ElmSubstat\L4.ElmTerm\Cub_1.StaCubic\MATADERO dF/dt.ElmRelay,,EDS 4 dF/dt,0.0,-2.0,0.0,1,,0,0,L4,,138.0,Cub_1,,Demanda 2 Matadero,ElmLod,ZMATAE-D2,0,1,10.44,1.48,0,0
,MATADERO dF/dt,\VM-PF.IntUser\PDD 30-09-2025.IntPrj\Network Model.IntPrjfolder\Network Data.IntPrjfolder\CENTRAL 138 kV.ElmNet\ZMATAE.ElmSubstat\L4.ElmTerm\Cub_1.StaCubic\MATADERO dF/dt.ElmRelay,,EDS 5 F<,58.900001525878906,0.0,0.0,1,,0,0,L4,,138.0,Cub_1,,Demanda 2 Matadero,ElmLod,ZMATAE-D2,0,1,10.44,1.48,0,0
,MATADERO dF/dt,\VM-PF.IntUser\PDD 30-09-2025.IntPrj\Network Model.IntPrjfolder\Network Data.IntPrjfolder\CENTRAL 138 kV.ElmNet\ZMATAE.ElmSubstat\L4.ElmTerm\Cub_1.StaCubic\MATADERO dF/dt.ElmRelay,,EDS 5 Start-dF/dt,58.900001525878906,0.0,0.0,1,,0,0,L4,,138.0,Cub_1,,Demanda 2 Matadero,ElmLod,ZMATAE-D2,0,1,10.44,1.48,0,0
,MATADERO dF/dt,\VM-PF.IntUser\PDD 30-09-2025.IntPrj\Network Model.IntPrjfolder\Network Data.IntPrjfolder\CENTRAL 138 kV.ElmNet\ZMATAE.ElmSubstat\L4.ElmTerm\Cub_1.StaCubic\MATADERO dF/dt.ElmRelay,,EDS 5 dF/dt,0.0,-2.0,0.0,1,,0,0,L4,,138.0,Cub_1,,Demanda 2 Matadero,ElmLod,ZMATAE-D2,0,1,10.44,1.48,0,0
,MATADERO dF/dt,\VM-PF.IntUser\PDD 30-09-2025.IntPrj\Network Model.IntPrjfolder\Network Data.IntPrjfolder\CENTRAL 138 kV.ElmNet\ZMATAE.ElmSubstat\L4.ElmTerm\Cub_1.StaCubic\MATADERO dF/dt.ElmRelay,,EDS 6 F<,58.79999923706055,0.0,0.0,1,,0,0,L4,,138.0,Cub_1,,Demanda 2 Matadero,ElmLod,ZMATAE-D2,0,1,10.44,1.48,0,0
,MATADERO dF/dt,\VM-PF.IntUser\PDD 30-09-2025.IntPrj\Network Model.IntPrjfolder\Network Data.IntPrjfolder\CENTRAL 138 kV.ElmNet\ZMATAE.ElmSubstat\L4.ElmTerm\Cub_1.StaCubic\MATADERO dF/dt.ElmRelay,,EDS 6 Start-dF/dt,58.79999923706055,0.0,0.0,1,,0,0,L4,,138.0,Cub_1,,Demanda 2 Matadero,ElmLod,ZMATAE-D2,0,1,10.44,1.48,0,0
,MATADERO dF/dt,\VM-PF.IntUser\PDD 30-09-2025.IntPrj\Network Model.IntPrjfolder\Network Data.IntPrjfolder\CENTRAL 138 kV.ElmNet\ZMATAE.ElmSubstat\L4.ElmTerm\Cub_1.StaCubic\MATADERO dF/dt.ElmRelay,,EDS 6 dF/dt,0.0,-2.0,0.0,1,,0,0,L4,,138.0,Cub_1,,Demanda 2 Matadero,ElmLod,ZMATAE-D2,0,1,10.44,1.48,0,0
,ZMATBE_ZHAINE-L2-7SA6,\VM-PF.IntUser\PDD 30-09-2025.IntPrj\Network Model.IntPrjfolder\Network Data.IntPrjfolder\CENTRAL 138 kV.ElmNet\ZMATAE.ElmSubstat\R1.ElmTerm\Cub_1.StaCubic\ZMATBE_ZHAINE-L2-7SA6.ElmRelay,Frequency (50Hz),f1,49.5,0.0,60.0,1,0,1,0,R1,,138.0,Cub_1,,138 kV Haina – Matadero L2,ElmLne,ZHAINE_ZMATAE-L2,1,0,0,0,0,0
,ZMATBE_ZHAINE-L2-7SA6,\VM-PF.IntUser\PDD 30-09-2025.IntPrj\Network Model.IntPrjfolder\Network Data.IntPrjfolder\CENTRAL 138 kV.ElmNet\ZMATAE.ElmSubstat\R1.ElmTerm\Cub_1.StaCubic\ZMATBE_ZHAINE-L2-7SA6.ElmRelay,Frequency (50Hz),f2,49.0,0.0,30.0,1,0,1,0,R1,,138.0,Cub_1,,138 kV Haina – Matadero L2,ElmLne,ZHAINE_ZMATAE-L2,1,0,0,0,0,0
,ZMATBE_ZHAINE-L2-7SA6,\VM-PF.IntUser\PDD 30-09-2025.IntPrj\Network Model.IntPrjfolder\Network Data.IntPrjfolder\CENTRAL 138 kV.ElmNet\ZMATAE.ElmSubstat\R1.ElmTerm\Cub_1.StaCubic\ZMATBE_ZHAINE-L2-7SA6.ElmRelay,Frequency (50Hz),f3,47.5,0.0,3.0,1,0,1,0,R1,,138.0,Cub_1,,138 kV Haina – Matadero L2,ElmLne,ZHAINE_ZMATAE-L2,1,0,0,0,0,0
,ZMATBE_ZHAINE-L2-7SA6,\VM-PF.IntUser\PDD 30-09-2025.IntPrj\Network Model.IntPrjfolder\Network Data.IntPrjfolder\CENTRAL 138 kV.ElmNet\ZMATAE.ElmSubstat\R1.ElmTerm\Cub_1.StaCubic\ZMATBE_ZHAINE-L2-7SA6.ElmRelay,Frequency (50Hz),f4,51.0,0.0,30.0,1,0,1,0,R1,,138.0,Cub_1,,138 kV Haina – Matadero L2,ElmLne,ZHAINE_ZMATAE-L2,1,0,0,0,0,0
,ZMATBE_ZHAINE-L2-7SA6,\VM-PF.IntUser\PDD 30-09-2025.IntPrj\Network Model.IntPrjfolder\Network Data.IntPrjfolder\CENTRAL 138 kV.ElmNet\ZMATAE.ElmSubstat\R1.ElmTerm\Cub_1.StaCubic\ZMATBE_ZHAINE-L2-7SA6.ElmRelay,Frequency (60Hz),f1,59.5,0.0,60.0,1,1,1,0,R1,,138.0,Cub_1,,138 kV Haina – Matadero L2,ElmLne,ZHAINE_ZMATAE-L2,1,0,0,0,0,0
,ZMATBE_ZHAINE-L2-7SA6,\VM-PF.IntUser\PDD 30-09-2025.IntPrj\Network Model.IntPrjfolder\Network Data.IntPrjfolder\CENTRAL 138 kV.ElmNet\ZMATAE.ElmSubstat\R1.ElmTerm\Cub_1.StaCubic\ZMATBE_ZHAINE-L2-7SA6.ElmRelay,Frequency (60Hz),f2,57.0,0.0,30.0,1,1,1,0,R1,,138.0,Cub_1,,138 kV Haina – Matadero L2,ElmLne,ZHAINE_ZMATAE-L2,1,0,0,0,0,0
,ZMATBE_ZHAINE-L2-7SA6,\VM-PF.IntUser\PDD 30-09-2025.IntPrj\Network Model.IntPrjfolder\Network Data.IntPrjfolder\CENTRAL 138 kV.ElmNet\ZMATAE.ElmSubstat\R1.ElmTerm\Cub_1.StaCubic\ZMATBE_ZHAINE-L2-7SA6.ElmRelay,Frequency (60Hz),f3,59.5,0.0,3.0,1,1,1,0,R1,,138.0,Cub_1,,138 kV Haina – Matadero L2,ElmLne,ZHAINE_ZMATAE-L2,1,0,0,0,0,0
,ZMATBE_ZHAINE-L2-7SA6,\VM-PF.IntUser\PDD 30-09-2025.IntPrj\Network Model.IntPrjfolder\Network Data.IntPrjfolder\CENTRAL 138 kV.ElmNet\ZMATAE.ElmSubstat\R1.ElmTerm\Cub_1.StaCubic\ZMATBE_ZHAINE-L2-7SA6.ElmRelay,Frequency (60Hz),f4,62.0,0.0,30.0,1,1,1,0,R1,,138.0,Cub_1,,138 kV Haina – Matadero L2,ElmLne,ZHAINE_ZMATAE-L2,1,0,0,0,0,0
,ZMATAE_ZEMBAE-L1-7SA6,\VM-PF.IntUser\PDD 30-09-2025.IntPrj\Network Model.IntPrjfolder\Network Data.IntPrjfolder\CENTRAL 138 kV.ElmNet\ZMATAE.ElmSubstat\R2.ElmTerm\Cub_1.StaCubic\ZMATAE_ZEMBAE-L1-7SA6.ElmRelay,Frequency (50Hz),f1,49.5,0.0,60.0,1,0,1,0,R2,,138.0,Cub_1,,138 kV Embajador – Matadero,ElmLne,ZEMBAE_ZMATAE-L1,1,0,0,0,0,0
,ZMATAE_ZEMBAE-L1-7SA6,\VM-PF.IntUser\PDD 30-09-2025.IntPrj\Network Model.IntPrjfolder\Network Data.IntPrjfolder\CENTRAL 138 kV.ElmNet\ZMATAE.ElmSubstat\R2.ElmTerm\Cub_1.StaCubic\ZMATAE_ZEMBAE-L1-7SA6.ElmRelay,Frequency (50Hz),f2,49.0,0.0,30.0,1,0,1,0,R2,,138.0,Cub_1,,138 kV Embajador – Matadero,ElmLne,ZEMBAE_ZMATAE-L1,1,0,0,0,0,0
,ZMATAE_ZEMBAE-L1-7SA6,\VM-PF.IntUser\PDD 30-09-2025.IntPrj\Network Model.IntPrjfolder\Network Data.IntPrjfolder\CENTRAL 138 kV.ElmNet\ZMATAE.ElmSubstat\R2.ElmTerm\Cub_1.StaCubic\ZMATAE_ZEMBAE-L1-7SA6.ElmRelay,Frequency (50Hz),f3,47.5,0.0,3.0,1,0,1,0,R2,,138.0,Cub_1,,138 kV Embajador – Matadero,ElmLne,ZEMBAE_ZMATAE-L1,1,0,0,0,0,0
,ZMATAE_ZEMBAE-L1-7SA6,\VM-PF.IntUser\PDD 30-09-2025.IntPrj\Network Model.IntPrjfolder\Network Data.IntPrjfolder\CENTRAL 138 kV.ElmNet\ZMATAE.ElmSubstat\R2.ElmTerm\Cub_1.StaCubic\ZMATAE_ZEMBAE-L1-7SA6.ElmRelay,Frequency (50Hz),f4,51.0,0.0,30.0,1,0,1,0,R2,,138.0,Cub_1,,138 kV Embajador – Matadero,ElmLne,ZEMBAE_ZMATAE-L1,1,0,0,0,0,0
,ZMATAE_ZEMBAE-L1-7SA6,\VM-PF.IntUser\PDD 30-09-2025.IntPrj\Network Model.IntPrjfolder\Network Data.IntPrjfolder\CENTRAL 138 kV.ElmNet\ZMATAE.ElmSubstat\R2.ElmTerm\Cub_1.StaCubic\ZMATAE_ZEMBAE-L1-7SA6.ElmRelay,Frequency (60Hz),f1,59.5,0.0,60.0,1,1,1,0,R2,,138.0,Cub_1,,138 kV Embajador – Matadero,ElmLne,ZEMBAE_ZMATAE-L1,1,0,0,0,0,0
,ZMATAE_ZEMBAE-L1-7SA6,\VM-PF.IntUser\PDD 30-09-2025.IntPrj\Network Model.IntPrjfolder\Network Data.IntPrjfolder\CENTRAL 138 kV.ElmNet\ZMATAE.ElmSubstat\R2.ElmTerm\Cub_1.StaCubic\ZMATAE_ZEMBAE-L1-7SA6.ElmRelay,Frequency (60Hz),f2,57.0,0.0,30.0,1,1,1,0,R2,,138.0,Cub_1,,138 kV Embajador – Matadero,ElmLne,ZEMBAE_ZMATAE-L1,1,0,0,0,0,0
,ZMATAE_ZEMBAE-L1-7SA6,\VM-PF.IntUser\PDD 30-09-2025.IntPrj\Network Model.IntPrjfolder\Network Data.IntPrjfolder\CENTRAL 138 kV.ElmNet\ZMATAE.ElmSubstat\R2.ElmTerm\Cub_1.StaCubic\ZMATAE_ZEMBAE-L1-7SA6.ElmRelay,Frequency (60Hz),f3,59.5,0.0,3.0,1,1,1,0,R2,,138.0,Cub_1,,138 kV Embajador – Matadero,ElmLne,ZEMBAE_ZMATAE-L1,1,0,0,0,0,0
,ZMATAE_ZEMBAE-L1-7SA6,\VM-PF.IntUser\PDD 30-09-2025.IntPrj\Network Model.IntPrjfolder\Network Data.IntPrjfolder\CENTRAL 138 kV.ElmNet\ZMATAE.ElmSubstat\R2.ElmTerm\Cub_1.StaCubic\ZMATAE_ZEMBAE-L1-7SA6.ElmRelay,Frequency (60Hz),f4,62.0,0.0,30.0,1,1,1,0,R2,,138.0,Cub_1,,138 kV Embajador – Matadero,ElmLne,ZEMBAE_ZMATAE-L1,1,0,0,0,0,0
,LOS MINA 6 <f,\VM-PF.IntUser\PDD 30-09-2025.IntPrj\Network Model.IntPrjfolder\Network Data.IntPrjfolder\CENTRAL 138 kV.ElmNet\Los Mina 6.ElmSite\ZLMI6E.ElmSubstat\2.ElmTerm\Cub_1.StaCubic\LOS MINA 6 <f.ElmRelay,,F<,57.0,0.0,0.05000000074505806,1,,1,0,2,,138.0,Cub_1,,138/13.8 kV Transformador Los Mina 6,ElmTr2,WLMI6E_WLMI6K-T1,0,0,0,0,1,101.091
,LOS MINA 6 >f,\VM-PF.IntUser\PDD 30-09-2025.IntPrj\Network Model.IntPrjfolder\Network Data.IntPrjfolder\CENTRAL 138 kV.ElmNet\Los Mina 6.ElmSite\ZLMI6E.ElmSubstat\2.ElmTerm\Cub_1.StaCubic\LOS MINA 6 >f.ElmRelay,,F>,63.0,0.0,0.05000000074505806,1,,1,0,2,,138.0,Cub_1,,138/13.8 kV Transformador Los Mina 6,ElmTr2,WLMI6E_WLMI6K-T1,0,0,0,0,1,101.091
,LOS MINA 6 >f,\VM-PF.IntUser\PDD 30-09-2025.IntPrj\Network Model.IntPrjfolder\Network Data.IntPrjfolder\CENTRAL 138 kV.ElmNet\Los Mina 6.ElmSite\ZLMI6E.ElmSubstat\2.ElmTerm\Cub_1.StaCubic\LOS MINA 6 >f.ElmRelay,,dFdt,0.0,0.0,0.0,1,,1,0,2,,138.0,Cub_1,,138/13.8 kV Transformador Los Mina 6,ElmTr2,WLMI6E_WLMI6K-T1,0,0,0,0,1,101.091
,ZAANDE_ZAAINE-L1-P140,\VM-PF.IntUser\PDD 30-09-2025.IntPrj\Network Model.IntPrjfolder\Network Data.IntPrjfolder\CENTRAL 138 kV.ElmNet\AES Andrés.ElmSite\ZAANDE.ElmSubstat\1.ElmTerm\Cub_1.StaCubic\ZAANDE_ZAAINE-L1-P140.ElmRelay,,df/dt<1,0.0,0.10000000149011612,0.0,1,,1,0,1,,138.0,Cub_1,,138 kV AES Andrés – AES Andrés Intercon,ElmLne,ZAAINE_ZAANDE-L1,0,2,9.41,3.95,3,296.5
,ZAANDE_ZAAINE-L1-P140,\VM-PF.IntUser\PDD 30-09-2025.IntPrj\Network Model.IntPrjfolder\Network Data.IntPrjfolder\CENTRAL 138 kV.ElmNet\AES Andrés.ElmSite\ZAANDE.ElmSubstat\1.ElmTerm\Cub_1.StaCubic\ZAANDE_ZAAINE-L1-P140.ElmRelay,,df/dt<2,0.0,0.10000000149011612,0.0,1,,1,0,1,,138.0,Cub_1,,138 kV AES Andrés – AES Andrés Intercon,ElmLne,ZAAINE_ZAANDE-L1,0,2,9.41,3.95,3,296.5
,ZAANDE_ZAAINE-L1-P140,\VM-PF.IntUser\PDD 30-09-2025.IntPrj\Network Model.IntPrjfolder\Network Data.IntPrjfolder\CENTRAL 138 kV.ElmNet\AES Andrés.ElmSite\ZAANDE.ElmSubstat\1.ElmTerm\Cub_1.StaCubic\ZAANDE_ZAAINE-L1-P140.ElmRelay,,df/dt<3,0.0,0.10000000149011612,0.0,1,,1,0,1,,138.0,Cub_1,,138 kV AES Andrés – AES Andrés Intercon,ElmLne,ZAAINE_ZAANDE-L1,0,2,9.41,3.95,3,296.5
,ZAANDE_ZAAINE-L1-P140,\VM-PF.IntUser\PDD 30-09-2025.IntPrj\Network Model.IntPrjfolder\Network Data.IntPrjfolder\CENTRAL 138 kV.ElmNet\AES Andrés.ElmSite\ZAANDE.ElmSubstat\1.ElmTerm\Cub_1.StaCubic\ZAANDE_ZAAINE-L1-P140.ElmRelay,,df/dt<4,0.0,0.10000000149011612,0.0,1,,1,0,1,,138.0,Cub_1,,138 kV AES Andrés – AES Andrés Intercon,ElmLne,ZAAINE_ZAANDE-L1,0,2,9.41,3.95,3,296.5
,ZAANDE_ZAAINE-L1-P140,\VM-PF.IntUser\PDD 30-09-2025.IntPrj\Network Model.IntPrjfolder\Network Data.IntPrjfolder\CENTRAL 138 kV.ElmNet\AES Andrés.ElmSite\ZAANDE.ElmSubstat\1.ElmTerm\Cub_1.StaCubic\ZAANDE_ZAAINE-L1-P140.ElmRelay,,f<1,48.0,0.0,0.30000001192092896,1,,1,0,1,,138.0,Cub_1,,138 kV AES Andrés – AES Andrés Intercon,ElmLne,ZAAINE_ZAANDE-L1,0,2,9.41,3.95,3,296.5
,ZAANDE_ZAAINE-L1-P140,\VM-PF.IntUser\PDD 30-09-2025.IntPrj\Network Model.IntPrjfolder\Network Data.IntPrjfolder\CENTRAL 138 kV.ElmNet\AES Andrés.ElmSite\ZAANDE.ElmSubstat\1.ElmTerm\Cub_1.StaCubic\ZAANDE_ZAAINE-L1-P140.ElmRelay,,f<2,46.0,0.0,0.0,1,,1,0,1,,138.0,Cub_1,,138 kV AES Andrés – AES Andrés Intercon,ElmLne,ZAAINE_ZAANDE-L1,0,2,9.41,3.95,3,296.5
,ZAANDE_ZAAINE-L1-P140,\VM-PF.IntUser\PDD 30-09-2025.IntPrj\Network Model.IntPrjfolder\Network Data.IntPrjfolder\CENTRAL 138 kV.ElmNet\AES Andrés.ElmSite\ZAANDE.ElmSubstat\1.ElmTerm\Cub_1.StaCubic\ZAANDE_ZAAINE-L1-P140.ElmRelay,,f<3,52.0,0.0,0.30000001192092896,1,,1,0,1,,138.0,Cub_1,,138 kV AES Andrés – AES Andrés Intercon,ElmLne,ZAAINE_ZAANDE-L1,0,2,9.41,3.95,3,296.5
,ZAANDE_ZAAINE-L1-P140,\VM-PF.IntUser\PDD 30-09-2025.IntPrj\Network Model.IntPrjfolder\Network Data.IntPrjfolder\CENTRAL 138 kV.ElmNet\AES Andrés.ElmSite\ZAANDE.ElmSubstat\1.ElmTerm\Cub_1.StaCubic\ZAANDE_ZAAINE-L1-P140.ElmRelay,,f<4,54.0,0.0,0.0,1,,1,0,1,,138.0,Cub_1,,138 kV AES Andrés – AES Andrés Intercon,ElmLne,ZAAINE_ZAANDE-L1,0,2,9.41,3.95,3,296.5
,ZAANDE_ZAAINE-L1-P140,\VM-PF.IntUser\PDD 30-09-2025.IntPrj\Network Model.IntPrjfolder\Network Data.IntPrjfolder\CENTRAL 138 kV.ElmNet\AES Andrés.ElmSite\ZAANDE.ElmSubstat\1.ElmTerm\Cub_1.StaCubic\ZAANDE_ZAAINE-L1-P140.ElmRelay,,f>1,45.0,0.0,0.0,1,,1,0,1,,138.0,Cub_1,,138 kV AES Andrés – AES Andrés Intercon,ElmLne,ZAAINE_ZAANDE-L1,0,2,9.41,3.95,3,296.5
,ZAANDE_ZAAINE-L1-P140,\VM-PF.IntUser\PDD 30-09-2025.IntPrj\Network Model.IntPrjfolder\Network Data.IntPrjfolder\CENTRAL 138 kV.ElmNet\AES Andrés.ElmSite\ZAANDE.ElmSubstat\1.ElmTerm\Cub_1.StaCubic\ZAANDE_ZAAINE-L1-P140.ElmRelay,,f>2,45.0,0.0,0.0,1,,1,0,1,,138.0,Cub_1,,138 kV AES Andrés – AES Andrés Intercon,ElmLne,ZAAINE_ZAANDE-L1,0,2,9.41,3.95,3,296.5
,AES ANDRES TG <f,\VM-PF.IntUser\PDD 30-09-2025.IntPrj\Network Model.IntPrjfolder\Network Data.IntPrjfolder\CENTRAL 138 kV.ElmNet\AES Andrés.ElmSite\ZAANDE.ElmSubstat\3.ElmTerm\Cub_1.StaCubic\AES ANDRES TG <f.ElmRelay,,F<,58.0,0.0,0.800000011920929,1,,1,0,3,,138.0,Cub_1,,138/19 kV Transformador AES Andrés TG,ElmTr2,WAANDE_WAANGK-T1,0,0,0,0,1,195.69
,AES ANDRES TG >f,\VM-PF.IntUser\PDD 30-09-2025.IntPrj\Network Model.IntPrjfolder\Network Data.IntPrjfolder\CENTRAL 138 kV.ElmNet\AES Andrés.ElmSite\ZAANDE.ElmSubstat\3.ElmTerm\Cub_1.StaCubic\AES ANDRES TG >f.ElmRelay,,F>,61.5,0.0,0.800000011920929,1,,1,0,3,,138.0,Cub_1,,138/19 kV Transformador AES Andrés TG,ElmTr2,WAANDE_WAANGK-T1,0,0,0,0,1,195.69
,AES ANDRES TG >f,\VM-PF.IntUser\PDD 30-09-2025.IntPrj\Network Model.IntPrjfolder\Network Data.IntPrjfolder\CENTRAL 138 kV.ElmNet\AES Andrés.ElmSite\ZAANDE.ElmSubstat\3.ElmTerm\Cub_1.StaCubic\AES ANDRES TG >f.ElmRelay,,dFdt,0.0,0.0,0.0,1,,1,0,3,,138.0,Cub_1,,138/19 kV Transformador AES Andrés TG,ElmTr2,WAANDE_WAANGK-T1,0,0,0,0,1,195.69
,AES ANDRES TV <f,\VM-PF.IntUser\PDD 30-09-2025.IntPrj\Network Model.IntPrjfolder\Network Data.IntPrjfolder\CENTRAL 138 kV.ElmNet\AES Andrés.ElmSite\ZAANDE.ElmSubstat\4.ElmTerm\Cub_1.StaCubic\AES ANDRES TV <f.ElmRelay,,F<,57.0,0.0,3.200000047683716,1,,1,0,4,,138.0,Cub_1,,138/13.8 kV Transformador AES Andrés TV,ElmTr2,WAANDE_WAANVK-T1,0,0,0,0,1,100.81
,AES ANDRES TV >f,\VM-PF.IntUser\PDD 30-09-2025.IntPrj\Network Model.IntPrjfolder\Network Data.IntPrjfolder\CENTRAL 138 kV.ElmNet\AES Andrés.ElmSite\ZAANDE.ElmSubstat\4.ElmTerm\Cub_1.StaCubic\AES ANDRES TV >f.ElmRelay,,F>,62.0,0.0,3.200000047683716,1,,1,0,4,,138.0,Cub_1,,138/13.8 kV Transformador AES Andrés TV,ElmTr2,WAANDE_WAANVK-T1,0,0,0,0,1,100.81
,AES ANDRES TV >f,\VM-PF.IntUser\PDD 30-09-2025.IntPrj\Network Model.IntPrjfolder\Network Data.IntPrjfolder\CENTRAL 138 kV.ElmNet\AES Andrés.ElmSite\ZAANDE.ElmSubstat\4.ElmTerm\Cub_1.StaCubic\AES ANDRES TV >f.ElmRelay,,dFdt,0.0,0.0,0.0,1,,1,0,4,,138.0,Cub_1,,138/13.8 kV Transformador AES Andrés TV,ElmTr2,WAANDE_WAANVK-T1,0,0,0,0,1,100.81
,ZMETAE_ZMATBE-L1-RED670,\VM-PF.IntUser\PDD 30-09-2025.IntPrj\Network Model.IntPrjfolder\Network Data.IntPrjfolder\CENTRAL 138 kV.ElmNet\METALDOM.ElmSite\ZMETAE.ElmSubstat\WMETAE(1).ElmTerm\WBMETAE(1).StaCubic\ZMETAE_ZMATBE-L1-RED670.ElmRelay,PTOF PTUF PFRC 81,FRC1,0.0,0.0,0.0,1,0,1,0,WMETAE(1),,138.0,WBMETAE(1),,138 kV Matadero – METALDOM,ElmLne,ZMATBE_ZMETAE-L1,0,1,2.11,0.9,1,38.92
,ZMETAE_ZMATBE-L1-RED670,\VM-PF.IntUser\PDD 30-09-2025.IntPrj\Network Model.IntPrjfolder\Network Data.IntPrjfolder\CENTRAL 138 kV.ElmNet\METALDOM.ElmSite\ZMETAE.ElmSubstat\WMETAE(1).ElmTerm\WBMETAE(1).StaCubic\ZMETAE_ZMATBE-L1-RED670.ElmRelay,PTOF PTUF PFRC 81,FRC2,0.0,0.0,0.0,1,0,1,0,WMETAE(1),,138.0,WBMETAE(1),,138 kV Matadero – METALDOM,ElmLne,ZMATBE_ZMETAE-L1,0,1,2.11,0.9,1,38.92
,ZMETAE_ZMATBE-L1-RED670,\VM-PF.IntUser\PDD 30-09-2025.IntPrj\Network Model.IntPrjfolder\Network Data.IntPrjfolder\CENTRAL 138 kV.ElmNet\METALDOM.ElmSite\ZMETAE.ElmSubstat\WMETAE(1).ElmTerm\WBMETAE(1).StaCubic\ZMETAE_ZMATBE-L1-RED670.ElmRelay,PTOF PTUF PFRC 81,TOF,35.0,0.0,0.0,1,0,1,0,WMETAE(1),,138.0,WBMETAE(1),,138 kV Matadero – METALDOM,ElmLne,ZMATBE_ZMETAE-L1,0,1,2.11,0.9,1,38.92
,ZMETAE_ZMATBE-L1-RED670,\VM-PF.IntUser\PDD 30-09-2025.IntPrj\Network Model.IntPrjfolder\Network Data.IntPrjfolder\CENTRAL 138 kV.ElmNet\METALDOM.ElmSite\ZMETAE.ElmSubstat\WMETAE(1).ElmTerm\WBMETAE(1).StaCubic\ZMETAE_ZMATBE-L1-RED670.ElmRelay,PTOF PTUF PFRC 81,TUF 1,35.0,0.0,0.0,1,0,1,0,WMETAE(1),,138.0,WBMETAE(1),,138 kV Matadero – METALDOM,ElmLne,ZMATBE_ZMETAE-L1,0,1,2.11,0.9,1,38.92
,ZMETAE_ZMATBE-L1-RED670,\VM-PF.IntUser\PDD 30-09-2025.IntPrj\Network Model.IntPrjfolder\Network Data.IntPrjfolder\CENTRAL 138 kV.ElmNet\METALDOM.ElmSite\ZMETAE.ElmSubstat\WMETAE(1).ElmTerm\WBMETAE(1).StaCubic\ZMETAE_ZMATBE-L1-RED670.ElmRelay,PTOF PTUF PFRC 81,TUF 2,35.0,0.0,0.0,1,0,1,0,WMETAE(1),,138.0,WBMETAE(1),,138 kV Matadero – METALDOM,ElmLne,ZMATBE_ZMETAE-L1,0,1,2.11,0.9,1,38.92
,TIMBEQUE 2 138,\VM-PF.IntUser\PDD 30-09-2025.IntPrj\Network Model.IntPrjfolder\Network Data.IntPrjfolder\CENTRAL 138 kV.ElmNet\Timbeque 2.ElmSite\ZTIM2E.ElmSubstat\L1.ElmTerm\Cub_1.StaCubic\TIMBEQUE 2 138.ElmRelay,,EDE 1 F<,59.29999923706055,0.0,0.10000000149011612,1,,0,0,L1,,138.0,Cub_1,,Demanda Timbeque 2,ElmLod,ZTIM2E-D1,0,1,23.23,8.6,0,0
,TIMBEQUE 2 138,\VM-PF.IntUser\PDD 30-09-2025.IntPrj\Network Model.IntPrjfolder\Network Data.IntPrjfolder\CENTRAL 138 kV.ElmNet\Timbeque 2.ElmSite\ZTIM2E.ElmSubstat\L1.ElmTerm\Cub_1.StaCubic\TIMBEQUE 2 138.ElmRelay,,EDE 2 F<,59.20000076293945,0.0,0.10000000149011612,0,,0,1,L1,,138.0,Cub_1,,Demanda Timbeque 2,ElmLod,ZTIM2E-D1,0,1,23.23,8.6,0,0
,TIMBEQUE 2 138,\VM-PF.IntUser\PDD 30-09-2025.IntPrj\Network Model.IntPrjfolder\Network Data.IntPrjfolder\CENTRAL 138 kV.ElmNet\Timbeque 2.ElmSite\ZTIM2E.ElmSubstat\L1.ElmTerm\Cub_1.StaCubic\TIMBEQUE 2 138.ElmRelay,,EDE 3 F<,59.099998474121094,0.0,0.10000000149011612,1,,0,0,L1,,138.0,Cub_1,,Demanda Timbeque 2,ElmLod,ZTIM2E-D1,0,1,23.23,8.6,0,0
,TIMBEQUE 2 138,\VM-PF.IntUser\PDD 30-09-2025.IntPrj\Network Model.IntPrjfolder\Network Data.IntPrjfolder\CENTRAL 138 kV.ElmNet\Timbeque 2.ElmSite\ZTIM2E.ElmSubstat\L1.ElmTerm\Cub_1.StaCubic\TIMBEQUE 2 138.ElmRelay,,EDE 4 F<,59.0,0.0,0.10000000149011612,1,,0,0,L1,,138.0,Cub_1,,Demanda Timbeque 2,ElmLod,ZTIM2E-D1,0,1,23.23,8.6,0,0
,TIMBEQUE 2 138,\VM-PF.IntUser\PDD 30-09-2025.IntPrj\Network Model.IntPrjfolder\Network Data.IntPrjfolder\CENTRAL 138 kV.ElmNet\Timbeque 2.ElmSite\ZTIM2E.ElmSubstat\L1.ElmTerm\Cub_1.StaCubic\TIMBEQUE 2 138.ElmRelay,,EDE 5 F<,58.900001525878906,0.0,0.10000000149011612,1,,0,0,L1,,138.0,Cub_1,,Demanda Timbeque 2,ElmLod,ZTIM2E-D1,0,1,23.23,8.6,0,0
,TIMBEQUE 2 138,\VM-PF.IntUser\PDD 30-09-2025.IntPrj\Network Model.IntPrjfolder\Network Data.IntPrjfolder\CENTRAL 138 kV.ElmNet\Timbeque 2.ElmSite\ZTIM2E.ElmSubstat\L1.ElmTerm\Cub_1.StaCubic\TIMBEQUE 2 138.ElmRelay,,EDE 6 F<,58.79999923706055,0.0,0.10000000149011612,0,,0,1,L1,,138.0,Cub_1,,Demanda Timbeque 2,ElmLod,ZTIM2E-D1,0,1,23.23,8.6,0,0
,ZTIM2E_ZLMINE-L1-7SA6,\VM-PF.IntUser\PDD 30-09-2025.IntPrj\Network Model.IntPrjfolder\Network Data.IntPrjfolder\CENTRAL 138 kV.ElmNet\Timbeque 2.ElmSite\ZTIM2E.ElmSubstat\L2.ElmTerm\Cub_1.StaCubic\ZTIM2E_ZLMINE-L1-7SA6.ElmRelay,Frequency (50Hz),f1,49.5,0.0,60.0,1,0,1,0,L2,,138.0,Cub_1,,138 kV Los Mina – Timbeque 2,ElmLne,ZLMINE_ZTIM2E-L1,1,0,0,0,0,0
,ZTIM2E_ZLMINE-L1-7SA6,\VM-PF.IntUser\PDD 30-09-2025.IntPrj\Network Model.IntPrjfolder\Network Data.IntPrjfolder\CENTRAL 138 kV.ElmNet\Timbeque 2.ElmSite\ZTIM2E.ElmSubstat\L2.ElmTerm\Cub_1.StaCubic\ZTIM2E_ZLMINE-L1-7SA6.ElmRelay,Frequency (50Hz),f2,49.0,0.0,30.0,1,0,1,0,L2,,138.0,Cub_1,,138 kV Los Mina – Timbeque 2,ElmLne,ZLMINE_ZTIM2E-L1,1,0,0,0,0,0
,ZTIM2E_ZLMINE-L1-7SA6,\VM-PF.IntUser\PDD 30-09-2025.IntPrj\Network Model.IntPrjfolder\Network Data.IntPrjfolder\CENTRAL 138 kV.ElmNet\Timbeque 2.ElmSite\ZTIM2E.ElmSubstat\L2.ElmTerm\Cub_1.StaCubic\ZTIM2E_ZLMINE-L1-7SA6.ElmRelay,Frequency (50Hz),f3,47.5,0.0,3.0,1,0,1,0,L2,,138.0,Cub_1,,138 kV Los Mina – Timbeque 2,ElmLne,ZLMINE_ZTIM2E-L1,1,0,0,0,0,0
,ZTIM2E_ZLMINE-L1-7SA6,\VM-PF.IntUser\PDD 30-09-2025.IntPrj\Network Model.IntPrjfolder\Network Data.IntPrjfolder\CENTRAL 138 kV.ElmNet\Timbeque 2.ElmSite\ZTIM2E.ElmSubstat\L2.ElmTerm\Cub_1.StaCubic\ZTIM2E_ZLMINE-L1-7SA6.ElmRelay,Frequency (50Hz),f4,51.0,0.0,30.0,1,0,1,0,L2,,138.0,Cub_1,,138 kV Los Mina – Timbeque 2,ElmLne,ZLMINE_ZTIM2E-L1,1,0,0,0,0,0
,ZTIM2E_ZLMINE-L1-7SA6,\VM-PF.IntUser\PDD 30-09-2025.IntPrj\Network Model.IntPrjfolder\Network Data.IntPrjfolder\CENTRAL 138 kV.ElmNet\Timbeque 2.ElmSite\ZTIM2E.ElmSubstat\L2.ElmTerm\Cub_1.StaCubic\ZTIM2E_ZLMINE-L1-7SA6.ElmRelay,Frequency (60Hz),f1,59.5,0.0,60.0,1,1,1,0,L2,,138.0,Cub_1,,138 kV Los Mina – Timbeque 2,ElmLne,ZLMINE_ZTIM2E-L1,1,0,0,0,0,0
,ZTIM2E_ZLMINE-L1-7SA6,\VM-PF.IntUser\PDD 30-09-2025.IntPrj\Network Model.IntPrjfolder\Network Data.IntPrjfolder\CENTRAL 138 kV.ElmNet\Timbeque 2.ElmSite\ZTIM2E.ElmSubstat\L2.ElmTerm\Cub_1.StaCubic\ZTIM2E_ZLMINE-L1-7SA6.ElmRelay,Frequency (60Hz),f2,57.0,0.0,30.0,1,1,1,0,L2,,138.0,Cub_1,,138 kV Los Mina – Timbeque 2,ElmLne,ZLMINE_ZTIM2E-L1,1,0,0,0,0,0
,ZTIM2E_ZLMINE-L1-7SA6,\VM-PF.IntUser\PDD 30-09-2025.IntPrj\Network Model.IntPrjfolder\Network Data.IntPrjfolder\CENTRAL 138 kV.ElmNet\Timbeque 2.ElmSite\ZTIM2E.ElmSubstat\L2.ElmTerm\Cub_1.StaCubic\ZTIM2E_ZLMINE-L1-7SA6.ElmRelay,Frequency (60Hz),f3,59.5,0.0,3.0,1,1,1,0,L2,,138.0,Cub_1,,138 kV Los Mina – Timbeque 2,ElmLne,ZLMINE_ZTIM2E-L1,1,0,0,0,0,0
,ZTIM2E_ZLMINE-L1-7SA6,\VM-PF.IntUser\PDD 30-09-2025.IntPrj\Network Model.IntPrjfolder\Network Data.IntPrjfolder\CENTRAL 138 kV.ElmNet\Timbeque 2.ElmSite\ZTIM2E.ElmSubstat\L2.ElmTerm\Cub_1.StaCubic\ZTIM2E_ZLMINE-L1-7SA6.ElmRelay,Frequency (60Hz),f4,62.0,0.0,30.0,1,1,1,0,L2,,138.0,Cub_1,,138 kV Los Mina – Timbeque 2,ElmLne,ZLMINE_ZTIM2E-L1,1,0,0,0,0,0
,ZTIM2E_ZVDUAE-L1-7SA6,\VM-PF.IntUser\PDD 30-09-2025.IntPrj\Network Model.IntPrjfolder\Network Data.IntPrjfolder\CENTRAL 138 kV.ElmNet\Timbeque 2.ElmSite\ZTIM2E.ElmSubstat\R1.ElmTerm\Cub_1.StaCubic\ZTIM2E_ZVDUAE-L1-7SA6.ElmRelay,Frequency (50Hz),f1,49.5,0.0,60.0,1,0,1,0,R1,,138.0,Cub_1,,138 kV Timbeque 2 – Villa Duarte,ElmLne,ZTIM2E_ZVDUAE-L1,1,0,0,0,0,0
,ZTIM2E_ZVDUAE-L1-7SA6,\VM-PF.IntUser\PDD 30-09-2025.IntPrj\Network Model.IntPrjfolder\Network Data.IntPrjfolder\CENTRAL 138 kV.ElmNet\Timbeque 2.ElmSite\ZTIM2E.ElmSubstat\R1.ElmTerm\Cub_1.StaCubic\ZTIM2E_ZVDUAE-L1-7SA6.ElmRelay,Frequency (50Hz),f2,49.0,0.0,30.0,1,0,1,0,R1,,138.0,Cub_1,,138 kV Timbeque 2 – Villa Duarte,ElmLne,ZTIM2E_ZVDUAE-L1,1,0,0,0,0,0
,ZTIM2E_ZVDUAE-L1-7SA6,\VM-PF.IntUser\PDD 30-09-2025.IntPrj\Network Model.IntPrjfolder\Network Data.IntPrjfolder\CENTRAL 138 kV.ElmNet\Timbeque 2.ElmSite\ZTIM2E.ElmSubstat\R1.ElmTerm\Cub_1.StaCubic\ZTIM2E_ZVDUAE-L1-7SA6.ElmRelay,Frequency (50Hz),f3,47.5,0.0,3.0,1,0,1,0,R1,,138.0,Cub_1,,138 kV Timbeque 2 – Villa Duarte,ElmLne,ZTIM2E_ZVDUAE-L1,1,0,0,0,0,0
,ZTIM2E_ZVDUAE-L1-7SA6,\VM-PF.IntUser\PDD 30-09-2025.IntPrj\Network Model.IntPrjfolder\Network Data.IntPrjfolder\CENTRAL 138 kV.ElmNet\Timbeque 2.ElmSite\ZTIM2E.ElmSubstat\R1.ElmTerm\Cub_1.StaCubic\ZTIM2E_ZVDUAE-L1-7SA6.ElmRelay,Frequency (50Hz),f4,51.0,0.0,30.0,1,0,1,0,R1,,138.0,Cub_1,,138 kV Timbeque 2 – Villa Duarte,ElmLne,ZTIM2E_ZVDUAE-L1,1,0,0,0,0,0
,ZTIM2E_ZVDUAE-L1-7SA6,\VM-PF.IntUser\PDD 30-09-2025.IntPrj\Network Model.IntPrjfolder\Network Data.IntPrjfolder\CENTRAL 138 kV.ElmNet\Timbeque 2.ElmSite\ZTIM2E.ElmSubstat\R1.ElmTerm\Cub_1.StaCubic\ZTIM2E_ZVDUAE-L1-7SA6.ElmRelay,Frequency (60Hz),f1,59.5,0.0,60.0,1,1,1,0,R1,,138.0,Cub_1,,138 kV Timbeque 2 – Villa Duarte,ElmLne,ZTIM2E_ZVDUAE-L1,1,0,0,0,0,0
,ZTIM2E_ZVDUAE-L1-7SA6,\VM-PF.IntUser\PDD 30-09-2025.IntPrj\Network Model.IntPrjfolder\Network Data.IntPrjfolder\CENTRAL 138 kV.ElmNet\Timbeque 2.ElmSite\ZTIM2E.ElmSubstat\R1.ElmTerm\Cub_1.StaCubic\ZTIM2E_ZVDUAE-L1-7SA6.ElmRelay,Frequency (60Hz),f2,57.0,0.0,30.0,1,1,1,0,R1,,138.0,Cub_1,,138 kV Timbeque 2 – Villa Duarte,ElmLne,ZTIM2E_ZVDUAE-L1,1,0,0,0,0,0
,ZTIM2E_ZVDUAE-L1-7SA6,\VM-PF.IntUser\PDD 30-09-2025.IntPrj\Network Model.IntPrjfolder\Network Data.IntPrjfolder\CENTRAL 138 kV.ElmNet\Timbeque 2.ElmSite\ZTIM2E.ElmSubstat\R1.ElmTerm\Cub_1.StaCubic\ZTIM2E_ZVDUAE-L1-7SA6.ElmRelay,Frequency (60Hz),f3,59.5,0.0,3.0,1,1,1,0,R1,,138.0,Cub_1,,138 kV Timbeque 2 – Villa Duarte,ElmLne,ZTIM2E_ZVDUAE-L1,1,0,0,0,0,0
,ZTIM2E_ZVDUAE-L1-7SA6,\VM-PF.IntUser\PDD 30-09-2025.IntPrj\Network Model.IntPrjfolder\Network Data.IntPrjfolder\CENTRAL 138 kV.ElmNet\Timbeque 2.ElmSite\ZTIM2E.ElmSubstat\R1.ElmTerm\Cub_1.StaCubic\ZTIM2E_ZVDUAE-L1-7SA6.ElmRelay,Frequency (60Hz),f4,62.0,0.0,30.0,1,1,1,0,R1,,138.0,Cub_1,,138 kV Timbeque 2 – Villa Duarte,ElmLne,ZTIM2E_ZVDUAE-L1,1,0,0,0,0,0
,ZTIM2E_ZCNPEE-L1-7SA6,\VM-PF.IntUser\PDD 30-09-2025.IntPrj\Network Model.IntPrjfolder\Network Data.IntPrjfolder\CENTRAL 138 kV.ElmNet\Timbeque 2.ElmSite\ZTIM2E.ElmSubstat\R2.ElmTerm\Cub_1.StaCubic\ZTIM2E_ZCNPEE-L1-7SA6.ElmRelay,Frequency (50Hz),f1,49.5,0.0,60.0,1,0,1,0,R2,,138.0,Cub_1,,138 kV César Nicolás Penson – Timbeque 2,ElmLne,ZCNPEE_ZTIM2E-L1,1,0,0,0,0,0
,ZTIM2E_ZCNPEE-L1-7SA6,\VM-PF.IntUser\PDD 30-09-2025.IntPrj\Network Model.IntPrjfolder\Network Data.IntPrjfolder\CENTRAL 138 kV.ElmNet\Timbeque 2.ElmSite\ZTIM2E.ElmSubstat\R2.ElmTerm\Cub_1.StaCubic\ZTIM2E_ZCNPEE-L1-7SA6.ElmRelay,Frequency (50Hz),f2,49.0,0.0,30.0,1,0,1,0,R2,,138.0,Cub_1,,138 kV César Nicolás Penson – Timbeque 2,ElmLne,ZCNPEE_ZTIM2E-L1,1,0,0,0,0,0
,ZTIM2E_ZCNPEE-L1-7SA6,\VM-PF.IntUser\PDD 30-09-2025.IntPrj\Network Model.IntPrjfolder\Network Data.IntPrjfolder\CENTRAL 138 kV.ElmNet\Timbeque 2.ElmSite\ZTIM2E.ElmSubstat\R2.ElmTerm\Cub_1.StaCubic\ZTIM2E_ZCNPEE-L1-7SA6.ElmRelay,Frequency (50Hz),f3,47.5,0.0,3.0,1,0,1,0,R2,,138.0,Cub_1,,138 kV César Nicolás Penson – Timbeque 2,ElmLne,ZCNPEE_ZTIM2E-L1,1,0,0,0,0,0
,ZTIM2E_ZCNPEE-L1-7SA6,\VM-PF.IntUser\PDD 30-09-2025.IntPrj\Network Model.IntPrjfolder\Network Data.IntPrjfolder\CENTRAL 138 kV.ElmNet\Timbeque 2.ElmSite\ZTIM2E.ElmSubstat\R2.ElmTerm\Cub_1.StaCubic\ZTIM2E_ZCNPEE-L1-7SA6.ElmRelay,Frequency (50Hz),f4,51.0,0.0,30.0,1,0,1,0,R2,,138.0,Cub_1,,138 kV César Nicolás Penson – Timbeque 2,ElmLne,ZCNPEE_ZTIM2E-L1,1,0,0,0,0,0
,ZTIM2E_ZCNPEE-L1-7SA6,\VM-PF.IntUser\PDD 30-09-2025.IntPrj\Network Model.IntPrjfolder\Network Data.IntPrjfolder\CENTRAL 138 kV.ElmNet\Timbeque 2.ElmSite\ZTIM2E.ElmSubstat\R2.ElmTerm\Cub_1.StaCubic\ZTIM2E_ZCNPEE-L1-7SA6.ElmRelay,Frequency (60Hz),f1,59.5,0.0,60.0,1,1,1,0,R2,,138.0,Cub_1,,138 kV César Nicolás Penson – Timbeque 2,ElmLne,ZCNPEE_ZTIM2E-L1,1,0,0,0,0,0
,ZTIM2E_ZCNPEE-L1-7SA6,\VM-PF.IntUser\PDD 30-09-2025.IntPrj\Network Model.IntPrjfolder\Network Data.IntPrjfolder\CENTRAL 138 kV.ElmNet\Timbeque 2.ElmSite\ZTIM2E.ElmSubstat\R2.ElmTerm\Cub_1.StaCubic\ZTIM2E_ZCNPEE-L1-7SA6.ElmRelay,Frequency (60Hz),f2,57.0,0.0,30.0,1,1,1,0,R2,,138.0,Cub_1,,138 kV César Nicolás Penson – Timbeque 2,ElmLne,ZCNPEE_ZTIM2E-L1,1,0,0,0,0,0
,ZTIM2E_ZCNPEE-L1-7SA6,\VM-PF.IntUser\PDD 30-09-2025.IntPrj\Network Model.IntPrjfolder\Network Data.IntPrjfolder\CENTRAL 138 kV.ElmNet\Timbeque 2.ElmSite\ZTIM2E.ElmSubstat\R2.ElmTerm\Cub_1.StaCubic\ZTIM2E_ZCNPEE-L1-7SA6.ElmRelay,Frequency (60Hz),f3,59.5,0.0,3.0,1,1,1,0,R2,,138.0,Cub_1,,138 kV César Nicolás Penson – Timbeque 2,ElmLne,ZCNPEE_ZTIM2E-L1,1,0,0,0,0,0
,ZTIM2E_ZCNPEE-L1-7SA6,\VM-PF.IntUser\PDD 30-09-2025.IntPrj\Network Model.IntPrjfolder\Network Data.IntPrjfolder\CENTRAL 138 kV.ElmNet\Timbeque 2.ElmSite\ZTIM2E.ElmSubstat\R2.ElmTerm\Cub_1.StaCubic\ZTIM2E_ZCNPEE-L1-7SA6.ElmRelay,Frequency (60Hz),f4,62.0,0.0,30.0,1,1,1,0,R2,,138.0,Cub_1,,138 kV César Nicolás Penson – Timbeque 2,ElmLne,ZCNPEE_ZTIM2E-L1,1,0,0,0,0,0
,LOS MINA 5 <f,\VM-PF.IntUser\PDD 30-09-2025.IntPrj\Network Model.IntPrjfolder\Network Data.IntPrjfolder\CENTRAL 138 kV.ElmNet\Los Mina 5.ElmSite\ZLMI5E.ElmSubstat\2.ElmTerm\Cub_1.StaCubic\LOS MINA 5 <f.ElmRelay,,F<,57.0,0.0,0.05000000074505806,1,,1,0,2,,138.0,Cub_1,,138/13.8 kV Transformador Los Mina 5,ElmTr2,WLMI5E_WLMI5K-T1,0,0,0,0,1,101.091
,LOS MINA 5 >f,\VM-PF.IntUser\PDD 30-09-2025.IntPrj\Network Model.IntPrjfolder\Network Data.IntPrjfolder\CENTRAL 138 kV.ElmNet\Los Mina 5.ElmSite\ZLMI5E.ElmSubstat\2.ElmTerm\Cub_1.StaCubic\LOS MINA 5 >f.ElmRelay,,F>,62.0,0.0,0.05000000074505806,1,,1,0,2,,138.0,Cub_1,,138/13.8 kV Transformador Los Mina 5,ElmTr2,WLMI5E_WLMI5K-T1,0,0,0,0,1,101.091
,LOS MINA 5 >f,\VM-PF.IntUser\PDD 30-09-2025.IntPrj\Network Model.IntPrjfolder\Network Data.IntPrjfolder\CENTRAL 138 kV.ElmNet\Los Mina 5.ElmSite\ZLMI5E.ElmSubstat\2.ElmTerm\Cub_1.StaCubic\LOS MINA 5 >f.ElmRelay,,dFdt,0.0,0.0,0.0,1,,1,0,2,,138.0,Cub_1,,138/13.8 kV Transformador Los Mina 5,ElmTr2,WLMI5E_WLMI5K-T1,0,0,0,0,1,101.091
,ZPALAE_ZBON2E-L1-7SA6,\VM-PF.IntUser\PDD 30-09-2025.IntPrj\Network Model.IntPrjfolder\Network Data.IntPrjfolder\CENTRAL 138 kV.ElmNet\Palamara.ElmSite\ZPALAE.ElmSubstat\1.ElmTerm\Cub_1.StaCubic\ZPALAE_ZBON2E-L1-7SA6.ElmRelay,Frequency (50Hz),f1,49.5,0.0,60.0,1,0,1,0,1,,138.0,Cub_1,,138 kV Bonao 2 – Palamara L1,ElmLne,ZBON2E_ZPALAE-L1,1,0,0,0,0,0
,ZPALAE_ZBON2E-L1-7SA6,\VM-PF.IntUser\PDD 30-09-2025.IntPrj\Network Model.IntPrjfolder\Network Data.IntPrjfolder\CENTRAL 138 kV.ElmNet\Palamara.ElmSite\ZPALAE.ElmSubstat\1.ElmTerm\Cub_1.StaCubic\ZPALAE_ZBON2E-L1-7SA6.ElmRelay,Frequency (50Hz),f2,49.0,0.0,30.0,1,0,1,0,1,,138.0,Cub_1,,138 kV Bonao 2 – Palamara L1,ElmLne,ZBON2E_ZPALAE-L1,1,0,0,0,0,0
,ZPALAE_ZBON2E-L1-7SA6,\VM-PF.IntUser\PDD 30-09-2025.IntPrj\Network Model.IntPrjfolder\Network Data.IntPrjfolder\CENTRAL 138 kV.ElmNet\Palamara.ElmSite\ZPALAE.ElmSubstat\1.ElmTerm\Cub_1.StaCubic\ZPALAE_ZBON2E-L1-7SA6.ElmRelay,Frequency (50Hz),f3,47.5,0.0,3.0,1,0,1,0,1,,138.0,Cub_1,,138 kV Bonao 2 – Palamara L1,ElmLne,ZBON2E_ZPALAE-L1,1,0,0,0,0,0
,ZPALAE_ZBON2E-L1-7SA6,\VM-PF.IntUser\PDD 30-09-2025.IntPrj\Network Model.IntPrjfolder\Network Data.IntPrjfolder\CENTRAL 138 kV.ElmNet\Palamara.ElmSite\ZPALAE.ElmSubstat\1.ElmTerm\Cub_1.StaCubic\ZPALAE_ZBON2E-L1-7SA6.ElmRelay,Frequency (50Hz),f4,51.0,0.0,30.0,1,0,1,0,1,,138.0,Cub_1,,138 kV Bonao 2 – Palamara L1,ElmLne,ZBON2E_ZPALAE-L1,1,0,0,0,0,0
,ZPALAE_ZBON2E-L1-7SA6,\VM-PF.IntUser\PDD 30-09-2025.IntPrj\Network Model.IntPrjfolder\Network Data.IntPrjfolder\CENTRAL 138 kV.ElmNet\Palamara.ElmSite\ZPALAE.ElmSubstat\1.ElmTerm\Cub_1.StaCubic\ZPALAE_ZBON2E-L1-7SA6.ElmRelay,Frequency (60Hz),f1,59.5,0.0,60.0,1,1,1,0,1,,138.0,Cub_1,,138 kV Bonao 2 – Palamara L1,ElmLne,ZBON2E_ZPALAE-L1,1,0,0,0,0,0
,ZPALAE_ZBON2E-L1-7SA6,\VM-PF.IntUser\PDD 30-09-2025.IntPrj\Network Model.IntPrjfolder\Network Data.IntPrjfolder\CENTRAL 138 kV.ElmNet\Palamara.ElmSite\ZPALAE.ElmSubstat\1.ElmTerm\Cub_1.StaCubic\ZPALAE_ZBON2E-L1-7SA6.ElmRelay,Frequency (60Hz),f2,57.0,0.0,30.0,1,1,1,0,1,,138.0,Cub_1,,138 kV Bonao 2 – Palamara L1,ElmLne,ZBON2E_ZPALAE-L1,1,0,0,0,0,0
,ZPALAE_ZBON2E-L1-7SA6,\VM-PF.IntUser\PDD 30-09-2025.IntPrj\Network Model.IntPrjfolder\Network Data.IntPrjfolder\CENTRAL 138 kV.ElmNet\Palamara.ElmSite\ZPALAE.ElmSubstat\1.ElmTerm\Cub_1.StaCubic\ZPALAE_ZBON2E-L1-7SA6.ElmRelay,Frequency (60Hz),f3,59.5,0.0,3.0,1,1,1,0,1,,138.0,Cub_1,,138 kV Bonao 2 – Palamara L1,ElmLne,ZBON2E_ZPALAE-L1,1,0,0,0,0,0
,ZPALAE_ZBON2E-L1-7SA6,\VM-PF.IntUser\PDD 30-09-2025.IntPrj\Network Model.IntPrjfolder\Network Data.IntPrjfolder\CENTRAL 138 kV.ElmNet\Palamara.ElmSite\ZPALAE.ElmSubstat\1.ElmTerm\Cub_1.StaCubic\ZPALAE_ZBON2E-L1-7SA6.ElmRelay,Frequency (60Hz),f4,62.0,0.0,30.0,1,1,1,0,1,,138.0,Cub_1,,138 kV Bonao 2 – Palamara L1,ElmLne,ZBON2E_ZPALAE-L1,1,0,0,0,0,0
,ZPALAE_ZBON2E-L1-7SJ64,\VM-PF.IntUser\PDD 30-09-2025.IntPrj\Network Model.IntPrjfolder\Network Data.IntPrjfolder\CENTRAL 138 kV.ElmNet\Palamara.ElmSite\ZPALAE.ElmSubstat\1.ElmTerm\Cub_1.StaCubic\ZPALAE_ZBON2E-L1-7SJ64.ElmRelay,,81_1,50.0,0.0,60.0,1,,1,0,1,,138.0,Cub_1,,138 kV Bonao 2 – Palamara L1,ElmLne,ZBON2E_ZPALAE-L1,1,0,0,0,0,0
,ZPALAE_ZBON2E-L1-7SJ64,\VM-PF.IntUser\PDD 30-09-2025.IntPrj\Network Model.IntPrjfolder\Network Data.IntPrjfolder\CENTRAL 138 kV.ElmNet\Palamara.ElmSite\ZPALAE.ElmSubstat\1.ElmTerm\Cub_1.StaCubic\ZPALAE_ZBON2E-L1-7SJ64.ElmRelay,,81_2,50.0,0.0,30.0,1,,1,0,1,,138.0,Cub_1,,138 kV Bonao 2 – Palamara L1,ElmLne,ZBON2E_ZPALAE-L1,1,0,0,0,0,0
,ZPALAE_ZBON2E-L1-7SJ64,\VM-PF.IntUser\PDD 30-09-2025.IntPrj\Network Model.IntPrjfolder\Network Data.IntPrjfolder\CENTRAL 138 kV.ElmNet\Palamara.ElmSite\ZPALAE.ElmSubstat\1.ElmTerm\Cub_1.StaCubic\ZPALAE_ZBON2E-L1-7SJ64.ElmRelay,,81_3,50.0,0.0,3.0,1,,1,0,1,,138.0,Cub_1,,138 kV Bonao 2 – Palamara L1,ElmLne,ZBON2E_ZPALAE-L1,1,0,0,0,0,0
,ZPALAE_ZBON2E-L1-7SJ64,\VM-PF.IntUser\PDD 30-09-2025.IntPrj\Network Model.IntPrjfolder\Network Data.IntPrjfolder\CENTRAL 138 kV.ElmNet\Palamara.ElmSite\ZPALAE.ElmSubstat\1.ElmTerm\Cub_1.StaCubic\ZPALAE_ZBON2E-L1-7SJ64.ElmRelay,,81_4,51.0,0.0,30.0,1,,1,0,1,,138.0,Cub_1,,138 kV Bonao 2 – Palamara L1,ElmLne,ZBON2E_ZPALAE-L1,1,0,0,0,0,0
,ZPALAE_ZBON2E-L2-7SA6,\VM-PF.IntUser\PDD 30-09-2025.IntPrj\Network Model.IntPrjfolder\Network Data.IntPrjfolder\CENTRAL 138 kV.ElmNet\Palamara.ElmSite\ZPALAE.ElmSubstat\2.ElmTerm\Cub_1.StaCubic\ZPALAE_ZBON2E-L2-7SA6.ElmRelay,Frequency (50Hz),f1,49.5,0.0,60.0,1,0,1,0,2,,138.0,Cub_1,,138 kV Bonao 2 – Palamara L2,ElmLne,ZBON2E_ZPALAE-L2,1,0,0,0,0,0
,ZPALAE_ZBON2E-L2-7SA6,\VM-PF.IntUser\PDD 30-09-2025.IntPrj\Network Model.IntPrjfolder\Network Data.IntPrjfolder\CENTRAL 138 kV.ElmNet\Palamara.ElmSite\ZPALAE.ElmSubstat\2.ElmTerm\Cub_1.StaCubic\ZPALAE_ZBON2E-L2-7SA6.ElmRelay,Frequency (50Hz),f2,49.0,0.0,30.0,1,0,1,0,2,,138.0,Cub_1,,138 kV Bonao 2 – Palamara L2,ElmLne,ZBON2E_ZPALAE-L2,1,0,0,0,0,0
,ZPALAE_ZBON2E-L2-7SA6,\VM-PF.IntUser\PDD 30-09-2025.IntPrj\Network Model.IntPrjfolder\Network Data.IntPrjfolder\CENTRAL 138 kV.ElmNet\Palamara.ElmSite\ZPALAE.ElmSubstat\2.ElmTerm\Cub_1.StaCubic\ZPALAE_ZBON2E-L2-7SA6.ElmRelay,Frequency (50Hz),f3,47.5,0.0,3.0,1,0,1,0,2,,138.0,Cub_1,,138 kV Bonao 2 – Palamara L2,ElmLne,ZBON2E_ZPALAE-L2,1,0,0,0,0,0
,ZPALAE_ZBON2E-L2-7SA6,\VM-PF.IntUser\PDD 30-09-2025.IntPrj\Network Model.IntPrjfolder\Network Data.IntPrjfolder\CENTRAL 138 kV.ElmNet\Palamara.ElmSite\ZPALAE.ElmSubstat\2.ElmTerm\Cub_1.StaCubic\ZPALAE_ZBON2E-L2-7SA6.ElmRelay,Frequency (50Hz),f4,51.0,0.0,30.0,1,0,1,0,2,,138.0,Cub_1,,138 kV Bonao 2 – Palamara L2,ElmLne,ZBON2E_ZPALAE-L2,1,0,0,0,0,0
,ZPALAE_ZBON2E-L2-7SA6,\VM-PF.IntUser\PDD 30-09-2025.IntPrj\Network Model.IntPrjfolder\Network Data.IntPrjfolder\CENTRAL 138 kV.ElmNet\Palamara.ElmSite\ZPALAE.ElmSubstat\2.ElmTerm\Cub_1.StaCubic\ZPALAE_ZBON2E-L2-7SA6.ElmRelay,Frequency (60Hz),f1,59.5,0.0,60.0,1,1,1,0,2,,138.0,Cub_1,,138 kV Bonao 2 – Palamara L2,ElmLne,ZBON2E_ZPALAE-L2,1,0,0,0,0,0
,ZPALAE_ZBON2E-L2-7SA6,\VM-PF.IntUser\PDD 30-09-2025.IntPrj\Network Model.IntPrjfolder\Network Data.IntPrjfolder\CENTRAL 138 kV.ElmNet\Palamara.ElmSite\ZPALAE.ElmSubstat\2.ElmTerm\Cub_1.StaCubic\ZPALAE_ZBON2E-L2-7SA6.ElmRelay,Frequency (60Hz),f2,57.0,0.0,30.0,1,1,1,0,2,,138.0,Cub_1,,138 kV Bonao 2 – Palamara L2,ElmLne,ZBON2E_ZPALAE-L2,1,0,0,0,0,0
,ZPALAE_ZBON2E-L2-7SA6,\VM-PF.IntUser\PDD 30-09-2025.IntPrj\Network Model.IntPrjfolder\Network Data.IntPrjfolder\CENTRAL 138 kV.ElmNet\Palamara.ElmSite\ZPALAE.ElmSubstat\2.ElmTerm\Cub_1.StaCubic\ZPALAE_ZBON2E-L2-7SA6.ElmRelay,Frequency (60Hz),f3,59.5,0.0,3.0,1,1,1,0,2,,138.0,Cub_1,,138 kV Bonao 2 – Palamara L2,ElmLne,ZBON2E_ZPALAE-L2,1,0,0,0,0,0
,ZPALAE_ZBON2E-L2-7SA6,\VM-PF.IntUser\PDD 30-09-2025.IntPrj\Network Model.IntPrjfolder\Network Data.IntPrjfolder\CENTRAL 138 kV.ElmNet\Palamara.ElmSite\ZPALAE.ElmSubstat\2.ElmTerm\Cub_1.StaCubic\ZPALAE_ZBON2E-L2-7SA6.ElmRelay,Frequency (60Hz),f4,62.0,0.0,30.0,1,1,1,0,2,,138.0,Cub_1,,138 kV Bonao 2 – Palamara L2,ElmLne,ZBON2E_ZPALAE-L2,1,0,0,0,0,0
,ZPALAE_ZBON2E-L2-7SJ804,\VM-PF.IntUser\PDD 30-09-2025.IntPrj\Network Model.IntPrjfolder\Network Data.IntPrjfolder\CENTRAL 138 kV.ElmNet\Palamara.ElmSite\ZPALAE.ElmSubstat\2.ElmTerm\Cub_1.StaCubic\ZPALAE_ZBON2E-L2-7SJ804.ElmRelay,,81_1,50.0,0.0,60.0,1,,1,0,2,,138.0,Cub_1,,138 kV Bonao 2 – Palamara L2,ElmLne,ZBON2E_ZPALAE-L2,1,0,0,0,0,0
,ZPALAE_ZBON2E-L2-7SJ804,\VM-PF.IntUser\PDD 30-09-2025.IntPrj\Network Model.IntPrjfolder\Network Data.IntPrjfolder\CENTRAL 138 kV.ElmNet\Palamara.ElmSite\ZPALAE.ElmSubstat\2.ElmTerm\Cub_1.StaCubic\ZPALAE_ZBON2E-L2-7SJ804.ElmRelay,,81_2,50.0,0.0,30.0,1,,1,0,2,,138.0,Cub_1,,138 kV Bonao 2 – Palamara L2,ElmLne,ZBON2E_ZPALAE-L2,1,0,0,0,0,0
,ZPALAE_ZBON2E-L2-7SJ804,\VM-PF.IntUser\PDD 30-09-2025.IntPrj\Network Model.IntPrjfolder\Network Data.IntPrjfolder\CENTRAL 138 kV.ElmNet\Palamara.ElmSite\ZPALAE.ElmSubstat\2.ElmTerm\Cub_1.StaCubic\ZPALAE_ZBON2E-L2-7SJ804.ElmRelay,,81_3,50.0,0.0,3.0,1,,1,0,2,,138.0,Cub_1,,138 kV Bonao 2 – Palamara L2,ElmLne,ZBON2E_ZPALAE-L2,1,0,0,0,0,0
,ZPALAE_ZBON2E-L2-7SJ804,\VM-PF.IntUser\PDD 30-09-2025.IntPrj\Network Model.IntPrjfolder\Network Data.IntPrjfolder\CENTRAL 138 kV.ElmNet\Palamara.ElmSite\ZPALAE.ElmSubstat\2.ElmTerm\Cub_1.StaCubic\ZPALAE_ZBON2E-L2-7SJ804.ElmRelay,,81_4,51.0,0.0,30.0,1,,1,0,2,,138.0,Cub_1,,138 kV Bonao 2 – Palamara L2,ElmLne,ZBON2E_ZPALAE-L2,1,0,0,0,0,0
,ZPAL1E_ZJSA2E-L1-7SJ804,\VM-PF.IntUser\PDD 30-09-2025.IntPrj\Network Model.IntPrjfolder\Network Data.IntPrjfolder\CENTRAL 138 kV.ElmNet\Palamara.ElmSite\ZPALAE.ElmSubstat\4.ElmTerm\Cub_1.StaCubic\ZPAL1E_ZJSA2E-L1-7SJ804.ElmRelay,,81_1,50.0,0.0,60.0,1,,1,0,4,,138.0,Cub_1,,138 kV Julio Sauri – Palamara L1,ElmLne,ZPALAE_ZXJS1E-L1,1,0,0,0,0,0
,ZPAL1E_ZJSA2E-L1-7SJ804,\VM-PF.IntUser\PDD 30-09-2025.IntPrj\Network Model.IntPrjfolder\Network Data.IntPrjfolder\CENTRAL 138 kV.ElmNet\Palamara.ElmSite\ZPALAE.ElmSubstat\4.ElmTerm\Cub_1.StaCubic\ZPAL1E_ZJSA2E-L1-7SJ804.ElmRelay,,81_2,50.0,0.0,30.0,1,,1,0,4,,138.0,Cub_1,,138 kV Julio Sauri – Palamara L1,ElmLne,ZPALAE_ZXJS1E-L1,1,0,0,0,0,0
,ZPAL1E_ZJSA2E-L1-7SJ804,\VM-PF.IntUser\PDD 30-09-2025.IntPrj\Network Model.IntPrjfolder\Network Data.IntPrjfolder\CENTRAL 138 kV.ElmNet\Palamara.ElmSite\ZPALAE.ElmSubstat\4.ElmTerm\Cub_1.StaCubic\ZPAL1E_ZJSA2E-L1-7SJ804.ElmRelay,,81_3,50.0,0.0,3.0,1,,1,0,4,,138.0,Cub_1,,138 kV Julio Sauri – Palamara L1,ElmLne,ZPALAE_ZXJS1E-L1,1,0,0,0,0,0
,ZPAL1E_ZJSA2E-L1-7SJ804,\VM-PF.IntUser\PDD 30-09-2025.IntPrj\Network Model.IntPrjfolder\Network Data.IntPrjfolder\CENTRAL 138 kV.ElmNet\Palamara.ElmSite\ZPALAE.ElmSubstat\4.ElmTerm\Cub_1.StaCubic\ZPAL1E_ZJSA2E-L1-7SJ804.ElmRelay,,81_4,51.0,0.0,30.0,1,,1,0,4,,138.0,Cub_1,,138 kV Julio Sauri – Palamara L1,ElmLne,ZPALAE_ZXJS1E-L1,1,0,0,0,0,0
,ZPALAE_ZVMELE-L1-7SA611,\VM-PF.IntUser\PDD 30-09-2025.IntPrj\Network Model.IntPrjfolder\Network Data.IntPrjfolder\CENTRAL 138 kV.ElmNet\Palamara.ElmSite\ZPALAE.ElmSubstat\5.ElmTerm\Cub_1.StaCubic\ZPALAE_ZVMELE-L1-7SA611.ElmRelay,Frequency (50Hz),f1,49.5,0.0,60.0,1,0,1,0,5,,138.0,Cub_1,,138 kV Palamara – Villa Mella_a,ElmLne,ZPALAE_ZXVM3E-L1,1,0,0,0,0,0
,ZPALAE_ZVMELE-L1-7SA611,\VM-PF.IntUser\PDD 30-09-2025.IntPrj\Network Model.IntPrjfolder\Network Data.IntPrjfolder\CENTRAL 138 kV.ElmNet\Palamara.ElmSite\ZPALAE.ElmSubstat\5.ElmTerm\Cub_1.StaCubic\ZPALAE_ZVMELE-L1-7SA611.ElmRelay,Frequency (50Hz),f2,49.0,0.0,30.0,1,0,1,0,5,,138.0,Cub_1,,138 kV Palamara – Villa Mella_a,ElmLne,ZPALAE_ZXVM3E-L1,1,0,0,0,0,0
,ZPALAE_ZVMELE-L1-7SA611,\VM-PF.IntUser\PDD 30-09-2025.IntPrj\Network Model.IntPrjfolder\Network Data.IntPrjfolder\CENTRAL 138 kV.ElmNet\Palamara.ElmSite\ZPALAE.ElmSubstat\5.ElmTerm\Cub_1.StaCubic\ZPALAE_ZVMELE-L1-7SA611.ElmRelay,Frequency (50Hz),f3,47.5,0.0,3.0,1,0,1,0,5,,138.0,Cub_1,,138 kV Palamara – Villa Mella_a,ElmLne,ZPALAE_ZXVM3E-L1,1,0,0,0,0,0
,ZPALAE_ZVMELE-L1-7SA611,\VM-PF.IntUser\PDD 30-09-2025.IntPrj\Network Model.IntPrjfolder\Network Data.IntPrjfolder\CENTRAL 138 kV.ElmNet\Palamara.ElmSite\ZPALAE.ElmSubstat\5.ElmTerm\Cub_1.StaCubic\ZPALAE_ZVMELE-L1-7SA611.ElmRelay,Frequency (50Hz),f4,51.0,0.0,30.0,1,0,1,0,5,,138.0,Cub_1,,138 kV Palamara – Villa Mella_a,ElmLne,ZPALAE_ZXVM3E-L1,1,0,0,0,0,0
,ZPALAE_ZVMELE-L1-7SA611,\VM-PF.IntUser\PDD 30-09-2025.IntPrj\Network Model.IntPrjfolder\Network Data.IntPrjfolder\CENTRAL 138 kV.ElmNet\Palamara.ElmSite\ZPALAE.ElmSubstat\5.ElmTerm\Cub_1.StaCubic\ZPALAE_ZVMELE-L1-7SA611.ElmRelay,Frequency (60Hz),f1,59.5,0.0,60.0,1,1,1,0,5,,138.0,Cub_1,,138 kV Palamara – Villa Mella_a,ElmLne,ZPALAE_ZXVM3E-L1,1,0,0,0,0,0
,ZPALAE_ZVMELE-L1-7SA611,\VM-PF.IntUser\PDD 30-09-2025.IntPrj\Network Model.IntPrjfolder\Network Data.IntPrjfolder\CENTRAL 138 kV.ElmNet\Palamara.ElmSite\ZPALAE.ElmSubstat\5.ElmTerm\Cub_1.StaCubic\ZPALAE_ZVMELE-L1-7SA611.ElmRelay,Frequency (60Hz),f2,57.0,0.0,30.0,1,1,1,0,5,,138.0,Cub_1,,138 kV Palamara – Villa Mella_a,ElmLne,ZPALAE_ZXVM3E-L1,1,0,0,0,0,0
,ZPALAE_ZVMELE-L1-7SA611,\VM-PF.IntUser\PDD 30-09-2025.IntPrj\Network Model.IntPrjfolder\Network Data.IntPrjfolder\CENTRAL 138 kV.ElmNet\Palamara.ElmSite\ZPALAE.ElmSubstat\5.ElmTerm\Cub_1.StaCubic\ZPALAE_ZVMELE-L1-7SA611.ElmRelay,Frequency (60Hz),f3,59.5,0.0,3.0,1,1,1,0,5,,138.0,Cub_1,,138 kV Palamara – Villa Mella_a,ElmLne,ZPALAE_ZXVM3E-L1,1,0,0,0,0,0
,ZPALAE_ZVMELE-L1-7SA611,\VM-PF.IntUser\PDD 30-09-2025.IntPrj\Network Model.IntPrjfolder\Network Data.IntPrjfolder\CENTRAL 138 kV.ElmNet\Palamara.ElmSite\ZPALAE.ElmSubstat\5.ElmTerm\Cub_1.StaCubic\ZPALAE_ZVMELE-L1-7SA611.ElmRelay,Frequency (60Hz),f4,62.0,0.0,30.0,1,1,1,0,5,,138.0,Cub_1,,138 kV Palamara – Villa Mella_a,ElmLne,ZPALAE_ZXVM3E-L1,1,0,0,0,0,0
,ZPALAE_ZVMELE-L1-7SJ804,\VM-PF.IntUser\PDD 30-09-2025.IntPrj\Network Model.IntPrjfolder\Network Data.IntPrjfolder\CENTRAL 138 kV.ElmNet\Palamara.ElmSite\ZPALAE.ElmSubstat\5.ElmTerm\Cub_1.StaCubic\ZPALAE_ZVMELE-L1-7SJ804.ElmRelay,,81_1,50.0,0.0,60.0,1,,1,0,5,,138.0,Cub_1,,138 kV Palamara – Villa Mella_a,ElmLne,ZPALAE_ZXVM3E-L1,1,0,0,0,0,0
,ZPALAE_ZVMELE-L1-7SJ804,\VM-PF.IntUser\PDD 30-09-2025.IntPrj\Network Model.IntPrjfolder\Network Data.IntPrjfolder\CENTRAL 138 kV.ElmNet\Palamara.ElmSite\ZPALAE.ElmSubstat\5.ElmTerm\Cub_1.StaCubic\ZPALAE_ZVMELE-L1-7SJ804.ElmRelay,,81_2,50.0,0.0,30.0,1,,1,0,5,,138.0,Cub_1,,138 kV Palamara – Villa Mella_a,ElmLne,ZPALAE_ZXVM3E-L1,1,0,0,0,0,0
,ZPALAE_ZVMELE-L1-7SJ804,\VM-PF.IntUser\PDD 30-09-2025.IntPrj\Network Model.IntPrjfolder\Network Data.IntPrjfolder\CENTRAL 138 kV.ElmNet\Palamara.ElmSite\ZPALAE.ElmSubstat\5.ElmTerm\Cub_1.StaCubic\ZPALAE_ZVMELE-L1-7SJ804.ElmRelay,,81_3,50.0,0.0,3.0,1,,1,0,5,,138.0,Cub_1,,138 kV Palamara – Villa Mella_a,ElmLne,ZPALAE_ZXVM3E-L1,1,0,0,0,0,0
,ZPALAE_ZVMELE-L1-7SJ804,\VM-PF.IntUser\PDD 30-09-2025.IntPrj\Network Model.IntPrjfolder\Network Data.IntPrjfolder\CENTRAL 138 kV.ElmNet\Palamara.ElmSite\ZPALAE.ElmSubstat\5.ElmTerm\Cub_1.StaCubic\ZPALAE_ZVMELE-L1-7SJ804.ElmRelay,,81_4,51.0,0.0,30.0,1,,1,0,5,,138.0,Cub_1,,138 kV Palamara – Villa Mella_a,ElmLne,ZPALAE_ZXVM3E-L1,1,0,0,0,0,0
,ZPALAE_ZHNS2E-L1-7SA611,\VM-PF.IntUser\PDD 30-09-2025.IntPrj\Network Model.IntPrjfolder\Network Data.IntPrjfolder\CENTRAL 138 kV.ElmNet\Palamara.ElmSite\ZPALAE.ElmSubstat\6.ElmTerm\Cub_1.StaCubic\ZPALAE_ZHNS2E-L1-7SA611.ElmRelay,Frequency (50Hz),f1,49.5,0.0,60.0,1,0,1,0,6,,138.0,Cub_1,,138 kV Hainamosa – Palamara_b,ElmLne,ZPALAE_ZXVM1E-L1,1,0,0,0,0,0
,ZPALAE_ZHNS2E-L1-7SA611,\VM-PF.IntUser\PDD 30-09-2025.IntPrj\Network Model.IntPrjfolder\Network Data.IntPrjfolder\CENTRAL 138 kV.ElmNet\Palamara.ElmSite\ZPALAE.ElmSubstat\6.ElmTerm\Cub_1.StaCubic\ZPALAE_ZHNS2E-L1-7SA611.ElmRelay,Frequency (50Hz),f2,49.0,0.0,30.0,1,0,1,0,6,,138.0,Cub_1,,138 kV Hainamosa – Palamara_b,ElmLne,ZPALAE_ZXVM1E-L1,1,0,0,0,0,0
,ZPALAE_ZHNS2E-L1-7SA611,\VM-PF.IntUser\PDD 30-09-2025.IntPrj\Network Model.IntPrjfolder\Network Data.IntPrjfolder\CENTRAL 138 kV.ElmNet\Palamara.ElmSite\ZPALAE.ElmSubstat\6.ElmTerm\Cub_1.StaCubic\ZPALAE_ZHNS2E-L1-7SA611.ElmRelay,Frequency (50Hz),f3,47.5,0.0,3.0,1,0,1,0,6,,138.0,Cub_1,,138 kV Hainamosa – Palamara_b,ElmLne,ZPALAE_ZXVM1E-L1,1,0,0,0,0,0
,ZPALAE_ZHNS2E-L1-7SA611,\VM-PF.IntUser\PDD 30-09-2025.IntPrj\Network Model.IntPrjfolder\Network Data.IntPrjfolder\CENTRAL 138 kV.ElmNet\Palamara.ElmSite\ZPALAE.ElmSubstat\6.ElmTerm\Cub_1.StaCubic\ZPALAE_ZHNS2E-L1-7SA611.ElmRelay,Frequency (50Hz),f4,51.0,0.0,30.0,1,0,1,0,6,,138.0,Cub_1,,138 kV Hainamosa – Palamara_b,ElmLne,ZPALAE_ZXVM1E-L1,1,0,0,0,0,0
,ZPALAE_ZHNS2E-L1-7SA611,\VM-PF.IntUser\PDD 30-09-2025.IntPrj\Network Model.IntPrjfolder\Network Data.IntPrjfolder\CENTRAL 138 kV.ElmNet\Palamara.ElmSite\ZPALAE.ElmSubstat\6.ElmTerm\Cub_1.StaCubic\ZPALAE_ZHNS2E-L1-7SA611.ElmRelay,Frequency (60Hz),f1,59.5,0.0,60.0,1,1,1,0,6,,138.0,Cub_1,,138 kV Hainamosa – Palamara_b,ElmLne,ZPALAE_ZXVM1E-L1,1,0,0,0,0,0
,ZPALAE_ZHNS2E-L1-7SA611,\VM-PF.IntUser\PDD 30-09-2025.IntPrj\Network Model.IntPrjfolder\Network Data.IntPrjfolder\CENTRAL 138 kV.ElmNet\Palamara.ElmSite\ZPALAE.ElmSubstat\6.ElmTerm\Cub_1.StaCubic\ZPALAE_ZHNS2E-L1-7SA611.ElmRelay,Frequency (60Hz),f2,57.0,0.0,30.0,1,1,1,0,6,,138.0,Cub_1,,138 kV Hainamosa – Palamara_b,ElmLne,ZPALAE_ZXVM1E-L1,1,0,0,0,0,0
,ZPALAE_ZHNS2E-L1-7SA611,\VM-PF.IntUser\PDD 30-09-2025.IntPrj\Network Model.IntPrjfolder\Network Data.IntPrjfolder\CENTRAL 138 kV.ElmNet\Palamara.ElmSite\ZPALAE.ElmSubstat\6.ElmTerm\Cub_1.StaCubic\ZPALAE_ZHNS2E-L1-7SA611.ElmRelay,Frequency (60Hz),f3,59.5,0.0,3.0,1,1,1,0,6,,138.0,Cub_1,,138 kV Hainamosa – Palamara_b,ElmLne,ZPALAE_ZXVM1E-L1,1,0,0,0,0,0
,ZPALAE_ZHNS2E-L1-7SA611,\VM-PF.IntUser\PDD 30-09-2025.IntPrj\Network Model.IntPrjfolder\Network Data.IntPrjfolder\CENTRAL 138 kV.ElmNet\Palamara.ElmSite\ZPALAE.ElmSubstat\6.ElmTerm\Cub_1.StaCubic\ZPALAE_ZHNS2E-L1-7SA611.ElmRelay,Frequency (60Hz),f4,62.0,0.0,30.0,1,1,1,0,6,,138.0,Cub_1,,138 kV Hainamosa – Palamara_b,ElmLne,ZPALAE_ZXVM1E-L1,1,0,0,0,0,0
,ZPALAE_ZHNS2E-L1-7SJ64,\VM-PF.IntUser\PDD 30-09-2025.IntPrj\Network Model.IntPrjfolder\Network Data.IntPrjfolder\CENTRAL 138 kV.ElmNet\Palamara.ElmSite\ZPALAE.ElmSubstat\6.ElmTerm\Cub_1.StaCubic\ZPALAE_ZHNS2E-L1-7SJ64.ElmRelay,,81_1,50.0,0.0,60.0,1,,1,0,6,,138.0,Cub_1,,138 kV Hainamosa – Palamara_b,ElmLne,ZPALAE_ZXVM1E-L1,1,0,0,0,0,0
,ZPALAE_ZHNS2E-L1-7SJ64,\VM-PF.IntUser\PDD 30-09-2025.IntPrj\Network Model.IntPrjfolder\Network Data.IntPrjfolder\CENTRAL 138 kV.ElmNet\Palamara.ElmSite\ZPALAE.ElmSubstat\6.ElmTerm\Cub_1.StaCubic\ZPALAE_ZHNS2E-L1-7SJ64.ElmRelay,,81_2,50.0,0.0,30.0,1,,1,0,6,,138.0,Cub_1,,138 kV Hainamosa – Palamara_b,ElmLne,ZPALAE_ZXVM1E-L1,1,0,0,0,0,0
,ZPALAE_ZHNS2E-L1-7SJ64,\VM-PF.IntUser\PDD 30-09-2025.IntPrj\Network Model.IntPrjfolder\Network Data.IntPrjfolder\CENTRAL 138 kV.ElmNet\Palamara.ElmSite\ZPALAE.ElmSubstat\6.ElmTerm\Cub_1.StaCubic\ZPALAE_ZHNS2E-L1-7SJ64.ElmRelay,,81_3,50.0,0.0,3.0,1,,1,0,6,,138.0,Cub_1,,138 kV Hainamosa – Palamara_b,ElmLne,ZPALAE_ZXVM1E-L1,1,0,0,0,0,0
,ZPALAE_ZHNS2E-L1-7SJ64,\VM-PF.IntUser\PDD 30-09-2025.IntPrj\Network Model.IntPrjfolder\Network Data.IntPrjfolder\CENTRAL 138 kV.ElmNet\Palamara.ElmSite\ZPALAE.ElmSubstat\6.ElmTerm\Cub_1.StaCubic\ZPALAE_ZHNS2E-L1-7SJ64.ElmRelay,,81_4,51.0,0.0,30.0,1,,1,0,6,,138.0,Cub_1,,138 kV Hainamosa – Palamara_b,ElmLne,ZPALAE_ZXVM1E-L1,1,0,0,0,0,0
,ZPALAE_ZITABE-L1-7SA6,\VM-PF.IntUser\PDD 30-09-2025.IntPrj\Network Model.IntPrjfolder\Network Data.IntPrjfolder\CENTRAL 138 kV.ElmNet\Palamara.ElmSite\ZPALAE.ElmSubstat\8.ElmTerm\Cub_1.StaCubic\ZPALAE_ZITABE-L1-7SA6.ElmRelay,Frequency (50Hz),f1,49.5,0.0,60.0,1,0,1,0,8,,138.0,Cub_1,,138 kV Itabo – Palamara_a,ElmLne,ZITABE_ZPALAE-L1_a,1,0,0,0,0,0
,ZPALAE_ZITABE-L1-7SA6,\VM-PF.IntUser\PDD 30-09-2025.IntPrj\Network Model.IntPrjfolder\Network Data.IntPrjfolder\CENTRAL 138 kV.ElmNet\Palamara.ElmSite\ZPALAE.ElmSubstat\8.ElmTerm\Cub_1.StaCubic\ZPALAE_ZITABE-L1-7SA6.ElmRelay,Frequency (50Hz),f2,49.0,0.0,30.0,1,0,1,0,8,,138.0,Cub_1,,138 kV Itabo – Palamara_a,ElmLne,ZITABE_ZPALAE-L1_a,1,0,0,0,0,0
,ZPALAE_ZITABE-L1-7SA6,\VM-PF.IntUser\PDD 30-09-2025.IntPrj\Network Model.IntPrjfolder\Network Data.IntPrjfolder\CENTRAL 138 kV.ElmNet\Palamara.ElmSite\ZPALAE.ElmSubstat\8.ElmTerm\Cub_1.StaCubic\ZPALAE_ZITABE-L1-7SA6.ElmRelay,Frequency (50Hz),f3,47.5,0.0,3.0,1,0,1,0,8,,138.0,Cub_1,,138 kV Itabo – Palamara_a,ElmLne,ZITABE_ZPALAE-L1_a,1,0,0,0,0,0
,ZPALAE_ZITABE-L1-7SA6,\VM-PF.IntUser\PDD 30-09-2025.IntPrj\Network Model.IntPrjfolder\Network Data.IntPrjfolder\CENTRAL 138 kV.ElmNet\Palamara.ElmSite\ZPALAE.ElmSubstat\8.ElmTerm\Cub_1.StaCubic\ZPALAE_ZITABE-L1-7SA6.ElmRelay,Frequency (50Hz),f4,51.0,0.0,30.0,1,0,1,0,8,,138.0,Cub_1,,138 kV Itabo – Palamara_a,ElmLne,ZITABE_ZPALAE-L1_a,1,0,0,0,0,0
,ZPALAE_ZITABE-L1-7SA6,\VM-PF.IntUser\PDD 30-09-2025.IntPrj\Network Model.IntPrjfolder\Network Data.IntPrjfolder\CENTRAL 138 kV.ElmNet\Palamara.ElmSite\ZPALAE.ElmSubstat\8.ElmTerm\Cub_1.StaCubic\ZPALAE_ZITABE-L1-7SA6.ElmRelay,Frequency (60Hz),f1,59.5,0.0,60.0,1,1,1,0,8,,138.0,Cub_1,,138 kV Itabo – Palamara_a,ElmLne,ZITABE_ZPALAE-L1_a,1,0,0,0,0,0
,ZPALAE_ZITABE-L1-7SA6,\VM-PF.IntUser\PDD 30-09-2025.IntPrj\Network Model.IntPrjfolder\Network Data.IntPrjfolder\CENTRAL 138 kV.ElmNet\Palamara.ElmSite\ZPALAE.ElmSubstat\8.ElmTerm\Cub_1.StaCubic\ZPALAE_ZITABE-L1-7SA6.ElmRelay,Frequency (60Hz),f2,57.0,0.0,30.0,1,1,1,0,8,,138.0,Cub_1,,138 kV Itabo – Palamara_a,ElmLne,ZITABE_ZPALAE-L1_a,1,0,0,0,0,0
,ZPALAE_ZITABE-L1-7SA6,\VM-PF.IntUser\PDD 30-09-2025.IntPrj\Network Model.IntPrjfolder\Network Data.IntPrjfolder\CENTRAL 138 kV.ElmNet\Palamara.ElmSite\ZPALAE.ElmSubstat\8.ElmTerm\Cub_1.StaCubic\ZPALAE_ZITABE-L1-7SA6.ElmRelay,Frequency (60Hz),f3,59.5,0.0,3.0,1,1,1,0,8,,138.0,Cub_1,,138 kV Itabo – Palamara_a,ElmLne,ZITABE_ZPALAE-L1_a,1,0,0,0,0,0
,ZPALAE_ZITABE-L1-7SA6,\VM-PF.IntUser\PDD 30-09-2025.IntPrj\Network Model.IntPrjfolder\Network Data.IntPrjfolder\CENTRAL 138 kV.ElmNet\Palamara.ElmSite\ZPALAE.ElmSubstat\8.ElmTerm\Cub_1.StaCubic\ZPALAE_ZITABE-L1-7SA6.ElmRelay,Frequency (60Hz),f4,62.0,0.0,30.0,1,1,1,0,8,,138.0,Cub_1,,138 kV Itabo – Palamara_a,ElmLne,ZITABE_ZPALAE-L1_a,1,0,0,0,0,0
,ZPALAE_ZITABE-L1-7SJ804,\VM-PF.IntUser\PDD 30-09-2025.IntPrj\Network Model.IntPrjfolder\Network Data.IntPrjfolder\CENTRAL 138 kV.ElmNet\Palamara.ElmSite\ZPALAE.ElmSubstat\8.ElmTerm\Cub_1.StaCubic\ZPALAE_ZITABE-L1-7SJ804.ElmRelay,,81_1,50.0,0.0,60.0,1,,1,0,8,,138.0,Cub_1,,138 kV Itabo – Palamara_a,ElmLne,ZITABE_ZPALAE-L1_a,1,0,0,0,0,0
,ZPALAE_ZITABE-L1-7SJ804,\VM-PF.IntUser\PDD 30-09-2025.IntPrj\Network Model.IntPrjfolder\Network Data.IntPrjfolder\CENTRAL 138 kV.ElmNet\Palamara.ElmSite\ZPALAE.ElmSubstat\8.ElmTerm\Cub_1.StaCubic\ZPALAE_ZITABE-L1-7SJ804.ElmRelay,,81_2,50.0,0.0,30.0,1,,1,0,8,,138.0,Cub_1,,138 kV Itabo – Palamara_a,ElmLne,ZITABE_ZPALAE-L1_a,1,0,0,0,0,0
,ZPALAE_ZITABE-L1-7SJ804,\VM-PF.IntUser\PDD 30-09-2025.IntPrj\Network Model.IntPrjfolder\Network Data.IntPrjfolder\CENTRAL 138 kV.ElmNet\Palamara.ElmSite\ZPALAE.ElmSubstat\8.ElmTerm\Cub_1.StaCubic\ZPALAE_ZITABE-L1-7SJ804.ElmRelay,,81_3,50.0,0.0,3.0,1,,1,0,8,,138.0,Cub_1,,138 kV Itabo – Palamara_a,ElmLne,ZITABE_ZPALAE-L1_a,1,0,0,0,0,0
,ZPALAE_ZITABE-L1-7SJ804,\VM-PF.IntUser\PDD 30-09-2025.IntPrj\Network Model.IntPrjfolder\Network Data.IntPrjfolder\CENTRAL 138 kV.ElmNet\Palamara.ElmSite\ZPALAE.ElmSubstat\8.ElmTerm\Cub_1.StaCubic\ZPALAE_ZITABE-L1-7SJ804.ElmRelay,,81_4,51.0,0.0,30.0,1,,1,0,8,,138.0,Cub_1,,138 kV Itabo – Palamara_a,ElmLne,ZITABE_ZPALAE-L1_a,1,0,0,0,0,0
,ZPALAE_ZSCNOE-L1-7SA6,\VM-PF.IntUser\PDD 30-09-2025.IntPrj\Network Model.IntPrjfolder\Network Data.IntPrjfolder\CENTRAL 138 kV.ElmNet\Palamara.ElmSite\ZPALAE.ElmSubstat\11.ElmTerm\Cub_1.StaCubic\ZPALAE_ZSCNOE-L1-7SA6.ElmRelay,Frequency (50Hz),f1,49.5,0.0,60.0,1,0,1,0,11,,138.0,Cub_1,,138 kV Palamara – SCN L1_a,ElmLne,ZPALAE_ZXSC1E-L1,1,0,0,0,0,0
,ZPALAE_ZSCNOE-L1-7SA6,\VM-PF.IntUser\PDD 30-09-2025.IntPrj\Network Model.IntPrjfolder\Network Data.IntPrjfolder\CENTRAL 138 kV.ElmNet\Palamara.ElmSite\ZPALAE.ElmSubstat\11.ElmTerm\Cub_1.StaCubic\ZPALAE_ZSCNOE-L1-7SA6.ElmRelay,Frequency (50Hz),f2,49.0,0.0,30.0,1,0,1,0,11,,138.0,Cub_1,,138 kV Palamara – SCN L1_a,ElmLne,ZPALAE_ZXSC1E-L1,1,0,0,0,0,0
,ZPALAE_ZSCNOE-L1-7SA6,\VM-PF.IntUser\PDD 30-09-2025.IntPrj\Network Model.IntPrjfolder\Network Data.IntPrjfolder\CENTRAL 138 kV.ElmNet\Palamara.ElmSite\ZPALAE.ElmSubstat\11.ElmTerm\Cub_1.StaCubic\ZPALAE_ZSCNOE-L1-7SA6.ElmRelay,Frequency (50Hz),f3,47.5,0.0,3.0,1,0,1,0,11,,138.0,Cub_1,,138 kV Palamara – SCN L1_a,ElmLne,ZPALAE_ZXSC1E-L1,1,0,0,0,0,0
,ZPALAE_ZSCNOE-L1-7SA6,\VM-PF.IntUser\PDD 30-09-2025.IntPrj\Network Model.IntPrjfolder\Network Data.IntPrjfolder\CENTRAL 138 kV.ElmNet\Palamara.ElmSite\ZPALAE.ElmSubstat\11.ElmTerm\Cub_1.StaCubic\ZPALAE_ZSCNOE-L1-7SA6.ElmRelay,Frequency (50Hz),f4,51.0,0.0,30.0,1,0,1,0,11,,138.0,Cub_1,,138 kV Palamara – SCN L1_a,ElmLne,ZPALAE_ZXSC1E-L1,1,0,0,0,0,0
,ZPALAE_ZSCNOE-L1-7SA6,\VM-PF.IntUser\PDD 30-09-2025.IntPrj\Network Model.IntPrjfolder\Network Data.IntPrjfolder\CENTRAL 138 kV.ElmNet\Palamara.ElmSite\ZPALAE.ElmSubstat\11.ElmTerm\Cub_1.StaCubic\ZPALAE_ZSCNOE-L1-7SA6.ElmRelay,Frequency (60Hz),f1,59.5,0.0,60.0,1,1,1,0,11,,138.0,Cub_1,,138 kV Palamara – SCN L1_a,ElmLne,ZPALAE_ZXSC1E-L1,1,0,0,0,0,0
,ZPALAE_ZSCNOE-L1-7SA6,\VM-PF.IntUser\PDD 30-09-2025.IntPrj\Network Model.IntPrjfolder\Network Data.IntPrjfolder\CENTRAL 138 kV.ElmNet\Palamara.ElmSite\ZPALAE.ElmSubstat\11.ElmTerm\Cub_1.StaCubic\ZPALAE_ZSCNOE-L1-7SA6.ElmRelay,Frequency (60Hz),f2,57.0,0.0,30.0,1,1,1,0,11,,138.0,Cub_1,,138 kV Palamara – SCN L1_a,ElmLne,ZPALAE_ZXSC1E-L1,1,0,0,0,0,0
,ZPALAE_ZSCNOE-L1-7SA6,\VM-PF.IntUser\PDD 30-09-2025.IntPrj\Network Model.IntPrjfolder\Network Data.IntPrjfolder\CENTRAL 138 kV.ElmNet\Palamara.ElmSite\ZPALAE.ElmSubstat\11.ElmTerm\Cub_1.StaCubic\ZPALAE_ZSCNOE-L1-7SA6.ElmRelay,Frequency (60Hz),f3,59.5,0.0,3.0,1,1,1,0,11,,138.0,Cub_1,,138 kV Palamara – SCN L1_a,ElmLne,ZPALAE_ZXSC1E-L1,1,0,0,0,0,0
,ZPALAE_ZSCNOE-L1-7SA6,\VM-PF.IntUser\PDD 30-09-2025.IntPrj\Network Model.IntPrjfolder\Network Data.IntPrjfolder\CENTRAL 138 kV.ElmNet\Palamara.ElmSite\ZPALAE.ElmSubstat\11.ElmTerm\Cub_1.StaCubic\ZPALAE_ZSCNOE-L1-7SA6.ElmRelay,Frequency (60Hz),f4,62.0,0.0,30.0,1,1,1,0,11,,138.0,Cub_1,,138 kV Palamara – SCN L1_a,ElmLne,ZPALAE_ZXSC1E-L1,1,0,0,0,0,0
,ZPALAE_ZSCNOE-L1-7SJ804,\VM-PF.IntUser\PDD 30-09-2025.IntPrj\Network Model.IntPrjfolder\Network Data.IntPrjfolder\CENTRAL 138 kV.ElmNet\Palamara.ElmSite\ZPALAE.ElmSubstat\11.ElmTerm\Cub_1.StaCubic\ZPALAE_ZSCNOE-L1-7SJ804.ElmRelay,,81_1,50.0,0.0,60.0,1,,1,0,11,,138.0,Cub_1,,138 kV Palamara – SCN L1_a,ElmLne,ZPALAE_ZXSC1E-L1,1,0,0,0,0,0
,ZPALAE_ZSCNOE-L1-7SJ804,\VM-PF.IntUser\PDD 30-09-2025.IntPrj\Network Model.IntPrjfolder\Network Data.IntPrjfolder\CENTRAL 138 kV.ElmNet\Palamara.ElmSite\ZPALAE.ElmSubstat\11.ElmTerm\Cub_1.StaCubic\ZPALAE_ZSCNOE-L1-7SJ804.ElmRelay,,81_2,50.0,0.0,30.0,1,,1,0,11,,138.0,Cub_1,,138 kV Palamara – SCN L1_a,ElmLne,ZPALAE_ZXSC1E-L1,1,0,0,0,0,0
,ZPALAE_ZSCNOE-L1-7SJ804,\VM-PF.IntUser\PDD 30-09-2025.IntPrj\Network Model.IntPrjfolder\Network Data.IntPrjfolder\CENTRAL 138 kV.ElmNet\Palamara.ElmSite\ZPALAE.ElmSubstat\11.ElmTerm\Cub_1.StaCubic\ZPALAE_ZSCNOE-L1-7SJ804.ElmRelay,,81_3,50.0,0.0,3.0,1,,1,0,11,,138.0,Cub_1,,138 kV Palamara – SCN L1_a,ElmLne,ZPALAE_ZXSC1E-L1,1,0,0,0,0,0
,ZPALAE_ZSCNOE-L1-7SJ804,\VM-PF.IntUser\PDD 30-09-2025.IntPrj\Network Model.IntPrjfolder\Network Data.IntPrjfolder\CENTRAL 138 kV.ElmNet\Palamara.ElmSite\ZPALAE.ElmSubstat\11.ElmTerm\Cub_1.StaCubic\ZPALAE_ZSCNOE-L1-7SJ804.ElmRelay,,81_4,51.0,0.0,30.0,1,,1,0,11,,138.0,Cub_1,,138 kV Palamara – SCN L1_a,ElmLne,ZPALAE_ZXSC1E-L1,1,0,0,0,0,0
,ZPALAE_ZVALDE-L1-7SA6,\VM-PF.IntUser\PDD 30-09-2025.IntPrj\Network Model.IntPrjfolder\Network Data.IntPrjfolder\CENTRAL 138 kV.ElmNet\Palamara.ElmSite\ZPALAE.ElmSubstat\12.ElmTerm\Cub_1.StaCubic\ZPALAE_ZVALDE-L1-7SA6.ElmRelay,Frequency (50Hz),f1,49.5,0.0,60.0,1,0,1,0,12,,138.0,Cub_1,,138 kV Palamara – SCN L2_a,ElmLne,ZPAL1E_ZXSC4E-L1,1,0,0,0,0,0
,ZPALAE_ZVALDE-L1-7SA6,\VM-PF.IntUser\PDD 30-09-2025.IntPrj\Network Model.IntPrjfolder\Network Data.IntPrjfolder\CENTRAL 138 kV.ElmNet\Palamara.ElmSite\ZPALAE.ElmSubstat\12.ElmTerm\Cub_1.StaCubic\ZPALAE_ZVALDE-L1-7SA6.ElmRelay,Frequency (50Hz),f2,49.0,0.0,30.0,1,0,1,0,12,,138.0,Cub_1,,138 kV Palamara – SCN L2_a,ElmLne,ZPAL1E_ZXSC4E-L1,1,0,0,0,0,0
,ZPALAE_ZVALDE-L1-7SA6,\VM-PF.IntUser\PDD 30-09-2025.IntPrj\Network Model.IntPrjfolder\Network Data.IntPrjfolder\CENTRAL 138 kV.ElmNet\Palamara.ElmSite\ZPALAE.ElmSubstat\12.ElmTerm\Cub_1.StaCubic\ZPALAE_ZVALDE-L1-7SA6.ElmRelay,Frequency (50Hz),f3,47.5,0.0,3.0,1,0,1,0,12,,138.0,Cub_1,,138 kV Palamara – SCN L2_a,ElmLne,ZPAL1E_ZXSC4E-L1,1,0,0,0,0,0
,ZPALAE_ZVALDE-L1-7SA6,\VM-PF.IntUser\PDD 30-09-2025.IntPrj\Network Model.IntPrjfolder\Network Data.IntPrjfolder\CENTRAL 138 kV.ElmNet\Palamara.ElmSite\ZPALAE.ElmSubstat\12.ElmTerm\Cub_1.StaCubic\ZPALAE_ZVALDE-L1-7SA6.ElmRelay,Frequency (50Hz),f4,51.0,0.0,30.0,1,0,1,0,12,,138.0,Cub_1,,138 kV Palamara – SCN L2_a,ElmLne,ZPAL1E_ZXSC4E-L1,1,0,0,0,0,0
,ZPALAE_ZVALDE-L1-7SA6,\VM-PF.IntUser\PDD 30-09-2025.IntPrj\Network Model.IntPrjfolder\Network Data.IntPrjfolder\CENTRAL 138 kV.ElmNet\Palamara.ElmSite\ZPALAE.ElmSubstat\12.ElmTerm\Cub_1.StaCubic\ZPALAE_ZVALDE-L1-7SA6.ElmRelay,Frequency (60Hz),f1,59.5,0.0,60.0,1,1,1,0,12,,138.0,Cub_1,,138 kV Palamara – SCN L2_a,ElmLne,ZPAL1E_ZXSC4E-L1,1,0,0,0,0,0
,ZPALAE_ZVALDE-L1-7SA6,\VM-PF.IntUser\PDD 30-09-2025.IntPrj\Network Model.IntPrjfolder\Network Data.IntPrjfolder\CENTRAL 138 kV.ElmNet\Palamara.ElmSite\ZPALAE.ElmSubstat\12.ElmTerm\Cub_1.StaCubic\ZPALAE_ZVALDE-L1-7SA6.ElmRelay,Frequency (60Hz),f2,57.0,0.0,30.0,1,1,1,0,12,,138.0,Cub_1,,138 kV Palamara – SCN L2_a,ElmLne,ZPAL1E_ZXSC4E-L1,1,0,0,0,0,0
,ZPALAE_ZVALDE-L1-7SA6,\VM-PF.IntUser\PDD 30-09-2025.IntPrj\Network Model.IntPrjfolder\Network Data.IntPrjfolder\CENTRAL 138 kV.ElmNet\Palamara.ElmSite\ZPALAE.ElmSubstat\12.ElmTerm\Cub_1.StaCubic\ZPALAE_ZVALDE-L1-7SA6.ElmRelay,Frequency (60Hz),f3,59.5,0.0,3.0,1,1,1,0,12,,138.0,Cub_1,,138 kV Palamara – SCN L2_a,ElmLne,ZPAL1E_ZXSC4E-L1,1,0,0,0,0,0
,ZPALAE_ZVALDE-L1-7SA6,\VM-PF.IntUser\PDD 30-09-2025.IntPrj\Network Model.IntPrjfolder\Network Data.IntPrjfolder\CENTRAL 138 kV.ElmNet\Palamara.ElmSite\ZPALAE.ElmSubstat\12.ElmTerm\Cub_1.StaCubic\ZPALAE_ZVALDE-L1-7SA6.ElmRelay,Frequency (60Hz),f4,62.0,0.0,30.0,1,1,1,0,12,,138.0,Cub_1,,138 kV Palamara – SCN L2_a,ElmLne,ZPAL1E_ZXSC4E-L1,1,0,0,0,0,0
,ZPALAE_ZVALDE-L1-7SJ804,\VM-PF.IntUser\PDD 30-09-2025.IntPrj\Network Model.IntPrjfolder\Network Data.IntPrjfolder\CENTRAL 138 kV.ElmNet\Palamara.ElmSite\ZPALAE.ElmSubstat\12.ElmTerm\Cub_1.StaCubic\ZPALAE_ZVALDE-L1-7SJ804.ElmRelay,,81_1,50.0,0.0,60.0,1,,1,0,12,,138.0,Cub_1,,138 kV Palamara – SCN L2_a,ElmLne,ZPAL1E_ZXSC4E-L1,1,0,0,0,0,0
,ZPALAE_ZVALDE-L1-7SJ804,\VM-PF.IntUser\PDD 30-09-2025.IntPrj\Network Model.IntPrjfolder\Network Data.IntPrjfolder\CENTRAL 138 kV.ElmNet\Palamara.ElmSite\ZPALAE.ElmSubstat\12.ElmTerm\Cub_1.StaCubic\ZPALAE_ZVALDE-L1-7SJ804.ElmRelay,,81_2,50.0,0.0,30.0,1,,1,0,12,,138.0,Cub_1,,138 kV Palamara – SCN L2_a,ElmLne,ZPAL1E_ZXSC4E-L1,1,0,0,0,0,0
,ZPALAE_ZVALDE-L1-7SJ804,\VM-PF.IntUser\PDD 30-09-2025.IntPrj\Network Model.IntPrjfolder\Network Data.IntPrjfolder\CENTRAL 138 kV.ElmNet\Palamara.ElmSite\ZPALAE.ElmSubstat\12.ElmTerm\Cub_1.StaCubic\ZPALAE_ZVALDE-L1-7SJ804.ElmRelay,,81_3,50.0,0.0,3.0,1,,1,0,12,,138.0,Cub_1,,138 kV Palamara – SCN L2_a,ElmLne,ZPAL1E_ZXSC4E-L1,1,0,0,0,0,0
,ZPALAE_ZVALDE-L1-7SJ804,\VM-PF.IntUser\PDD 30-09-2025.IntPrj\Network Model.IntPrjfolder\Network Data.IntPrjfolder\CENTRAL 138 kV.ElmNet\Palamara.ElmSite\ZPALAE.ElmSubstat\12.ElmTerm\Cub_1.StaCubic\ZPALAE_ZVALDE-L1-7SJ804.ElmRelay,,81_4,51.0,0.0,30.0,1,,1,0,12,,138.0,Cub_1,,138 kV Palamara – SCN L2_a,ElmLne,ZPAL1E_ZXSC4E-L1,1,0,0,0,0,0
,LOS MINA 138 T2,\VM-PF.IntUser\PDD 30-09-2025.IntPrj\Network Model.IntPrjfolder\Network Data.IntPrjfolder\CENTRAL 138 kV.ElmNet\ZLMINE.ElmSubstat\R4.ElmTerm\Cub_1.StaCubic\LOS MINA 138 T2.ElmRelay,,EDE 1 F<,59.29999923706055,0.0,0.10000000149011612,1,,0,0,R4,,138.0,Cub_1,,Demanda 1 Los Mina,ElmLod,ZLM21E-D1,0,1,0.0,0.0,0,0
,LOS MINA 138 T2,\VM-PF.IntUser\PDD 30-09-2025.IntPrj\Network Model.IntPrjfolder\Network Data.IntPrjfolder\CENTRAL 138 kV.ElmNet\ZLMINE.ElmSubstat\R4.ElmTerm\Cub_1.StaCubic\LOS MINA 138 T2.ElmRelay,,EDE 2 F<,59.20000076293945,0.0,0.10000000149011612,1,,0,0,R4,,138.0,Cub_1,,Demanda 1 Los Mina,ElmLod,ZLM21E-D1,0,1,0.0,0.0,0,0
,LOS MINA 138 T2,\VM-PF.IntUser\PDD 30-09-2025.IntPrj\Network Model.IntPrjfolder\Network Data.IntPrjfolder\CENTRAL 138 kV.ElmNet\ZLMINE.ElmSubstat\R4.ElmTerm\Cub_1.StaCubic\LOS MINA 138 T2.ElmRelay,,EDE 3 F<,59.099998474121094,0.0,0.10000000149011612,1,,0,0,R4,,138.0,Cub_1,,Demanda 1 Los Mina,ElmLod,ZLM21E-D1,0,1,0.0,0.0,0,0
,LOS MINA 138 T2,\VM-PF.IntUser\PDD 30-09-2025.IntPrj\Network Model.IntPrjfolder\Network Data.IntPrjfolder\CENTRAL 138 kV.ElmNet\ZLMINE.ElmSubstat\R4.ElmTerm\Cub_1.StaCubic\LOS MINA 138 T2.ElmRelay,,EDE 4 F<,59.0,0.0,0.10000000149011612,1,,0,0,R4,,138.0,Cub_1,,Demanda 1 Los Mina,ElmLod,ZLM21E-D1,0,1,0.0,0.0,0,0
,LOS MINA 138 T2,\VM-PF.IntUser\PDD 30-09-2025.IntPrj\Network Model.IntPrjfolder\Network Data.IntPrjfolder\CENTRAL 138 kV.ElmNet\ZLMINE.ElmSubstat\R4.ElmTerm\Cub_1.StaCubic\LOS MINA 138 T2.ElmRelay,,EDE 5 F<,58.900001525878906,0.0,0.10000000149011612,1,,0,0,R4,,138.0,Cub_1,,Demanda 1 Los Mina,ElmLod,ZLM21E-D1,0,1,0.0,0.0,0,0
,LOS MINA 138 T2,\VM-PF.IntUser\PDD 30-09-2025.IntPrj\Network Model.IntPrjfolder\Network Data.IntPrjfolder\CENTRAL 138 kV.ElmNet\ZLMINE.ElmSubstat\R4.ElmTerm\Cub_1.StaCubic\LOS MINA 138 T2.ElmRelay,,EDE 6 F<,58.79999923706055,0.0,0.10000000149011612,0,,0,1,R4,,138.0,Cub_1,,Demanda 1 Los Mina,ElmLod,ZLM21E-D1,0,1,0.0,0.0,0,0
,LOS MINA 138 T2 dF/dt,\VM-PF.IntUser\PDD 30-09-2025.IntPrj\Network Model.IntPrjfolder\Network Data.IntPrjfolder\CENTRAL 138 kV.ElmNet\ZLMINE.ElmSubstat\R4.ElmTerm\Cub_1.StaCubic\LOS MINA 138 T2 dF/dt.ElmRelay,,EDE 0 F<,58.900001525878906,0.0,0.10000000149011612,0,,0,1,R4,,138.0,Cub_1,,Demanda 1 Los Mina,ElmLod,ZLM21E-D1,0,1,0.0,0.0,0,0
,LOS MINA 138 T2 dF/dt,\VM-PF.IntUser\PDD 30-09-2025.IntPrj\Network Model.IntPrjfolder\Network Data.IntPrjfolder\CENTRAL 138 kV.ElmNet\ZLMINE.ElmSubstat\R4.ElmTerm\Cub_1.StaCubic\LOS MINA 138 T2 dF/dt.ElmRelay,,EDE 0 Start-dF/dt,59.29999923706055,0.0,0.10000000149011612,0,,0,1,R4,,138.0,Cub_1,,Demanda 1 Los Mina,ElmLod,ZLM21E-D1,0,1,0.0,0.0,0,0
,LOS MINA 138 T2 dF/dt,\VM-PF.IntUser\PDD 30-09-2025.IntPrj\Network Model.IntPrjfolder\Network Data.IntPrjfolder\CENTRAL 138 kV.ElmNet\ZLMINE.ElmSubstat\R4.ElmTerm\Cub_1.StaCubic\LOS MINA 138 T2 dF/dt.ElmRelay,,EDE 0 dF/dt,59.099998474121094,-2.0,0.10000000149011612,0,,0,1,R4,,138.0,Cub_1,,Demanda 1 Los Mina,ElmLod,ZLM21E-D1,0,1,0.0,0.0,0,0
,LOS MINA 138 T2 dF/dt,\VM-PF.IntUser\PDD 30-09-2025.IntPrj\Network Model.IntPrjfolder\Network Data.IntPrjfolder\CENTRAL 138 kV.ElmNet\ZLMINE.ElmSubstat\R4.ElmTerm\Cub_1.StaCubic\LOS MINA 138 T2 dF/dt.ElmRelay,,EDE 1 F<,58.900001525878906,0.0,0.10000000149011612,1,,0,0,R4,,138.0,Cub_1,,Demanda 1 Los Mina,ElmLod,ZLM21E-D1,0,1,0.0,0.0,0,0
,LOS MINA 138 T2 dF/dt,\VM-PF.IntUser\PDD 30-09-2025.IntPrj\Network Model.IntPrjfolder\Network Data.IntPrjfolder\CENTRAL 138 kV.ElmNet\ZLMINE.ElmSubstat\R4.ElmTerm\Cub_1.StaCubic\LOS MINA 138 T2 dF/dt.ElmRelay,,EDE 1 Start-dF/dt,59.29999923706055,0.0,0.10000000149011612,1,,0,0,R4,,138.0,Cub_1,,Demanda 1 Los Mina,ElmLod,ZLM21E-D1,0,1,0.0,0.0,0,0
,LOS MINA 138 T2 dF/dt,\VM-PF.IntUser\PDD 30-09-2025.IntPrj\Network Model.IntPrjfolder\Network Data.IntPrjfolder\CENTRAL 138 kV.ElmNet\ZLMINE.ElmSubstat\R4.ElmTerm\Cub_1.StaCubic\LOS MINA 138 T2 dF/dt.ElmRelay,,EDE 1 dF/dt,58.79999923706055,-2.0,0.10000000149011612,1,,0,0,R4,,138.0,Cub_1,,Demanda 1 Los Mina,ElmLod,ZLM21E-D1,0,1,0.0,0.0,0,0
,LOS MINA 138 T2 dF/dt,\VM-PF.IntUser\PDD 30-09-2025.IntPrj\Network Model.IntPrjfolder\Network Data.IntPrjfolder\CENTRAL 138 kV.ElmNet\ZLMINE.ElmSubstat\R4.ElmTerm\Cub_1.StaCubic\LOS MINA 138 T2 dF/dt.ElmRelay,,EDE 2 F<,59.20000076293945,0.0,0.0,1,,0,0,R4,,138.0,Cub_1,,Demanda 1 Los Mina,ElmLod,ZLM21E-D1,0,1,0.0,0.0,0,0
,LOS MINA 138 T2 dF/dt,\VM-PF.IntUser\PDD 30-09-2025.IntPrj\Network Model.IntPrjfolder\Network Data.IntPrjfolder\CENTRAL 138 kV.ElmNet\ZLMINE.ElmSubstat\R4.ElmTerm\Cub_1.StaCubic\LOS MINA 138 T2 dF/dt.ElmRelay,,EDE 2 Start-dF/dt,59.20000076293945,0.0,0.0,1,,0,0,R4,,138.0,Cub_1,,Demanda 1 Los Mina,ElmLod,ZLM21E-D1,0,1,0.0,0.0,0,0
,LOS MINA 138 T2 dF/dt,\VM-PF.IntUser\PDD 30-09-2025.IntPrj\Network Model.IntPrjfolder\Network Data.IntPrjfolder\CENTRAL 138 kV.ElmNet\ZLMINE.ElmSubstat\R4.ElmTerm\Cub_1.StaCubic\LOS MINA 138 T2 dF/dt.ElmRelay,,EDE 2 dF/dt,0.0,-2.0,0.0,1,,0,0,R4,,138.0,Cub_1,,Demanda 1 Los Mina,ElmLod,ZLM21E-D1,0,1,0.0,0.0,0,0
,LOS MINA 138 T2 dF/dt,\VM-PF.IntUser\PDD 30-09-2025.IntPrj\Network Model.IntPrjfolder\Network Data.IntPrjfolder\CENTRAL 138 kV.ElmNet\ZLMINE.ElmSubstat\R4.ElmTerm\Cub_1.StaCubic\LOS MINA 138 T2 dF/dt.ElmRelay,,EDE 3 F<,59.099998474121094,0.0,0.0,1,,0,0,R4,,138.0,Cub_1,,Demanda 1 Los Mina,ElmLod,ZLM21E-D1,0,1,0.0,0.0,0,0
,LOS MINA 138 T2 dF/dt,\VM-PF.IntUser\PDD 30-09-2025.IntPrj\Network Model.IntPrjfolder\Network Data.IntPrjfolder\CENTRAL 138 kV.ElmNet\ZLMINE.ElmSubstat\R4.ElmTerm\Cub_1.StaCubic\LOS MINA 138 T2 dF/dt.ElmRelay,,EDE 3 Start-dF/dt,59.099998474121094,0.0,0.0,1,,0,0,R4,,138.0,Cub_1,,Demanda 1 Los Mina,ElmLod,ZLM21E-D1,0,1,0.0,0.0,0,0
,LOS MINA 138 T2 dF/dt,\VM-PF.IntUser\PDD 30-09-2025.IntPrj\Network Model.IntPrjfolder\Network Data.IntPrjfolder\CENTRAL 138 kV.ElmNet\ZLMINE.ElmSubstat\R4.ElmTerm\Cub_1.StaCubic\LOS MINA 138 T2 dF/dt.ElmRelay,,EDE 3 dF/dt,0.0,-2.0,0.0,1,,0,0,R4,,138.0,Cub_1,,Demanda 1 Los Mina,ElmLod,ZLM21E-D1,0,1,0.0,0.0,0,0
,LOS MINA 138 T2 dF/dt,\VM-PF.IntUser\PDD 30-09-2025.IntPrj\Network Model.IntPrjfolder\Network Data.IntPrjfolder\CENTRAL 138 kV.ElmNet\ZLMINE.ElmSubstat\R4.ElmTerm\Cub_1.StaCubic\LOS MINA 138 T2 dF/dt.ElmRelay,,EDE 4 F<,59.0,0.0,0.0,1,,0,0,R4,,138.0,Cub_1,,Demanda 1 Los Mina,ElmLod,ZLM21E-D1,0,1,0.0,0.0,0,0
,LOS MINA 138 T2 dF/dt,\VM-PF.IntUser\PDD 30-09-2025.IntPrj\Network Model.IntPrjfolder\Network Data.IntPrjfolder\CENTRAL 138 kV.ElmNet\ZLMINE.ElmSubstat\R4.ElmTerm\Cub_1.StaCubic\LOS MINA 138 T2 dF/dt.ElmRelay,,EDE 4 Start-dF/dt,59.0,0.0,0.0,1,,0,0,R4,,138.0,Cub_1,,Demanda 1 Los Mina,ElmLod,ZLM21E-D1,0,1,0.0,0.0,0,0
,LOS MINA 138 T2 dF/dt,\VM-PF.IntUser\PDD 30-09-2025.IntPrj\Network Model.IntPrjfolder\Network Data.IntPrjfolder\CENTRAL 138 kV.ElmNet\ZLMINE.ElmSubstat\R4.ElmTerm\Cub_1.StaCubic\LOS MINA 138 T2 dF/dt.ElmRelay,,EDE 4 dF/dt,0.0,-2.0,0.0,1,,0,0,R4,,138.0,Cub_1,,Demanda 1 Los Mina,ElmLod,ZLM21E-D1,0,1,0.0,0.0,0,0
,LOS MINA 138 T2 dF/dt,\VM-PF.IntUser\PDD 30-09-2025.IntPrj\Network Model.IntPrjfolder\Network Data.IntPrjfolder\CENTRAL 138 kV.ElmNet\ZLMINE.ElmSubstat\R4.ElmTerm\Cub_1.StaCubic\LOS MINA 138 T2 dF/dt.ElmRelay,,EDE 5 F<,58.900001525878906,0.0,0.0,1,,0,0,R4,,138.0,Cub_1,,Demanda 1 Los Mina,ElmLod,ZLM21E-D1,0,1,0.0,0.0,0,0
,LOS MINA 138 T2 dF/dt,\VM-PF.IntUser\PDD 30-09-2025.IntPrj\Network Model.IntPrjfolder\Network Data.IntPrjfolder\CENTRAL 138 kV.ElmNet\ZLMINE.ElmSubstat\R4.ElmTerm\Cub_1.StaCubic\LOS MINA 138 T2 dF/dt.ElmRelay,,EDE 5 Start-dF/dt,58.900001525878906,0.0,0.0,1,,0,0,R4,,138.0,Cub_1,,Demanda 1 Los Mina,ElmLod,ZLM21E-D1,0,1,0.0,0.0,0,0
,LOS MINA 138 T2 dF/dt,\VM-PF.IntUser\PDD 30-09-2025.IntPrj\Network Model.IntPrjfolder\Network Data.IntPrjfolder\CENTRAL 138 kV.ElmNet\ZLMINE.ElmSubstat\R4.ElmTerm\Cub_1.StaCubic\LOS MINA 138 T2 dF/dt.ElmRelay,,EDE 5 dF/dt,0.0,-2.0,0.0,1,,0,0,R4,,138.0,Cub_1,,Demanda 1 Los Mina,ElmLod,ZLM21E-D1,0,1,0.0,0.0,0,0
,LOS MINA 138 T2 dF/dt,\VM-PF.IntUser\PDD 30-09-2025.IntPrj\Network Model.IntPrjfolder\Network Data.IntPrjfolder\CENTRAL 138 kV.ElmNet\ZLMINE.ElmSubstat\R4.ElmTerm\Cub_1.StaCubic\LOS MINA 138 T2 dF/dt.ElmRelay,,EDE 6 F<,58.79999923706055,0.0,0.0,1,,0,0,R4,,138.0,Cub_1,,Demanda 1 Los Mina,ElmLod,ZLM21E-D1,0,1,0.0,0.0,0,0
,LOS MINA 138 T2 dF/dt,\VM-PF.IntUser\PDD 30-09-2025.IntPrj\Network Model.IntPrjfolder\Network Data.IntPrjfolder\CENTRAL 138 kV.ElmNet\ZLMINE.ElmSubstat\R4.ElmTerm\Cub_1.StaCubic\LOS MINA 138 T2 dF/dt.ElmRelay,,EDE 6 Start-dF/dt,58.79999923706055,0.0,0.0,1,,0,0,R4,,138.0,Cub_1,,Demanda 1 Los Mina,ElmLod,ZLM21E-D1,0,1,0.0,0.0,0,0
,LOS MINA 138 T2 dF/dt,\VM-PF.IntUser\PDD 30-09-2025.IntPrj\Network Model.IntPrjfolder\Network Data.IntPrjfolder\CENTRAL 138 kV.ElmNet\ZLMINE.ElmSubstat\R4.ElmTerm\Cub_1.StaCubic\LOS MINA 138 T2 dF/dt.ElmRelay,,EDE 6 dF/dt,0.0,-2.0,0.0,1,,0,0,R4,,138.0,Cub_1,,Demanda 1 Los Mina,ElmLod,ZLM21E-D1,0,1,0.0,0.0,0,0
,ZLMINE_ZVDUAE-L1-7SA6,\VM-PF.IntUser\PDD 30-09-2025.IntPrj\Network Model.IntPrjfolder\Network Data.IntPrjfolder\CENTRAL 138 kV.ElmNet\ZLMINE.ElmSubstat\R2.ElmTerm\Cub_1.StaCubic\ZLMINE_ZVDUAE-L1-7SA6.ElmRelay,Frequency (50Hz),f1,49.5,0.0,60.0,1,0,1,0,R2,,138.0,Cub_1,,138 kV Los Mina – Villa Duarte,ElmLne,ZLMINE_ZVDUAE-L1,1,0,0,0,0,0
,ZLMINE_ZVDUAE-L1-7SA6,\VM-PF.IntUser\PDD 30-09-2025.IntPrj\Network Model.IntPrjfolder\Network Data.IntPrjfolder\CENTRAL 138 kV.ElmNet\ZLMINE.ElmSubstat\R2.ElmTerm\Cub_1.StaCubic\ZLMINE_ZVDUAE-L1-7SA6.ElmRelay,Frequency (50Hz),f2,49.0,0.0,30.0,1,0,1,0,R2,,138.0,Cub_1,,138 kV Los Mina – Villa Duarte,ElmLne,ZLMINE_ZVDUAE-L1,1,0,0,0,0,0
,ZLMINE_ZVDUAE-L1-7SA6,\VM-PF.IntUser\PDD 30-09-2025.IntPrj\Network Model.IntPrjfolder\Network Data.IntPrjfolder\CENTRAL 138 kV.ElmNet\ZLMINE.ElmSubstat\R2.ElmTerm\Cub_1.StaCubic\ZLMINE_ZVDUAE-L1-7SA6.ElmRelay,Frequency (50Hz),f3,47.5,0.0,3.0,1,0,1,0,R2,,138.0,Cub_1,,138 kV Los Mina – Villa Duarte,ElmLne,ZLMINE_ZVDUAE-L1,1,0,0,0,0,0
,ZLMINE_ZVDUAE-L1-7SA6,\VM-PF.IntUser\PDD 30-09-2025.IntPrj\Network Model.IntPrjfolder\Network Data.IntPrjfolder\CENTRAL 138 kV.ElmNet\ZLMINE.ElmSubstat\R2.ElmTerm\Cub_1.StaCubic\ZLMINE_ZVDUAE-L1-7SA6.ElmRelay,Frequency (50Hz),f4,51.0,0.0,30.0,1,0,1,0,R2,,138.0,Cub_1,,138 kV Los Mina – Villa Duarte,ElmLne,ZLMINE_ZVDUAE-L1,1,0,0,0,0,0
,ZLMINE_ZVDUAE-L1-7SA6,\VM-PF.IntUser\PDD 30-09-2025.IntPrj\Network Model.IntPrjfolder\Network Data.IntPrjfolder\CENTRAL 138 kV.ElmNet\ZLMINE.ElmSubstat\R2.ElmTerm\Cub_1.StaCubic\ZLMINE_ZVDUAE-L1-7SA6.ElmRelay,Frequency (60Hz),f1,59.5,0.0,60.0,1,1,1,0,R2,,138.0,Cub_1,,138 kV Los Mina – Villa Duarte,ElmLne,ZLMINE_ZVDUAE-L1,1,0,0,0,0,0
,ZLMINE_ZVDUAE-L1-7SA6,\VM-PF.IntUser\PDD 30-09-2025.IntPrj\Network Model.IntPrjfolder\Network Data.IntPrjfolder\CENTRAL 138 kV.ElmNet\ZLMINE.ElmSubstat\R2.ElmTerm\Cub_1.StaCubic\ZLMINE_ZVDUAE-L1-7SA6.ElmRelay,Frequency (60Hz),f2,57.0,0.0,30.0,1,1,1,0,R2,,138.0,Cub_1,,138 kV Los Mina – Villa Duarte,ElmLne,ZLMINE_ZVDUAE-L1,1,0,0,0,0,0
,ZLMINE_ZVDUAE-L1-7SA6,\VM-PF.IntUser\PDD 30-09-2025.IntPrj\Network Model.IntPrjfolder\Network Data.IntPrjfolder\CENTRAL 138 kV.ElmNet\ZLMINE.ElmSubstat\R2.ElmTerm\Cub_1.StaCubic\ZLMINE_ZVDUAE-L1-7SA6.ElmRelay,Frequency (60Hz),f3,59.5,0.0,3.0,1,1,1,0,R2,,138.0,Cub_1,,138 kV Los Mina – Villa Duarte,ElmLne,ZLMINE_ZVDUAE-L1,1,0,0,0,0,0
,ZLMINE_ZVDUAE-L1-7SA6,\VM-PF.IntUser\PDD 30-09-2025.IntPrj\Network Model.IntPrjfolder\Network Data.IntPrjfolder\CENTRAL 138 kV.ElmNet\ZLMINE.ElmSubstat\R2.ElmTerm\Cub_1.StaCubic\ZLMINE_ZVDUAE-L1-7SA6.ElmRelay,Frequency (60Hz),f4,62.0,0.0,30.0,1,1,1,0,R2,,138.0,Cub_1,,138 kV Los Mina – Villa Duarte,ElmLne,ZLMINE_ZVDUAE-L1,1,0,0,0,0,0
,ZLMINE_ZHNSAE-L3-7SD52,\VM-PF.IntUser\PDD 30-09-2025.IntPrj\Network Model.IntPrjfolder\Network Data.IntPrjfolder\CENTRAL 138 kV.ElmNet\ZLMINE.ElmSubstat\L1.ElmTerm\Cub_1.StaCubic\ZLMINE_ZHNSAE-L3-7SD52.ElmRelay,Distance/Overcurrent/Voltage,f1,45.5,0.0,0.0,1,1,1,0,L1,,138.0,Cub_1,,Demanda 2 Los Mina,ElmLod,ZLMINE-D1,0,1,62.76,9.36,0,0
,ZLMINE_ZHNSAE-L3-7SD52,\VM-PF.IntUser\PDD 30-09-2025.IntPrj\Network Model.IntPrjfolder\Network Data.IntPrjfolder\CENTRAL 138 kV.ElmNet\ZLMINE.ElmSubstat\L1.ElmTerm\Cub_1.StaCubic\ZLMINE_ZHNSAE-L3-7SD52.ElmRelay,Distance/Overcurrent/Voltage,f2,45.5,0.0,0.0,1,1,1,0,L1,,138.0,Cub_1,,Demanda 2 Los Mina,ElmLod,ZLMINE-D1,0,1,62.76,9.36,0,0
,ZLMINE_ZHNSAE-L3-7SD52,\VM-PF.IntUser\PDD 30-09-2025.IntPrj\Network Model.IntPrjfolder\Network Data.IntPrjfolder\CENTRAL 138 kV.ElmNet\ZLMINE.ElmSubstat\L1.ElmTerm\Cub_1.StaCubic\ZLMINE_ZHNSAE-L3-7SD52.ElmRelay,Distance/Overcurrent/Voltage,f3,45.5,0.0,0.0,1,1,1,0,L1,,138.0,Cub_1,,Demanda 2 Los Mina,ElmLod,ZLMINE-D1,0,1,62.76,9.36,0,0
,ZLMINE_ZHNSAE-L3-7SD52,\VM-PF.IntUser\PDD 30-09-2025.IntPrj\Network Model.IntPrjfolder\Network Data.IntPrjfolder\CENTRAL 138 kV.ElmNet\ZLMINE.ElmSubstat\L1.ElmTerm\Cub_1.StaCubic\ZLMINE_ZHNSAE-L3-7SD52.ElmRelay,Distance/Overcurrent/Voltage,f4,45.5,0.0,0.0,1,1,1,0,L1,,138.0,Cub_1,,Demanda 2 Los Mina,ElmLod,ZLMINE-D1,0,1,62.76,9.36,0,0
,ZLMINE_ZLMI5E-L1-7SJ80,\VM-PF.IntUser\PDD 30-09-2025.IntPrj\Network Model.IntPrjfolder\Network Data.IntPrjfolder\CENTRAL 138 kV.ElmNet\ZLMINE.ElmSubstat\L2.ElmTerm\Cub_1.StaCubic\ZLMINE_ZLMI5E-L1-7SJ80.ElmRelay,,81_1,50.0,0.0,60.0,1,,1,0,L2,,138.0,Cub_1,,138 kV Los Mina – Los Mina 5,ElmLne,ZLMI5E_ZLMINE-L1,0,0,0,0,1,101.091
,ZLMINE_ZLMI5E-L1-7SJ80,\VM-PF.IntUser\PDD 30-09-2025.IntPrj\Network Model.IntPrjfolder\Network Data.IntPrjfolder\CENTRAL 138 kV.ElmNet\ZLMINE.ElmSubstat\L2.ElmTerm\Cub_1.StaCubic\ZLMINE_ZLMI5E-L1-7SJ80.ElmRelay,,81_2,50.0,0.0,30.0,1,,1,0,L2,,138.0,Cub_1,,138 kV Los Mina – Los Mina 5,ElmLne,ZLMI5E_ZLMINE-L1,0,0,0,0,1,101.091
,ZLMINE_ZLMI5E-L1-7SJ80,\VM-PF.IntUser\PDD 30-09-2025.IntPrj\Network Model.IntPrjfolder\Network Data.IntPrjfolder\CENTRAL 138 kV.ElmNet\ZLMINE.ElmSubstat\L2.ElmTerm\Cub_1.StaCubic\ZLMINE_ZLMI5E-L1-7SJ80.ElmRelay,,81_3,50.0,0.0,3.0,1,,1,0,L2,,138.0,Cub_1,,138 kV Los Mina – Los Mina 5,ElmLne,ZLMI5E_ZLMINE-L1,0,0,0,0,1,101.091
,ZLMINE_ZLMI5E-L1-7SJ80,\VM-PF.IntUser\PDD 30-09-2025.IntPrj\Network Model.IntPrjfolder\Network Data.IntPrjfolder\CENTRAL 138 kV.ElmNet\ZLMINE.ElmSubstat\L2.ElmTerm\Cub_1.StaCubic\ZLMINE_ZLMI5E-L1-7SJ80.ElmRelay,,81_4,51.0,0.0,30.0,1,,1,0,L2,,138.0,Cub_1,,138 kV Los Mina – Los Mina 5,ElmLne,ZLMI5E_ZLMINE-L1,0,0,0,0,1,101.091
,ZLMINE_ZHNSAE-L2-7SD52,\VM-PF.IntUser\PDD 30-09-2025.IntPrj\Network Model.IntPrjfolder\Network Data.IntPrjfolder\CENTRAL 138 kV.ElmNet\ZLMINE.ElmSubstat\R1.ElmTerm\Cub_1.StaCubic\ZLMINE_ZHNSAE-L2-7SD52.ElmRelay,Distance/Overcurrent/Voltage,f1,45.5,0.0,0.0,1,1,1,0,R1,,138.0,Cub_1,,138 kV Hainamosa – Los Mina L2,ElmLne,ZHNSAE_ZLMINE-L2,1,0,0,0,0,0
,ZLMINE_ZHNSAE-L2-7SD52,\VM-PF.IntUser\PDD 30-09-2025.IntPrj\Network Model.IntPrjfolder\Network Data.IntPrjfolder\CENTRAL 138 kV.ElmNet\ZLMINE.ElmSubstat\R1.ElmTerm\Cub_1.StaCubic\ZLMINE_ZHNSAE-L2-7SD52.ElmRelay,Distance/Overcurrent/Voltage,f2,45.5,0.0,0.0,1,1,1,0,R1,,138.0,Cub_1,,138 kV Hainamosa – Los Mina L2,ElmLne,ZHNSAE_ZLMINE-L2,1,0,0,0,0,0
,ZLMINE_ZHNSAE-L2-7SD52,\VM-PF.IntUser\PDD 30-09-2025.IntPrj\Network Model.IntPrjfolder\Network Data.IntPrjfolder\CENTRAL 138 kV.ElmNet\ZLMINE.ElmSubstat\R1.ElmTerm\Cub_1.StaCubic\ZLMINE_ZHNSAE-L2-7SD52.ElmRelay,Distance/Overcurrent/Voltage,f3,45.5,0.0,0.0,1,1,1,0,R1,,138.0,Cub_1,,138 kV Hainamosa – Los Mina L2,ElmLne,ZHNSAE_ZLMINE-L2,1,0,0,0,0,0
,ZLMINE_ZHNSAE-L2-7SD52,\VM-PF.IntUser\PDD 30-09-2025.IntPrj\Network Model.IntPrjfolder\Network Data.IntPrjfolder\CENTRAL 138 kV.ElmNet\ZLMINE.ElmSubstat\R1.ElmTerm\Cub_1.StaCubic\ZLMINE_ZHNSAE-L2-7SD52.ElmRelay,Distance/Overcurrent/Voltage,f4,45.5,0.0,0.0,1,1,1,0,R1,,138.0,Cub_1,,138 kV Hainamosa – Los Mina L2,ElmLne,ZHNSAE_ZLMINE-L2,1,0,0,0,0,0
,ZLMINE_ZLMI7E-L1-7SJ80,\VM-PF.IntUser\PDD 30-09-2025.IntPrj\Network Model.IntPrjfolder\Network Data.IntPrjfolder\CENTRAL 138 kV.ElmNet\ZLMINE.ElmSubstat\R3.ElmTerm\Cub_1.StaCubic\ZLMINE_ZLMI7E-L1-7SJ80.ElmRelay,,81_1,50.0,0.0,60.0,1,,1,0,R3,,138.0,Cub_1,,138 kV Los Mina – Los Mina 7,ElmLne,ZLMI7E_ZLMINE-L1,0,1,2.18,0.93,1,108.868
,ZLMINE_ZLMI7E-L1-7SJ80,\VM-PF.IntUser\PDD 30-09-2025.IntPrj\Network Model.IntPrjfolder\Network Data.IntPrjfolder\CENTRAL 138 kV.ElmNet\ZLMINE.ElmSubstat\R3.ElmTerm\Cub_1.StaCubic\ZLMINE_ZLMI7E-L1-7SJ80.ElmRelay,,81_2,50.0,0.0,30.0,1,,1,0,R3,,138.0,Cub_1,,138 kV Los Mina – Los Mina 7,ElmLne,ZLMI7E_ZLMINE-L1,0,1,2.18,0.93,1,108.868
,ZLMINE_ZLMI7E-L1-7SJ80,\VM-PF.IntUser\PDD 30-09-2025.IntPrj\Network Model.IntPrjfolder\Network Data.IntPrjfolder\CENTRAL 138 kV.ElmNet\ZLMINE.ElmSubstat\R3.ElmTerm\Cub_1.StaCubic\ZLMINE_ZLMI7E-L1-7SJ80.ElmRelay,,81_3,50.0,0.0,3.0,1,,1,0,R3,,138.0,Cub_1,,138 kV Los Mina – Los Mina 7,ElmLne,ZLMI7E_ZLMINE-L1,0,1,2.18,0.93,1,108.868
,ZLMINE_ZLMI7E-L1-7SJ80,\VM-PF.IntUser\PDD 30-09-2025.IntPrj\Network Model.IntPrjfolder\Network Data.IntPrjfolder\CENTRAL 138 kV.ElmNet\ZLMINE.ElmSubstat\R3.ElmTerm\Cub_1.StaCubic\ZLMINE_ZLMI7E-L1-7SJ80.ElmRelay,,81_4,51.0,0.0,30.0,1,,1,0,R3,,138.0,Cub_1,,138 kV Los Mina – Los Mina 7,ElmLne,ZLMI7E_ZLMINE-L1,0,1,2.18,0.93,1,108.868
,ZLM11E_ZLISAE-L1-7SA6,\VM-PF.IntUser\PDD 30-09-2025.IntPrj\Network Model.IntPrjfolder\Network Data.IntPrjfolder\CENTRAL 138 kV.ElmNet\ZLMINE.ElmSubstat\L5.ElmTerm\Cub_1.StaCubic\ZLM11E_ZLISAE-L1-7SA6.ElmRelay,Frequency (50Hz),f1,49.5,0.0,60.0,1,0,1,0,L5,,138.0,Cub_1,,138 kV La Isabela – Los Mina,ElmLne,ZLMINE_ZXLI2E-L1,1,0,0,0,0,0
,ZLM11E_ZLISAE-L1-7SA6,\VM-PF.IntUser\PDD 30-09-2025.IntPrj\Network Model.IntPrjfolder\Network Data.IntPrjfolder\CENTRAL 138 kV.ElmNet\ZLMINE.ElmSubstat\L5.ElmTerm\Cub_1.StaCubic\ZLM11E_ZLISAE-L1-7SA6.ElmRelay,Frequency (50Hz),f2,49.0,0.0,30.0,1,0,1,0,L5,,138.0,Cub_1,,138 kV La Isabela – Los Mina,ElmLne,ZLMINE_ZXLI2E-L1,1,0,0,0,0,0
,ZLM11E_ZLISAE-L1-7SA6,\VM-PF.IntUser\PDD 30-09-2025.IntPrj\Network Model.IntPrjfolder\Network Data.IntPrjfolder\CENTRAL 138 kV.ElmNet\ZLMINE.ElmSubstat\L5.ElmTerm\Cub_1.StaCubic\ZLM11E_ZLISAE-L1-7SA6.ElmRelay,Frequency (50Hz),f3,47.5,0.0,3.0,1,0,1,0,L5,,138.0,Cub_1,,138 kV La Isabela – Los Mina,ElmLne,ZLMINE_ZXLI2E-L1,1,0,0,0,0,0
,ZLM11E_ZLISAE-L1-7SA6,\VM-PF.IntUser\PDD 30-09-2025.IntPrj\Network Model.IntPrjfolder\Network Data.IntPrjfolder\CENTRAL 138 kV.ElmNet\ZLMINE.ElmSubstat\L5.ElmTerm\Cub_1.StaCubic\ZLM11E_ZLISAE-L1-7SA6.ElmRelay,Frequency (50Hz),f4,51.0,0.0,30.0,1,0,1,0,L5,,138.0,Cub_1,,138 kV La Isabela – Los Mina,ElmLne,ZLMINE_ZXLI2E-L1,1,0,0,0,0,0
,ZLM11E_ZLISAE-L1-7SA6,\VM-PF.IntUser\PDD 30-09-2025.IntPrj\Network Model.IntPrjfolder\Network Data.IntPrjfolder\CENTRAL 138 kV.ElmNet\ZLMINE.ElmSubstat\L5.ElmTerm\Cub_1.StaCubic\ZLM11E_ZLISAE-L1-7SA6.ElmRelay,Frequency (60Hz),f1,59.5,0.0,60.0,1,1,1,0,L5,,138.0,Cub_1,,138 kV La Isabela – Los Mina,ElmLne,ZLMINE_ZXLI2E-L1,1,0,0,0,0,0
,ZLM11E_ZLISAE-L1-7SA6,\VM-PF.IntUser\PDD 30-09-2025.IntPrj\Network Model.IntPrjfolder\Network Data.IntPrjfolder\CENTRAL 138 kV.ElmNet\ZLMINE.ElmSubstat\L5.ElmTerm\Cub_1.StaCubic\ZLM11E_ZLISAE-L1-7SA6.ElmRelay,Frequency (60Hz),f2,57.0,0.0,30.0,1,1,1,0,L5,,138.0,Cub_1,,138 kV La Isabela – Los Mina,ElmLne,ZLMINE_ZXLI2E-L1,1,0,0,0,0,0
,ZLM11E_ZLISAE-L1-7SA6,\VM-PF.IntUser\PDD 30-09-2025.IntPrj\Network Model.IntPrjfolder\Network Data.IntPrjfolder\CENTRAL 138 kV.ElmNet\ZLMINE.ElmSubstat\L5.ElmTerm\Cub_1.StaCubic\ZLM11E_ZLISAE-L1-7SA6.ElmRelay,Frequency (60Hz),f3,59.5,0.0,3.0,1,1,1,0,L5,,138.0,Cub_1,,138 kV La Isabela – Los Mina,ElmLne,ZLMINE_ZXLI2E-L1,1,0,0,0,0,0
,ZLM11E_ZLISAE-L1-7SA6,\VM-PF.IntUser\PDD 30-09-2025.IntPrj\Network Model.IntPrjfolder\Network Data.IntPrjfolder\CENTRAL 138 kV.ElmNet\ZLMINE.ElmSubstat\L5.ElmTerm\Cub_1.StaCubic\ZLM11E_ZLISAE-L1-7SA6.ElmRelay,Frequency (60Hz),f4,62.0,0.0,30.0,1,1,1,0,L5,,138.0,Cub_1,,138 kV La Isabela – Los Mina,ElmLne,ZLMINE_ZXLI2E-L1,1,0,0,0,0,0
,ZLM11E_ZHNS2E-L1-7SD52,\VM-PF.IntUser\PDD 30-09-2025.IntPrj\Network Model.IntPrjfolder\Network Data.IntPrjfolder\CENTRAL 138 kV.ElmNet\ZLMINE.ElmSubstat\L6.ElmTerm\Cub_1.StaCubic\ZLM11E_ZHNS2E-L1-7SD52.ElmRelay,Distance/Overcurrent/Voltage,f1,45.5,0.0,0.0,1,1,1,0,L6,,138.0,Cub_1,,138 kV Hainamosa – Los Mina L1,ElmLne,ZHNSAE_ZLMINE-L1,1,0,0,0,0,0
,ZLM11E_ZHNS2E-L1-7SD52,\VM-PF.IntUser\PDD 30-09-2025.IntPrj\Network Model.IntPrjfolder\Network Data.IntPrjfolder\CENTRAL 138 kV.ElmNet\ZLMINE.ElmSubstat\L6.ElmTerm\Cub_1.StaCubic\ZLM11E_ZHNS2E-L1-7SD52.ElmRelay,Distance/Overcurrent/Voltage,f2,45.5,0.0,0.0,1,1,1,0,L6,,138.0,Cub_1,,138 kV Hainamosa – Los Mina L1,ElmLne,ZHNSAE_ZLMINE-L1,1,0,0,0,0,0
,ZLM11E_ZHNS2E-L1-7SD52,\VM-PF.IntUser\PDD 30-09-2025.IntPrj\Network Model.IntPrjfolder\Network Data.IntPrjfolder\CENTRAL 138 kV.ElmNet\ZLMINE.ElmSubstat\L6.ElmTerm\Cub_1.StaCubic\ZLM11E_ZHNS2E-L1-7SD52.ElmRelay,Distance/Overcurrent/Voltage,f3,45.5,0.0,0.0,1,1,1,0,L6,,138.0,Cub_1,,138 kV Hainamosa – Los Mina L1,ElmLne,ZHNSAE_ZLMINE-L1,1,0,0,0,0,0
,ZLM11E_ZHNS2E-L1-7SD52,\VM-PF.IntUser\PDD 30-09-2025.IntPrj\Network Model.IntPrjfolder\Network Data.IntPrjfolder\CENTRAL 138 kV.ElmNet\ZLMINE.ElmSubstat\L6.ElmTerm\Cub_1.StaCubic\ZLM11E_ZHNS2E-L1-7SD52.ElmRelay,Distance/Overcurrent/Voltage,f4,45.5,0.0,0.0,1,1,1,0,L6,,138.0,Cub_1,,138 kV Hainamosa – Los Mina L1,ElmLne,ZHNSAE_ZLMINE-L1,1,0,0,0,0,0
,LOS MINA 138 T1,\VM-PF.IntUser\PDD 30-09-2025.IntPrj\Network Model.IntPrjfolder\Network Data.IntPrjfolder\CENTRAL 138 kV.ElmNet\ZLMINE.ElmSubstat\L7.ElmTerm\Cub_1.StaCubic\LOS MINA 138 T1.ElmRelay,,EDE 1 F<,59.29999923706055,0.0,0.10000000149011612,0,,0,1,L7,,138.0,Cub_1,,,,,0,0,0,0,0,0
,LOS MINA 138 T1,\VM-PF.IntUser\PDD 30-09-2025.IntPrj\Network Model.IntPrjfolder\Network Data.IntPrjfolder\CENTRAL 138 kV.ElmNet\ZLMINE.ElmSubstat\L7.ElmTerm\Cub_1.StaCubic\LOS MINA 138 T1.ElmRelay,,EDE 2 F<,59.20000076293945,0.0,0.10000000149011612,1,,0,0,L7,,138.0,Cub_1,,,,,0,0,0,0,0,0
,LOS MINA 138 T1,\VM-PF.IntUser\PDD 30-09-2025.IntPrj\Network Model.IntPrjfolder\Network Data.IntPrjfolder\CENTRAL 138 kV.ElmNet\ZLMINE.ElmSubstat\L7.ElmTerm\Cub_1.StaCubic\LOS MINA 138 T1.ElmRelay,,EDE 3 F<,59.099998474121094,0.0,0.10000000149011612,0,,0,1,L7,,138.0,Cub_1,,,,,0,0,0,0,0,0
,LOS MINA 138 T1,\VM-PF.IntUser\PDD 30-09-2025.IntPrj\Network Model.IntPrjfolder\Network Data.IntPrjfolder\CENTRAL 138 kV.ElmNet\ZLMINE.ElmSubstat\L7.ElmTerm\Cub_1.StaCubic\LOS MINA 138 T1.ElmRelay,,EDE 4 F<,59.0,0.0,0.10000000149011612,1,,0,0,L7,,138.0,Cub_1,,,,,0,0,0,0,0,0
,LOS MINA 138 T1,\VM-PF.IntUser\PDD 30-09-2025.IntPrj\Network Model.IntPrjfolder\Network Data.IntPrjfolder\CENTRAL 138 kV.ElmNet\ZLMINE.ElmSubstat\L7.ElmTerm\Cub_1.StaCubic\LOS MINA 138 T1.ElmRelay,,EDE 5 F<,58.900001525878906,0.0,0.10000000149011612,1,,0,0,L7,,138.0,Cub_1,,,,,0,0,0,0,0,0
,LOS MINA 138 T1,\VM-PF.IntUser\PDD 30-09-2025.IntPrj\Network Model.IntPrjfolder\Network Data.IntPrjfolder\CENTRAL 138 kV.ElmNet\ZLMINE.ElmSubstat\L7.ElmTerm\Cub_1.StaCubic\LOS MINA 138 T1.ElmRelay,,EDE 6 F<,58.79999923706055,0.0,0.10000000149011612,1,,0,0,L7,,138.0,Cub_1,,,,,0,0,0,0,0,0
,ZLMINE_ZLMI7E-L1-7SJ80,\VM-PF.IntUser\PDD 30-09-2025.IntPrj\Network Model.IntPrjfolder\Network Data.IntPrjfolder\CENTRAL 138 kV.ElmNet\ZLMINE.ElmSubstat\L8.ElmTerm\Cub_1.StaCubic\ZLMINE_ZLMI7E-L1-7SJ80.ElmRelay,,81_1,50.0,0.0,60.0,1,,1,0,L8,,138.0,Cub_1,,,,,0,0,0,0,0,0
,ZLMINE_ZLMI7E-L1-7SJ80,\VM-PF.IntUser\PDD 30-09-2025.IntPrj\Network Model.IntPrjfolder\Network Data.IntPrjfolder\CENTRAL 138 kV.ElmNet\ZLMINE.ElmSubstat\L8.ElmTerm\Cub_1.StaCubic\ZLMINE_ZLMI7E-L1-7SJ80.ElmRelay,,81_2,50.0,0.0,30.0,1,,1,0,L8,,138.0,Cub_1,,,,,0,0,0,0,0,0
,ZLMINE_ZLMI7E-L1-7SJ80,\VM-PF.IntUser\PDD 30-09-2025.IntPrj\Network Model.IntPrjfolder\Network Data.IntPrjfolder\CENTRAL 138 kV.ElmNet\ZLMINE.ElmSubstat\L8.ElmTerm\Cub_1.StaCubic\ZLMINE_ZLMI7E-L1-7SJ80.ElmRelay,,81_3,50.0,0.0,3.0,1,,1,0,L8,,138.0,Cub_1,,,,,0,0,0,0,0,0
,ZLMINE_ZLMI7E-L1-7SJ80,\VM-PF.IntUser\PDD 30-09-2025.IntPrj\Network Model.IntPrjfolder\Network Data.IntPrjfolder\CENTRAL 138 kV.ElmNet\ZLMINE.ElmSubstat\L8.ElmTerm\Cub_1.StaCubic\ZLMINE_ZLMI7E-L1-7SJ80.ElmRelay,,81_4,51.0,0.0,30.0,1,,1,0,L8,,138.0,Cub_1,,,,,0,0,0,0,0,0
,ZAAINE_ZAANDE-L1-P140,\VM-PF.IntUser\PDD 30-09-2025.IntPrj\Network Model.IntPrjfolder\Network Data.IntPrjfolder\CENTRAL 138 kV.ElmNet\ZIAANE.ElmSubstat\1.ElmTerm\Cub_1.StaCubic\ZAAINE_ZAANDE-L1-P140.ElmRelay,,df/dt<1,0.0,0.10000000149011612,0.0,1,,1,0,1,,138.0,Cub_1,,138 kV AES Andrés – AES Andrés Intercon,ElmLne,ZAAINE_ZAANDE-L1,0,2,9.41,3.95,3,296.5
,ZAAINE_ZAANDE-L1-P140,\VM-PF.IntUser\PDD 30-09-2025.IntPrj\Network Model.IntPrjfolder\Network Data.IntPrjfolder\CENTRAL 138 kV.ElmNet\ZIAANE.ElmSubstat\1.ElmTerm\Cub_1.StaCubic\ZAAINE_ZAANDE-L1-P140.ElmRelay,,df/dt<2,0.0,0.10000000149011612,0.0,1,,1,0,1,,138.0,Cub_1,,138 kV AES Andrés – AES Andrés Intercon,ElmLne,ZAAINE_ZAANDE-L1,0,2,9.41,3.95,3,296.5
,ZAAINE_ZAANDE-L1-P140,\VM-PF.IntUser\PDD 30-09-2025.IntPrj\Network Model.IntPrjfolder\Network Data.IntPrjfolder\CENTRAL 138 kV.ElmNet\ZIAANE.ElmSubstat\1.ElmTerm\Cub_1.StaCubic\ZAAINE_ZAANDE-L1-P140.ElmRelay,,df/dt<3,0.0,0.10000000149011612,0.0,1,,1,0,1,,138.0,Cub_1,,138 kV AES Andrés – AES Andrés Intercon,ElmLne,ZAAINE_ZAANDE-L1,0,2,9.41,3.95,3,296.5
,ZAAINE_ZAANDE-L1-P140,\VM-PF.IntUser\PDD 30-09-2025.IntPrj\Network Model.IntPrjfolder\Network Data.IntPrjfolder\CENTRAL 138 kV.ElmNet\ZIAANE.ElmSubstat\1.ElmTerm\Cub_1.StaCubic\ZAAINE_ZAANDE-L1-P140.ElmRelay,,df/dt<4,0.0,0.10000000149011612,0.0,1,,1,0,1,,138.0,Cub_1,,138 kV AES Andrés – AES Andrés Intercon,ElmLne,ZAAINE_ZAANDE-L1,0,2,9.41,3.95,3,296.5
,ZAAINE_ZAANDE-L1-P140,\VM-PF.IntUser\PDD 30-09-2025.IntPrj\Network Model.IntPrjfolder\Network Data.IntPrjfolder\CENTRAL 138 kV.ElmNet\ZIAANE.ElmSubstat\1.ElmTerm\Cub_1.StaCubic\ZAAINE_ZAANDE-L1-P140.ElmRelay,,f<1,48.0,0.0,0.30000001192092896,1,,1,0,1,,138.0,Cub_1,,138 kV AES Andrés – AES Andrés Intercon,ElmLne,ZAAINE_ZAANDE-L1,0,2,9.41,3.95,3,296.5
,ZAAINE_ZAANDE-L1-P140,\VM-PF.IntUser\PDD 30-09-2025.IntPrj\Network Model.IntPrjfolder\Network Data.IntPrjfolder\CENTRAL 138 kV.ElmNet\ZIAANE.ElmSubstat\1.ElmTerm\Cub_1.StaCubic\ZAAINE_ZAANDE-L1-P140.ElmRelay,,f<2,46.0,0.0,0.0,1,,1,0,1,,138.0,Cub_1,,138 kV AES Andrés – AES Andrés Intercon,ElmLne,ZAAINE_ZAANDE-L1,0,2,9.41,3.95,3,296.5
,ZAAINE_ZAANDE-L1-P140,\VM-PF.IntUser\PDD 30-09-2025.IntPrj\Network Model.IntPrjfolder\Network Data.IntPrjfolder\CENTRAL 138 kV.ElmNet\ZIAANE.ElmSubstat\1.ElmTerm\Cub_1.StaCubic\ZAAINE_ZAANDE-L1-P140.ElmRelay,,f<3,52.0,0.0,0.30000001192092896,1,,1,0,1,,138.0,Cub_1,,138 kV AES Andrés – AES Andrés Intercon,ElmLne,ZAAINE_ZAANDE-L1,0,2,9.41,3.95,3,296.5
,ZAAINE_ZAANDE-L1-P140,\VM-PF.IntUser\PDD 30-09-2025.IntPrj\Network Model.IntPrjfolder\Network Data.IntPrjfolder\CENTRAL 138 kV.ElmNet\ZIAANE.ElmSubstat\1.ElmTerm\Cub_1.StaCubic\ZAAINE_ZAANDE-L1-P140.ElmRelay,,f<4,54.0,0.0,0.0,1,,1,0,1,,138.0,Cub_1,,138 kV AES Andrés – AES Andrés Intercon,ElmLne,ZAAINE_ZAANDE-L1,0,2,9.41,3.95,3,296.5
,ZAAINE_ZAANDE-L1-P140,\VM-PF.IntUser\PDD 30-09-2025.IntPrj\Network Model.IntPrjfolder\Network Data.IntPrjfolder\CENTRAL 138 kV.ElmNet\ZIAANE.ElmSubstat\1.ElmTerm\Cub_1.StaCubic\ZAAINE_ZAANDE-L1-P140.ElmRelay,,f>1,45.0,0.0,0.0,1,,1,0,1,,138.0,Cub_1,,138 kV AES Andrés – AES Andrés Intercon,ElmLne,ZAAINE_ZAANDE-L1,0,2,9.41,3.95,3,296.5
,ZAAINE_ZAANDE-L1-P140,\VM-PF.IntUser\PDD 30-09-2025.IntPrj\Network Model.IntPrjfolder\Network Data.IntPrjfolder\CENTRAL 138 kV.ElmNet\ZIAANE.ElmSubstat\1.ElmTerm\Cub_1.StaCubic\ZAAINE_ZAANDE-L1-P140.ElmRelay,,f>2,45.0,0.0,0.0,1,,1,0,1,,138.0,Cub_1,,138 kV AES Andrés – AES Andrés Intercon,ElmLne,ZAAINE_ZAANDE-L1,0,2,9.41,3.95,3,296.5
,ZAAINE_ZHNSAE-L2-7SA6,\VM-PF.IntUser\PDD 30-09-2025.IntPrj\Network Model.IntPrjfolder\Network Data.IntPrjfolder\CENTRAL 138 kV.ElmNet\ZIAANE.ElmSubstat\2.ElmTerm\Cub_1.StaCubic\ZAAINE_ZHNSAE-L2-7SA6.ElmRelay,Frequency (50Hz),f1,49.5,0.0,60.0,1,0,1,0,2,,138.0,Cub_1,,138 kV AES Interconexión – Guerra L2,ElmLne,ZIAANE_ZGUERE-L2,1,0,0,0,0,0
,ZAAINE_ZHNSAE-L2-7SA6,\VM-PF.IntUser\PDD 30-09-2025.IntPrj\Network Model.IntPrjfolder\Network Data.IntPrjfolder\CENTRAL 138 kV.ElmNet\ZIAANE.ElmSubstat\2.ElmTerm\Cub_1.StaCubic\ZAAINE_ZHNSAE-L2-7SA6.ElmRelay,Frequency (50Hz),f2,49.0,0.0,30.0,1,0,1,0,2,,138.0,Cub_1,,138 kV AES Interconexión – Guerra L2,ElmLne,ZIAANE_ZGUERE-L2,1,0,0,0,0,0
,ZAAINE_ZHNSAE-L2-7SA6,\VM-PF.IntUser\PDD 30-09-2025.IntPrj\Network Model.IntPrjfolder\Network Data.IntPrjfolder\CENTRAL 138 kV.ElmNet\ZIAANE.ElmSubstat\2.ElmTerm\Cub_1.StaCubic\ZAAINE_ZHNSAE-L2-7SA6.ElmRelay,Frequency (50Hz),f3,47.5,0.0,3.0,1,0,1,0,2,,138.0,Cub_1,,138 kV AES Interconexión – Guerra L2,ElmLne,ZIAANE_ZGUERE-L2,1,0,0,0,0,0
,ZAAINE_ZHNSAE-L2-7SA6,\VM-PF.IntUser\PDD 30-09-2025.IntPrj\Network Model.IntPrjfolder\Network Data.IntPrjfolder\CENTRAL 138 kV.ElmNet\ZIAANE.ElmSubstat\2.ElmTerm\Cub_1.StaCubic\ZAAINE_ZHNSAE-L2-7SA6.ElmRelay,Frequency (50Hz),f4,51.0,0.0,30.0,1,0,1,0,2,,138.0,Cub_1,,138 kV AES Interconexión – Guerra L2,ElmLne,ZIAANE_ZGUERE-L2,1,0,0,0,0,0
,ZAAINE_ZHNSAE-L2-7SA6,\VM-PF.IntUser\PDD 30-09-2025.IntPrj\Network Model.IntPrjfolder\Network Data.IntPrjfolder\CENTRAL 138 kV.ElmNet\ZIAANE.ElmSubstat\2.ElmTerm\Cub_1.StaCubic\ZAAINE_ZHNSAE-L2-7SA6.ElmRelay,Frequency (60Hz),f1,59.5,0.0,60.0,1,1,1,0,2,,138.0,Cub_1,,138 kV AES Interconexión – Guerra L2,ElmLne,ZIAANE_ZGUERE-L2,1,0,0,0,0,0
,ZAAINE_ZHNSAE-L2-7SA6,\VM-PF.IntUser\PDD 30-09-2025.IntPrj\Network Model.IntPrjfolder\Network Data.IntPrjfolder\CENTRAL 138 kV.ElmNet\ZIAANE.ElmSubstat\2.ElmTerm\Cub_1.StaCubic\ZAAINE_ZHNSAE-L2-7SA6.ElmRelay,Frequency (60Hz),f2,57.0,0.0,30.0,1,1,1,0,2,,138.0,Cub_1,,138 kV AES Interconexión – Guerra L2,ElmLne,ZIAANE_ZGUERE-L2,1,0,0,0,0,0
,ZAAINE_ZHNSAE-L2-7SA6,\VM-PF.IntUser\PDD 30-09-2025.IntPrj\Network Model.IntPrjfolder\Network Data.IntPrjfolder\CENTRAL 138 kV.ElmNet\ZIAANE.ElmSubstat\2.ElmTerm\Cub_1.StaCubic\ZAAINE_ZHNSAE-L2-7SA6.ElmRelay,Frequency (60Hz),f3,59.5,0.0,3.0,1,1,1,0,2,,138.0,Cub_1,,138 kV AES Interconexión – Guerra L2,ElmLne,ZIAANE_ZGUERE-L2,1,0,0,0,0,0
,ZAAINE_ZHNSAE-L2-7SA6,\VM-PF.IntUser\PDD 30-09-2025.IntPrj\Network Model.IntPrjfolder\Network Data.IntPrjfolder\CENTRAL 138 kV.ElmNet\ZIAANE.ElmSubstat\2.ElmTerm\Cub_1.StaCubic\ZAAINE_ZHNSAE-L2-7SA6.ElmRelay,Frequency (60Hz),f4,62.0,0.0,30.0,1,1,1,0,2,,138.0,Cub_1,,138 kV AES Interconexión – Guerra L2,ElmLne,ZIAANE_ZGUERE-L2,1,0,0,0,0,0
,ZAAINE_ZHNSAE-L2-7SD52,\VM-PF.IntUser\PDD 30-09-2025.IntPrj\Network Model.IntPrjfolder\Network Data.IntPrjfolder\CENTRAL 138 kV.ElmNet\ZIAANE.ElmSubstat\2.ElmTerm\Cub_1.StaCubic\ZAAINE_ZHNSAE-L2-7SD52.ElmRelay,Distance/Overcurrent/Voltage,f1,45.5,0.0,0.0,1,1,1,0,2,,138.0,Cub_1,,138 kV AES Interconexión – Guerra L2,ElmLne,ZIAANE_ZGUERE-L2,1,0,0,0,0,0
,ZAAINE_ZHNSAE-L2-7SD52,\VM-PF.IntUser\PDD 30-09-2025.IntPrj\Network Model.IntPrjfolder\Network Data.IntPrjfolder\CENTRAL 138 kV.ElmNet\ZIAANE.ElmSubstat\2.ElmTerm\Cub_1.StaCubic\ZAAINE_ZHNSAE-L2-7SD52.ElmRelay,Distance/Overcurrent/Voltage,f2,45.5,0.0,0.0,1,1,1,0,2,,138.0,Cub_1,,138 kV AES Interconexión – Guerra L2,ElmLne,ZIAANE_ZGUERE-L2,1,0,0,0,0,0
,ZAAINE_ZHNSAE-L2-7SD52,\VM-PF.IntUser\PDD 30-09-2025.IntPrj\Network Model.IntPrjfolder\Network Data.IntPrjfolder\CENTRAL 138 kV.ElmNet\ZIAANE.ElmSubstat\2.ElmTerm\Cub_1.StaCubic\ZAAINE_ZHNSAE-L2-7SD52.ElmRelay,Distance/Overcurrent/Voltage,f3,45.5,0.0,0.0,1,1,1,0,2,,138.0,Cub_1,,138 kV AES Interconexión – Guerra L2,ElmLne,ZIAANE_ZGUERE-L2,1,0,0,0,0,0
,ZAAINE_ZHNSAE-L2-7SD52,\VM-PF.IntUser\PDD 30-09-2025.IntPrj\Network Model.IntPrjfolder\Network Data.IntPrjfolder\CENTRAL 138 kV.ElmNet\ZIAANE.ElmSubstat\2.ElmTerm\Cub_1.StaCubic\ZAAINE_ZHNSAE-L2-7SD52.ElmRelay,Distance/Overcurrent/Voltage,f4,45.5,0.0,0.0,1,1,1,0,2,,138.0,Cub_1,,138 kV AES Interconexión – Guerra L2,ElmLne,ZIAANE_ZGUERE-L2,1,0,0,0,0,0
,ZAAINE_ZHNSAE-L1-7SA6,\VM-PF.IntUser\PDD 30-09-2025.IntPrj\Network Model.IntPrjfolder\Network Data.IntPrjfolder\CENTRAL 138 kV.ElmNet\ZIAANE.ElmSubstat\3.ElmTerm\Cub_1.StaCubic\ZAAINE_ZHNSAE-L1-7SA6.ElmRelay,Frequency (50Hz),f1,49.5,0.0,60.0,1,0,1,0,3,,138.0,Cub_1,,138 kV AES Interconexión – Guerra L1,ElmLne,ZIAANE_ZGUERE-L1,1,0,0,0,0,0
,ZAAINE_ZHNSAE-L1-7SA6,\VM-PF.IntUser\PDD 30-09-2025.IntPrj\Network Model.IntPrjfolder\Network Data.IntPrjfolder\CENTRAL 138 kV.ElmNet\ZIAANE.ElmSubstat\3.ElmTerm\Cub_1.StaCubic\ZAAINE_ZHNSAE-L1-7SA6.ElmRelay,Frequency (50Hz),f2,49.0,0.0,30.0,1,0,1,0,3,,138.0,Cub_1,,138 kV AES Interconexión – Guerra L1,ElmLne,ZIAANE_ZGUERE-L1,1,0,0,0,0,0
,ZAAINE_ZHNSAE-L1-7SA6,\VM-PF.IntUser\PDD 30-09-2025.IntPrj\Network Model.IntPrjfolder\Network Data.IntPrjfolder\CENTRAL 138 kV.ElmNet\ZIAANE.ElmSubstat\3.ElmTerm\Cub_1.StaCubic\ZAAINE_ZHNSAE-L1-7SA6.ElmRelay,Frequency (50Hz),f3,47.5,0.0,3.0,1,0,1,0,3,,138.0,Cub_1,,138 kV AES Interconexión – Guerra L1,ElmLne,ZIAANE_ZGUERE-L1,1,0,0,0,0,0
,ZAAINE_ZHNSAE-L1-7SA6,\VM-PF.IntUser\PDD 30-09-2025.IntPrj\Network Model.IntPrjfolder\Network Data.IntPrjfolder\CENTRAL 138 kV.ElmNet\ZIAANE.ElmSubstat\3.ElmTerm\Cub_1.StaCubic\ZAAINE_ZHNSAE-L1-7SA6.ElmRelay,Frequency (50Hz),f4,51.0,0.0,30.0,1,0,1,0,3,,138.0,Cub_1,,138 kV AES Interconexión – Guerra L1,ElmLne,ZIAANE_ZGUERE-L1,1,0,0,0,0,0
,ZAAINE_ZHNSAE-L1-7SA6,\VM-PF.IntUser\PDD 30-09-2025.IntPrj\Network Model.IntPrjfolder\Network Data.IntPrjfolder\CENTRAL 138 kV.ElmNet\ZIAANE.ElmSubstat\3.ElmTerm\Cub_1.StaCubic\ZAAINE_ZHNSAE-L1-7SA6.ElmRelay,Frequency (60Hz),f1,59.5,0.0,60.0,1,1,1,0,3,,138.0,Cub_1,,138 kV AES Interconexión – Guerra L1,ElmLne,ZIAANE_ZGUERE-L1,1,0,0,0,0,0
,ZAAINE_ZHNSAE-L1-7SA6,\VM-PF.IntUser\PDD 30-09-2025.IntPrj\Network Model.IntPrjfolder\Network Data.IntPrjfolder\CENTRAL 138 kV.ElmNet\ZIAANE.ElmSubstat\3.ElmTerm\Cub_1.StaCubic\ZAAINE_ZHNSAE-L1-7SA6.ElmRelay,Frequency (60Hz),f2,57.0,0.0,30.0,1,1,1,0,3,,138.0,Cub_1,,138 kV AES Interconexión – Guerra L1,ElmLne,ZIAANE_ZGUERE-L1,1,0,0,0,0,0
,ZAAINE_ZHNSAE-L1-7SA6,\VM-PF.IntUser\PDD 30-09-2025.IntPrj\Network Model.IntPrjfolder\Network Data.IntPrjfolder\CENTRAL 138 kV.ElmNet\ZIAANE.ElmSubstat\3.ElmTerm\Cub_1.StaCubic\ZAAINE_ZHNSAE-L1-7SA6.ElmRelay,Frequency (60Hz),f3,59.5,0.0,3.0,1,1,1,0,3,,138.0,Cub_1,,138 kV AES Interconexión – Guerra L1,ElmLne,ZIAANE_ZGUERE-L1,1,0,0,0,0,0
,ZAAINE_ZHNSAE-L1-7SA6,\VM-PF.IntUser\PDD 30-09-2025.IntPrj\Network Model.IntPrjfolder\Network Data.IntPrjfolder\CENTRAL 138 kV.ElmNet\ZIAANE.ElmSubstat\3.ElmTerm\Cub_1.StaCubic\ZAAINE_ZHNSAE-L1-7SA6.ElmRelay,Frequency (60Hz),f4,62.0,0.0,30.0,1,1,1,0,3,,138.0,Cub_1,,138 kV AES Interconexión – Guerra L1,ElmLne,ZIAANE_ZGUERE-L1,1,0,0,0,0,0
,ZAAINE_ZHNSAE-L1-7SD52,\VM-PF.IntUser\PDD 30-09-2025.IntPrj\Network Model.IntPrjfolder\Network Data.IntPrjfolder\CENTRAL 138 kV.ElmNet\ZIAANE.ElmSubstat\3.ElmTerm\Cub_1.StaCubic\ZAAINE_ZHNSAE-L1-7SD52.ElmRelay,Distance/Overcurrent/Voltage,f1,45.5,0.0,0.0,1,1,1,0,3,,138.0,Cub_1,,138 kV AES Interconexión – Guerra L1,ElmLne,ZIAANE_ZGUERE-L1,1,0,0,0,0,0
,ZAAINE_ZHNSAE-L1-7SD52,\VM-PF.IntUser\PDD 30-09-2025.IntPrj\Network Model.IntPrjfolder\Network Data.IntPrjfolder\CENTRAL 138 kV.ElmNet\ZIAANE.ElmSubstat\3.ElmTerm\Cub_1.StaCubic\ZAAINE_ZHNSAE-L1-7SD52.ElmRelay,Distance/Overcurrent/Voltage,f2,45.5,0.0,0.0,1,1,1,0,3,,138.0,Cub_1,,138 kV AES Interconexión – Guerra L1,ElmLne,ZIAANE_ZGUERE-L1,1,0,0,0,0,0
,ZAAINE_ZHNSAE-L1-7SD52,\VM-PF.IntUser\PDD 30-09-2025.IntPrj\Network Model.IntPrjfolder\Network Data.IntPrjfolder\CENTRAL 138 kV.ElmNet\ZIAANE.ElmSubstat\3.ElmTerm\Cub_1.StaCubic\ZAAINE_ZHNSAE-L1-7SD52.ElmRelay,Distance/Overcurrent/Voltage,f3,45.5,0.0,0.0,1,1,1,0,3,,138.0,Cub_1,,138 kV AES Interconexión – Guerra L1,ElmLne,ZIAANE_ZGUERE-L1,1,0,0,0,0,0
,ZAAINE_ZHNSAE-L1-7SD52,\VM-PF.IntUser\PDD 30-09-2025.IntPrj\Network Model.IntPrjfolder\Network Data.IntPrjfolder\CENTRAL 138 kV.ElmNet\ZIAANE.ElmSubstat\3.ElmTerm\Cub_1.StaCubic\ZAAINE_ZHNSAE-L1-7SD52.ElmRelay,Distance/Overcurrent/Voltage,f4,45.5,0.0,0.0,1,1,1,0,3,,138.0,Cub_1,,138 kV AES Interconexión – Guerra L1,ElmLne,ZIAANE_ZGUERE-L1,1,0,0,0,0,0
,ZAAINE_ZHNSAE-L1-7SA6,\VM-PF.IntUser\PDD 30-09-2025.IntPrj\Network Model.IntPrjfolder\Network Data.IntPrjfolder\CENTRAL 138 kV.ElmNet\ZIAANE.ElmSubstat\4.ElmTerm\Cub_1.StaCubic\ZAAINE_ZHNSAE-L1-7SA6.ElmRelay,Frequency (50Hz),f1,49.5,0.0,60.0,1,0,1,0,4,,138.0,Cub_1,,,,,0,0,0,0,0,0
,ZAAINE_ZHNSAE-L1-7SA6,\VM-PF.IntUser\PDD 30-09-2025.IntPrj\Network Model.IntPrjfolder\Network Data.IntPrjfolder\CENTRAL 138 kV.ElmNet\ZIAANE.ElmSubstat\4.ElmTerm\Cub_1.StaCubic\ZAAINE_ZHNSAE-L1-7SA6.ElmRelay,Frequency (50Hz),f2,49.0,0.0,30.0,1,0,1,0,4,,138.0,Cub_1,,,,,0,0,0,0,0,0
,ZAAINE_ZHNSAE-L1-7SA6,\VM-PF.IntUser\PDD 30-09-2025.IntPrj\Network Model.IntPrjfolder\Network Data.IntPrjfolder\CENTRAL 138 kV.ElmNet\ZIAANE.ElmSubstat\4.ElmTerm\Cub_1.StaCubic\ZAAINE_ZHNSAE-L1-7SA6.ElmRelay,Frequency (50Hz),f3,47.5,0.0,3.0,1,0,1,0,4,,138.0,Cub_1,,,,,0,0,0,0,0,0
,ZAAINE_ZHNSAE-L1-7SA6,\VM-PF.IntUser\PDD 30-09-2025.IntPrj\Network Model.IntPrjfolder\Network Data.IntPrjfolder\CENTRAL 138 kV.ElmNet\ZIAANE.ElmSubstat\4.ElmTerm\Cub_1.StaCubic\ZAAINE_ZHNSAE-L1-7SA6.ElmRelay,Frequency (50Hz),f4,51.0,0.0,30.0,1,0,1,0,4,,138.0,Cub_1,,,,,0,0,0,0,0,0
,ZAAINE_ZHNSAE-L1-7SA6,\VM-PF.IntUser\PDD 30-09-2025.IntPrj\Network Model.IntPrjfolder\Network Data.IntPrjfolder\CENTRAL 138 kV.ElmNet\ZIAANE.ElmSubstat\4.ElmTerm\Cub_1.StaCubic\ZAAINE_ZHNSAE-L1-7SA6.ElmRelay,Frequency (60Hz),f1,59.5,0.0,60.0,1,1,1,0,4,,138.0,Cub_1,,,,,0,0,0,0,0,0
,ZAAINE_ZHNSAE-L1-7SA6,\VM-PF.IntUser\PDD 30-09-2025.IntPrj\Network Model.IntPrjfolder\Network Data.IntPrjfolder\CENTRAL 138 kV.ElmNet\ZIAANE.ElmSubstat\4.ElmTerm\Cub_1.StaCubic\ZAAINE_ZHNSAE-L1-7SA6.ElmRelay,Frequency (60Hz),f2,57.0,0.0,30.0,1,1,1,0,4,,138.0,Cub_1,,,,,0,0,0,0,0,0
,ZAAINE_ZHNSAE-L1-7SA6,\VM-PF.IntUser\PDD 30-09-2025.IntPrj\Network Model.IntPrjfolder\Network Data.IntPrjfolder\CENTRAL 138 kV.ElmNet\ZIAANE.ElmSubstat\4.ElmTerm\Cub_1.StaCubic\ZAAINE_ZHNSAE-L1-7SA6.ElmRelay,Frequency (60Hz),f3,59.5,0.0,3.0,1,1,1,0,4,,138.0,Cub_1,,,,,0,0,0,0,0,0
,ZAAINE_ZHNSAE-L1-7SA6,\VM-PF.IntUser\PDD 30-09-2025.IntPrj\Network Model.IntPrjfolder\Network Data.IntPrjfolder\CENTRAL 138 kV.ElmNet\ZIAANE.ElmSubstat\4.ElmTerm\Cub_1.StaCubic\ZAAINE_ZHNSAE-L1-7SA6.ElmRelay,Frequency (60Hz),f4,62.0,0.0,30.0,1,1,1,0,4,,138.0,Cub_1,,,,,0,0,0,0,0,0
,ZAAINE_ZHNSAE-L1-7SD52,\VM-PF.IntUser\PDD 30-09-2025.IntPrj\Network Model.IntPrjfolder\Network Data.IntPrjfolder\CENTRAL 138 kV.ElmNet\ZIAANE.ElmSubstat\4.ElmTerm\Cub_1.StaCubic\ZAAINE_ZHNSAE-L1-7SD52.ElmRelay,Distance/Overcurrent/Voltage,f1,45.5,0.0,0.0,1,1,1,0,4,,138.0,Cub_1,,,,,0,0,0,0,0,0
,ZAAINE_ZHNSAE-L1-7SD52,\VM-PF.IntUser\PDD 30-09-2025.IntPrj\Network Model.IntPrjfolder\Network Data.IntPrjfolder\CENTRAL 138 kV.ElmNet\ZIAANE.ElmSubstat\4.ElmTerm\Cub_1.StaCubic\ZAAINE_ZHNSAE-L1-7SD52.ElmRelay,Distance/Overcurrent/Voltage,f2,45.5,0.0,0.0,1,1,1,0,4,,138.0,Cub_1,,,,,0,0,0,0,0,0
,ZAAINE_ZHNSAE-L1-7SD52,\VM-PF.IntUser\PDD 30-09-2025.IntPrj\Network Model.IntPrjfolder\Network Data.IntPrjfolder\CENTRAL 138 kV.ElmNet\ZIAANE.ElmSubstat\4.ElmTerm\Cub_1.StaCubic\ZAAINE_ZHNSAE-L1-7SD52.ElmRelay,Distance/Overcurrent/Voltage,f3,45.5,0.0,0.0,1,1,1,0,4,,138.0,Cub_1,,,,,0,0,0,0,0,0
,ZAAINE_ZHNSAE-L1-7SD52,\VM-PF.IntUser\PDD 30-09-2025.IntPrj\Network Model.IntPrjfolder\Network Data.IntPrjfolder\CENTRAL 138 kV.ElmNet\ZIAANE.ElmSubstat\4.ElmTerm\Cub_1.StaCubic\ZAAINE_ZHNSAE-L1-7SD52.ElmRelay,Distance/Overcurrent/Voltage,f4,45.5,0.0,0.0,1,1,1,0,4,,138.0,Cub_1,,,,,0,0,0,0,0,0
,ZAAINE_ZCLUIE-L1-7SA6,\VM-PF.IntUser\PDD 30-09-2025.IntPrj\Network Model.IntPrjfolder\Network Data.IntPrjfolder\CENTRAL 138 kV.ElmNet\ZIAANE.ElmSubstat\5.ElmTerm\Cub_1.StaCubic\ZAAINE_ZCLUIE-L1-7SA6.ElmRelay,Frequency (50Hz),f1,49.5,0.0,60.0,1,0,1,0,5,,138.0,Cub_1,,,,,0,0,0,0,0,0
,ZAAINE_ZCLUIE-L1-7SA6,\VM-PF.IntUser\PDD 30-09-2025.IntPrj\Network Model.IntPrjfolder\Network Data.IntPrjfolder\CENTRAL 138 kV.ElmNet\ZIAANE.ElmSubstat\5.ElmTerm\Cub_1.StaCubic\ZAAINE_ZCLUIE-L1-7SA6.ElmRelay,Frequency (50Hz),f2,49.0,0.0,30.0,1,0,1,0,5,,138.0,Cub_1,,,,,0,0,0,0,0,0
,ZAAINE_ZCLUIE-L1-7SA6,\VM-PF.IntUser\PDD 30-09-2025.IntPrj\Network Model.IntPrjfolder\Network Data.IntPrjfolder\CENTRAL 138 kV.ElmNet\ZIAANE.ElmSubstat\5.ElmTerm\Cub_1.StaCubic\ZAAINE_ZCLUIE-L1-7SA6.ElmRelay,Frequency (50Hz),f3,47.5,0.0,3.0,1,0,1,0,5,,138.0,Cub_1,,,,,0,0,0,0,0,0
,ZAAINE_ZCLUIE-L1-7SA6,\VM-PF.IntUser\PDD 30-09-2025.IntPrj\Network Model.IntPrjfolder\Network Data.IntPrjfolder\CENTRAL 138 kV.ElmNet\ZIAANE.ElmSubstat\5.ElmTerm\Cub_1.StaCubic\ZAAINE_ZCLUIE-L1-7SA6.ElmRelay,Frequency (50Hz),f4,51.0,0.0,30.0,1,0,1,0,5,,138.0,Cub_1,,,,,0,0,0,0,0,0
,ZAAINE_ZCLUIE-L1-7SA6,\VM-PF.IntUser\PDD 30-09-2025.IntPrj\Network Model.IntPrjfolder\Network Data.IntPrjfolder\CENTRAL 138 kV.ElmNet\ZIAANE.ElmSubstat\5.ElmTerm\Cub_1.StaCubic\ZAAINE_ZCLUIE-L1-7SA6.ElmRelay,Frequency (60Hz),f1,59.5,0.0,60.0,1,1,1,0,5,,138.0,Cub_1,,,,,0,0,0,0,0,0
,ZAAINE_ZCLUIE-L1-7SA6,\VM-PF.IntUser\PDD 30-09-2025.IntPrj\Network Model.IntPrjfolder\Network Data.IntPrjfolder\CENTRAL 138 kV.ElmNet\ZIAANE.ElmSubstat\5.ElmTerm\Cub_1.StaCubic\ZAAINE_ZCLUIE-L1-7SA6.ElmRelay,Frequency (60Hz),f2,57.0,0.0,30.0,1,1,1,0,5,,138.0,Cub_1,,,,,0,0,0,0,0,0
,ZAAINE_ZCLUIE-L1-7SA6,\VM-PF.IntUser\PDD 30-09-2025.IntPrj\Network Model.IntPrjfolder\Network Data.IntPrjfolder\CENTRAL 138 kV.ElmNet\ZIAANE.ElmSubstat\5.ElmTerm\Cub_1.StaCubic\ZAAINE_ZCLUIE-L1-7SA6.ElmRelay,Frequency (60Hz),f3,59.5,0.0,3.0,1,1,1,0,5,,138.0,Cub_1,,,,,0,0,0,0,0,0
,ZAAINE_ZCLUIE-L1-7SA6,\VM-PF.IntUser\PDD 30-09-2025.IntPrj\Network Model.IntPrjfolder\Network Data.IntPrjfolder\CENTRAL 138 kV.ElmNet\ZIAANE.ElmSubstat\5.ElmTerm\Cub_1.StaCubic\ZAAINE_ZCLUIE-L1-7SA6.ElmRelay,Frequency (60Hz),f4,62.0,0.0,30.0,1,1,1,0,5,,138.0,Cub_1,,,,,0,0,0,0,0,0
,ZAAINE_ZCLUIE-L1-7SD52,\VM-PF.IntUser\PDD 30-09-2025.IntPrj\Network Model.IntPrjfolder\Network Data.IntPrjfolder\CENTRAL 138 kV.ElmNet\ZIAANE.ElmSubstat\5.ElmTerm\Cub_1.StaCubic\ZAAINE_ZCLUIE-L1-7SD52.ElmRelay,Distance/Overcurrent/Voltage,f1,45.5,0.0,0.0,1,1,1,0,5,,138.0,Cub_1,,,,,0,0,0,0,0,0
,ZAAINE_ZCLUIE-L1-7SD52,\VM-PF.IntUser\PDD 30-09-2025.IntPrj\Network Model.IntPrjfolder\Network Data.IntPrjfolder\CENTRAL 138 kV.ElmNet\ZIAANE.ElmSubstat\5.ElmTerm\Cub_1.StaCubic\ZAAINE_ZCLUIE-L1-7SD52.ElmRelay,Distance/Overcurrent/Voltage,f2,45.5,0.0,0.0,1,1,1,0,5,,138.0,Cub_1,,,,,0,0,0,0,0,0
,ZAAINE_ZCLUIE-L1-7SD52,\VM-PF.IntUser\PDD 30-09-2025.IntPrj\Network Model.IntPrjfolder\Network Data.IntPrjfolder\CENTRAL 138 kV.ElmNet\ZIAANE.ElmSubstat\5.ElmTerm\Cub_1.StaCubic\ZAAINE_ZCLUIE-L1-7SD52.ElmRelay,Distance/Overcurrent/Voltage,f3,45.5,0.0,0.0,1,1,1,0,5,,138.0,Cub_1,,,,,0,0,0,0,0,0
,ZAAINE_ZCLUIE-L1-7SD52,\VM-PF.IntUser\PDD 30-09-2025.IntPrj\Network Model.IntPrjfolder\Network Data.IntPrjfolder\CENTRAL 138 kV.ElmNet\ZIAANE.ElmSubstat\5.ElmTerm\Cub_1.StaCubic\ZAAINE_ZCLUIE-L1-7SD52.ElmRelay,Distance/Overcurrent/Voltage,f4,45.5,0.0,0.0,1,1,1,0,5,,138.0,Cub_1,,,,,0,0,0,0,0,0
,LOS PRADOS,\VM-PF.IntUser\PDD 30-09-2025.IntPrj\Network Model.IntPrjfolder\Network Data.IntPrjfolder\CENTRAL 138 kV.ElmNet\ZLPRAE.ElmSubstat\4.ElmTerm\Cub_1.StaCubic\LOS PRADOS.ElmRelay,,EDS 1 F<,59.29999923706055,0.0,0.10000000149011612,1,,0,0,4,,138.0,Cub_1,,Demanda 1 Los Prados,ElmLod,ZLPRAE-D1,0,1,50.53,4.93,0,0
,LOS PRADOS,\VM-PF.IntUser\PDD 30-09-2025.IntPrj\Network Model.IntPrjfolder\Network Data.IntPrjfolder\CENTRAL 138 kV.ElmNet\ZLPRAE.ElmSubstat\4.ElmTerm\Cub_1.StaCubic\LOS PRADOS.ElmRelay,,EDS 2 F<,59.20000076293945,0.0,0.10000000149011612,1,,0,0,4,,138.0,Cub_1,,Demanda 1 Los Prados,ElmLod,ZLPRAE-D1,0,1,50.53,4.93,0,0
,LOS PRADOS,\VM-PF.IntUser\PDD 30-09-2025.IntPrj\Network Model.IntPrjfolder\Network Data.IntPrjfolder\CENTRAL 138 kV.ElmNet\ZLPRAE.ElmSubstat\4.ElmTerm\Cub_1.StaCubic\LOS PRADOS.ElmRelay,,EDS 3 F<,59.099998474121094,0.0,0.10000000149011612,1,,0,0,4,,138.0,Cub_1,,Demanda 1 Los Prados,ElmLod,ZLPRAE-D1,0,1,50.53,4.93,0,0
,LOS PRADOS,\VM-PF.IntUser\PDD 30-09-2025.IntPrj\Network Model.IntPrjfolder\Network Data.IntPrjfolder\CENTRAL 138 kV.ElmNet\ZLPRAE.ElmSubstat\4.ElmTerm\Cub_1.StaCubic\LOS PRADOS.ElmRelay,,EDS 4 F<,59.0,0.0,0.10000000149011612,1,,0,0,4,,138.0,Cub_1,,Demanda 1 Los Prados,ElmLod,ZLPRAE-D1,0,1,50.53,4.93,0,0
,LOS PRADOS,\VM-PF.IntUser\PDD 30-09-2025.IntPrj\Network Model.IntPrjfolder\Network Data.IntPrjfolder\CENTRAL 138 kV.ElmNet\ZLPRAE.ElmSubstat\4.ElmTerm\Cub_1.StaCubic\LOS PRADOS.ElmRelay,,EDS 5 F<,58.900001525878906,0.0,0.10000000149011612,0,,0,1,4,,138.0,Cub_1,,Demanda 1 Los Prados,ElmLod,ZLPRAE-D1,0,1,50.53,4.93,0,0
,LOS PRADOS,\VM-PF.IntUser\PDD 30-09-2025.IntPrj\Network Model.IntPrjfolder\Network Data.IntPrjfolder\CENTRAL 138 kV.ElmNet\ZLPRAE.ElmSubstat\4.ElmTerm\Cub_1.StaCubic\LOS PRADOS.ElmRelay,,EDS 6 F<,58.79999923706055,0.0,0.10000000149011612,0,,0,1,4,,138.0,Cub_1,,Demanda 1 Los Prados,ElmLod,ZLPRAE-D1,0,1,50.53,4.93,0,0
,LOS PRADOS dF/dt,\VM-PF.IntUser\PDD 30-09-2025.IntPrj\Network Model.IntPrjfolder\Network Data.IntPrjfolder\CENTRAL 138 kV.ElmNet\ZLPRAE.ElmSubstat\4.ElmTerm\Cub_1.StaCubic\LOS PRADOS dF/dt.ElmRelay,,EDS 0 F<,58.79999923706055,0.0,0.15000000596046448,0,,0,1,4,,138.0,Cub_1,,Demanda 1 Los Prados,ElmLod,ZLPRAE-D1,0,1,50.53,4.93,0,0
,LOS PRADOS dF/dt,\VM-PF.IntUser\PDD 30-09-2025.IntPrj\Network Model.IntPrjfolder\Network Data.IntPrjfolder\CENTRAL 138 kV.ElmNet\ZLPRAE.ElmSubstat\4.ElmTerm\Cub_1.StaCubic\LOS PRADOS dF/dt.ElmRelay,,EDS 0 Start-dF/dt,59.29999923706055,0.0,0.0,0,,0,1,4,,138.0,Cub_1,,Demanda 1 Los Prados,ElmLod,ZLPRAE-D1,0,1,50.53,4.93,0,0
,LOS PRADOS dF/dt,\VM-PF.IntUser\PDD 30-09-2025.IntPrj\Network Model.IntPrjfolder\Network Data.IntPrjfolder\CENTRAL 138 kV.ElmNet\ZLPRAE.ElmSubstat\4.ElmTerm\Cub_1.StaCubic\LOS PRADOS dF/dt.ElmRelay,,EDS 0 dF/dt,59.099998474121094,-2.0,0.0,0,,0,1,4,,138.0,Cub_1,,Demanda 1 Los Prados,ElmLod,ZLPRAE-D1,0,1,50.53,4.93,0,0
,LOS PRADOS dF/dt,\VM-PF.IntUser\PDD 30-09-2025.IntPrj\Network Model.IntPrjfolder\Network Data.IntPrjfolder\CENTRAL 138 kV.ElmNet\ZLPRAE.ElmSubstat\4.ElmTerm\Cub_1.StaCubic\LOS PRADOS dF/dt.ElmRelay,,EDS 1 F<,58.70000076293945,0.0,0.15000000596046448,0,,0,1,4,,138.0,Cub_1,,Demanda 1 Los Prados,ElmLod,ZLPRAE-D1,0,1,50.53,4.93,0,0
,LOS PRADOS dF/dt,\VM-PF.IntUser\PDD 30-09-2025.IntPrj\Network Model.IntPrjfolder\Network Data.IntPrjfolder\CENTRAL 138 kV.ElmNet\ZLPRAE.ElmSubstat\4.ElmTerm\Cub_1.StaCubic\LOS PRADOS dF/dt.ElmRelay,,EDS 1 Start-dF/dt,59.29999923706055,0.0,0.0,0,,0,1,4,,138.0,Cub_1,,Demanda 1 Los Prados,ElmLod,ZLPRAE-D1,0,1,50.53,4.93,0,0
,LOS PRADOS dF/dt,\VM-PF.IntUser\PDD 30-09-2025.IntPrj\Network Model.IntPrjfolder\Network Data.IntPrjfolder\CENTRAL 138 kV.ElmNet\ZLPRAE.ElmSubstat\4.ElmTerm\Cub_1.StaCubic\LOS PRADOS dF/dt.ElmRelay,,EDS 1 dF/dt,58.79999923706055,-2.0,0.0,0,,0,1,4,,138.0,Cub_1,,Demanda 1 Los Prados,ElmLod,ZLPRAE-D1,0,1,50.53,4.93,0,0
,LOS PRADOS dF/dt,\VM-PF.IntUser\PDD 30-09-2025.IntPrj\Network Model.IntPrjfolder\Network Data.IntPrjfolder\CENTRAL 138 kV.ElmNet\ZLPRAE.ElmSubstat\4.ElmTerm\Cub_1.StaCubic\LOS PRADOS dF/dt.ElmRelay,,EDS 2 F<,59.20000076293945,0.0,0.0,1,,0,0,4,,138.0,Cub_1,,Demanda 1 Los Prados,ElmLod,ZLPRAE-D1,0,1,50.53,4.93,0,0
,LOS PRADOS dF/dt,\VM-PF.IntUser\PDD 30-09-2025.IntPrj\Network Model.IntPrjfolder\Network Data.IntPrjfolder\CENTRAL 138 kV.ElmNet\ZLPRAE.ElmSubstat\4.ElmTerm\Cub_1.StaCubic\LOS PRADOS dF/dt.ElmRelay,,EDS 2 Start-dF/dt,59.20000076293945,0.0,0.0,1,,0,0,4,,138.0,Cub_1,,Demanda 1 Los Prados,ElmLod,ZLPRAE-D1,0,1,50.53,4.93,0,0
,LOS PRADOS dF/dt,\VM-PF.IntUser\PDD 30-09-2025.IntPrj\Network Model.IntPrjfolder\Network Data.IntPrjfolder\CENTRAL 138 kV.ElmNet\ZLPRAE.ElmSubstat\4.ElmTerm\Cub_1.StaCubic\LOS PRADOS dF/dt.ElmRelay,,EDS 2 dF/dt,0.0,-2.0,0.0,1,,0,0,4,,138.0,Cub_1,,Demanda 1 Los Prados,ElmLod,ZLPRAE-D1,0,1,50.53,4.93,0,0
,LOS PRADOS dF/dt,\VM-PF.IntUser\PDD 30-09-2025.IntPrj\Network Model.IntPrjfolder\Network Data.IntPrjfolder\CENTRAL 138 kV.ElmNet\ZLPRAE.ElmSubstat\4.ElmTerm\Cub_1.StaCubic\LOS PRADOS dF/dt.ElmRelay,,EDS 3 F<,58.70000076293945,0.0,0.0,1,,0,0,4,,138.0,Cub_1,,Demanda 1 Los Prados,ElmLod,ZLPRAE-D1,0,1,50.53,4.93,0,0
,LOS PRADOS dF/dt,\VM-PF.IntUser\PDD 30-09-2025.IntPrj\Network Model.IntPrjfolder\Network Data.IntPrjfolder\CENTRAL 138 kV.ElmNet\ZLPRAE.ElmSubstat\4.ElmTerm\Cub_1.StaCubic\LOS PRADOS dF/dt.ElmRelay,,EDS 3 Start-dF/dt,59.099998474121094,0.0,0.0,1,,0,0,4,,138.0,Cub_1,,Demanda 1 Los Prados,ElmLod,ZLPRAE-D1,0,1,50.53,4.93,0,0
,LOS PRADOS dF/dt,\VM-PF.IntUser\PDD 30-09-2025.IntPrj\Network Model.IntPrjfolder\Network Data.IntPrjfolder\CENTRAL 138 kV.ElmNet\ZLPRAE.ElmSubstat\4.ElmTerm\Cub_1.StaCubic\LOS PRADOS dF/dt.ElmRelay,,EDS 3 dF/dt,0.0,-2.0,0.0,1,,0,0,4,,138.0,Cub_1,,Demanda 1 Los Prados,ElmLod,ZLPRAE-D1,0,1,50.53,4.93,0,0
,LOS PRADOS dF/dt,\VM-PF.IntUser\PDD 30-09-2025.IntPrj\Network Model.IntPrjfolder\Network Data.IntPrjfolder\CENTRAL 138 kV.ElmNet\ZLPRAE.ElmSubstat\4.ElmTerm\Cub_1.StaCubic\LOS PRADOS dF/dt.ElmRelay,,EDS 4 F<,59.0,0.0,0.0,1,,0,0,4,,138.0,Cub_1,,Demanda 1 Los Prados,ElmLod,ZLPRAE-D1,0,1,50.53,4.93,0,0
,LOS PRADOS dF/dt,\VM-PF.IntUser\PDD 30-09-2025.IntPrj\Network Model.IntPrjfolder\Network Data.IntPrjfolder\CENTRAL 138 kV.ElmNet\ZLPRAE.ElmSubstat\4.ElmTerm\Cub_1.StaCubic\LOS PRADOS dF/dt.ElmRelay,,EDS 4 Start-dF/dt,59.0,0.0,0.0,1,,0,0,4,,138.0,Cub_1,,Demanda 1 Los Prados,ElmLod,ZLPRAE-D1,0,1,50.53,4.93,0,0
,LOS PRADOS dF/dt,\VM-PF.IntUser\PDD 30-09-2025.IntPrj\Network Model.IntPrjfolder\Network Data.IntPrjfolder\CENTRAL 138 kV.ElmNet\ZLPRAE.ElmSubstat\4.ElmTerm\Cub_1.StaCubic\LOS PRADOS dF/dt.ElmRelay,,EDS 4 dF/dt,0.0,-2.0,0.0,1,,0,0,4,,138.0,Cub_1,,Demanda 1 Los Prados,ElmLod,ZLPRAE-D1,0,1,50.53,4.93,0,0
,LOS PRADOS dF/dt,\VM-PF.IntUser\PDD 30-09-2025.IntPrj\Network Model.IntPrjfolder\Network Data.IntPrjfolder\CENTRAL 138 kV.ElmNet\ZLPRAE.ElmSubstat\4.ElmTerm\Cub_1.StaCubic\LOS PRADOS dF/dt.ElmRelay,,EDS 5 F<,58.900001525878906,0.0,0.0,1,,0,0,4,,138.0,Cub_1,,Demanda 1 Los Prados,ElmLod,ZLPRAE-D1,0,1,50.53,4.93,0,0
,LOS PRADOS dF/dt,\VM-PF.IntUser\PDD 30-09-2025.IntPrj\Network Model.IntPrjfolder\Network Data.IntPrjfolder\CENTRAL 138 kV.ElmNet\ZLPRAE.ElmSubstat\4.ElmTerm\Cub_1.StaCubic\LOS PRADOS dF/dt.ElmRelay,,EDS 5 Start-dF/dt,58.900001525878906,0.0,0.0,1,,0,0,4,,138.0,Cub_1,,Demanda 1 Los Prados,ElmLod,ZLPRAE-D1,0,1,50.53,4.93,0,0
,LOS PRADOS dF/dt,\VM-PF.IntUser\PDD 30-09-2025.IntPrj\Network Model.IntPrjfolder\Network Data.IntPrjfolder\CENTRAL 138 kV.ElmNet\ZLPRAE.ElmSubstat\4.ElmTerm\Cub_1.StaCubic\LOS PRADOS dF/dt.ElmRelay,,EDS 5 dF/dt,0.0,-2.0,0.0,1,,0,0,4,,138.0,Cub_1,,Demanda 1 Los Prados,ElmLod,ZLPRAE-D1,0,1,50.53,4.93,0,0
,LOS PRADOS dF/dt,\VM-PF.IntUser\PDD 30-09-2025.IntPrj\Network Model.IntPrjfolder\Network Data.IntPrjfolder\CENTRAL 138 kV.ElmNet\ZLPRAE.ElmSubstat\4.ElmTerm\Cub_1.StaCubic\LOS PRADOS dF/dt.ElmRelay,,EDS 6 F<,58.79999923706055,0.0,0.0,1,,0,0,4,,138.0,Cub_1,,Demanda 1 Los Prados,ElmLod,ZLPRAE-D1,0,1,50.53,4.93,0,0
,LOS PRADOS dF/dt,\VM-PF.IntUser\PDD 30-09-2025.IntPrj\Network Model.IntPrjfolder\Network Data.IntPrjfolder\CENTRAL 138 kV.ElmNet\ZLPRAE.ElmSubstat\4.ElmTerm\Cub_1.StaCubic\LOS PRADOS dF/dt.ElmRelay,,EDS 6 Start-dF/dt,58.79999923706055,0.0,0.0,1,,0,0,4,,138.0,Cub_1,,Demanda 1 Los Prados,ElmLod,ZLPRAE-D1,0,1,50.53,4.93,0,0
,LOS PRADOS dF/dt,\VM-PF.IntUser\PDD 30-09-2025.IntPrj\Network Model.IntPrjfolder\Network Data.IntPrjfolder\CENTRAL 138 kV.ElmNet\ZLPRAE.ElmSubstat\4.ElmTerm\Cub_1.StaCubic\LOS PRADOS dF/dt.ElmRelay,,EDS 6 dF/dt,0.0,-2.0,0.0,1,,0,0,4,,138.0,Cub_1,,Demanda 1 Los Prados,ElmLod,ZLPRAE-D1,0,1,50.53,4.93,0,0
,ZLPRAE_ZEMBAE-L1-7SA6,\VM-PF.IntUser\PDD 30-09-2025.IntPrj\Network Model.IntPrjfolder\Network Data.IntPrjfolder\CENTRAL 138 kV.ElmNet\ZLPRAE.ElmSubstat\1.ElmTerm\Cub_1.StaCubic\ZLPRAE_ZEMBAE-L1-7SA6.ElmRelay,Frequency (50Hz),f1,49.5,0.0,60.0,1,0,1,0,1,,138.0,Cub_1,,138 kV Embajador – Los Prados,ElmLne,ZEMBAE_ZLPRAE-L1,1,0,0,0,0,0
,ZLPRAE_ZEMBAE-L1-7SA6,\VM-PF.IntUser\PDD 30-09-2025.IntPrj\Network Model.IntPrjfolder\Network Data.IntPrjfolder\CENTRAL 138 kV.ElmNet\ZLPRAE.ElmSubstat\1.ElmTerm\Cub_1.StaCubic\ZLPRAE_ZEMBAE-L1-7SA6.ElmRelay,Frequency (50Hz),f2,49.0,0.0,30.0,1,0,1,0,1,,138.0,Cub_1,,138 kV Embajador – Los Prados,ElmLne,ZEMBAE_ZLPRAE-L1,1,0,0,0,0,0
,ZLPRAE_ZEMBAE-L1-7SA6,\VM-PF.IntUser\PDD 30-09-2025.IntPrj\Network Model.IntPrjfolder\Network Data.IntPrjfolder\CENTRAL 138 kV.ElmNet\ZLPRAE.ElmSubstat\1.ElmTerm\Cub_1.StaCubic\ZLPRAE_ZEMBAE-L1-7SA6.ElmRelay,Frequency (50Hz),f3,47.5,0.0,3.0,1,0,1,0,1,,138.0,Cub_1,,138 kV Embajador – Los Prados,ElmLne,ZEMBAE_ZLPRAE-L1,1,0,0,0,0,0
,ZLPRAE_ZEMBAE-L1-7SA6,\VM-PF.IntUser\PDD 30-09-2025.IntPrj\Network Model.IntPrjfolder\Network Data.IntPrjfolder\CENTRAL 138 kV.ElmNet\ZLPRAE.ElmSubstat\1.ElmTerm\Cub_1.StaCubic\ZLPRAE_ZEMBAE-L1-7SA6.ElmRelay,Frequency (50Hz),f4,51.0,0.0,30.0,1,0,1,0,1,,138.0,Cub_1,,138 kV Embajador – Los Prados,ElmLne,ZEMBAE_ZLPRAE-L1,1,0,0,0,0,0
,ZLPRAE_ZEMBAE-L1-7SA6,\VM-PF.IntUser\PDD 30-09-2025.IntPrj\Network Model.IntPrjfolder\Network Data.IntPrjfolder\CENTRAL 138 kV.ElmNet\ZLPRAE.ElmSubstat\1.ElmTerm\Cub_1.StaCubic\ZLPRAE_ZEMBAE-L1-7SA6.ElmRelay,Frequency (60Hz),f1,59.5,0.0,60.0,1,1,1,0,1,,138.0,Cub_1,,138 kV Embajador – Los Prados,ElmLne,ZEMBAE_ZLPRAE-L1,1,0,0,0,0,0
,ZLPRAE_ZEMBAE-L1-7SA6,\VM-PF.IntUser\PDD 30-09-2025.IntPrj\Network Model.IntPrjfolder\Network Data.IntPrjfolder\CENTRAL 138 kV.ElmNet\ZLPRAE.ElmSubstat\1.ElmTerm\Cub_1.StaCubic\ZLPRAE_ZEMBAE-L1-7SA6.ElmRelay,Frequency (60Hz),f2,57.0,0.0,30.0,1,1,1,0,1,,138.0,Cub_1,,138 kV Embajador – Los Prados,ElmLne,ZEMBAE_ZLPRAE-L1,1,0,0,0,0,0
,ZLPRAE_ZEMBAE-L1-7SA6,\VM-PF.IntUser\PDD 30-09-2025.IntPrj\Network Model.IntPrjfolder\Network Data.IntPrjfolder\CENTRAL 138 kV.ElmNet\ZLPRAE.ElmSubstat\1.ElmTerm\Cub_1.StaCubic\ZLPRAE_ZEMBAE-L1-7SA6.ElmRelay,Frequency (60Hz),f3,59.5,0.0,3.0,1,1,1,0,1,,138.0,Cub_1,,138 kV Embajador – Los Prados,ElmLne,ZEMBAE_ZLPRAE-L1,1,0,0,0,0,0
,ZLPRAE_ZEMBAE-L1-7SA6,\VM-PF.IntUser\PDD 30-09-2025.IntPrj\Network Model.IntPrjfolder\Network Data.IntPrjfolder\CENTRAL 138 kV.ElmNet\ZLPRAE.ElmSubstat\1.ElmTerm\Cub_1.StaCubic\ZLPRAE_ZEMBAE-L1-7SA6.ElmRelay,Frequency (60Hz),f4,62.0,0.0,30.0,1,1,1,0,1,,138.0,Cub_1,,138 kV Embajador – Los Prados,ElmLne,ZEMBAE_ZLPRAE-L1,1,0,0,0,0,0
,ZLPRAE_ZHERRE-L1-7SA6,\VM-PF.IntUser\PDD 30-09-2025.IntPrj\Network Model.IntPrjfolder\Network Data.IntPrjfolder\CENTRAL 138 kV.ElmNet\ZLPRAE.ElmSubstat\3.ElmTerm\Cub_1.StaCubic\ZLPRAE_ZHERRE-L1-7SA6.ElmRelay,Frequency (50Hz),f1,49.5,0.0,60.0,1,0,1,0,3,,138.0,Cub_1,,138 kV Herrera – Los Prados_b,ElmLne,ZLPRAE_ZXHE3E-L1,1,0,0,0,0,0
,ZLPRAE_ZHERRE-L1-7SA6,\VM-PF.IntUser\PDD 30-09-2025.IntPrj\Network Model.IntPrjfolder\Network Data.IntPrjfolder\CENTRAL 138 kV.ElmNet\ZLPRAE.ElmSubstat\3.ElmTerm\Cub_1.StaCubic\ZLPRAE_ZHERRE-L1-7SA6.ElmRelay,Frequency (50Hz),f2,49.0,0.0,30.0,1,0,1,0,3,,138.0,Cub_1,,138 kV Herrera – Los Prados_b,ElmLne,ZLPRAE_ZXHE3E-L1,1,0,0,0,0,0
,ZLPRAE_ZHERRE-L1-7SA6,\VM-PF.IntUser\PDD 30-09-2025.IntPrj\Network Model.IntPrjfolder\Network Data.IntPrjfolder\CENTRAL 138 kV.ElmNet\ZLPRAE.ElmSubstat\3.ElmTerm\Cub_1.StaCubic\ZLPRAE_ZHERRE-L1-7SA6.ElmRelay,Frequency (50Hz),f3,47.5,0.0,3.0,1,0,1,0,3,,138.0,Cub_1,,138 kV Herrera – Los Prados_b,ElmLne,ZLPRAE_ZXHE3E-L1,1,0,0,0,0,0
,ZLPRAE_ZHERRE-L1-7SA6,\VM-PF.IntUser\PDD 30-09-2025.IntPrj\Network Model.IntPrjfolder\Network Data.IntPrjfolder\CENTRAL 138 kV.ElmNet\ZLPRAE.ElmSubstat\3.ElmTerm\Cub_1.StaCubic\ZLPRAE_ZHERRE-L1-7SA6.ElmRelay,Frequency (50Hz),f4,51.0,0.0,30.0,1,0,1,0,3,,138.0,Cub_1,,138 kV Herrera – Los Prados_b,ElmLne,ZLPRAE_ZXHE3E-L1,1,0,0,0,0,0
,ZLPRAE_ZHERRE-L1-7SA6,\VM-PF.IntUser\PDD 30-09-2025.IntPrj\Network Model.IntPrjfolder\Network Data.IntPrjfolder\CENTRAL 138 kV.ElmNet\ZLPRAE.ElmSubstat\3.ElmTerm\Cub_1.StaCubic\ZLPRAE_ZHERRE-L1-7SA6.ElmRelay,Frequency (60Hz),f1,59.5,0.0,60.0,1,1,1,0,3,,138.0,Cub_1,,138 kV Herrera – Los Prados_b,ElmLne,ZLPRAE_ZXHE3E-L1,1,0,0,0,0,0
,ZLPRAE_ZHERRE-L1-7SA6,\VM-PF.IntUser\PDD 30-09-2025.IntPrj\Network Model.IntPrjfolder\Network Data.IntPrjfolder\CENTRAL 138 kV.ElmNet\ZLPRAE.ElmSubstat\3.ElmTerm\Cub_1.StaCubic\ZLPRAE_ZHERRE-L1-7SA6.ElmRelay,Frequency (60Hz),f2,57.0,0.0,30.0,1,1,1,0,3,,138.0,Cub_1,,138 kV Herrera – Los Prados_b,ElmLne,ZLPRAE_ZXHE3E-L1,1,0,0,0,0,0
,ZLPRAE_ZHERRE-L1-7SA6,\VM-PF.IntUser\PDD 30-09-2025.IntPrj\Network Model.IntPrjfolder\Network Data.IntPrjfolder\CENTRAL 138 kV.ElmNet\ZLPRAE.ElmSubstat\3.ElmTerm\Cub_1.StaCubic\ZLPRAE_ZHERRE-L1-7SA6.ElmRelay,Frequency (60Hz),f3,59.5,0.0,3.0,1,1,1,0,3,,138.0,Cub_1,,138 kV Herrera – Los Prados_b,ElmLne,ZLPRAE_ZXHE3E-L1,1,0,0,0,0,0
,ZLPRAE_ZHERRE-L1-7SA6,\VM-PF.IntUser\PDD 30-09-2025.IntPrj\Network Model.IntPrjfolder\Network Data.IntPrjfolder\CENTRAL 138 kV.ElmNet\ZLPRAE.ElmSubstat\3.ElmTerm\Cub_1.StaCubic\ZLPRAE_ZHERRE-L1-7SA6.ElmRelay,Frequency (60Hz),f4,62.0,0.0,30.0,1,1,1,0,3,,138.0,Cub_1,,138 kV Herrera – Los Prados_b,ElmLne,ZLPRAE_ZXHE3E-L1,1,0,0,0,0,0
,ZLPRAE_WITA2E-L1-7SA6,\VM-PF.IntUser\PDD 30-09-2025.IntPrj\Network Model.IntPrjfolder\Network Data.IntPrjfolder\CENTRAL 138 kV.ElmNet\ZLPRAE.ElmSubstat\2.ElmTerm\Cub_1.StaCubic\ZLPRAE_WITA2E-L1-7SA6.ElmRelay,Frequency (50Hz),f1,49.5,0.0,60.0,1,0,1,0,2,,138.0,Cub_1,,138 kV Itabo – Los Prados_b,ElmLne,ZLPRAE_ZXHER1-L1,1,0,0,0,0,0
,ZLPRAE_WITA2E-L1-7SA6,\VM-PF.IntUser\PDD 30-09-2025.IntPrj\Network Model.IntPrjfolder\Network Data.IntPrjfolder\CENTRAL 138 kV.ElmNet\ZLPRAE.ElmSubstat\2.ElmTerm\Cub_1.StaCubic\ZLPRAE_WITA2E-L1-7SA6.ElmRelay,Frequency (50Hz),f2,49.0,0.0,30.0,1,0,1,0,2,,138.0,Cub_1,,138 kV Itabo – Los Prados_b,ElmLne,ZLPRAE_ZXHER1-L1,1,0,0,0,0,0
,ZLPRAE_WITA2E-L1-7SA6,\VM-PF.IntUser\PDD 30-09-2025.IntPrj\Network Model.IntPrjfolder\Network Data.IntPrjfolder\CENTRAL 138 kV.ElmNet\ZLPRAE.ElmSubstat\2.ElmTerm\Cub_1.StaCubic\ZLPRAE_WITA2E-L1-7SA6.ElmRelay,Frequency (50Hz),f3,47.5,0.0,3.0,1,0,1,0,2,,138.0,Cub_1,,138 kV Itabo – Los Prados_b,ElmLne,ZLPRAE_ZXHER1-L1,1,0,0,0,0,0
,ZLPRAE_WITA2E-L1-7SA6,\VM-PF.IntUser\PDD 30-09-2025.IntPrj\Network Model.IntPrjfolder\Network Data.IntPrjfolder\CENTRAL 138 kV.ElmNet\ZLPRAE.ElmSubstat\2.ElmTerm\Cub_1.StaCubic\ZLPRAE_WITA2E-L1-7SA6.ElmRelay,Frequency (50Hz),f4,51.0,0.0,30.0,1,0,1,0,2,,138.0,Cub_1,,138 kV Itabo – Los Prados_b,ElmLne,ZLPRAE_ZXHER1-L1,1,0,0,0,0,0
,ZLPRAE_WITA2E-L1-7SA6,\VM-PF.IntUser\PDD 30-09-2025.IntPrj\Network Model.IntPrjfolder\Network Data.IntPrjfolder\CENTRAL 138 kV.ElmNet\ZLPRAE.ElmSubstat\2.ElmTerm\Cub_1.StaCubic\ZLPRAE_WITA2E-L1-7SA6.ElmRelay,Frequency (60Hz),f1,59.5,0.0,60.0,1,1,1,0,2,,138.0,Cub_1,,138 kV Itabo – Los Prados_b,ElmLne,ZLPRAE_ZXHER1-L1,1,0,0,0,0,0
,ZLPRAE_WITA2E-L1-7SA6,\VM-PF.IntUser\PDD 30-09-2025.IntPrj\Network Model.IntPrjfolder\Network Data.IntPrjfolder\CENTRAL 138 kV.ElmNet\ZLPRAE.ElmSubstat\2.ElmTerm\Cub_1.StaCubic\ZLPRAE_WITA2E-L1-7SA6.ElmRelay,Frequency (60Hz),f2,57.0,0.0,30.0,1,1,1,0,2,,138.0,Cub_1,,138 kV Itabo – Los Prados_b,ElmLne,ZLPRAE_ZXHER1-L1,1,0,0,0,0,0
,ZLPRAE_WITA2E-L1-7SA6,\VM-PF.IntUser\PDD 30-09-2025.IntPrj\Network Model.IntPrjfolder\Network Data.IntPrjfolder\CENTRAL 138 kV.ElmNet\ZLPRAE.ElmSubstat\2.ElmTerm\Cub_1.StaCubic\ZLPRAE_WITA2E-L1-7SA6.ElmRelay,Frequency (60Hz),f3,59.5,0.0,3.0,1,1,1,0,2,,138.0,Cub_1,,138 kV Itabo – Los Prados_b,ElmLne,ZLPRAE_ZXHER1-L1,1,0,0,0,0,0
,ZLPRAE_WITA2E-L1-7SA6,\VM-PF.IntUser\PDD 30-09-2025.IntPrj\Network Model.IntPrjfolder\Network Data.IntPrjfolder\CENTRAL 138 kV.ElmNet\ZLPRAE.ElmSubstat\2.ElmTerm\Cub_1.StaCubic\ZLPRAE_WITA2E-L1-7SA6.ElmRelay,Frequency (60Hz),f4,62.0,0.0,30.0,1,1,1,0,2,,138.0,Cub_1,,138 kV Itabo – Los Prados_b,ElmLne,ZLPRAE_ZXHER1-L1,1,0,0,0,0,0
,UASD 138,\VM-PF.IntUser\PDD 30-09-2025.IntPrj\Network Model.IntPrjfolder\Network Data.IntPrjfolder\CENTRAL 138 kV.ElmNet\ZUASDE.ElmSubstat\L3.ElmTerm\Cub_1.StaCubic\UASD 138.ElmRelay,,EDS 1 F<,59.29999923706055,0.0,0.10000000149011612,0,,0,1,L3,,138.0,Cub_1,,Demanda 1 UASD,ElmLod,ZUASDE-D1,0,1,21.38,7.08,0,0
,UASD 138,\VM-PF.IntUser\PDD 30-09-2025.IntPrj\Network Model.IntPrjfolder\Network Data.IntPrjfolder\CENTRAL 138 kV.ElmNet\ZUASDE.ElmSubstat\L3.ElmTerm\Cub_1.StaCubic\UASD 138.ElmRelay,,EDS 2 F<,59.20000076293945,0.0,0.10000000149011612,1,,0,0,L3,,138.0,Cub_1,,Demanda 1 UASD,ElmLod,ZUASDE-D1,0,1,21.38,7.08,0,0
,UASD 138,\VM-PF.IntUser\PDD 30-09-2025.IntPrj\Network Model.IntPrjfolder\Network Data.IntPrjfolder\CENTRAL 138 kV.ElmNet\ZUASDE.ElmSubstat\L3.ElmTerm\Cub_1.StaCubic\UASD 138.ElmRelay,,EDS 3 F<,59.099998474121094,0.0,0.10000000149011612,1,,0,0,L3,,138.0,Cub_1,,Demanda 1 UASD,ElmLod,ZUASDE-D1,0,1,21.38,7.08,0,0
,UASD 138,\VM-PF.IntUser\PDD 30-09-2025.IntPrj\Network Model.IntPrjfolder\Network Data.IntPrjfolder\CENTRAL 138 kV.ElmNet\ZUASDE.ElmSubstat\L3.ElmTerm\Cub_1.StaCubic\UASD 138.ElmRelay,,EDS 4 F<,59.0,0.0,0.10000000149011612,1,,0,0,L3,,138.0,Cub_1,,Demanda 1 UASD,ElmLod,ZUASDE-D1,0,1,21.38,7.08,0,0
,UASD 138,\VM-PF.IntUser\PDD 30-09-2025.IntPrj\Network Model.IntPrjfolder\Network Data.IntPrjfolder\CENTRAL 138 kV.ElmNet\ZUASDE.ElmSubstat\L3.ElmTerm\Cub_1.StaCubic\UASD 138.ElmRelay,,EDS 5 F<,58.900001525878906,0.0,0.10000000149011612,0,,0,1,L3,,138.0,Cub_1,,Demanda 1 UASD,ElmLod,ZUASDE-D1,0,1,21.38,7.08,0,0
,UASD 138,\VM-PF.IntUser\PDD 30-09-2025.IntPrj\Network Model.IntPrjfolder\Network Data.IntPrjfolder\CENTRAL 138 kV.ElmNet\ZUASDE.ElmSubstat\L3.ElmTerm\Cub_1.StaCubic\UASD 138.ElmRelay,,EDS 6 F<,58.79999923706055,0.0,0.10000000149011612,0,,0,1,L3,,138.0,Cub_1,,Demanda 1 UASD,ElmLod,ZUASDE-D1,0,1,21.38,7.08,0,0
,ZUASDE_ZITAGE-L1-SEL 411L,\VM-PF.IntUser\PDD 30-09-2025.IntPrj\Network Model.IntPrjfolder\Network Data.IntPrjfolder\CENTRAL 138 kV.ElmNet\ZUASDE.ElmSubstat\L2.ElmTerm\Cub_1.StaCubic\ZUASDE_ZITAGE-L1-SEL 411L.ElmRelay,Frequency,81D1,40.0099983215332,0.0,0.03999999910593033,1,0,1,0,L2,,138.0,Cub_1,,138 kV Itabo TG – UASD,ElmLne,ZITAGE_ZUASDE-L1,1,0,0,0,0,0
,ZUASDE_ZITAGE-L1-SEL 411L,\VM-PF.IntUser\PDD 30-09-2025.IntPrj\Network Model.IntPrjfolder\Network Data.IntPrjfolder\CENTRAL 138 kV.ElmNet\ZUASDE.ElmSubstat\L2.ElmTerm\Cub_1.StaCubic\ZUASDE_ZITAGE-L1-SEL 411L.ElmRelay,Frequency,81D2,40.0099983215332,0.0,0.03999999910593033,1,0,1,0,L2,,138.0,Cub_1,,138 kV Itabo TG – UASD,ElmLne,ZITAGE_ZUASDE-L1,1,0,0,0,0,0
,ZUASDE_ZITAGE-L1-SEL 411L,\VM-PF.IntUser\PDD 30-09-2025.IntPrj\Network Model.IntPrjfolder\Network Data.IntPrjfolder\CENTRAL 138 kV.ElmNet\ZUASDE.ElmSubstat\L2.ElmTerm\Cub_1.StaCubic\ZUASDE_ZITAGE-L1-SEL 411L.ElmRelay,Frequency,81D3,40.0099983215332,0.0,0.03999999910593033,1,0,1,0,L2,,138.0,Cub_1,,138 kV Itabo TG – UASD,ElmLne,ZITAGE_ZUASDE-L1,1,0,0,0,0,0
,ZUASDE_ZITAGE-L1-SEL 411L,\VM-PF.IntUser\PDD 30-09-2025.IntPrj\Network Model.IntPrjfolder\Network Data.IntPrjfolder\CENTRAL 138 kV.ElmNet\ZUASDE.ElmSubstat\L2.ElmTerm\Cub_1.StaCubic\ZUASDE_ZITAGE-L1-SEL 411L.ElmRelay,Frequency,81D4,40.0099983215332,0.0,0.03999999910593033,1,0,1,0,L2,,138.0,Cub_1,,138 kV Itabo TG – UASD,ElmLne,ZITAGE_ZUASDE-L1,1,0,0,0,0,0
,ZUASDE_ZITAGE-L1-SEL 411L,\VM-PF.IntUser\PDD 30-09-2025.IntPrj\Network Model.IntPrjfolder\Network Data.IntPrjfolder\CENTRAL 138 kV.ElmNet\ZUASDE.ElmSubstat\L2.ElmTerm\Cub_1.StaCubic\ZUASDE_ZITAGE-L1-SEL 411L.ElmRelay,Frequency,81D5,40.0099983215332,0.0,0.03999999910593033,1,0,1,0,L2,,138.0,Cub_1,,138 kV Itabo TG – UASD,ElmLne,ZITAGE_ZUASDE-L1,1,0,0,0,0,0
,ZUASDE_ZITAGE-L1-SEL 411L,\VM-PF.IntUser\PDD 30-09-2025.IntPrj\Network Model.IntPrjfolder\Network Data.IntPrjfolder\CENTRAL 138 kV.ElmNet\ZUASDE.ElmSubstat\L2.ElmTerm\Cub_1.StaCubic\ZUASDE_ZITAGE-L1-SEL 411L.ElmRelay,Frequency,81D6,40.0099983215332,0.0,0.03999999910593033,1,0,1,0,L2,,138.0,Cub_1,,138 kV Itabo TG – UASD,ElmLne,ZITAGE_ZUASDE-L1,1,0,0,0,0,0
,ZEBRIE_ZHNSAE-L1-7SA6,\VM-PF.IntUser\PDD 30-09-2025.IntPrj\Network Model.IntPrjfolder\Network Data.IntPrjfolder\CENTRAL 138 kV.ElmNet\ZEBRIE.ElmSubstat\2.ElmTerm\Cub_1.StaCubic\ZEBRIE_ZHNSAE-L1-7SA6.ElmRelay,Frequency (50Hz),f1,49.5,0.0,60.0,1,0,1,0,2,,138.0,Cub_1,,138 kV El Brisal – Hainamosa_b,ElmLne,ZEBRIE_ZXEBR1-L1,1,0,0,0,0,0
,ZEBRIE_ZHNSAE-L1-7SA6,\VM-PF.IntUser\PDD 30-09-2025.IntPrj\Network Model.IntPrjfolder\Network Data.IntPrjfolder\CENTRAL 138 kV.ElmNet\ZEBRIE.ElmSubstat\2.ElmTerm\Cub_1.StaCubic\ZEBRIE_ZHNSAE-L1-7SA6.ElmRelay,Frequency (50Hz),f2,49.0,0.0,30.0,1,0,1,0,2,,138.0,Cub_1,,138 kV El Brisal – Hainamosa_b,ElmLne,ZEBRIE_ZXEBR1-L1,1,0,0,0,0,0
,ZEBRIE_ZHNSAE-L1-7SA6,\VM-PF.IntUser\PDD 30-09-2025.IntPrj\Network Model.IntPrjfolder\Network Data.IntPrjfolder\CENTRAL 138 kV.ElmNet\ZEBRIE.ElmSubstat\2.ElmTerm\Cub_1.StaCubic\ZEBRIE_ZHNSAE-L1-7SA6.ElmRelay,Frequency (50Hz),f3,47.5,0.0,3.0,1,0,1,0,2,,138.0,Cub_1,,138 kV El Brisal – Hainamosa_b,ElmLne,ZEBRIE_ZXEBR1-L1,1,0,0,0,0,0
,ZEBRIE_ZHNSAE-L1-7SA6,\VM-PF.IntUser\PDD 30-09-2025.IntPrj\Network Model.IntPrjfolder\Network Data.IntPrjfolder\CENTRAL 138 kV.ElmNet\ZEBRIE.ElmSubstat\2.ElmTerm\Cub_1.StaCubic\ZEBRIE_ZHNSAE-L1-7SA6.ElmRelay,Frequency (50Hz),f4,51.0,0.0,30.0,1,0,1,0,2,,138.0,Cub_1,,138 kV El Brisal – Hainamosa_b,ElmLne,ZEBRIE_ZXEBR1-L1,1,0,0,0,0,0
,ZEBRIE_ZHNSAE-L1-7SA6,\VM-PF.IntUser\PDD 30-09-2025.IntPrj\Network Model.IntPrjfolder\Network Data.IntPrjfolder\CENTRAL 138 kV.ElmNet\ZEBRIE.ElmSubstat\2.ElmTerm\Cub_1.StaCubic\ZEBRIE_ZHNSAE-L1-7SA6.ElmRelay,Frequency (60Hz),f1,59.5,0.0,60.0,1,1,1,0,2,,138.0,Cub_1,,138 kV El Brisal – Hainamosa_b,ElmLne,ZEBRIE_ZXEBR1-L1,1,0,0,0,0,0
,ZEBRIE_ZHNSAE-L1-7SA6,\VM-PF.IntUser\PDD 30-09-2025.IntPrj\Network Model.IntPrjfolder\Network Data.IntPrjfolder\CENTRAL 138 kV.ElmNet\ZEBRIE.ElmSubstat\2.ElmTerm\Cub_1.StaCubic\ZEBRIE_ZHNSAE-L1-7SA6.ElmRelay,Frequency (60Hz),f2,57.0,0.0,30.0,1,1,1,0,2,,138.0,Cub_1,,138 kV El Brisal – Hainamosa_b,ElmLne,ZEBRIE_ZXEBR1-L1,1,0,0,0,0,0
,ZEBRIE_ZHNSAE-L1-7SA6,\VM-PF.IntUser\PDD 30-09-2025.IntPrj\Network Model.IntPrjfolder\Network Data.IntPrjfolder\CENTRAL 138 kV.ElmNet\ZEBRIE.ElmSubstat\2.ElmTerm\Cub_1.StaCubic\ZEBRIE_ZHNSAE-L1-7SA6.ElmRelay,Frequency (60Hz),f3,59.5,0.0,3.0,1,1,1,0,2,,138.0,Cub_1,,138 kV El Brisal – Hainamosa_b,ElmLne,ZEBRIE_ZXEBR1-L1,1,0,0,0,0,0
,ZEBRIE_ZHNSAE-L1-7SA6,\VM-PF.IntUser\PDD 30-09-2025.IntPrj\Network Model.IntPrjfolder\Network Data.IntPrjfolder\CENTRAL 138 kV.ElmNet\ZEBRIE.ElmSubstat\2.ElmTerm\Cub_1.StaCubic\ZEBRIE_ZHNSAE-L1-7SA6.ElmRelay,Frequency (60Hz),f4,62.0,0.0,30.0,1,1,1,0,2,,138.0,Cub_1,,138 kV El Brisal – Hainamosa_b,ElmLne,ZEBRIE_ZXEBR1-L1,1,0,0,0,0,0
,ZEBRIE_VDU1E-L1-7SA6,\VM-PF.IntUser\PDD 30-09-2025.IntPrj\Network Model.IntPrjfolder\Network Data.IntPrjfolder\CENTRAL 138 kV.ElmNet\ZEBRIE.ElmSubstat\1.ElmTerm\Cub_1.StaCubic\ZEBRIE_VDU1E-L1-7SA6.ElmRelay,Frequency (50Hz),f1,49.5,0.0,60.0,1,0,1,0,1,,138.0,Cub_1,,138 kV El Brisal – Villa Duarte_a,ElmLne,ZEBRIE_ZXEBR2-L1,1,0,0,0,0,0
,ZEBRIE_VDU1E-L1-7SA6,\VM-PF.IntUser\PDD 30-09-2025.IntPrj\Network Model.IntPrjfolder\Network Data.IntPrjfolder\CENTRAL 138 kV.ElmNet\ZEBRIE.ElmSubstat\1.ElmTerm\Cub_1.StaCubic\ZEBRIE_VDU1E-L1-7SA6.ElmRelay,Frequency (50Hz),f2,49.0,0.0,30.0,1,0,1,0,1,,138.0,Cub_1,,138 kV El Brisal – Villa Duarte_a,ElmLne,ZEBRIE_ZXEBR2-L1,1,0,0,0,0,0
,ZEBRIE_VDU1E-L1-7SA6,\VM-PF.IntUser\PDD 30-09-2025.IntPrj\Network Model.IntPrjfolder\Network Data.IntPrjfolder\CENTRAL 138 kV.ElmNet\ZEBRIE.ElmSubstat\1.ElmTerm\Cub_1.StaCubic\ZEBRIE_VDU1E-L1-7SA6.ElmRelay,Frequency (50Hz),f3,47.5,0.0,3.0,1,0,1,0,1,,138.0,Cub_1,,138 kV El Brisal – Villa Duarte_a,ElmLne,ZEBRIE_ZXEBR2-L1,1,0,0,0,0,0
,ZEBRIE_VDU1E-L1-7SA6,\VM-PF.IntUser\PDD 30-09-2025.IntPrj\Network Model.IntPrjfolder\Network Data.IntPrjfolder\CENTRAL 138 kV.ElmNet\ZEBRIE.ElmSubstat\1.ElmTerm\Cub_1.StaCubic\ZEBRIE_VDU1E-L1-7SA6.ElmRelay,Frequency (50Hz),f4,51.0,0.0,30.0,1,0,1,0,1,,138.0,Cub_1,,138 kV El Brisal – Villa Duarte_a,ElmLne,ZEBRIE_ZXEBR2-L1,1,0,0,0,0,0
,ZEBRIE_VDU1E-L1-7SA6,\VM-PF.IntUser\PDD 30-09-2025.IntPrj\Network Model.IntPrjfolder\Network Data.IntPrjfolder\CENTRAL 138 kV.ElmNet\ZEBRIE.ElmSubstat\1.ElmTerm\Cub_1.StaCubic\ZEBRIE_VDU1E-L1-7SA6.ElmRelay,Frequency (60Hz),f1,59.5,0.0,60.0,1,1,1,0,1,,138.0,Cub_1,,138 kV El Brisal – Villa Duarte_a,ElmLne,ZEBRIE_ZXEBR2-L1,1,0,0,0,0,0
,ZEBRIE_VDU1E-L1-7SA6,\VM-PF.IntUser\PDD 30-09-2025.IntPrj\Network Model.IntPrjfolder\Network Data.IntPrjfolder\CENTRAL 138 kV.ElmNet\ZEBRIE.ElmSubstat\1.ElmTerm\Cub_1.StaCubic\ZEBRIE_VDU1E-L1-7SA6.ElmRelay,Frequency (60Hz),f2,57.0,0.0,30.0,1,1,1,0,1,,138.0,Cub_1,,138 kV El Brisal – Villa Duarte_a,ElmLne,ZEBRIE_ZXEBR2-L1,1,0,0,0,0,0
,ZEBRIE_VDU1E-L1-7SA6,\VM-PF.IntUser\PDD 30-09-2025.IntPrj\Network Model.IntPrjfolder\Network Data.IntPrjfolder\CENTRAL 138 kV.ElmNet\ZEBRIE.ElmSubstat\1.ElmTerm\Cub_1.StaCubic\ZEBRIE_VDU1E-L1-7SA6.ElmRelay,Frequency (60Hz),f3,59.5,0.0,3.0,1,1,1,0,1,,138.0,Cub_1,,138 kV El Brisal – Villa Duarte_a,ElmLne,ZEBRIE_ZXEBR2-L1,1,0,0,0,0,0
,ZEBRIE_VDU1E-L1-7SA6,\VM-PF.IntUser\PDD 30-09-2025.IntPrj\Network Model.IntPrjfolder\Network Data.IntPrjfolder\CENTRAL 138 kV.ElmNet\ZEBRIE.ElmSubstat\1.ElmTerm\Cub_1.StaCubic\ZEBRIE_VDU1E-L1-7SA6.ElmRelay,Frequency (60Hz),f4,62.0,0.0,30.0,1,1,1,0,1,,138.0,Cub_1,,138 kV El Brisal – Villa Duarte_a,ElmLne,ZEBRIE_ZXEBR2-L1,1,0,0,0,0,0
,EL BRISAL,\VM-PF.IntUser\PDD 30-09-2025.IntPrj\Network Model.IntPrjfolder\Network Data.IntPrjfolder\CENTRAL 138 kV.ElmNet\ZEBRIE.ElmSubstat\3.ElmTerm\Cub_1.StaCubic\EL BRISAL.ElmRelay,,EDE 0 F<,58.79999923706055,0.0,0.10000000149011612,0,,0,1,3,,138.0,Cub_1,,Demanda 1 El Brisal,ElmLod,ZEBRIE-D1,0,1,46.37,20.49,0,0
,EL BRISAL,\VM-PF.IntUser\PDD 30-09-2025.IntPrj\Network Model.IntPrjfolder\Network Data.IntPrjfolder\CENTRAL 138 kV.ElmNet\ZEBRIE.ElmSubstat\3.ElmTerm\Cub_1.StaCubic\EL BRISAL.ElmRelay,,EDE 0 Start-dF/dt,59.29999923706055,0.0,0.10000000149011612,0,,0,1,3,,138.0,Cub_1,,Demanda 1 El Brisal,ElmLod,ZEBRIE-D1,0,1,46.37,20.49,0,0
,EL BRISAL,\VM-PF.IntUser\PDD 30-09-2025.IntPrj\Network Model.IntPrjfolder\Network Data.IntPrjfolder\CENTRAL 138 kV.ElmNet\ZEBRIE.ElmSubstat\3.ElmTerm\Cub_1.StaCubic\EL BRISAL.ElmRelay,,EDE 0 dF/dt,59.099998474121094,-2.0,0.10000000149011612,0,,0,1,3,,138.0,Cub_1,,Demanda 1 El Brisal,ElmLod,ZEBRIE-D1,0,1,46.37,20.49,0,0
,EL BRISAL,\VM-PF.IntUser\PDD 30-09-2025.IntPrj\Network Model.IntPrjfolder\Network Data.IntPrjfolder\CENTRAL 138 kV.ElmNet\ZEBRIE.ElmSubstat\3.ElmTerm\Cub_1.StaCubic\EL BRISAL.ElmRelay,,EDE 1 F<,59.29999923706055,0.0,0.10000000149011612,1,,0,0,3,,138.0,Cub_1,,Demanda 1 El Brisal,ElmLod,ZEBRIE-D1,0,1,46.37,20.49,0,0
,EL BRISAL,\VM-PF.IntUser\PDD 30-09-2025.IntPrj\Network Model.IntPrjfolder\Network Data.IntPrjfolder\CENTRAL 138 kV.ElmNet\ZEBRIE.ElmSubstat\3.ElmTerm\Cub_1.StaCubic\EL BRISAL.ElmRelay,,EDE 1 Start-dF/dt,59.29999923706055,0.0,0.10000000149011612,1,,0,0,3,,138.0,Cub_1,,Demanda 1 El Brisal,ElmLod,ZEBRIE-D1,0,1,46.37,20.49,0,0
,EL BRISAL,\VM-PF.IntUser\PDD 30-09-2025.IntPrj\Network Model.IntPrjfolder\Network Data.IntPrjfolder\CENTRAL 138 kV.ElmNet\ZEBRIE.ElmSubstat\3.ElmTerm\Cub_1.StaCubic\EL BRISAL.ElmRelay,,EDE 1 dF/dt,58.79999923706055,-2.0,0.10000000149011612,1,,0,0,3,,138.0,Cub_1,,Demanda 1 El Brisal,ElmLod,ZEBRIE-D1,0,1,46.37,20.49,0,0
,EL BRISAL,\VM-PF.IntUser\PDD 30-09-2025.IntPrj\Network Model.IntPrjfolder\Network Data.IntPrjfolder\CENTRAL 138 kV.ElmNet\ZEBRIE.ElmSubstat\3.ElmTerm\Cub_1.StaCubic\EL BRISAL.ElmRelay,,EDE 2 F<,58.79999923706055,0.0,0.0,1,,0,0,3,,138.0,Cub_1,,Demanda 1 El Brisal,ElmLod,ZEBRIE-D1,0,1,46.37,20.49,0,0
,EL BRISAL,\VM-PF.IntUser\PDD 30-09-2025.IntPrj\Network Model.IntPrjfolder\Network Data.IntPrjfolder\CENTRAL 138 kV.ElmNet\ZEBRIE.ElmSubstat\3.ElmTerm\Cub_1.StaCubic\EL BRISAL.ElmRelay,,EDE 2 Start-dF/dt,59.20000076293945,0.0,0.0,1,,0,0,3,,138.0,Cub_1,,Demanda 1 El Brisal,ElmLod,ZEBRIE-D1,0,1,46.37,20.49,0,0
,EL BRISAL,\VM-PF.IntUser\PDD 30-09-2025.IntPrj\Network Model.IntPrjfolder\Network Data.IntPrjfolder\CENTRAL 138 kV.ElmNet\ZEBRIE.ElmSubstat\3.ElmTerm\Cub_1.StaCubic\EL BRISAL.ElmRelay,,EDE 2 dF/dt,0.0,-2.0,0.0,1,,0,0,3,,138.0,Cub_1,,Demanda 1 El Brisal,ElmLod,ZEBRIE-D1,0,1,46.37,20.49,0,0
,EL BRISAL,\VM-PF.IntUser\PDD 30-09-2025.IntPrj\Network Model.IntPrjfolder\Network Data.IntPrjfolder\CENTRAL 138 kV.ElmNet\ZEBRIE.ElmSubstat\3.ElmTerm\Cub_1.StaCubic\EL BRISAL.ElmRelay,,EDE 3 F<,59.099998474121094,0.0,0.0,1,,0,0,3,,138.0,Cub_1,,Demanda 1 El Brisal,ElmLod,ZEBRIE-D1,0,1,46.37,20.49,0,0
,EL BRISAL,\VM-PF.IntUser\PDD 30-09-2025.IntPrj\Network Model.IntPrjfolder\Network Data.IntPrjfolder\CENTRAL 138 kV.ElmNet\ZEBRIE.ElmSubstat\3.ElmTerm\Cub_1.StaCubic\EL BRISAL.ElmRelay,,EDE 3 Start-dF/dt,59.099998474121094,0.0,0.0,1,,0,0,3,,138.0,Cub_1,,Demanda 1 El Brisal,ElmLod,ZEBRIE-D1,0,1,46.37,20.49,0,0
,EL BRISAL,\VM-PF.IntUser\PDD 30-09-2025.IntPrj\Network Model.IntPrjfolder\Network Data.IntPrjfolder\CENTRAL 138 kV.ElmNet\ZEBRIE.ElmSubstat\3.ElmTerm\Cub_1.StaCubic\EL BRISAL.ElmRelay,,EDE 3 dF/dt,0.0,-2.0,0.0,1,,0,0,3,,138.0,Cub_1,,Demanda 1 El Brisal,ElmLod,ZEBRIE-D1,0,1,46.37,20.49,0,0
,EL BRISAL,\VM-PF.IntUser\PDD 30-09-2025.IntPrj\Network Model.IntPrjfolder\Network Data.IntPrjfolder\CENTRAL 138 kV.ElmNet\ZEBRIE.ElmSubstat\3.ElmTerm\Cub_1.StaCubic\EL BRISAL.ElmRelay,,EDE 4 F<,59.0,0.0,0.0,1,,0,0,3,,138.0,Cub_1,,Demanda 1 El Brisal,ElmLod,ZEBRIE-D1,0,1,46.37,20.49,0,0
,EL BRISAL,\VM-PF.IntUser\PDD 30-09-2025.IntPrj\Network Model.IntPrjfolder\Network Data.IntPrjfolder\CENTRAL 138 kV.ElmNet\ZEBRIE.ElmSubstat\3.ElmTerm\Cub_1.StaCubic\EL BRISAL.ElmRelay,,EDE 4 Start-dF/dt,59.0,0.0,0.0,1,,0,0,3,,138.0,Cub_1,,Demanda 1 El Brisal,ElmLod,ZEBRIE-D1,0,1,46.37,20.49,0,0
,EL BRISAL,\VM-PF.IntUser\PDD 30-09-2025.IntPrj\Network Model.IntPrjfolder\Network Data.IntPrjfolder\CENTRAL 138 kV.ElmNet\ZEBRIE.ElmSubstat\3.ElmTerm\Cub_1.StaCubic\EL BRISAL.ElmRelay,,EDE 4 dF/dt,0.0,-2.0,0.0,1,,0,0,3,,138.0,Cub_1,,Demanda 1 El Brisal,ElmLod,ZEBRIE-D1,0,1,46.37,20.49,0,0
,EL BRISAL,\VM-PF.IntUser\PDD 30-09-2025.IntPrj\Network Model.IntPrjfolder\Network Data.IntPrjfolder\CENTRAL 138 kV.ElmNet\ZEBRIE.ElmSubstat\3.ElmTerm\Cub_1.StaCubic\EL BRISAL.ElmRelay,,EDE 5 F<,58.900001525878906,0.0,0.0,1,,0,0,3,,138.0,Cub_1,,Demanda 1 El Brisal,ElmLod,ZEBRIE-D1,0,1,46.37,20.49,0,0
,EL BRISAL,\VM-PF.IntUser\PDD 30-09-2025.IntPrj\Network Model.IntPrjfolder\Network Data.IntPrjfolder\CENTRAL 138 kV.ElmNet\ZEBRIE.ElmSubstat\3.ElmTerm\Cub_1.StaCubic\EL BRISAL.ElmRelay,,EDE 5 Start-dF/dt,58.900001525878906,0.0,0.0,1,,0,0,3,,138.0,Cub_1,,Demanda 1 El Brisal,ElmLod,ZEBRIE-D1,0,1,46.37,20.49,0,0
,EL BRISAL,\VM-PF.IntUser\PDD 30-09-2025.IntPrj\Network Model.IntPrjfolder\Network Data.IntPrjfolder\CENTRAL 138 kV.ElmNet\ZEBRIE.ElmSubstat\3.ElmTerm\Cub_1.StaCubic\EL BRISAL.ElmRelay,,EDE 5 dF/dt,0.0,-2.0,0.0,1,,0,0,3,,138.0,Cub_1,,Demanda 1 El Brisal,ElmLod,ZEBRIE-D1,0,1,46.37,20.49,0,0
,EL BRISAL,\VM-PF.IntUser\PDD 30-09-2025.IntPrj\Network Model.IntPrjfolder\Network Data.IntPrjfolder\CENTRAL 138 kV.ElmNet\ZEBRIE.ElmSubstat\3.ElmTerm\Cub_1.StaCubic\EL BRISAL.ElmRelay,,EDE 6 F<,58.79999923706055,0.0,0.0,1,,0,0,3,,138.0,Cub_1,,Demanda 1 El Brisal,ElmLod,ZEBRIE-D1,0,1,46.37,20.49,0,0
,EL BRISAL,\VM-PF.IntUser\PDD 30-09-2025.IntPrj\Network Model.IntPrjfolder\Network Data.IntPrjfolder\CENTRAL 138 kV.ElmNet\ZEBRIE.ElmSubstat\3.ElmTerm\Cub_1.StaCubic\EL BRISAL.ElmRelay,,EDE 6 Start-dF/dt,58.79999923706055,0.0,0.0,1,,0,0,3,,138.0,Cub_1,,Demanda 1 El Brisal,ElmLod,ZEBRIE-D1,0,1,46.37,20.49,0,0
,EL BRISAL,\VM-PF.IntUser\PDD 30-09-2025.IntPrj\Network Model.IntPrjfolder\Network Data.IntPrjfolder\CENTRAL 138 kV.ElmNet\ZEBRIE.ElmSubstat\3.ElmTerm\Cub_1.StaCubic\EL BRISAL.ElmRelay,,EDE 6 dF/dt,0.0,-2.0,0.0,1,,0,0,3,,138.0,Cub_1,,Demanda 1 El Brisal,ElmLod,ZEBRIE-D1,0,1,46.37,20.49,0,0
,ZVMELE_ZPAL2E-L1-REF542,\VM-PF.IntUser\PDD 30-09-2025.IntPrj\Network Model.IntPrjfolder\Network Data.IntPrjfolder\CENTRAL 138 kV.ElmNet\ZVMELE.ElmSubstat\1.ElmTerm\Cub_1.StaCubic\ZVMELE_ZPAL2E-L1-REF542.ElmRelay,Frequency elements (F81),Frequency 1,40.0,0.0,0.10000000149011612,1,0,1,0,1,,138.0,Cub_1,,138 kV Palamara – Villa Mella_b,ElmLne,ZVMELE_ZXVM3E-L1,1,0,0,0,0,0
,ZVMELE_ZPAL2E-L1-REF542,\VM-PF.IntUser\PDD 30-09-2025.IntPrj\Network Model.IntPrjfolder\Network Data.IntPrjfolder\CENTRAL 138 kV.ElmNet\ZVMELE.ElmSubstat\1.ElmTerm\Cub_1.StaCubic\ZVMELE_ZPAL2E-L1-REF542.ElmRelay,Frequency elements (F81),Frequency 2,40.0,0.0,0.10000000149011612,1,0,1,0,1,,138.0,Cub_1,,138 kV Palamara – Villa Mella_b,ElmLne,ZVMELE_ZXVM3E-L1,1,0,0,0,0,0
,ZVMELE_ZPAL2E-L1-REF542,\VM-PF.IntUser\PDD 30-09-2025.IntPrj\Network Model.IntPrjfolder\Network Data.IntPrjfolder\CENTRAL 138 kV.ElmNet\ZVMELE.ElmSubstat\1.ElmTerm\Cub_1.StaCubic\ZVMELE_ZPAL2E-L1-REF542.ElmRelay,Frequency elements (F81),Frequency 3,40.0,0.0,0.10000000149011612,1,0,1,0,1,,138.0,Cub_1,,138 kV Palamara – Villa Mella_b,ElmLne,ZVMELE_ZXVM3E-L1,1,0,0,0,0,0
,ZVMELE_ZPAL2E-L1-REF542,\VM-PF.IntUser\PDD 30-09-2025.IntPrj\Network Model.IntPrjfolder\Network Data.IntPrjfolder\CENTRAL 138 kV.ElmNet\ZVMELE.ElmSubstat\1.ElmTerm\Cub_1.StaCubic\ZVMELE_ZPAL2E-L1-REF542.ElmRelay,Frequency elements (F81),Frequency 4,40.0,0.0,0.10000000149011612,1,0,1,0,1,,138.0,Cub_1,,138 kV Palamara – Villa Mella_b,ElmLne,ZVMELE_ZXVM3E-L1,1,0,0,0,0,0
,ZVMELE_ZPAL2E-L1-REF542,\VM-PF.IntUser\PDD 30-09-2025.IntPrj\Network Model.IntPrjfolder\Network Data.IntPrjfolder\CENTRAL 138 kV.ElmNet\ZVMELE.ElmSubstat\1.ElmTerm\Cub_1.StaCubic\ZVMELE_ZPAL2E-L1-REF542.ElmRelay,Frequency elements (F81),Frequency 5,40.0,0.0,0.10000000149011612,1,0,1,0,1,,138.0,Cub_1,,138 kV Palamara – Villa Mella_b,ElmLne,ZVMELE_ZXVM3E-L1,1,0,0,0,0,0
,ZVMELE_ZPAL2E-L1-REF542,\VM-PF.IntUser\PDD 30-09-2025.IntPrj\Network Model.IntPrjfolder\Network Data.IntPrjfolder\CENTRAL 138 kV.ElmNet\ZVMELE.ElmSubstat\1.ElmTerm\Cub_1.StaCubic\ZVMELE_ZPAL2E-L1-REF542.ElmRelay,Frequency elements (F81),Frequency 6,40.0,0.0,0.10000000149011612,1,0,1,0,1,,138.0,Cub_1,,138 kV Palamara – Villa Mella_b,ElmLne,ZVMELE_ZXVM3E-L1,1,0,0,0,0,0
,ZVMELE_ZPAL2E-L1-REF542,\VM-PF.IntUser\PDD 30-09-2025.IntPrj\Network Model.IntPrjfolder\Network Data.IntPrjfolder\CENTRAL 138 kV.ElmNet\ZVMELE.ElmSubstat\1.ElmTerm\Cub_1.StaCubic\ZVMELE_ZPAL2E-L1-REF542.ElmRelay,Frequency elements (F81),dfdt1,0.10000000149011612,0.10000000149011612,0.10000000149011612,1,0,1,0,1,,138.0,Cub_1,,138 kV Palamara – Villa Mella_b,ElmLne,ZVMELE_ZXVM3E-L1,1,0,0,0,0,0
,ZVMELE_ZPAL2E-L1-REF542,\VM-PF.IntUser\PDD 30-09-2025.IntPrj\Network Model.IntPrjfolder\Network Data.IntPrjfolder\CENTRAL 138 kV.ElmNet\ZVMELE.ElmSubstat\1.ElmTerm\Cub_1.StaCubic\ZVMELE_ZPAL2E-L1-REF542.ElmRelay,Frequency elements (F81),dfdt2,0.10000000149011612,0.10000000149011612,0.10000000149011612,1,0,1,0,1,,138.0,Cub_1,,138 kV Palamara – Villa Mella_b,ElmLne,ZVMELE_ZXVM3E-L1,1,0,0,0,0,0
,ZVMELE_ZPAL2E-L1-REF542,\VM-PF.IntUser\PDD 30-09-2025.IntPrj\Network Model.IntPrjfolder\Network Data.IntPrjfolder\CENTRAL 138 kV.ElmNet\ZVMELE.ElmSubstat\1.ElmTerm\Cub_1.StaCubic\ZVMELE_ZPAL2E-L1-REF542.ElmRelay,Frequency elements (F81),dfdt3,0.10000000149011612,0.10000000149011612,0.10000000149011612,1,0,1,0,1,,138.0,Cub_1,,138 kV Palamara – Villa Mella_b,ElmLne,ZVMELE_ZXVM3E-L1,1,0,0,0,0,0
,ZVMELE_ZPAL2E-L1-REF542,\VM-PF.IntUser\PDD 30-09-2025.IntPrj\Network Model.IntPrjfolder\Network Data.IntPrjfolder\CENTRAL 138 kV.ElmNet\ZVMELE.ElmSubstat\1.ElmTerm\Cub_1.StaCubic\ZVMELE_ZPAL2E-L1-REF542.ElmRelay,Frequency elements (F81),dfdt4,0.10000000149011612,0.10000000149011612,0.10000000149011612,1,0,1,0,1,,138.0,Cub_1,,138 kV Palamara – Villa Mella_b,ElmLne,ZVMELE_ZXVM3E-L1,1,0,0,0,0,0
,ZVMELE_ZPAL2E-L1-REF542,\VM-PF.IntUser\PDD 30-09-2025.IntPrj\Network Model.IntPrjfolder\Network Data.IntPrjfolder\CENTRAL 138 kV.ElmNet\ZVMELE.ElmSubstat\1.ElmTerm\Cub_1.StaCubic\ZVMELE_ZPAL2E-L1-REF542.ElmRelay,Frequency elements (F81),dfdt5,0.10000000149011612,0.10000000149011612,0.10000000149011612,1,0,1,0,1,,138.0,Cub_1,,138 kV Palamara – Villa Mella_b,ElmLne,ZVMELE_ZXVM3E-L1,1,0,0,0,0,0
,ZVMELE_ZPAL2E-L1-REF542,\VM-PF.IntUser\PDD 30-09-2025.IntPrj\Network Model.IntPrjfolder\Network Data.IntPrjfolder\CENTRAL 138 kV.ElmNet\ZVMELE.ElmSubstat\1.ElmTerm\Cub_1.StaCubic\ZVMELE_ZPAL2E-L1-REF542.ElmRelay,Frequency elements (F81),dfdt6,0.10000000149011612,0.10000000149011612,0.10000000149011612,1,0,1,0,1,,138.0,Cub_1,,138 kV Palamara – Villa Mella_b,ElmLne,ZVMELE_ZXVM3E-L1,1,0,0,0,0,0
,ZVMELE_ZHNSAE-L1-REF542,\VM-PF.IntUser\PDD 30-09-2025.IntPrj\Network Model.IntPrjfolder\Network Data.IntPrjfolder\CENTRAL 138 kV.ElmNet\ZVMELE.ElmSubstat\2.ElmTerm\Cub_1.StaCubic\ZVMELE_ZHNSAE-L1-REF542.ElmRelay,Frequency elements (F81),Frequency 1,40.0,0.0,0.10000000149011612,1,0,1,0,2,,138.0,Cub_1,,138 kV Hainamosa – Villa Mella_b,ElmLne,ZVMELE_ZXVM2E-L1,1,0,0,0,0,0
,ZVMELE_ZHNSAE-L1-REF542,\VM-PF.IntUser\PDD 30-09-2025.IntPrj\Network Model.IntPrjfolder\Network Data.IntPrjfolder\CENTRAL 138 kV.ElmNet\ZVMELE.ElmSubstat\2.ElmTerm\Cub_1.StaCubic\ZVMELE_ZHNSAE-L1-REF542.ElmRelay,Frequency elements (F81),Frequency 2,40.0,0.0,0.10000000149011612,1,0,1,0,2,,138.0,Cub_1,,138 kV Hainamosa – Villa Mella_b,ElmLne,ZVMELE_ZXVM2E-L1,1,0,0,0,0,0
,ZVMELE_ZHNSAE-L1-REF542,\VM-PF.IntUser\PDD 30-09-2025.IntPrj\Network Model.IntPrjfolder\Network Data.IntPrjfolder\CENTRAL 138 kV.ElmNet\ZVMELE.ElmSubstat\2.ElmTerm\Cub_1.StaCubic\ZVMELE_ZHNSAE-L1-REF542.ElmRelay,Frequency elements (F81),Frequency 3,40.0,0.0,0.10000000149011612,1,0,1,0,2,,138.0,Cub_1,,138 kV Hainamosa – Villa Mella_b,ElmLne,ZVMELE_ZXVM2E-L1,1,0,0,0,0,0
,ZVMELE_ZHNSAE-L1-REF542,\VM-PF.IntUser\PDD 30-09-2025.IntPrj\Network Model.IntPrjfolder\Network Data.IntPrjfolder\CENTRAL 138 kV.ElmNet\ZVMELE.ElmSubstat\2.ElmTerm\Cub_1.StaCubic\ZVMELE_ZHNSAE-L1-REF542.ElmRelay,Frequency elements (F81),Frequency 4,40.0,0.0,0.10000000149011612,1,0,1,0,2,,138.0,Cub_1,,138 kV Hainamosa – Villa Mella_b,ElmLne,ZVMELE_ZXVM2E-L1,1,0,0,0,0,0
,ZVMELE_ZHNSAE-L1-REF542,\VM-PF.IntUser\PDD 30-09-2025.IntPrj\Network Model.IntPrjfolder\Network Data.IntPrjfolder\CENTRAL 138 kV.ElmNet\ZVMELE.ElmSubstat\2.ElmTerm\Cub_1.StaCubic\ZVMELE_ZHNSAE-L1-REF542.ElmRelay,Frequency elements (F81),Frequency 5,40.0,0.0,0.10000000149011612,1,0,1,0,2,,138.0,Cub_1,,138 kV Hainamosa – Villa Mella_b,ElmLne,ZVMELE_ZXVM2E-L1,1,0,0,0,0,0
,ZVMELE_ZHNSAE-L1-REF542,\VM-PF.IntUser\PDD 30-09-2025.IntPrj\Network Model.IntPrjfolder\Network Data.IntPrjfolder\CENTRAL 138 kV.ElmNet\ZVMELE.ElmSubstat\2.ElmTerm\Cub_1.StaCubic\ZVMELE_ZHNSAE-L1-REF542.ElmRelay,Frequency elements (F81),Frequency 6,40.0,0.0,0.10000000149011612,1,0,1,0,2,,138.0,Cub_1,,138 kV Hainamosa – Villa Mella_b,ElmLne,ZVMELE_ZXVM2E-L1,1,0,0,0,0,0
,ZVMELE_ZHNSAE-L1-REF542,\VM-PF.IntUser\PDD 30-09-2025.IntPrj\Network Model.IntPrjfolder\Network Data.IntPrjfolder\CENTRAL 138 kV.ElmNet\ZVMELE.ElmSubstat\2.ElmTerm\Cub_1.StaCubic\ZVMELE_ZHNSAE-L1-REF542.ElmRelay,Frequency elements (F81),dfdt1,0.10000000149011612,0.10000000149011612,0.10000000149011612,1,0,1,0,2,,138.0,Cub_1,,138 kV Hainamosa – Villa Mella_b,ElmLne,ZVMELE_ZXVM2E-L1,1,0,0,0,0,0
,ZVMELE_ZHNSAE-L1-REF542,\VM-PF.IntUser\PDD 30-09-2025.IntPrj\Network Model.IntPrjfolder\Network Data.IntPrjfolder\CENTRAL 138 kV.ElmNet\ZVMELE.ElmSubstat\2.ElmTerm\Cub_1.StaCubic\ZVMELE_ZHNSAE-L1-REF542.ElmRelay,Frequency elements (F81),dfdt2,0.10000000149011612,0.10000000149011612,0.10000000149011612,1,0,1,0,2,,138.0,Cub_1,,138 kV Hainamosa – Villa Mella_b,ElmLne,ZVMELE_ZXVM2E-L1,1,0,0,0,0,0
,ZVMELE_ZHNSAE-L1-REF542,\VM-PF.IntUser\PDD 30-09-2025.IntPrj\Network Model.IntPrjfolder\Network Data.IntPrjfolder\CENTRAL 138 kV.ElmNet\ZVMELE.ElmSubstat\2.ElmTerm\Cub_1.StaCubic\ZVMELE_ZHNSAE-L1-REF542.ElmRelay,Frequency elements (F81),dfdt3,0.10000000149011612,0.10000000149011612,0.10000000149011612,1,0,1,0,2,,138.0,Cub_1,,138 kV Hainamosa – Villa Mella_b,ElmLne,ZVMELE_ZXVM2E-L1,1,0,0,0,0,0
,ZVMELE_ZHNSAE-L1-REF542,\VM-PF.IntUser\PDD 30-09-2025.IntPrj\Network Model.IntPrjfolder\Network Data.IntPrjfolder\CENTRAL 138 kV.ElmNet\ZVMELE.ElmSubstat\2.ElmTerm\Cub_1.StaCubic\ZVMELE_ZHNSAE-L1-REF542.ElmRelay,Frequency elements (F81),dfdt4,0.10000000149011612,0.10000000149011612,0.10000000149011612,1,0,1,0,2,,138.0,Cub_1,,138 kV Hainamosa – Villa Mella_b,ElmLne,ZVMELE_ZXVM2E-L1,1,0,0,0,0,0
,ZVMELE_ZHNSAE-L1-REF542,\VM-PF.IntUser\PDD 30-09-2025.IntPrj\Network Model.IntPrjfolder\Network Data.IntPrjfolder\CENTRAL 138 kV.ElmNet\ZVMELE.ElmSubstat\2.ElmTerm\Cub_1.StaCubic\ZVMELE_ZHNSAE-L1-REF542.ElmRelay,Frequency elements (F81),dfdt5,0.10000000149011612,0.10000000149011612,0.10000000149011612,1,0,1,0,2,,138.0,Cub_1,,138 kV Hainamosa – Villa Mella_b,ElmLne,ZVMELE_ZXVM2E-L1,1,0,0,0,0,0
,ZVMELE_ZHNSAE-L1-REF542,\VM-PF.IntUser\PDD 30-09-2025.IntPrj\Network Model.IntPrjfolder\Network Data.IntPrjfolder\CENTRAL 138 kV.ElmNet\ZVMELE.ElmSubstat\2.ElmTerm\Cub_1.StaCubic\ZVMELE_ZHNSAE-L1-REF542.ElmRelay,Frequency elements (F81),dfdt6,0.10000000149011612,0.10000000149011612,0.10000000149011612,1,0,1,0,2,,138.0,Cub_1,,138 kV Hainamosa – Villa Mella_b,ElmLne,ZVMELE_ZXVM2E-L1,1,0,0,0,0,0
,VILLA MELLA,\VM-PF.IntUser\PDD 30-09-2025.IntPrj\Network Model.IntPrjfolder\Network Data.IntPrjfolder\CENTRAL 138 kV.ElmNet\ZVMELE.ElmSubstat\3.ElmTerm\Cub_1.StaCubic\VILLA MELLA.ElmRelay,,EDE 1 F<,59.29999923706055,0.0,0.10000000149011612,1,,0,0,3,,138.0,Cub_1,,Demanda 1 Villa Mella,ElmLod,ZVMELE-D1,0,1,20.26,0.0,0,0
,VILLA MELLA,\VM-PF.IntUser\PDD 30-09-2025.IntPrj\Network Model.IntPrjfolder\Network Data.IntPrjfolder\CENTRAL 138 kV.ElmNet\ZVMELE.ElmSubstat\3.ElmTerm\Cub_1.StaCubic\VILLA MELLA.ElmRelay,,EDE 2 F<,59.20000076293945,0.0,0.10000000149011612,1,,0,0,3,,138.0,Cub_1,,Demanda 1 Villa Mella,ElmLod,ZVMELE-D1,0,1,20.26,0.0,0,0
,VILLA MELLA,\VM-PF.IntUser\PDD 30-09-2025.IntPrj\Network Model.IntPrjfolder\Network Data.IntPrjfolder\CENTRAL 138 kV.ElmNet\ZVMELE.ElmSubstat\3.ElmTerm\Cub_1.StaCubic\VILLA MELLA.ElmRelay,,EDE 3 F<,59.099998474121094,0.0,0.10000000149011612,0,,0,1,3,,138.0,Cub_1,,Demanda 1 Villa Mella,ElmLod,ZVMELE-D1,0,1,20.26,0.0,0,0
,VILLA MELLA,\VM-PF.IntUser\PDD 30-09-2025.IntPrj\Network Model.IntPrjfolder\Network Data.IntPrjfolder\CENTRAL 138 kV.ElmNet\ZVMELE.ElmSubstat\3.ElmTerm\Cub_1.StaCubic\VILLA MELLA.ElmRelay,,EDE 4 F<,59.0,0.0,0.10000000149011612,1,,0,0,3,,138.0,Cub_1,,Demanda 1 Villa Mella,ElmLod,ZVMELE-D1,0,1,20.26,0.0,0,0
,VILLA MELLA,\VM-PF.IntUser\PDD 30-09-2025.IntPrj\Network Model.IntPrjfolder\Network Data.IntPrjfolder\CENTRAL 138 kV.ElmNet\ZVMELE.ElmSubstat\3.ElmTerm\Cub_1.StaCubic\VILLA MELLA.ElmRelay,,EDE 5 F<,58.900001525878906,0.0,0.10000000149011612,1,,0,0,3,,138.0,Cub_1,,Demanda 1 Villa Mella,ElmLod,ZVMELE-D1,0,1,20.26,0.0,0,0
,VILLA MELLA,\VM-PF.IntUser\PDD 30-09-2025.IntPrj\Network Model.IntPrjfolder\Network Data.IntPrjfolder\CENTRAL 138 kV.ElmNet\ZVMELE.ElmSubstat\3.ElmTerm\Cub_1.StaCubic\VILLA MELLA.ElmRelay,,EDE 6 F<,58.79999923706055,0.0,0.10000000149011612,1,,0,0,3,,138.0,Cub_1,,Demanda 1 Villa Mella,ElmLod,ZVMELE-D1,0,1,20.26,0.0,0,0
,ZVMELE_ZPAL2E-L1-REF542,\VM-PF.IntUser\PDD 30-09-2025.IntPrj\Network Model.IntPrjfolder\Network Data.IntPrjfolder\CENTRAL 138 kV.ElmNet\ZVMELE.ElmSubstat\5.ElmTerm\Cub_1.StaCubic\ZVMELE_ZPAL2E-L1-REF542.ElmRelay,Frequency elements (F81),Frequency 1,40.0,0.0,0.10000000149011612,1,0,1,0,5,,138.0,Cub_1,,Demanda 3 Villa Mella,ElmLod,ZVMELE-D3,0,1,23.0,23.91,0,0
,ZVMELE_ZPAL2E-L1-REF542,\VM-PF.IntUser\PDD 30-09-2025.IntPrj\Network Model.IntPrjfolder\Network Data.IntPrjfolder\CENTRAL 138 kV.ElmNet\ZVMELE.ElmSubstat\5.ElmTerm\Cub_1.StaCubic\ZVMELE_ZPAL2E-L1-REF542.ElmRelay,Frequency elements (F81),Frequency 2,40.0,0.0,0.10000000149011612,1,0,1,0,5,,138.0,Cub_1,,Demanda 3 Villa Mella,ElmLod,ZVMELE-D3,0,1,23.0,23.91,0,0
,ZVMELE_ZPAL2E-L1-REF542,\VM-PF.IntUser\PDD 30-09-2025.IntPrj\Network Model.IntPrjfolder\Network Data.IntPrjfolder\CENTRAL 138 kV.ElmNet\ZVMELE.ElmSubstat\5.ElmTerm\Cub_1.StaCubic\ZVMELE_ZPAL2E-L1-REF542.ElmRelay,Frequency elements (F81),Frequency 3,40.0,0.0,0.10000000149011612,1,0,1,0,5,,138.0,Cub_1,,Demanda 3 Villa Mella,ElmLod,ZVMELE-D3,0,1,23.0,23.91,0,0
,ZVMELE_ZPAL2E-L1-REF542,\VM-PF.IntUser\PDD 30-09-2025.IntPrj\Network Model.IntPrjfolder\Network Data.IntPrjfolder\CENTRAL 138 kV.ElmNet\ZVMELE.ElmSubstat\5.ElmTerm\Cub_1.StaCubic\ZVMELE_ZPAL2E-L1-REF542.ElmRelay,Frequency elements (F81),Frequency 4,40.0,0.0,0.10000000149011612,1,0,1,0,5,,138.0,Cub_1,,Demanda 3 Villa Mella,ElmLod,ZVMELE-D3,0,1,23.0,23.91,0,0
,ZVMELE_ZPAL2E-L1-REF542,\VM-PF.IntUser\PDD 30-09-2025.IntPrj\Network Model.IntPrjfolder\Network Data.IntPrjfolder\CENTRAL 138 kV.ElmNet\ZVMELE.ElmSubstat\5.ElmTerm\Cub_1.StaCubic\ZVMELE_ZPAL2E-L1-REF542.ElmRelay,Frequency elements (F81),Frequency 5,40.0,0.0,0.10000000149011612,1,0,1,0,5,,138.0,Cub_1,,Demanda 3 Villa Mella,ElmLod,ZVMELE-D3,0,1,23.0,23.91,0,0
,ZVMELE_ZPAL2E-L1-REF542,\VM-PF.IntUser\PDD 30-09-2025.IntPrj\Network Model.IntPrjfolder\Network Data.IntPrjfolder\CENTRAL 138 kV.ElmNet\ZVMELE.ElmSubstat\5.ElmTerm\Cub_1.StaCubic\ZVMELE_ZPAL2E-L1-REF542.ElmRelay,Frequency elements (F81),Frequency 6,40.0,0.0,0.10000000149011612,1,0,1,0,5,,138.0,Cub_1,,Demanda 3 Villa Mella,ElmLod,ZVMELE-D3,0,1,23.0,23.91,0,0
,ZVMELE_ZPAL2E-L1-REF542,\VM-PF.IntUser\PDD 30-09-2025.IntPrj\Network Model.IntPrjfolder\Network Data.IntPrjfolder\CENTRAL 138 kV.ElmNet\ZVMELE.ElmSubstat\5.ElmTerm\Cub_1.StaCubic\ZVMELE_ZPAL2E-L1-REF542.ElmRelay,Frequency elements (F81),dfdt1,0.10000000149011612,0.10000000149011612,0.10000000149011612,1,0,1,0,5,,138.0,Cub_1,,Demanda 3 Villa Mella,ElmLod,ZVMELE-D3,0,1,23.0,23.91,0,0
,ZVMELE_ZPAL2E-L1-REF542,\VM-PF.IntUser\PDD 30-09-2025.IntPrj\Network Model.IntPrjfolder\Network Data.IntPrjfolder\CENTRAL 138 kV.ElmNet\ZVMELE.ElmSubstat\5.ElmTerm\Cub_1.StaCubic\ZVMELE_ZPAL2E-L1-REF542.ElmRelay,Frequency elements (F81),dfdt2,0.10000000149011612,0.10000000149011612,0.10000000149011612,1,0,1,0,5,,138.0,Cub_1,,Demanda 3 Villa Mella,ElmLod,ZVMELE-D3,0,1,23.0,23.91,0,0
,ZVMELE_ZPAL2E-L1-REF542,\VM-PF.IntUser\PDD 30-09-2025.IntPrj\Network Model.IntPrjfolder\Network Data.IntPrjfolder\CENTRAL 138 kV.ElmNet\ZVMELE.ElmSubstat\5.ElmTerm\Cub_1.StaCubic\ZVMELE_ZPAL2E-L1-REF542.ElmRelay,Frequency elements (F81),dfdt3,0.10000000149011612,0.10000000149011612,0.10000000149011612,1,0,1,0,5,,138.0,Cub_1,,Demanda 3 Villa Mella,ElmLod,ZVMELE-D3,0,1,23.0,23.91,0,0
,ZVMELE_ZPAL2E-L1-REF542,\VM-PF.IntUser\PDD 30-09-2025.IntPrj\Network Model.IntPrjfolder\Network Data.IntPrjfolder\CENTRAL 138 kV.ElmNet\ZVMELE.ElmSubstat\5.ElmTerm\Cub_1.StaCubic\ZVMELE_ZPAL2E-L1-REF542.ElmRelay,Frequency elements (F81),dfdt4,0.10000000149011612,0.10000000149011612,0.10000000149011612,1,0,1,0,5,,138.0,Cub_1,,Demanda 3 Villa Mella,ElmLod,ZVMELE-D3,0,1,23.0,23.91,0,0
,ZVMELE_ZPAL2E-L1-REF542,\VM-PF.IntUser\PDD 30-09-2025.IntPrj\Network Model.IntPrjfolder\Network Data.IntPrjfolder\CENTRAL 138 kV.ElmNet\ZVMELE.ElmSubstat\5.ElmTerm\Cub_1.StaCubic\ZVMELE_ZPAL2E-L1-REF542.ElmRelay,Frequency elements (F81),dfdt5,0.10000000149011612,0.10000000149011612,0.10000000149011612,1,0,1,0,5,,138.0,Cub_1,,Demanda 3 Villa Mella,ElmLod,ZVMELE-D3,0,1,23.0,23.91,0,0
,ZVMELE_ZPAL2E-L1-REF542,\VM-PF.IntUser\PDD 30-09-2025.IntPrj\Network Model.IntPrjfolder\Network Data.IntPrjfolder\CENTRAL 138 kV.ElmNet\ZVMELE.ElmSubstat\5.ElmTerm\Cub_1.StaCubic\ZVMELE_ZPAL2E-L1-REF542.ElmRelay,Frequency elements (F81),dfdt6,0.10000000149011612,0.10000000149011612,0.10000000149011612,1,0,1,0,5,,138.0,Cub_1,,Demanda 3 Villa Mella,ElmLod,ZVMELE-D3,0,1,23.0,23.91,0,0
,EL CHIVO,\VM-PF.IntUser\PDD 30-09-2025.IntPrj\Network Model.IntPrjfolder\Network Data.IntPrjfolder\NORTE 69 kV.ElmNet\ZECHIF.ElmSubstat\WECHIF(2).ElmTerm\WBECHIF(2).StaCubic\EL CHIVO.ElmRelay,,EDN 1 F<,59.29999923706055,0.0,0.10000000149011612,1,,0,0,WECHIF(2),,69.0,WBECHIF(2),,Demanda 1 El Chivo,ElmLod,ZECHIF-D1,0,1,26.61,9.66,0,0
,EL CHIVO,\VM-PF.IntUser\PDD 30-09-2025.IntPrj\Network Model.IntPrjfolder\Network Data.IntPrjfolder\NORTE 69 kV.ElmNet\ZECHIF.ElmSubstat\WECHIF(2).ElmTerm\WBECHIF(2).StaCubic\EL CHIVO.ElmRelay,,EDN 2 F<,59.20000076293945,0.0,0.10000000149011612,1,,0,0,WECHIF(2),,69.0,WBECHIF(2),,Demanda 1 El Chivo,ElmLod,ZECHIF-D1,0,1,26.61,9.66,0,0
,EL CHIVO,\VM-PF.IntUser\PDD 30-09-2025.IntPrj\Network Model.IntPrjfolder\Network Data.IntPrjfolder\NORTE 69 kV.ElmNet\ZECHIF.ElmSubstat\WECHIF(2).ElmTerm\WBECHIF(2).StaCubic\EL CHIVO.ElmRelay,,EDN 3 F<,59.099998474121094,-2.0,0.10000000149011612,1,,0,0,WECHIF(2),,69.0,WBECHIF(2),,Demanda 1 El Chivo,ElmLod,ZECHIF-D1,0,1,26.61,9.66,0,0
,EL CHIVO,\VM-PF.IntUser\PDD 30-09-2025.IntPrj\Network Model.IntPrjfolder\Network Data.IntPrjfolder\NORTE 69 kV.ElmNet\ZECHIF.ElmSubstat\WECHIF(2).ElmTerm\WBECHIF(2).StaCubic\EL CHIVO.ElmRelay,,EDN 4 F<,59.0,0.0,0.10000000149011612,0,,0,1,WECHIF(2),,69.0,WBECHIF(2),,Demanda 1 El Chivo,ElmLod,ZECHIF-D1,0,1,26.61,9.66,0,0
,EL CHIVO,\VM-PF.IntUser\PDD 30-09-2025.IntPrj\Network Model.IntPrjfolder\Network Data.IntPrjfolder\NORTE 69 kV.ElmNet\ZECHIF.ElmSubstat\WECHIF(2).ElmTerm\WBECHIF(2).StaCubic\EL CHIVO.ElmRelay,,EDN 5 F<,58.900001525878906,0.0,0.10000000149011612,1,,0,0,WECHIF(2),,69.0,WBECHIF(2),,Demanda 1 El Chivo,ElmLod,ZECHIF-D1,0,1,26.61,9.66,0,0
,EL CHIVO,\VM-PF.IntUser\PDD 30-09-2025.IntPrj\Network Model.IntPrjfolder\Network Data.IntPrjfolder\NORTE 69 kV.ElmNet\ZECHIF.ElmSubstat\WECHIF(2).ElmTerm\WBECHIF(2).StaCubic\EL CHIVO.ElmRelay,,EDN 6 F<,58.79999923706055,-2.0,0.10000000149011612,0,,0,1,WECHIF(2),,69.0,WBECHIF(2),,Demanda 1 El Chivo,ElmLod,ZECHIF-D1,0,1,26.61,9.66,0,0
,EL CHIVO dF/dt,\VM-PF.IntUser\PDD 30-09-2025.IntPrj\Network Model.IntPrjfolder\Network Data.IntPrjfolder\NORTE 69 kV.ElmNet\ZECHIF.ElmSubstat\WECHIF(2).ElmTerm\WBECHIF(2).StaCubic\EL CHIVO dF/dt.ElmRelay,,EDN 0 F<,58.900001525878906,0.0,0.10000000149011612,0,,0,1,WECHIF(2),,69.0,WBECHIF(2),,Demanda 1 El Chivo,ElmLod,ZECHIF-D1,0,1,26.61,9.66,0,0
,EL CHIVO dF/dt,\VM-PF.IntUser\PDD 30-09-2025.IntPrj\Network Model.IntPrjfolder\Network Data.IntPrjfolder\NORTE 69 kV.ElmNet\ZECHIF.ElmSubstat\WECHIF(2).ElmTerm\WBECHIF(2).StaCubic\EL CHIVO dF/dt.ElmRelay,,EDN 0 Start-dF/dt,59.29999923706055,0.0,0.10000000149011612,0,,0,1,WECHIF(2),,69.0,WBECHIF(2),,Demanda 1 El Chivo,ElmLod,ZECHIF-D1,0,1,26.61,9.66,0,0
,EL CHIVO dF/dt,\VM-PF.IntUser\PDD 30-09-2025.IntPrj\Network Model.IntPrjfolder\Network Data.IntPrjfolder\NORTE 69 kV.ElmNet\ZECHIF.ElmSubstat\WECHIF(2).ElmTerm\WBECHIF(2).StaCubic\EL CHIVO dF/dt.ElmRelay,,EDN 0 dF/dt,59.099998474121094,-2.0,0.10000000149011612,0,,0,1,WECHIF(2),,69.0,WBECHIF(2),,Demanda 1 El Chivo,ElmLod,ZECHIF-D1,0,1,26.61,9.66,0,0
,EL CHIVO dF/dt,\VM-PF.IntUser\PDD 30-09-2025.IntPrj\Network Model.IntPrjfolder\Network Data.IntPrjfolder\NORTE 69 kV.ElmNet\ZECHIF.ElmSubstat\WECHIF(2).ElmTerm\WBECHIF(2).StaCubic\EL CHIVO dF/dt.ElmRelay,,EDN 1 F<,58.70000076293945,0.0,0.10000000149011612,0,,0,1,WECHIF(2),,69.0,WBECHIF(2),,Demanda 1 El Chivo,ElmLod,ZECHIF-D1,0,1,26.61,9.66,0,0
,EL CHIVO dF/dt,\VM-PF.IntUser\PDD 30-09-2025.IntPrj\Network Model.IntPrjfolder\Network Data.IntPrjfolder\NORTE 69 kV.ElmNet\ZECHIF.ElmSubstat\WECHIF(2).ElmTerm\WBECHIF(2).StaCubic\EL CHIVO dF/dt.ElmRelay,,EDN 1 Start-dF/dt,59.29999923706055,0.0,0.10000000149011612,0,,0,1,WECHIF(2),,69.0,WBECHIF(2),,Demanda 1 El Chivo,ElmLod,ZECHIF-D1,0,1,26.61,9.66,0,0
,EL CHIVO dF/dt,\VM-PF.IntUser\PDD 30-09-2025.IntPrj\Network Model.IntPrjfolder\Network Data.IntPrjfolder\NORTE 69 kV.ElmNet\ZECHIF.ElmSubstat\WECHIF(2).ElmTerm\WBECHIF(2).StaCubic\EL CHIVO dF/dt.ElmRelay,,EDN 1 dF/dt,58.79999923706055,-2.0,0.10000000149011612,0,,0,1,WECHIF(2),,69.0,WBECHIF(2),,Demanda 1 El Chivo,ElmLod,ZECHIF-D1,0,1,26.61,9.66,0,0
,EL CHIVO dF/dt,\VM-PF.IntUser\PDD 30-09-2025.IntPrj\Network Model.IntPrjfolder\Network Data.IntPrjfolder\NORTE 69 kV.ElmNet\ZECHIF.ElmSubstat\WECHIF(2).ElmTerm\WBECHIF(2).StaCubic\EL CHIVO dF/dt.ElmRelay,,EDN 2 F<,59.20000076293945,0.0,0.0,1,,0,0,WECHIF(2),,69.0,WBECHIF(2),,Demanda 1 El Chivo,ElmLod,ZECHIF-D1,0,1,26.61,9.66,0,0
,EL CHIVO dF/dt,\VM-PF.IntUser\PDD 30-09-2025.IntPrj\Network Model.IntPrjfolder\Network Data.IntPrjfolder\NORTE 69 kV.ElmNet\ZECHIF.ElmSubstat\WECHIF(2).ElmTerm\WBECHIF(2).StaCubic\EL CHIVO dF/dt.ElmRelay,,EDN 2 Start-dF/dt,59.20000076293945,0.0,0.0,1,,0,0,WECHIF(2),,69.0,WBECHIF(2),,Demanda 1 El Chivo,ElmLod,ZECHIF-D1,0,1,26.61,9.66,0,0
,EL CHIVO dF/dt,\VM-PF.IntUser\PDD 30-09-2025.IntPrj\Network Model.IntPrjfolder\Network Data.IntPrjfolder\NORTE 69 kV.ElmNet\ZECHIF.ElmSubstat\WECHIF(2).ElmTerm\WBECHIF(2).StaCubic\EL CHIVO dF/dt.ElmRelay,,EDN 2 dF/dt,0.0,-2.0,0.0,1,,0,0,WECHIF(2),,69.0,WBECHIF(2),,Demanda 1 El Chivo,ElmLod,ZECHIF-D1,0,1,26.61,9.66,0,0
,EL CHIVO dF/dt,\VM-PF.IntUser\PDD 30-09-2025.IntPrj\Network Model.IntPrjfolder\Network Data.IntPrjfolder\NORTE 69 kV.ElmNet\ZECHIF.ElmSubstat\WECHIF(2).ElmTerm\WBECHIF(2).StaCubic\EL CHIVO dF/dt.ElmRelay,,EDN 3 F<,58.70000076293945,0.0,0.0,1,,0,0,WECHIF(2),,69.0,WBECHIF(2),,Demanda 1 El Chivo,ElmLod,ZECHIF-D1,0,1,26.61,9.66,0,0
,EL CHIVO dF/dt,\VM-PF.IntUser\PDD 30-09-2025.IntPrj\Network Model.IntPrjfolder\Network Data.IntPrjfolder\NORTE 69 kV.ElmNet\ZECHIF.ElmSubstat\WECHIF(2).ElmTerm\WBECHIF(2).StaCubic\EL CHIVO dF/dt.ElmRelay,,EDN 3 Start-dF/dt,59.099998474121094,0.0,0.0,1,,0,0,WECHIF(2),,69.0,WBECHIF(2),,Demanda 1 El Chivo,ElmLod,ZECHIF-D1,0,1,26.61,9.66,0,0
,EL CHIVO dF/dt,\VM-PF.IntUser\PDD 30-09-2025.IntPrj\Network Model.IntPrjfolder\Network Data.IntPrjfolder\NORTE 69 kV.ElmNet\ZECHIF.ElmSubstat\WECHIF(2).ElmTerm\WBECHIF(2).StaCubic\EL CHIVO dF/dt.ElmRelay,,EDN 3 dF/dt,0.0,-2.0,0.0,1,,0,0,WECHIF(2),,69.0,WBECHIF(2),,Demanda 1 El Chivo,ElmLod,ZECHIF-D1,0,1,26.61,9.66,0,0
,EL CHIVO dF/dt,\VM-PF.IntUser\PDD 30-09-2025.IntPrj\Network Model.IntPrjfolder\Network Data.IntPrjfolder\NORTE 69 kV.ElmNet\ZECHIF.ElmSubstat\WECHIF(2).ElmTerm\WBECHIF(2).StaCubic\EL CHIVO dF/dt.ElmRelay,,EDN 4 F<,59.0,0.0,0.0,1,,0,0,WECHIF(2),,69.0,WBECHIF(2),,Demanda 1 El Chivo,ElmLod,ZECHIF-D1,0,1,26.61,9.66,0,0
,EL CHIVO dF/dt,\VM-PF.IntUser\PDD 30-09-2025.IntPrj\Network Model.IntPrjfolder\Network Data.IntPrjfolder\NORTE 69 kV.ElmNet\ZECHIF.ElmSubstat\WECHIF(2).ElmTerm\WBECHIF(2).StaCubic\EL CHIVO dF/dt.ElmRelay,,EDN 4 Start-dF/dt,59.0,0.0,0.0,1,,0,0,WECHIF(2),,69.0,WBECHIF(2),,Demanda 1 El Chivo,ElmLod,ZECHIF-D1,0,1,26.61,9.66,0,0
,EL CHIVO dF/dt,\VM-PF.IntUser\PDD 30-09-2025.IntPrj\Network Model.IntPrjfolder\Network Data.IntPrjfolder\NORTE 69 kV.ElmNet\ZECHIF.ElmSubstat\WECHIF(2).ElmTerm\WBECHIF(2).StaCubic\EL CHIVO dF/dt.ElmRelay,,EDN 4 dF/dt,0.0,-2.0,0.0,1,,0,0,WECHIF(2),,69.0,WBECHIF(2),,Demanda 1 El Chivo,ElmLod,ZECHIF-D1,0,1,26.61,9.66,0,0
,EL CHIVO dF/dt,\VM-PF.IntUser\PDD 30-09-2025.IntPrj\Network Model.IntPrjfolder\Network Data.IntPrjfolder\NORTE 69 kV.ElmNet\ZECHIF.ElmSubstat\WECHIF(2).ElmTerm\WBECHIF(2).StaCubic\EL CHIVO dF/dt.ElmRelay,,EDN 5 F<,58.900001525878906,0.0,0.0,1,,0,0,WECHIF(2),,69.0,WBECHIF(2),,Demanda 1 El Chivo,ElmLod,ZECHIF-D1,0,1,26.61,9.66,0,0
,EL CHIVO dF/dt,\VM-PF.IntUser\PDD 30-09-2025.IntPrj\Network Model.IntPrjfolder\Network Data.IntPrjfolder\NORTE 69 kV.ElmNet\ZECHIF.ElmSubstat\WECHIF(2).ElmTerm\WBECHIF(2).StaCubic\EL CHIVO dF/dt.ElmRelay,,EDN 5 Start-dF/dt,58.900001525878906,0.0,0.0,1,,0,0,WECHIF(2),,69.0,WBECHIF(2),,Demanda 1 El Chivo,ElmLod,ZECHIF-D1,0,1,26.61,9.66,0,0
,EL CHIVO dF/dt,\VM-PF.IntUser\PDD 30-09-2025.IntPrj\Network Model.IntPrjfolder\Network Data.IntPrjfolder\NORTE 69 kV.ElmNet\ZECHIF.ElmSubstat\WECHIF(2).ElmTerm\WBECHIF(2).StaCubic\EL CHIVO dF/dt.ElmRelay,,EDN 5 dF/dt,0.0,-2.0,0.0,1,,0,0,WECHIF(2),,69.0,WBECHIF(2),,Demanda 1 El Chivo,ElmLod,ZECHIF-D1,0,1,26.61,9.66,0,0
,EL CHIVO dF/dt,\VM-PF.IntUser\PDD 30-09-2025.IntPrj\Network Model.IntPrjfolder\Network Data.IntPrjfolder\NORTE 69 kV.ElmNet\ZECHIF.ElmSubstat\WECHIF(2).ElmTerm\WBECHIF(2).StaCubic\EL CHIVO dF/dt.ElmRelay,,EDN 6 F<,58.79999923706055,0.0,0.0,1,,0,0,WECHIF(2),,69.0,WBECHIF(2),,Demanda 1 El Chivo,ElmLod,ZECHIF-D1,0,1,26.61,9.66,0,0
,EL CHIVO dF/dt,\VM-PF.IntUser\PDD 30-09-2025.IntPrj\Network Model.IntPrjfolder\Network Data.IntPrjfolder\NORTE 69 kV.ElmNet\ZECHIF.ElmSubstat\WECHIF(2).ElmTerm\WBECHIF(2).StaCubic\EL CHIVO dF/dt.ElmRelay,,EDN 6 Start-dF/dt,58.79999923706055,0.0,0.0,1,,0,0,WECHIF(2),,69.0,WBECHIF(2),,Demanda 1 El Chivo,ElmLod,ZECHIF-D1,0,1,26.61,9.66,0,0
,EL CHIVO dF/dt,\VM-PF.IntUser\PDD 30-09-2025.IntPrj\Network Model.IntPrjfolder\Network Data.IntPrjfolder\NORTE 69 kV.ElmNet\ZECHIF.ElmSubstat\WECHIF(2).ElmTerm\WBECHIF(2).StaCubic\EL CHIVO dF/dt.ElmRelay,,EDN 6 dF/dt,0.0,-2.0,0.0,1,,0,0,WECHIF(2),,69.0,WBECHIF(2),,Demanda 1 El Chivo,ElmLod,ZECHIF-D1,0,1,26.61,9.66,0,0
,RINCON >f,\VM-PF.IntUser\PDD 30-09-2025.IntPrj\Network Model.IntPrjfolder\Network Data.IntPrjfolder\NORTE 69 kV.ElmNet\Rincón.ElmSite\Terminal Rincón.ElmTerm\WRINCK.StaCubic\RINCON >f.ElmRelay,,F>,62.0,0.0,0.05000000074505806,1,,1,0,Terminal Rincón,WRINCK,12.5,WRINCK,G3RINCON-Q1,Rincón,ElmSym,G3RINCON,0,0,0,0,0,0
,RINCON >f,\VM-PF.IntUser\PDD 30-09-2025.IntPrj\Network Model.IntPrjfolder\Network Data.IntPrjfolder\NORTE 69 kV.ElmNet\Rincón.ElmSite\Terminal Rincón.ElmTerm\WRINCK.StaCubic\RINCON >f.ElmRelay,,dFdt,0.0,0.0,0.0,1,,1,0,Terminal Rincón,WRINCK,12.5,WRINCK,G3RINCON-Q1,Rincón,ElmSym,G3RINCON,0,0,0,0,0,0
,RINCON <f,\VM-PF.IntUser\PDD 30-09-2025.IntPrj\Network Model.IntPrjfolder\Network Data.IntPrjfolder\NORTE 69 kV.ElmNet\Rincón.ElmSite\Terminal Rincón.ElmTerm\WRINCK.StaCubic\RINCON <f.ElmRelay,,F<,58.0,0.0,0.05000000074505806,1,,1,0,Terminal Rincón,WRINCK,12.5,WRINCK,G3RINCON-Q1,Rincón,ElmSym,G3RINCON,0,0,0,0,0,0
,NAGUA,\VM-PF.IntUser\PDD 30-09-2025.IntPrj\Network Model.IntPrjfolder\Network Data.IntPrjfolder\NORTE 69 kV.ElmNet\Nagua/Rosa Julia de la Cruz.ElmSite\ZNAGUF.ElmSubstat\WNAGUF(1).ElmTerm\WBNAGUF(1).StaCubic\NAGUA.ElmRelay,,EDN 1 F<,59.29999923706055,0.0,0.10000000149011612,1,,1,0,WNAGUF(1),,69.0,WBNAGUF(1),,Demanda Nagua,ElmLod,ZNAGUF-D1,0,1,21.34,7.89,0,0
,NAGUA,\VM-PF.IntUser\PDD 30-09-2025.IntPrj\Network Model.IntPrjfolder\Network Data.IntPrjfolder\NORTE 69 kV.ElmNet\Nagua/Rosa Julia de la Cruz.ElmSite\ZNAGUF.ElmSubstat\WNAGUF(1).ElmTerm\WBNAGUF(1).StaCubic\NAGUA.ElmRelay,,EDN 2 F<,59.20000076293945,0.0,0.10000000149011612,0,,1,0,WNAGUF(1),,69.0,WBNAGUF(1),,Demanda Nagua,ElmLod,ZNAGUF-D1,0,1,21.34,7.89,0,0
,NAGUA,\VM-PF.IntUser\PDD 30-09-2025.IntPrj\Network Model.IntPrjfolder\Network Data.IntPrjfolder\NORTE 69 kV.ElmNet\Nagua/Rosa Julia de la Cruz.ElmSite\ZNAGUF.ElmSubstat\WNAGUF(1).ElmTerm\WBNAGUF(1).StaCubic\NAGUA.ElmRelay,,EDN 3 F<,59.099998474121094,0.0,0.10000000149011612,1,,1,0,WNAGUF(1),,69.0,WBNAGUF(1),,Demanda Nagua,ElmLod,ZNAGUF-D1,0,1,21.34,7.89,0,0
,NAGUA,\VM-PF.IntUser\PDD 30-09-2025.IntPrj\Network Model.IntPrjfolder\Network Data.IntPrjfolder\NORTE 69 kV.ElmNet\Nagua/Rosa Julia de la Cruz.ElmSite\ZNAGUF.ElmSubstat\WNAGUF(1).ElmTerm\WBNAGUF(1).StaCubic\NAGUA.ElmRelay,,EDN 4 F<,59.0,0.0,0.10000000149011612,1,,1,0,WNAGUF(1),,69.0,WBNAGUF(1),,Demanda Nagua,ElmLod,ZNAGUF-D1,0,1,21.34,7.89,0,0
,NAGUA,\VM-PF.IntUser\PDD 30-09-2025.IntPrj\Network Model.IntPrjfolder\Network Data.IntPrjfolder\NORTE 69 kV.ElmNet\Nagua/Rosa Julia de la Cruz.ElmSite\ZNAGUF.ElmSubstat\WNAGUF(1).ElmTerm\WBNAGUF(1).StaCubic\NAGUA.ElmRelay,,EDN 5 F<,58.900001525878906,0.0,0.10000000149011612,1,,1,0,WNAGUF(1),,69.0,WBNAGUF(1),,Demanda Nagua,ElmLod,ZNAGUF-D1,0,1,21.34,7.89,0,0
,NAGUA,\VM-PF.IntUser\PDD 30-09-2025.IntPrj\Network Model.IntPrjfolder\Network Data.IntPrjfolder\NORTE 69 kV.ElmNet\Nagua/Rosa Julia de la Cruz.ElmSite\ZNAGUF.ElmSubstat\WNAGUF(1).ElmTerm\WBNAGUF(1).StaCubic\NAGUA.ElmRelay,,EDN 6 F<,58.79999923706055,0.0,0.10000000149011612,1,,1,0,WNAGUF(1),,69.0,WBNAGUF(1),,Demanda Nagua,ElmLod,ZNAGUF-D1,0,1,21.34,7.89,0,0
,LA VEGA 1 >f,\VM-PF.IntUser\PDD 30-09-2025.IntPrj\Network Model.IntPrjfolder\Network Data.IntPrjfolder\NORTE 69 kV.ElmNet\Diésel La Vega.ElmSite\ZGVEGF.ElmSubstat\R2.ElmTerm\Cub_1.StaCubic\LA VEGA 1 >f.ElmRelay,,F>,62.0,0.0,0.10000000149011612,1,,1,0,R2,,69.0,Cub_1,,69/13.8 kV Transformador La Vega Grupo 1,ElmTr2,WGVEBF_WLVE1K-T1,1,0,0,0,0,0
,LA VEGA 1 >f,\VM-PF.IntUser\PDD 30-09-2025.IntPrj\Network Model.IntPrjfolder\Network Data.IntPrjfolder\NORTE 69 kV.ElmNet\Diésel La Vega.ElmSite\ZGVEGF.ElmSubstat\R2.ElmTerm\Cub_1.StaCubic\LA VEGA 1 >f.ElmRelay,,dFdt,0.0,0.0,0.0,1,,1,0,R2,,69.0,Cub_1,,69/13.8 kV Transformador La Vega Grupo 1,ElmTr2,WGVEBF_WLVE1K-T1,1,0,0,0,0,0
,LA VEGA 1 <f,\VM-PF.IntUser\PDD 30-09-2025.IntPrj\Network Model.IntPrjfolder\Network Data.IntPrjfolder\NORTE 69 kV.ElmNet\Diésel La Vega.ElmSite\ZGVEGF.ElmSubstat\R2.ElmTerm\Cub_1.StaCubic\LA VEGA 1 <f.ElmRelay,,F<,58.0,0.0,0.10000000149011612,1,,1,0,R2,,69.0,Cub_1,,69/13.8 kV Transformador La Vega Grupo 1,ElmTr2,WGVEBF_WLVE1K-T1,1,0,0,0,0,0
,LA VEGA 2 >f,\VM-PF.IntUser\PDD 30-09-2025.IntPrj\Network Model.IntPrjfolder\Network Data.IntPrjfolder\NORTE 69 kV.ElmNet\Diésel La Vega.ElmSite\ZGVEGF.ElmSubstat\L2.ElmTerm\Cub_1.StaCubic\LA VEGA 2 >f.ElmRelay,,F>,62.0,0.0,0.10000000149011612,1,,1,0,L2,,69.0,Cub_1,,69/13.8 kV Transformador La Vega Grupo 2,ElmTr2,WGVEGF_WLVE2K-T1,1,0,0,0,0,0
,LA VEGA 2 >f,\VM-PF.IntUser\PDD 30-09-2025.IntPrj\Network Model.IntPrjfolder\Network Data.IntPrjfolder\NORTE 69 kV.ElmNet\Diésel La Vega.ElmSite\ZGVEGF.ElmSubstat\L2.ElmTerm\Cub_1.StaCubic\LA VEGA 2 >f.ElmRelay,,dFdt,0.0,0.0,0.0,1,,1,0,L2,,69.0,Cub_1,,69/13.8 kV Transformador La Vega Grupo 2,ElmTr2,WGVEGF_WLVE2K-T1,1,0,0,0,0,0
,LA VEGA 2 <f,\VM-PF.IntUser\PDD 30-09-2025.IntPrj\Network Model.IntPrjfolder\Network Data.IntPrjfolder\NORTE 69 kV.ElmNet\Diésel La Vega.ElmSite\ZGVEGF.ElmSubstat\L2.ElmTerm\Cub_1.StaCubic\LA VEGA 2 <f.ElmRelay,,F<,58.0,0.0,0.10000000149011612,1,,1,0,L2,,69.0,Cub_1,,69/13.8 kV Transformador La Vega Grupo 2,ElmTr2,WGVEGF_WLVE2K-T1,1,0,0,0,0,0
,BONAO PER,\VM-PF.IntUser\PDD 30-09-2025.IntPrj\Network Model.IntPrjfolder\Network Data.IntPrjfolder\NORTE 69 kV.ElmNet\Bonao PER/Anaiana Vargas.ElmSite\ZBPERF.ElmSubstat\WBPERF(6).ElmTerm\WBBOPEF(1).StaCubic\BONAO PER.ElmRelay,,EDN 1 F<,59.29999923706055,0.0,0.10000000149011612,1,,0,0,WBPERF(6),,69.0,WBBOPEF(1),,Demanda Bonao PER,ElmLod,ZBPERF-D1,0,1,19.71,6.48,0,0
,BONAO PER,\VM-PF.IntUser\PDD 30-09-2025.IntPrj\Network Model.IntPrjfolder\Network Data.IntPrjfolder\NORTE 69 kV.ElmNet\Bonao PER/Anaiana Vargas.ElmSite\ZBPERF.ElmSubstat\WBPERF(6).ElmTerm\WBBOPEF(1).StaCubic\BONAO PER.ElmRelay,,EDN 2 F<,59.20000076293945,0.0,0.10000000149011612,1,,0,0,WBPERF(6),,69.0,WBBOPEF(1),,Demanda Bonao PER,ElmLod,ZBPERF-D1,0,1,19.71,6.48,0,0
,BONAO PER,\VM-PF.IntUser\PDD 30-09-2025.IntPrj\Network Model.IntPrjfolder\Network Data.IntPrjfolder\NORTE 69 kV.ElmNet\Bonao PER/Anaiana Vargas.ElmSite\ZBPERF.ElmSubstat\WBPERF(6).ElmTerm\WBBOPEF(1).StaCubic\BONAO PER.ElmRelay,,EDN 3 F<,59.099998474121094,0.0,0.10000000149011612,1,,0,0,WBPERF(6),,69.0,WBBOPEF(1),,Demanda Bonao PER,ElmLod,ZBPERF-D1,0,1,19.71,6.48,0,0
,BONAO PER,\VM-PF.IntUser\PDD 30-09-2025.IntPrj\Network Model.IntPrjfolder\Network Data.IntPrjfolder\NORTE 69 kV.ElmNet\Bonao PER/Anaiana Vargas.ElmSite\ZBPERF.ElmSubstat\WBPERF(6).ElmTerm\WBBOPEF(1).StaCubic\BONAO PER.ElmRelay,,EDN 4 F<,59.0,0.0,0.10000000149011612,1,,0,0,WBPERF(6),,69.0,WBBOPEF(1),,Demanda Bonao PER,ElmLod,ZBPERF-D1,0,1,19.71,6.48,0,0
,BONAO PER,\VM-PF.IntUser\PDD 30-09-2025.IntPrj\Network Model.IntPrjfolder\Network Data.IntPrjfolder\NORTE 69 kV.ElmNet\Bonao PER/Anaiana Vargas.ElmSite\ZBPERF.ElmSubstat\WBPERF(6).ElmTerm\WBBOPEF(1).StaCubic\BONAO PER.ElmRelay,,EDN 5 F<,58.900001525878906,0.0,0.10000000149011612,1,,0,0,WBPERF(6),,69.0,WBBOPEF(1),,Demanda Bonao PER,ElmLod,ZBPERF-D1,0,1,19.71,6.48,0,0
,BONAO PER,\VM-PF.IntUser\PDD 30-09-2025.IntPrj\Network Model.IntPrjfolder\Network Data.IntPrjfolder\NORTE 69 kV.ElmNet\Bonao PER/Anaiana Vargas.ElmSite\ZBPERF.ElmSubstat\WBPERF(6).ElmTerm\WBBOPEF(1).StaCubic\BONAO PER.ElmRelay,,EDN 6 F<,58.79999923706055,0.0,0.10000000149011612,0,,0,1,WBPERF(6),,69.0,WBBOPEF(1),,Demanda Bonao PER,ElmLod,ZBPERF-D1,0,1,19.71,6.48,0,0
,CEPP 1 >f,\VM-PF.IntUser\PDD 30-09-2025.IntPrj\Network Model.IntPrjfolder\Network Data.IntPrjfolder\NORTE 69 kV.ElmNet\ZPPLAF.ElmSubstat\4.ElmTerm\Cub_1.StaCubic\CEPP 1 >f.ElmRelay,,F>,63.0,0.0,2.0,1,,1,0,4,,69.0,Cub_1,,,,,0,0,0,0,0,0
,CEPP 1 >f,\VM-PF.IntUser\PDD 30-09-2025.IntPrj\Network Model.IntPrjfolder\Network Data.IntPrjfolder\NORTE 69 kV.ElmNet\ZPPLAF.ElmSubstat\4.ElmTerm\Cub_1.StaCubic\CEPP 1 >f.ElmRelay,,dFdt,0.0,0.0,0.0,1,,1,0,4,,69.0,Cub_1,,,,,0,0,0,0,0,0
,CEPP 1 <f,\VM-PF.IntUser\PDD 30-09-2025.IntPrj\Network Model.IntPrjfolder\Network Data.IntPrjfolder\NORTE 69 kV.ElmNet\ZPPLAF.ElmSubstat\4.ElmTerm\Cub_1.StaCubic\CEPP 1 <f.ElmRelay,,F<,57.0,0.0,2.0,1,,1,0,4,,69.0,Cub_1,,,,,0,0,0,0,0,0
,PUERTO PLATA,\VM-PF.IntUser\PDD 30-09-2025.IntPrj\Network Model.IntPrjfolder\Network Data.IntPrjfolder\NORTE 69 kV.ElmNet\ZPPLAF.ElmSubstat\5.ElmTerm\Cub_1.StaCubic\PUERTO PLATA.ElmRelay,,EDN 1 F<,59.29999923706055,0.0,0.10000000149011612,0,,0,1,5,,69.0,Cub_1,,Demanda Puerto Plata,ElmLod,ZPPLAF-D1,0,1,24.08,8.74,0,0
,PUERTO PLATA,\VM-PF.IntUser\PDD 30-09-2025.IntPrj\Network Model.IntPrjfolder\Network Data.IntPrjfolder\NORTE 69 kV.ElmNet\ZPPLAF.ElmSubstat\5.ElmTerm\Cub_1.StaCubic\PUERTO PLATA.ElmRelay,,EDN 2 F<,59.20000076293945,0.0,0.10000000149011612,1,,0,0,5,,69.0,Cub_1,,Demanda Puerto Plata,ElmLod,ZPPLAF-D1,0,1,24.08,8.74,0,0
,PUERTO PLATA,\VM-PF.IntUser\PDD 30-09-2025.IntPrj\Network Model.IntPrjfolder\Network Data.IntPrjfolder\NORTE 69 kV.ElmNet\ZPPLAF.ElmSubstat\5.ElmTerm\Cub_1.StaCubic\PUERTO PLATA.ElmRelay,,EDN 3 F<,59.099998474121094,0.0,0.10000000149011612,1,,0,0,5,,69.0,Cub_1,,Demanda Puerto Plata,ElmLod,ZPPLAF-D1,0,1,24.08,8.74,0,0
,PUERTO PLATA,\VM-PF.IntUser\PDD 30-09-2025.IntPrj\Network Model.IntPrjfolder\Network Data.IntPrjfolder\NORTE 69 kV.ElmNet\ZPPLAF.ElmSubstat\5.ElmTerm\Cub_1.StaCubic\PUERTO PLATA.ElmRelay,,EDN 4 F<,59.0,0.0,0.10000000149011612,1,,0,0,5,,69.0,Cub_1,,Demanda Puerto Plata,ElmLod,ZPPLAF-D1,0,1,24.08,8.74,0,0
,PUERTO PLATA,\VM-PF.IntUser\PDD 30-09-2025.IntPrj\Network Model.IntPrjfolder\Network Data.IntPrjfolder\NORTE 69 kV.ElmNet\ZPPLAF.ElmSubstat\5.ElmTerm\Cub_1.StaCubic\PUERTO PLATA.ElmRelay,,EDN 5 F<,58.900001525878906,0.0,0.10000000149011612,0,,0,1,5,,69.0,Cub_1,,Demanda Puerto Plata,ElmLod,ZPPLAF-D1,0,1,24.08,8.74,0,0
,PUERTO PLATA,\VM-PF.IntUser\PDD 30-09-2025.IntPrj\Network Model.IntPrjfolder\Network Data.IntPrjfolder\NORTE 69 kV.ElmNet\ZPPLAF.ElmSubstat\5.ElmTerm\Cub_1.StaCubic\PUERTO PLATA.ElmRelay,,EDN 6 F<,58.79999923706055,0.0,0.10000000149011612,1,,0,0,5,,69.0,Cub_1,,Demanda Puerto Plata,ElmLod,ZPPLAF-D1,0,1,24.08,8.74,0,0
,LA VEGA,\VM-PF.IntUser\PDD 30-09-2025.IntPrj\Network Model.IntPrjfolder\Network Data.IntPrjfolder\NORTE 69 kV.ElmNet\ZLVEGF.ElmSubstat\3.ElmTerm\Cub_1.StaCubic\LA VEGA.ElmRelay,,EDN 1 F<,59.29999923706055,0.0,0.10000000149011612,1,,0,0,3,,69.0,Cub_1,,Demanda La Vega,ElmLod,ZLVEGF-D1,0,1,21.26,5.91,0,0
,LA VEGA,\VM-PF.IntUser\PDD 30-09-2025.IntPrj\Network Model.IntPrjfolder\Network Data.IntPrjfolder\NORTE 69 kV.ElmNet\ZLVEGF.ElmSubstat\3.ElmTerm\Cub_1.StaCubic\LA VEGA.ElmRelay,,EDN 2 F<,59.20000076293945,0.0,0.10000000149011612,1,,0,0,3,,69.0,Cub_1,,Demanda La Vega,ElmLod,ZLVEGF-D1,0,1,21.26,5.91,0,0
,LA VEGA,\VM-PF.IntUser\PDD 30-09-2025.IntPrj\Network Model.IntPrjfolder\Network Data.IntPrjfolder\NORTE 69 kV.ElmNet\ZLVEGF.ElmSubstat\3.ElmTerm\Cub_1.StaCubic\LA VEGA.ElmRelay,,EDN 3 F<,59.099998474121094,0.0,0.10000000149011612,1,,0,0,3,,69.0,Cub_1,,Demanda La Vega,ElmLod,ZLVEGF-D1,0,1,21.26,5.91,0,0
,LA VEGA,\VM-PF.IntUser\PDD 30-09-2025.IntPrj\Network Model.IntPrjfolder\Network Data.IntPrjfolder\NORTE 69 kV.ElmNet\ZLVEGF.ElmSubstat\3.ElmTerm\Cub_1.StaCubic\LA VEGA.ElmRelay,,EDN 4 F<,59.0,0.0,0.10000000149011612,0,,0,1,3,,69.0,Cub_1,,Demanda La Vega,ElmLod,ZLVEGF-D1,0,1,21.26,5.91,0,0
,LA VEGA,\VM-PF.IntUser\PDD 30-09-2025.IntPrj\Network Model.IntPrjfolder\Network Data.IntPrjfolder\NORTE 69 kV.ElmNet\ZLVEGF.ElmSubstat\3.ElmTerm\Cub_1.StaCubic\LA VEGA.ElmRelay,,EDN 5 F<,58.900001525878906,0.0,0.10000000149011612,0,,0,1,3,,69.0,Cub_1,,Demanda La Vega,ElmLod,ZLVEGF-D1,0,1,21.26,5.91,0,0
,LA VEGA,\VM-PF.IntUser\PDD 30-09-2025.IntPrj\Network Model.IntPrjfolder\Network Data.IntPrjfolder\NORTE 69 kV.ElmNet\ZLVEGF.ElmSubstat\3.ElmTerm\Cub_1.StaCubic\LA VEGA.ElmRelay,,EDN 6 F<,58.79999923706055,0.0,0.10000000149011612,1,,0,0,3,,69.0,Cub_1,,Demanda La Vega,ElmLod,ZLVEGF-D1,0,1,21.26,5.91,0,0
,LA VEGA,\VM-PF.IntUser\PDD 30-09-2025.IntPrj\Network Model.IntPrjfolder\Network Data.IntPrjfolder\NORTE 69 kV.ElmNet\ZLVEGF.ElmSubstat\1(2).ElmTerm\Cub_1.StaCubic\LA VEGA.ElmRelay,,EDN 1 F<,59.29999923706055,0.0,0.10000000149011612,1,,0,0,1(2),,69.0,Cub_1,,,,,0,0,0,0,0,0
,LA VEGA,\VM-PF.IntUser\PDD 30-09-2025.IntPrj\Network Model.IntPrjfolder\Network Data.IntPrjfolder\NORTE 69 kV.ElmNet\ZLVEGF.ElmSubstat\1(2).ElmTerm\Cub_1.StaCubic\LA VEGA.ElmRelay,,EDN 2 F<,59.20000076293945,0.0,0.10000000149011612,1,,0,0,1(2),,69.0,Cub_1,,,,,0,0,0,0,0,0
,LA VEGA,\VM-PF.IntUser\PDD 30-09-2025.IntPrj\Network Model.IntPrjfolder\Network Data.IntPrjfolder\NORTE 69 kV.ElmNet\ZLVEGF.ElmSubstat\1(2).ElmTerm\Cub_1.StaCubic\LA VEGA.ElmRelay,,EDN 3 F<,59.099998474121094,0.0,0.10000000149011612,1,,0,0,1(2),,69.0,Cub_1,,,,,0,0,0,0,0,0
,LA VEGA,\VM-PF.IntUser\PDD 30-09-2025.IntPrj\Network Model.IntPrjfolder\Network Data.IntPrjfolder\NORTE 69 kV.ElmNet\ZLVEGF.ElmSubstat\1(2).ElmTerm\Cub_1.StaCubic\LA VEGA.ElmRelay,,EDN 4 F<,59.0,0.0,0.10000000149011612,0,,0,1,1(2),,69.0,Cub_1,,,,,0,0,0,0,0,0
,LA VEGA,\VM-PF.IntUser\PDD 30-09-2025.IntPrj\Network Model.IntPrjfolder\Network Data.IntPrjfolder\NORTE 69 kV.ElmNet\ZLVEGF.ElmSubstat\1(2).ElmTerm\Cub_1.StaCubic\LA VEGA.ElmRelay,,EDN 5 F<,58.900001525878906,0.0,0.10000000149011612,0,,0,1,1(2),,69.0,Cub_1,,,,,0,0,0,0,0,0
,LA VEGA,\VM-PF.IntUser\PDD 30-09-2025.IntPrj\Network Model.IntPrjfolder\Network Data.IntPrjfolder\NORTE 69 kV.ElmNet\ZLVEGF.ElmSubstat\1(2).ElmTerm\Cub_1.StaCubic\LA VEGA.ElmRelay,,EDN 6 F<,58.79999923706055,0.0,0.10000000149011612,1,,0,0,1(2),,69.0,Cub_1,,,,,0,0,0,0,0,0
