escenario,clase,for_name,loc_name,barra_for_name,P_desp_MW,Q_desp_Mvar,U_consigna_pu,modo_ctrl_av,num_unidades,outserv,ref_slack
P01,sym,G4PALAM3,Palamara Grupo 3,,1.8279000520706177,0.0,0.9900000095367432,constv,4,0,0
P01,sym,G4PALAM2,Palamara Grupo 2,,10.766400337219238,0.0,1.0,constv,2,0,0
P01,sym,G4PALAM1,Palamara Grupo 1,,10.766400337219238,0.0,0.9900000095367432,constv,4,0,0
P01,sym,G4IKM22,INCA km 22 Grupo 1,,4.331200122833252,0.0,1.0,constq,2,0,0
P01,sym,G5IKM22,INCA km 22 Grupo 2,,5.737599849700928,0.0,1.0,constq,1,0,0
P01,sym,G5EMA3G1,EDM3 TG1,WEM31K,48.66667175292969,0.0,1.0,constv,1,0,0
P01,sym,G5EMA3G2,EDM3 TG2,WEM32K,48.66667175292969,0.0,1.0,constv,1,0,0
P01,sym,G5EMAR3V,EDM3 TV,WEM33K,48.66667175292969,0.0,1.0,constv,1,0,0
P01,sym,G4Q1SPED,Quisqueya 1 San Pedro,,16.487499237060547,0.0,1.0,constv,4,0,0
P01,sym,G4QUIS12,Quisqueya 1 Grupo 2,,17.076000213623047,0.0,1.0,constv,4,0,0
P01,sym,G4QUIS21,Quisqueya 2 Grupo 1,,17.076000213623047,0.0,1.0,constv,4,0,0
P01,sym,G4QUIS22,Quisqueya 2 Grupo 2,,17.076000213623047,0.0,1.0,constv,4,0,0
P01,sym,G4QUIS23,Quisqueya 2 Grupo 3,,8.285499572753906,0.0,1.0,constv,4,0,0
P01,sym,G5QUISQ2,Quisqueya 2 TV,,1.000000013351432e-10,0.0,1.0,constq,1,1,0
P01,sym,G4QUIS13,Quisqueya 1 Grupo 3,,17.076000213623047,0.0,1.0,constv,4,0,0
P01,sym,G5QUISQ1,Quisqueya 1 TV,,8.892000198364258,0.0,1.0,constv,1,0,0
P01,sym,G3PCATA1,Punta Catalina 1,WPCA1K,339.989990234375,164.66468811035156,1.0499999523162842,constv,1,0,1
P01,sym,G3PCATA2,Punta Catalina 2,WPCA2K,359.989990234375,174.3511199951172,1.0499999523162842,constv,1,0,0
P01,sym,G4SESTE3,Sultana del Este Grupo 3,WSES3K,1.000000013351432e-10,6.00007751816456e-11,1.0,constv,3,1,0
P01,sym,G4SESTE1,Sultana del Este Grupo 1,WSES1K,14.5,0.0,1.0,constv,3,0,0
P01,sym,G4SESTE2,Sultana del Este Grupo 2,WSES2K,1.000000013351432e-10,0.0,1.0,constv,4,1,0
P01,sym,G3CESPM3,CESPM 3,WCES3K,87.30000305175781,0.0,1.0299999713897705,constv,1,0,0
P01,sym,G3CESPM2,CESPM 2,WCES2K,87.30000305175781,0.0,1.0199999809265137,constv,1,0,0
P01,sym,G3CESPM1,CESPM 1,WCES1K,87.30000305175781,0.0,1.0199999809265137,constv,1,0,0
P01,sym,G3ENE4TG,ENERGAS 4 TG,WXEN4K,10.0,0.0,1.0199999809265137,constv,1,0,0
P01,sym,G3ENE4TV,ENERGAS 4 TV,WXEV4K,1.000000013351432e-10,0.0,1.0199999809265137,constv,1,1,0
P01,sym,G3BERSAL,Bersal,,1.909999966621399,0.0,1.0,constq,4,0,0
P01,sym,G4LOPPL1,Los Orígenes Power Plant Grupo 1,WLORIK,2.130000114440918,0.0,1.0,constq,3,0,0
P01,sym,G4LOPPL2,Los Orígenes Power Plant Grupo 2,WLORIK,17.18000030517578,0.0,1.0490000247955322,constv,2,0,0
P01,sym,G3SPBIOE,San Pedro Bio-Energy,,30.0,14.529670715332031,1.0499999523162842,constv,1,0,0
P01,sym,G3CEMON2,Contra Embalse Monción 2,WCEMOK,0.75,0.36324170231819153,1.0,constq,1,0,0
P01,sym,G3CEMON1,Contra Embalse Monción 1,WCEMOK,0.75,0.36324170231819153,1.0800000429153442,constq,1,0,0
P01,sym,G3MONCI2,Monción 2,WMONCK,1.000000013351432e-10,0.0,1.0,constv,1,1,0
P01,sym,G3MONCI1,Monción 1,WMONCK,21.8700008392334,0.0,1.0,constq,1,0,0
P01,sym,G3PIMEN3,Pimentel 3,WPIM3K,8.526670455932617,0.0,1.0,constq,3,0,0
P01,sym,G3PIMEN2,Pimentel 2,,3.944999933242798,0.0,1.0,constv,4,0,0
P01,sym,G3PIMEN1,Pimentel 1,,3.055000066757202,0.0,1.0,constv,4,0,0
P01,sym,G3LANGOS,López Angostura,WLANGK,4.0,0.0,1.0,constv,1,0,0
P01,sym,G3BAIGU2,Baiguaque 2,WBAI1K,1.000000013351432e-10,3.2868412852549156e-11,1.0,constq,1,1,0
P01,sym,G3BAIGU1,Baiguaque 1,WBAI1K,0.10000000149011612,0.04843222349882126,1.0,constq,1,0,0
P01,sym,G3TAVER2,Tavera 2,WTAV2K,1.000000013351432e-10,0.0,1.0,constq,1,1,0
P01,sym,G3TAVER1,Tavera 1,WTAV1K,1.000000013351432e-10,0.0,1.0,constv,1,1,0
P01,sym,G3SFELIG,San Felipe TG,,1.000000013351432e-10,0.0,1.0,constv,1,1,0
P01,sym,G3SFV,San Felipe Vapor,WSFEVK,1.000000013351432e-10,0.0,1.0,constv,1,1,0
P01,sym,G3PIMEN4,Pimentel 4,WXPI4K,17.55500030517578,0.0,1.0,constv,2,0,0
P01,sym,G3LTORO1,Los Toros 1,WLTO1K,1.000000013351432e-10,6.00007751816456e-11,1.0,constq,1,1,0
P01,sym,G3LTORO2,Los Toros 2,WLTO1K,1.000000013351432e-10,3.2868412852549156e-11,1.0,constq,1,1,0
P01,sym,G3NNAJAY,Nizao Najayo,WXNNAK,1.000000013351432e-10,4.843220963168804e-11,1.0,constq,1,1,0
P01,sym,G3LANONE,Los Anones,WXLANK,1.000000013351432e-10,4.843220963168804e-11,1.0,constq,1,1,0
P01,sym,G3SYEGUA,Sabana Yegua,WSYEGK,1.000000013351432e-10,0.0,1.0,constv,1,1,0
P01,sym,G3SABANE,Sabaneta,WSABAK,1.000000013351432e-10,0.0,1.0,constv,1,1,0
P01,sym,G3MAGUE2,Magueyal 2,WMAGUK,1.000000013351432e-10,4.843220963168804e-11,1.0,constq,1,1,0
P01,sym,G3MAGUE1,Magueyal 1,WMAGUK,1.000000013351432e-10,4.843220963168804e-11,1.0,constq,1,1,0
P01,sym,G3LDAMAS,Las Damas,,1.840000033378601,1.140329360961914,1.0,constq,1,0,0
P01,sym,G3DRODR2,Domingo Rodríguez 2,WDRODL,1.000000013351432e-10,3.2868412852549156e-11,1.0,constq,1,1,0
P01,sym,G3DRODR1,Domingo Rodríguez 1,WDRODL,1.000000013351432e-10,3.2868412852549156e-11,1.0,constq,1,1,0
P01,sym,G3HTG,Haina TG,WHAIGK,1.000000013351432e-10,0.0,1.0,constq,1,1,0
P01,sym,G3VALDE2,Valdesia 2,WVAL2K,1.000000013351432e-10,0.0,1.0,constq,1,1,0
P01,sym,G3VALDE1,Valdesia 1,WVAL1K,1.000000013351432e-10,0.0,1.0,constv,1,1,0
P01,sym,G3LBARIA,Las Barías,WLBARK,1.000000013351432e-10,4.843220963168804e-11,1.0,constq,1,1,0
P01,sym,G3BCARBO,Barahona Carbón,WBCARK,50.0,0.0,1.0,constv,1,0,0
P01,sym,G3JIGUE2,Jigüey 2,WJIG2K,1.000000013351432e-10,0.0,1.0,constv,1,1,0
P01,sym,G3JIGUE1,Jigüey 1,WJIG1K,1.000000013351432e-10,0.0,1.0,constv,1,1,0
P01,sym,G3AGUAC2,Aguacate 2,WAGU2K,1.000000013351432e-10,0.0,1.0,constq,1,1,0
P01,sym,G3AGUAC1,Aguacate 1,WAGU1K,26.0,0.0,1.0,constq,1,0,0
P01,sym,G4MRIO3,Monte Río Grupo 2,WMRI3K,5.764510154724121,0.0,1.0199999809265137,constv,7,0,0
P01,sym,G4MRIO1,Monte Río Grupo 1,WMRI1K,7.806399822235107,0.0,1.0199999809265137,constv,6,0,0
P01,sym,G3ITABO2,Itabo 2,WITA2K,1.000000013351432e-10,0.0,1.0,constv,1,1,0
P01,sym,G3ITABO1,Itabo 1,WITA1K,120.0,0.0,1.0,constv,1,0,0
P01,sym,G3SLORE1,San Lorenzo 1,,1.000000013351432e-10,0.0,1.0,constv,1,1,0
P01,sym,G3PALOM2,Palomino 2,WPLM1K,1.000000013351432e-10,0.0,1.0199999809265137,constv,1,1,0
P01,sym,G3PALOM1,Palomino 1,WPLM2K,34.0,0.0,1.0199999809265137,constv,1,0,0
P01,sym,G4PAK262,POWERSHIP AZUA KPS26 2,WXPA2K,16.75527000427246,8.114946365356445,1.0,constv,3,0,0
P01,sym,G4PAK261,POWERSHIP AZUA KPS26 1,WXPA1K,18.164730072021484,8.797582626342773,1.0,constv,3,0,0
P01,sym,G4PAK601,POWERSHIP AZUA KPS60,WXPA3K,18.464550018310547,8.942789077758789,1.0,constv,4,0,0
P01,sym,G5PAK6TV,POWERSHIP AZUA TV,WXPA3K,1.4817999601364136,0.7176684737205505,1.0,constv,1,0,0
P01,sym,G3PALENQ,Palenque,WPAQ2K,1.000000013351432e-10,4.843220963168804e-11,1.0499999523162842,constv,4,1,0
P01,sym,G4PAK561,POWERSHIP AZUA KPS56,WXPA4K,8.125,3.93511700630188,1.0,constv,8,0,0
P01,sym,G3LMINA6,Los Mina 6,WLMI6K,101.09124755859375,0.0,1.0,constv,1,0,0
P01,sym,G5AANDRV,AES Andrés TV,WAANVK,100.80999755859375,0.0,1.0,constv,1,0,0
P01,sym,G5AANDRG,AES Andrés TG,WAANGK,195.69000244140625,0.0,1.0,constv,1,0,0
P01,sym,G3METALD,METALDOM,WMETAK,9.729999542236328,0.0,0.9900000095367432,constv,4,0,0
P01,sym,G3LMINA5,Los Mina 5,WLMI5K,101.09124755859375,0.0,1.0,constv,1,0,0
P01,sym,G4EMAR21,EDM2 Grupo 1,,18.14324951171875,0.0,1.0,constq,3,0,0
P01,sym,G4EMAR22,EDM2 Grupo 2,,17.496749877929688,0.0,1.0,constq,3,0,0
P01,sym,G4EMAR23,EDM2 TV,,1.000000013351432e-10,0.0,1.0,constq,1,1,0
P01,sym,G3LMINA7,Los Mina 7,WLMI7K,108.86750030517578,52.72693634033203,1.0,constv,1,0,0
P01,sym,G4SIBA1,SIBA Grupo 1,WXSI1K,0.5699999928474426,0.27606356143951416,1.0,constv,2,0,0
P01,sym,G4SIBA2,SIBA Grupo 2,WXSI2K,16.700000762939453,8.08818244934082,1.0,constv,2,0,0
P01,sym,G4SIBA3,SIBA Grupo 3,WXSI3K,1.000000013351432e-10,0.0,1.0,constv,2,1,0
P01,sym,G4SIBA4,SIBA Grupo 4,WXSI4K,16.700000762939453,8.08818244934082,1.0,constv,2,0,0
P01,sym,G4SIBA6,SIBA Grupo 6,WXSI6K,25.0,12.108054161071777,1.0,constv,2,0,0
P01,sym,G4SIBA5,SIBA Grupo 5,WXSI5K,16.700000762939453,8.08818244934082,1.0,constv,2,0,0
P01,sym,G3PINAL2,Pinalito 2,WPIN2K,24.25,14.550185203552246,1.0490000247955322,constv,1,0,0
P01,sym,G3PINAL1,Pinalito 1,WPIN1K,24.399999618530273,14.478107452392578,1.0490000247955322,constv,1,0,0
P01,sym,G3RBLAN2,Río Blanco 2,WRBLCK,12.130000114440918,7.278094291687012,1.0490000247955322,constv,1,0,0
P01,sym,G3RBLAN1,Río Blanco 1,WRBLAK,1.000000013351432e-10,5.933650792933065e-11,1.0490000247955322,constv,1,1,0
P01,sym,G3RINCON,Rincón,WRINCK,1.000000013351432e-10,6.00007751816456e-11,1.0,constv,1,1,0
P01,sym,G3RJCRUZ,Rosa Julia De La Cruz,WRJCRK,1.000000013351432e-10,3.2868412852549156e-11,1.0,constq,1,1,0
P01,sym,G3ESALTO,El Salto,WESALK,1.000000013351432e-10,4.843220963168804e-11,1.0,constq,1,1,0
P01,sym,G4LVEGA1,La Vega Grupo 1,,18.42799949645996,0.0,1.0,constq,3,0,0
P01,sym,G4LVEGA2,La Vega Grupo 2,,6.478000164031982,0.0,1.0,constv,2,0,0
P01,sym,G3AVARG1,Aniana Vargas 1,WAVA1K,1.000000013351432e-10,3.2868412852549156e-11,1.0,constq,1,1,0
P01,sym,G3AVARG2,Aniana Vargas 2,WAVA1K,0.10000000149011612,0.0328684076666832,1.0,constq,1,0,0
P01,sym,G3JIMENO,Jimenoa,WJIMEK,5.820000171661377,0.0,1.0,constv,1,0,0
P01,sym,G3HATILL,Hatillo 1,WHATIK,7.760000228881836,3.758340835571289,1.0,constv,1,0,0
P01,sym,G3HATIL2,Hatillo 2,,1.000000013351432e-10,6.00007751816456e-11,1.0,constq,1,1,0
P01,sym,G3BDEREC,Brazo Derecho,WBDERK,1.000000013351432e-10,4.843220963168804e-11,1.0,constv,1,1,0
P01,genstat,G3MPSOLA,Monte Plata Solar,,0.0,0.0,1.0,constq,1,1,0
P01,genstat,G7EMAR31,SA 1 EDM3,WEM31K,1.000000013351432e-10,0.0,1.0,constq,1,1,0
P01,genstat,G7EMAR32,SA 2 EDM3,WEM32K,1.000000013351432e-10,0.0,1.0,constq,1,1,0
P01,genstat,G3PFMPAL,Mata de Palma Solar,WMPALK,0.0,0.0,1.0,constq,21,1,0
P01,genstat,G3PFMART,PF Martí,WMARTK,0.0,0.0,1.0,constq,8,1,0
P01,genstat,G3PFMARA,PF Maranatha,WMARAK,0.0,0.0,1.0,constq,2,1,0
P01,genstat,G4PFCUM4,PF Cumayasa 4,WXCU4K,0.0,0.0,1.0,constq,8,1,0
P01,genstat,G3PFCUM2,PF Cumayasa 2,WXCU2K,0.0,0.0,1.0,constq,5,1,0
P01,genstat,G3PFCUM1,PF Cumayasa 1,WXCU1K,0.0,0.0,1.0,constq,9,1,0
P01,genstat,G3ESOCO,El Soco,WXESOK,0.0,0.0,1.0,constq,11,1,0
P01,genstat,G3PFCOT1,PF Cotoperí 1,WCSO1K,0.0,0.0,1.0,constq,8,1,0
P01,genstat,G3PFCOT2,PF Cotoperí 2,WCSO2K,0.0,0.0,1.0,constq,8,1,0
P01,genstat,G3PFCOT3,PF Cotoperí 3,WCSO3K,0.0,0.0,1.0,constq,8,1,0
P01,genstat,G4PFCOA2,PF Coastal G2,WCOA2K,0.0,0.0,1.0,constq,6,1,0
P01,genstat,G4PFCOA1,PF Coastal G1,WCOA1K,0.0,0.0,1.0,constq,7,1,0
P01,genstat,G3PFSAJO,Parque Fotovoltaico SAJOMA,WXPFSK,0.0,0.0,1.0,constq,9,1,0
P01,genstat,G4PFMSO2,Monte Cristi Solar Grupo 2,,0.0,0.0,1.0,constq,12,1,0
P01,genstat,G4PFMSO1,Monte Cristi Solar Grupo 1,,0.0,0.0,1.0,constq,11,1,0
P01,genstat,G3PEACLA,Agua Clara,WACLAK,0.219200000166893,0.0,1.0,constq,25,0,0
P01,genstat,G3PEGUAN,Guanillo,WGNLLK,0.17880000174045563,0.0,1.0,constq,25,0,0
P01,genstat,G3PELGUZ,Los Guzmancito,WLGUZK,0.0752900019288063,0.0,1.0,constq,17,0,0
P01,genstat,G3PELGU2,Los Guzmancito 2,WLGU2K,0.04461999982595444,0.0,1.0,constq,13,0,0
P01,genstat,G3PFMATR,Parque Fotovoltaico MATRISOL,WXMATK,0.0,0.0,1.0,constq,11,1,0
P01,genstat,G3PSESPE,PS Esperanza,WXPS1K,0.0,0.0,1.0,constq,18,1,0
P01,genstat,,SBX_20260708_161425_e01931_PV,,0.0,0.0,1.0,constq,1,1,0
P01,genstat,,BESS,,2.5,0.0,1.0,constq,1,0,0
P01,genstat,G3SCANOA,Solar Canoa,WSCANK,0.0,0.0,1.0,constq,8,1,0
P01,genstat,G3PFLUCI,PF Lucila,WXLUCK,0.0,0.0,1.0,constq,2,1,0
P01,genstat,G3LCOCO2,Los Cocos 2,,0.03691999986767769,3.7975775302179215e-11,1.0,constq,26,0,0
P01,genstat,G3QCABRE,Quilvio Cabrera,,0.10400000214576721,5.007656442290731e-11,1.0,constq,5,0,0
P01,genstat,G3JCOCO1,Juancho Los Cocos 1,,0.02384999953210354,7.080901143208251e-11,1.0,constq,26,0,0
P01,genstat,G3PELARI,Larimar,,0.3179999887943268,3.7975775302179215e-11,1.0,constq,15,0,0
P01,genstat,G3PELAR2,Larimar 2,,0.20000000298023224,3.7975775302179215e-11,1.0,constq,14,0,0
P01,genstat,G3PFLNEG,Parque Fotovoltaico Los Negros,WMRI2K,0.0,0.0,1.0,constq,3,1,0
P01,genstat,G3PFBAYA,Bayasol,WBAYAK,0.0,0.0,1.0,constq,13,1,0
P01,genstat,G4PSGIR1,Girasol Grupo 1,,0.0,0.0,1.0,constq,12,1,0
P01,genstat,G4PSGIR2,Girasol Grupo 2,,0.0,0.0,1.0,constq,16,1,0
P01,genstat,G3SANTAS,Santanasol,WSANTK,0.0,0.0,1.0,constq,15,1,0
P01,genstat,G3PFCALA,PF Calabaza 1,WXCA1K,0.0,0.0,1.0,constq,17,1,0
P01,genstat,G3PEMAT2,PE Matafongo 2,WMTFNK,0.03254999965429306,0.0,1.0,constq,3,0,0
P01,genstat,G3PEMATA,PE Matafongo,WMTFNK,0.012489999644458294,0.0,1.0,constq,17,0,0
P01,genstat,G3PFPER1,PF Peravia I,WPES1K,0.0,0.0,1.0,constq,12,1,0
P01,genstat,G3PFPER2,PF Peravia II,WPES2K,0.0,0.0,1.0,constq,12,1,0
P01,genstat,G6PEMINA,SA PE Los Mina,WXSALMK,1.000000013351432e-10,0.0,1.0,constq,1,0,0
P01,genstat,G6AANDRE,Sistema Almacenamiento AES Andrés,WXBAAK,1.000000013351432e-10,0.0,1.0,constq,1,0,0
P01,genstat,G3PFWCA2,PF Washington Capital 2,WXWC2K,0.0,0.0,1.0,constq,8,1,0
P01,genstat,G3PFWCA3,PF Washington Capital 3,WXWC3K,0.0,0.0,1.0,constq,8,1,0
P01,genstat,G3PFVICT,PF La Victoria,WLVICK,0.0,0.0,1.0,constq,8,1,0
P01,genstat,G3PFMIRA,Mirasol,WMIRAK,0.0,0.0,1.0,constq,17,1,0
P02,sym,G4PALAM3,Palamara Grupo 3,,1.8279000520706177,0.0,0.9900000095367432,constv,4,0,0
P02,sym,G4PALAM2,Palamara Grupo 2,,10.766400337219238,0.0,1.0,constv,2,0,0
P02,sym,G4PALAM1,Palamara Grupo 1,,10.766400337219238,0.0,0.9900000095367432,constv,4,0,0
P02,sym,G4IKM22,INCA km 22 Grupo 1,,4.331200122833252,0.0,1.0,constq,2,0,0
P02,sym,G5IKM22,INCA km 22 Grupo 2,,5.737599849700928,0.0,1.0,constq,1,0,0
P02,sym,G5EMA3G1,EDM3 TG1,WEM31K,48.66667175292969,0.0,0.9480000138282776,constv,1,0,0
P02,sym,G5EMA3G2,EDM3 TG2,WEM32K,48.66667175292969,0.0,1.0,constv,1,0,0
P02,sym,G5EMAR3V,EDM3 TV,WEM33K,48.66667175292969,0.0,0.9459999799728394,constv,1,0,0
P02,sym,G4Q1SPED,Quisqueya 1 San Pedro,,16.487499237060547,0.0,1.0,constv,4,0,0
P02,sym,G4QUIS12,Quisqueya 1 Grupo 2,,17.076000213623047,0.0,1.0,constv,4,0,0
P02,sym,G4QUIS21,Quisqueya 2 Grupo 1,,17.076000213623047,0.0,1.0,constv,4,0,0
P02,sym,G4QUIS22,Quisqueya 2 Grupo 2,,17.076000213623047,0.0,1.0,constv,4,0,0
P02,sym,G4QUIS23,Quisqueya 2 Grupo 3,,8.605500221252441,0.0,1.0,constv,4,0,0
P02,sym,G5QUISQ2,Quisqueya 2 TV,,1.000000013351432e-10,0.0,1.0,constq,1,1,0
P02,sym,G4QUIS13,Quisqueya 1 Grupo 3,,17.076000213623047,0.0,1.0,constv,4,0,0
P02,sym,G5QUISQ1,Quisqueya 1 TV,,8.892000198364258,0.0,1.0,constv,1,0,0
P02,sym,G3PCATA1,Punta Catalina 1,WPCA1K,339.989990234375,164.66468811035156,1.0499999523162842,constv,1,0,1
P02,sym,G3PCATA2,Punta Catalina 2,WPCA2K,359.989990234375,174.3511199951172,1.0499999523162842,constv,1,0,0
P02,sym,G4SESTE3,Sultana del Este Grupo 3,WSES3K,1.000000013351432e-10,6.00007751816456e-11,1.0,constv,3,1,0
P02,sym,G4SESTE1,Sultana del Este Grupo 1,WSES1K,14.5,0.0,1.0,constv,3,0,0
P02,sym,G4SESTE2,Sultana del Este Grupo 2,WSES2K,1.000000013351432e-10,0.0,1.0,constv,4,1,0
P02,sym,G3CESPM3,CESPM 3,WCES3K,87.30000305175781,0.0,1.0199999809265137,constv,1,0,0
P02,sym,G3CESPM2,CESPM 2,WCES2K,87.30000305175781,0.0,1.0199999809265137,constv,1,0,0
P02,sym,G3CESPM1,CESPM 1,WCES1K,87.30000305175781,0.0,1.0199999809265137,constv,1,0,0
P02,sym,G3ENE4TG,ENERGAS 4 TG,WXEN4K,10.0,0.0,1.0199999809265137,constv,1,0,0
P02,sym,G3ENE4TV,ENERGAS 4 TV,WXEV4K,1.000000013351432e-10,0.0,1.0199999809265137,constv,1,1,0
P02,sym,G3BERSAL,Bersal,,1.909999966621399,0.0,1.0,constq,4,0,0
P02,sym,G4LOPPL1,Los Orígenes Power Plant Grupo 1,WLORIK,2.130000114440918,0.0,1.0,constq,3,0,0
P02,sym,G4LOPPL2,Los Orígenes Power Plant Grupo 2,WLORIK,17.18000030517578,0.0,1.0490000247955322,constv,2,0,0
P02,sym,G3SPBIOE,San Pedro Bio-Energy,,30.0,14.529670715332031,1.0499999523162842,constv,1,0,0
P02,sym,G3CEMON2,Contra Embalse Monción 2,WCEMOK,0.75,0.36324170231819153,1.0,constq,1,0,0
P02,sym,G3CEMON1,Contra Embalse Monción 1,WCEMOK,0.75,0.36324170231819153,1.0,constq,1,0,0
P02,sym,G3MONCI2,Monción 2,WMONCK,1.000000013351432e-10,0.0,1.0,constv,1,1,0
P02,sym,G3MONCI1,Monción 1,WMONCK,21.8700008392334,0.0,1.0,constq,1,0,0
P02,sym,G3PIMEN3,Pimentel 3,WPIM3K,8.526670455932617,0.0,1.0,constq,3,0,0
P02,sym,G3PIMEN2,Pimentel 2,,3.944999933242798,0.0,1.0,constv,4,0,0
P02,sym,G3PIMEN1,Pimentel 1,,3.055000066757202,0.0,1.0,constv,4,0,0
P02,sym,G3LANGOS,López Angostura,WLANGK,4.0,0.0,1.0,constv,1,0,0
P02,sym,G3BAIGU2,Baiguaque 2,WBAI1K,1.000000013351432e-10,3.2868412852549156e-11,1.0,constq,1,1,0
P02,sym,G3BAIGU1,Baiguaque 1,WBAI1K,0.10000000149011612,0.04843222349882126,1.0,constq,1,0,0
P02,sym,G3TAVER2,Tavera 2,WTAV2K,1.000000013351432e-10,0.0,1.0,constq,1,1,0
P02,sym,G3TAVER1,Tavera 1,WTAV1K,1.000000013351432e-10,0.0,1.0,constv,1,1,0
P02,sym,G3SFELIG,San Felipe TG,,1.000000013351432e-10,0.0,1.0,constv,1,1,0
P02,sym,G3SFV,San Felipe Vapor,WSFEVK,1.000000013351432e-10,0.0,1.0,constv,1,1,0
P02,sym,G3PIMEN4,Pimentel 4,WXPI4K,17.55500030517578,0.0,1.0,constv,2,0,0
P02,sym,G3LTORO1,Los Toros 1,WLTO1K,1.000000013351432e-10,6.00007751816456e-11,1.0,constq,1,1,0
P02,sym,G3LTORO2,Los Toros 2,WLTO1K,1.000000013351432e-10,3.2868412852549156e-11,1.0,constq,1,1,0
P02,sym,G3NNAJAY,Nizao Najayo,WXNNAK,1.000000013351432e-10,4.843220963168804e-11,1.0,constq,1,1,0
P02,sym,G3LANONE,Los Anones,WXLANK,1.000000013351432e-10,4.843220963168804e-11,1.0,constq,1,1,0
P02,sym,G3SYEGUA,Sabana Yegua,WSYEGK,1.000000013351432e-10,0.0,1.0,constv,1,1,0
P02,sym,G3SABANE,Sabaneta,WSABAK,1.000000013351432e-10,0.0,1.0,constv,1,1,0
P02,sym,G3MAGUE2,Magueyal 2,WMAGUK,1.000000013351432e-10,4.843220963168804e-11,1.0,constq,1,1,0
P02,sym,G3MAGUE1,Magueyal 1,WMAGUK,1.000000013351432e-10,4.843220963168804e-11,1.0,constq,1,1,0
P02,sym,G3LDAMAS,Las Damas,,1.840000033378601,0.8911530375480652,1.0,constv,1,0,0
P02,sym,G3DRODR2,Domingo Rodríguez 2,WDRODL,1.000000013351432e-10,3.2868412852549156e-11,1.0,constq,1,1,0
P02,sym,G3DRODR1,Domingo Rodríguez 1,WDRODL,1.000000013351432e-10,3.2868412852549156e-11,1.0,constq,1,1,0
P02,sym,G3HTG,Haina TG,WHAIGK,1.000000013351432e-10,0.0,1.0,constq,1,1,0
P02,sym,G3VALDE2,Valdesia 2,WVAL2K,1.000000013351432e-10,0.0,1.0,constq,1,1,0
P02,sym,G3VALDE1,Valdesia 1,WVAL1K,1.000000013351432e-10,0.0,1.0,constv,1,1,0
P02,sym,G3LBARIA,Las Barías,WLBARK,1.000000013351432e-10,4.843220963168804e-11,1.0,constq,1,1,0
P02,sym,G3BCARBO,Barahona Carbón,WBCARK,50.0,0.0,1.0,constv,1,0,0
P02,sym,G3JIGUE2,Jigüey 2,WJIG2K,1.000000013351432e-10,0.0,1.0,constv,1,1,0
P02,sym,G3JIGUE1,Jigüey 1,WJIG1K,1.000000013351432e-10,0.0,1.0,constv,1,1,0
P02,sym,G3AGUAC2,Aguacate 2,WAGU2K,1.000000013351432e-10,0.0,1.0,constq,1,1,0
P02,sym,G3AGUAC1,Aguacate 1,WAGU1K,26.0,0.0,1.0,constq,1,0,0
P02,sym,G4MRIO3,Monte Río Grupo 2,WMRI3K,4.655940055847168,0.0,1.0199999809265137,constv,7,0,0
P02,sym,G4MRIO1,Monte Río Grupo 1,WMRI1K,7.806399822235107,0.0,1.0199999809265137,constv,6,0,0
P02,sym,G3ITABO2,Itabo 2,WITA2K,1.000000013351432e-10,0.0,1.0,constv,1,1,0
P02,sym,G3ITABO1,Itabo 1,WITA1K,120.0,0.0,1.0,constv,1,0,0
P02,sym,G3SLORE1,San Lorenzo 1,,1.000000013351432e-10,0.0,1.0,constv,1,1,0
P02,sym,G3PALOM2,Palomino 2,WPLM1K,1.000000013351432e-10,0.0,1.0199999809265137,constv,1,1,0
P02,sym,G3PALOM1,Palomino 1,WPLM2K,34.0,0.0,1.0199999809265137,constv,1,0,0
P02,sym,G4PAK262,POWERSHIP AZUA KPS26 2,WXPA2K,16.75527000427246,8.114946365356445,1.0,constv,3,0,0
P02,sym,G4PAK261,POWERSHIP AZUA KPS26 1,WXPA1K,18.164730072021484,8.797582626342773,1.0,constv,3,0,0
P02,sym,G4PAK601,POWERSHIP AZUA KPS60,WXPA3K,18.464550018310547,8.942789077758789,1.0,constv,4,0,0
P02,sym,G5PAK6TV,POWERSHIP AZUA TV,WXPA3K,1.4817999601364136,0.7176684737205505,1.0,constv,1,0,0
P02,sym,G3PALENQ,Palenque,WPAQ2K,1.000000013351432e-10,4.843220963168804e-11,1.0499999523162842,constv,4,1,0
P02,sym,G4PAK561,POWERSHIP AZUA KPS56,WXPA4K,1.000000013351432e-10,4.843220963168804e-11,1.0,constv,8,1,0
P02,sym,G3LMINA6,Los Mina 6,WLMI6K,101.09124755859375,0.0,1.0,constv,1,0,0
P02,sym,G5AANDRV,AES Andrés TV,WAANVK,100.80999755859375,0.0,1.0,constv,1,0,0
P02,sym,G5AANDRG,AES Andrés TG,WAANGK,195.69000244140625,0.0,1.0,constv,1,0,0
P02,sym,G3METALD,METALDOM,WMETAK,9.729999542236328,0.0,0.9900000095367432,constv,4,0,0
P02,sym,G3LMINA5,Los Mina 5,WLMI5K,101.09124755859375,0.0,1.0,constv,1,0,0
P02,sym,G4EMAR21,EDM2 Grupo 1,,18.14324951171875,0.0,1.0,constq,3,0,0
P02,sym,G4EMAR22,EDM2 Grupo 2,,17.496749877929688,0.0,1.0,constq,3,0,0
P02,sym,G4EMAR23,EDM2 TV,,1.000000013351432e-10,0.0,1.0,constq,1,1,0
P02,sym,G3LMINA7,Los Mina 7,WLMI7K,108.86750030517578,52.72693634033203,1.0,constv,1,0,0
P02,sym,G4SIBA1,SIBA Grupo 1,WXSI1K,1.000000013351432e-10,4.843220963168804e-11,1.0,constv,2,1,0
P02,sym,G4SIBA2,SIBA Grupo 2,WXSI2K,11.779999732971191,5.705315589904785,1.0,constv,2,0,0
P02,sym,G4SIBA3,SIBA Grupo 3,WXSI3K,1.000000013351432e-10,0.0,1.0,constv,2,1,0
P02,sym,G4SIBA4,SIBA Grupo 4,WXSI4K,16.700000762939453,8.08818244934082,1.0,constv,2,0,0
P02,sym,G4SIBA6,SIBA Grupo 6,WXSI6K,25.0,12.108054161071777,1.0,constv,2,0,0
P02,sym,G4SIBA5,SIBA Grupo 5,WXSI5K,16.700000762939453,8.08818244934082,1.0,constv,2,0,0
P02,sym,G3PINAL2,Pinalito 2,WPIN2K,24.25,14.550185203552246,1.0490000247955322,constv,1,0,0
P02,sym,G3PINAL1,Pinalito 1,WPIN1K,24.399999618530273,14.478107452392578,1.0490000247955322,constv,1,0,0
P02,sym,G3RBLAN2,Río Blanco 2,WRBLCK,12.130000114440918,7.278094291687012,1.0490000247955322,constv,1,0,0
P02,sym,G3RBLAN1,Río Blanco 1,WRBLAK,1.000000013351432e-10,5.933650792933065e-11,1.0490000247955322,constv,1,1,0
P02,sym,G3RINCON,Rincón,WRINCK,1.000000013351432e-10,6.00007751816456e-11,1.0,constv,1,1,0
P02,sym,G3RJCRUZ,Rosa Julia De La Cruz,WRJCRK,1.000000013351432e-10,3.2868412852549156e-11,1.0,constq,1,1,0
P02,sym,G3ESALTO,El Salto,WESALK,1.000000013351432e-10,4.843220963168804e-11,1.0,constq,1,1,0
P02,sym,G4LVEGA1,La Vega Grupo 1,,18.42799949645996,0.0,1.0,constq,3,0,0
P02,sym,G4LVEGA2,La Vega Grupo 2,,6.478000164031982,0.0,1.0,constv,2,0,0
P02,sym,G3AVARG1,Aniana Vargas 1,WAVA1K,1.000000013351432e-10,3.2868412852549156e-11,1.0,constq,1,1,0
P02,sym,G3AVARG2,Aniana Vargas 2,WAVA1K,0.10000000149011612,0.0328684076666832,1.0,constq,1,0,0
P02,sym,G3JIMENO,Jimenoa,WJIMEK,5.820000171661377,0.0,1.0,constv,1,0,0
P02,sym,G3HATILL,Hatillo 1,WHATIK,7.760000228881836,3.758340835571289,1.0,constv,1,0,0
P02,sym,G3HATIL2,Hatillo 2,,1.000000013351432e-10,6.00007751816456e-11,1.0,constq,1,1,0
P02,sym,G3BDEREC,Brazo Derecho,WBDERK,1.000000013351432e-10,4.843220963168804e-11,1.0,constv,1,1,0
P02,genstat,G3MPSOLA,Monte Plata Solar,,0.0,0.0,1.0,constq,1,1,0
P02,genstat,G7EMAR31,SA 1 EDM3,WEM31K,1.000000013351432e-10,0.0,1.0,constq,1,1,0
P02,genstat,G7EMAR32,SA 2 EDM3,WEM32K,1.000000013351432e-10,0.0,1.0,constq,1,1,0
P02,genstat,G3PFMPAL,Mata de Palma Solar,WMPALK,0.0,0.0,1.0,constq,21,1,0
P02,genstat,G3PFMART,PF Martí,WMARTK,0.0,0.0,1.0,constq,8,1,0
P02,genstat,G3PFMARA,PF Maranatha,WMARAK,0.0,0.0,1.0,constq,2,1,0
P02,genstat,G4PFCUM4,PF Cumayasa 4,WXCU4K,0.0,0.0,1.0,constq,8,1,0
P02,genstat,G3PFCUM2,PF Cumayasa 2,WXCU2K,0.0,0.0,1.0,constq,5,1,0
P02,genstat,G3PFCUM1,PF Cumayasa 1,WXCU1K,0.0,0.0,1.0,constq,9,1,0
P02,genstat,G3ESOCO,El Soco,WXESOK,0.0,0.0,1.0,constq,11,1,0
P02,genstat,G3PFCOT1,PF Cotoperí 1,WCSO1K,0.0,0.0,1.0,constq,8,1,0
P02,genstat,G3PFCOT2,PF Cotoperí 2,WCSO2K,0.0,0.0,1.0,constq,8,1,0
P02,genstat,G3PFCOT3,PF Cotoperí 3,WCSO3K,0.0,0.0,1.0,constq,8,1,0
P02,genstat,G4PFCOA2,PF Coastal G2,WCOA2K,0.0,0.0,1.0,constq,6,1,0
P02,genstat,G4PFCOA1,PF Coastal G1,WCOA1K,0.0,0.0,1.0,constq,7,1,0
P02,genstat,G3PFSAJO,Parque Fotovoltaico SAJOMA,WXPFSK,0.0,0.0,1.0,constq,9,1,0
P02,genstat,G4PFMSO2,Monte Cristi Solar Grupo 2,,0.0,0.0,1.0,constq,12,1,0
P02,genstat,G4PFMSO1,Monte Cristi Solar Grupo 1,,0.0,0.0,1.0,constq,11,1,0
P02,genstat,G3PEACLA,Agua Clara,WACLAK,0.30000001192092896,0.0,1.0,constq,25,0,0
P02,genstat,G3PEGUAN,Guanillo,WGNLLK,0.27079999446868896,0.0,1.0,constq,25,0,0
P02,genstat,G3PELGUZ,Los Guzmancito,WLGUZK,0.06528999656438828,0.0,1.0,constq,17,0,0
P02,genstat,G3PELGU2,Los Guzmancito 2,WLGU2K,0.04307999834418297,0.0,1.0,constq,13,0,0
P02,genstat,G3PFMATR,Parque Fotovoltaico MATRISOL,WXMATK,0.0,0.0,1.0,constq,11,1,0
P02,genstat,G3PSESPE,PS Esperanza,WXPS1K,0.0,0.0,1.0,constq,18,1,0
P02,genstat,,SBX_20260708_161425_e01931_PV,,0.0,0.0,1.0,constq,1,1,0
P02,genstat,,BESS,,2.5,0.0,1.0,constq,1,0,0
P02,genstat,G3SCANOA,Solar Canoa,WSCANK,0.0,0.0,1.0,constq,8,1,0
P02,genstat,G3PFLUCI,PF Lucila,WXLUCK,0.0,0.0,1.0,constq,2,1,0
P02,genstat,G3LCOCO2,Los Cocos 2,,0.03846000134944916,3.7975775302179215e-11,1.0,constq,26,0,0
P02,genstat,G3QCABRE,Quilvio Cabrera,,0.10199999809265137,5.007656442290731e-11,1.0,constq,5,0,0
P02,genstat,G3JCOCO1,Juancho Los Cocos 1,,0.02230999991297722,7.080901143208251e-11,1.0,constq,26,0,0
P02,genstat,G3PELARI,Larimar,,0.30733001232147217,3.7975775302179215e-11,1.0,constq,15,0,0
P02,genstat,G3PELAR2,Larimar 2,,0.1964299976825714,3.7975775302179215e-11,1.0,constq,14,0,0
P02,genstat,G3PFLNEG,Parque Fotovoltaico Los Negros,WMRI2K,0.0,0.0,1.0,constq,3,1,0
P02,genstat,G3PFBAYA,Bayasol,WBAYAK,0.0,0.0,1.0,constq,13,1,0
P02,genstat,G4PSGIR1,Girasol Grupo 1,,0.0,0.0,1.0,constq,12,1,0
P02,genstat,G4PSGIR2,Girasol Grupo 2,,0.0,0.0,1.0,constq,16,1,0
P02,genstat,G3SANTAS,Santanasol,WSANTK,0.0,0.0,1.0,constq,15,1,0
P02,genstat,G3PFCALA,PF Calabaza 1,WXCA1K,0.0,0.0,1.0,constq,17,1,0
P02,genstat,G3PEMAT2,PE Matafongo 2,WMTFNK,0.03254999965429306,0.0,1.0,constq,3,0,0
P02,genstat,G3PEMATA,PE Matafongo,WMTFNK,0.012489999644458294,0.0,1.0,constq,17,0,0
P02,genstat,G3PFPER1,PF Peravia I,WPES1K,0.0,0.0,1.0,constq,12,1,0
P02,genstat,G3PFPER2,PF Peravia II,WPES2K,0.0,0.0,1.0,constq,12,1,0
P02,genstat,G6PEMINA,SA PE Los Mina,WXSALMK,1.000000013351432e-10,0.0,1.0,constq,1,0,0
P02,genstat,G6AANDRE,Sistema Almacenamiento AES Andrés,WXBAAK,1.000000013351432e-10,0.0,1.0,constq,1,0,0
P02,genstat,G3PFWCA2,PF Washington Capital 2,WXWC2K,0.0,0.0,1.0,constq,8,1,0
P02,genstat,G3PFWCA3,PF Washington Capital 3,WXWC3K,0.0,0.0,1.0,constq,8,1,0
P02,genstat,G3PFVICT,PF La Victoria,WLVICK,0.0,0.0,1.0,constq,8,1,0
P02,genstat,G3PFMIRA,Mirasol,WMIRAK,0.0,0.0,1.0,constq,17,1,0
P03,sym,G4PALAM3,Palamara Grupo 3,,1.8279000520706177,0.0,0.9900000095367432,constv,4,0,0
P03,sym,G4PALAM2,Palamara Grupo 2,,10.766400337219238,0.0,1.0,constv,2,0,0
P03,sym,G4PALAM1,Palamara Grupo 1,,10.766400337219238,0.0,0.9900000095367432,constv,4,0,0
P03,sym,G4IKM22,INCA km 22 Grupo 1,,4.331200122833252,0.0,1.0,constq,2,0,0
P03,sym,G5IKM22,INCA km 22 Grupo 2,,5.737599849700928,0.0,1.0,constq,1,0,0
P03,sym,G5EMA3G1,EDM3 TG1,WEM31K,48.66667175292969,0.0,1.0,constv,1,0,0
P03,sym,G5EMA3G2,EDM3 TG2,WEM32K,48.66667175292969,0.0,1.0,constv,1,0,0
P03,sym,G5EMAR3V,EDM3 TV,WEM33K,48.66667175292969,0.0,1.0,constv,1,0,0
P03,sym,G4Q1SPED,Quisqueya 1 San Pedro,,16.487499237060547,0.0,1.0,constv,4,0,0
P03,sym,G4QUIS12,Quisqueya 1 Grupo 2,,17.076000213623047,0.0,1.0,constv,4,0,0
P03,sym,G4QUIS21,Quisqueya 2 Grupo 1,,17.076000213623047,0.0,1.0,constv,4,0,0
P03,sym,G4QUIS22,Quisqueya 2 Grupo 2,,17.076000213623047,0.0,1.0,constv,4,0,0
P03,sym,G4QUIS23,Quisqueya 2 Grupo 3,,6.145500183105469,0.0,1.0,constv,4,0,0
P03,sym,G5QUISQ2,Quisqueya 2 TV,,1.000000013351432e-10,0.0,1.0,constq,1,1,0
P03,sym,G4QUIS13,Quisqueya 1 Grupo 3,,17.076000213623047,0.0,1.0,constv,4,0,0
P03,sym,G5QUISQ1,Quisqueya 1 TV,,8.892000198364258,0.0,1.0,constv,1,0,0
P03,sym,G3PCATA1,Punta Catalina 1,WPCA1K,339.989990234375,164.66468811035156,1.0499999523162842,constv,1,0,1
P03,sym,G3PCATA2,Punta Catalina 2,WPCA2K,359.989990234375,174.3511199951172,1.0499999523162842,constv,1,0,0
P03,sym,G4SESTE3,Sultana del Este Grupo 3,WSES3K,1.000000013351432e-10,6.00007751816456e-11,1.0,constv,3,1,0
P03,sym,G4SESTE1,Sultana del Este Grupo 1,WSES1K,14.5,0.0,1.0,constv,3,0,0
P03,sym,G4SESTE2,Sultana del Este Grupo 2,WSES2K,1.000000013351432e-10,0.0,1.0,constv,4,1,0
P03,sym,G3CESPM3,CESPM 3,WCES3K,87.30000305175781,0.0,1.0199999809265137,constv,1,0,0
P03,sym,G3CESPM2,CESPM 2,WCES2K,87.30000305175781,0.0,1.0199999809265137,constv,1,0,0
P03,sym,G3CESPM1,CESPM 1,WCES1K,87.30000305175781,0.0,1.0199999809265137,constv,1,0,0
P03,sym,G3ENE4TG,ENERGAS 4 TG,WXEN4K,10.0,0.0,1.0199999809265137,constv,1,0,0
P03,sym,G3ENE4TV,ENERGAS 4 TV,WXEV4K,1.000000013351432e-10,0.0,1.0199999809265137,constv,1,1,0
P03,sym,G3BERSAL,Bersal,,1.909999966621399,0.0,1.0,constq,4,0,0
P03,sym,G4LOPPL1,Los Orígenes Power Plant Grupo 1,WLORIK,2.130000114440918,0.0,1.0,constq,3,0,0
P03,sym,G4LOPPL2,Los Orígenes Power Plant Grupo 2,WLORIK,17.18000030517578,0.0,1.0490000247955322,constv,2,0,0
P03,sym,G3SPBIOE,San Pedro Bio-Energy,,30.0,14.529670715332031,1.0499999523162842,constv,1,0,0
P03,sym,G3CEMON2,Contra Embalse Monción 2,WCEMOK,0.75,0.36324170231819153,1.0,constq,1,0,0
P03,sym,G3CEMON1,Contra Embalse Monción 1,WCEMOK,0.75,0.36324170231819153,1.0,constq,1,0,0
P03,sym,G3MONCI2,Monción 2,WMONCK,1.000000013351432e-10,0.0,1.0,constv,1,1,0
P03,sym,G3MONCI1,Monción 1,WMONCK,21.8700008392334,0.0,1.0,constq,1,0,0
P03,sym,G3PIMEN3,Pimentel 3,WPIM3K,8.526670455932617,0.0,1.0,constq,3,0,0
P03,sym,G3PIMEN2,Pimentel 2,,3.944999933242798,0.0,1.0,constv,4,0,0
P03,sym,G3PIMEN1,Pimentel 1,,3.055000066757202,0.0,1.0,constv,4,0,0
P03,sym,G3LANGOS,López Angostura,WLANGK,4.0,0.0,1.0,constv,1,0,0
P03,sym,G3BAIGU2,Baiguaque 2,WBAI1K,1.000000013351432e-10,3.2868412852549156e-11,1.0,constq,1,1,0
P03,sym,G3BAIGU1,Baiguaque 1,WBAI1K,0.10000000149011612,0.04843222349882126,1.0,constq,1,0,0
P03,sym,G3TAVER2,Tavera 2,WTAV2K,1.000000013351432e-10,0.0,1.0,constq,1,1,0
P03,sym,G3TAVER1,Tavera 1,WTAV1K,1.000000013351432e-10,0.0,1.0,constv,1,1,0
P03,sym,G3SFELIG,San Felipe TG,,1.000000013351432e-10,0.0,1.0,constv,1,1,0
P03,sym,G3SFV,San Felipe Vapor,WSFEVK,1.000000013351432e-10,0.0,1.0,constv,1,1,0
P03,sym,G3PIMEN4,Pimentel 4,WXPI4K,17.55500030517578,0.0,1.0,constv,2,0,0
P03,sym,G3LTORO1,Los Toros 1,WLTO1K,1.000000013351432e-10,6.00007751816456e-11,1.0,constq,1,1,0
P03,sym,G3LTORO2,Los Toros 2,WLTO1K,1.000000013351432e-10,3.2868412852549156e-11,1.0,constq,1,1,0
P03,sym,G3NNAJAY,Nizao Najayo,WXNNAK,1.000000013351432e-10,4.843220963168804e-11,1.0,constq,1,1,0
P03,sym,G3LANONE,Los Anones,WXLANK,1.000000013351432e-10,4.843220963168804e-11,1.0,constq,1,1,0
P03,sym,G3SYEGUA,Sabana Yegua,WSYEGK,1.000000013351432e-10,0.0,1.0,constv,1,1,0
P03,sym,G3SABANE,Sabaneta,WSABAK,1.000000013351432e-10,0.0,1.0,constv,1,1,0
P03,sym,G3MAGUE2,Magueyal 2,WMAGUK,1.000000013351432e-10,4.843220963168804e-11,1.0,constq,1,1,0
P03,sym,G3MAGUE1,Magueyal 1,WMAGUK,1.000000013351432e-10,4.843220963168804e-11,1.0,constq,1,1,0
P03,sym,G3LDAMAS,Las Damas,,1.840000033378601,0.8911530375480652,1.0,constv,1,0,0
P03,sym,G3DRODR2,Domingo Rodríguez 2,WDRODL,1.000000013351432e-10,3.2868412852549156e-11,1.0,constq,1,1,0
P03,sym,G3DRODR1,Domingo Rodríguez 1,WDRODL,1.000000013351432e-10,3.2868412852549156e-11,1.0,constq,1,1,0
P03,sym,G3HTG,Haina TG,WHAIGK,1.000000013351432e-10,0.0,1.0,constq,1,1,0
P03,sym,G3VALDE2,Valdesia 2,WVAL2K,1.000000013351432e-10,0.0,1.0,constq,1,1,0
P03,sym,G3VALDE1,Valdesia 1,WVAL1K,1.000000013351432e-10,0.0,1.0,constv,1,1,0
P03,sym,G3LBARIA,Las Barías,WLBARK,1.000000013351432e-10,4.843220963168804e-11,1.0,constq,1,1,0
P03,sym,G3BCARBO,Barahona Carbón,WBCARK,50.0,0.0,1.0,constv,1,0,0
P03,sym,G3JIGUE2,Jigüey 2,WJIG2K,1.000000013351432e-10,0.0,1.0,constv,1,1,0
P03,sym,G3JIGUE1,Jigüey 1,WJIG1K,1.000000013351432e-10,0.0,1.0,constv,1,1,0
P03,sym,G3AGUAC2,Aguacate 2,WAGU2K,1.000000013351432e-10,0.0,1.0,constq,1,1,0
P03,sym,G3AGUAC1,Aguacate 1,WAGU1K,26.0,0.0,1.0,constq,1,0,0
P03,sym,G4MRIO3,Monte Río Grupo 2,WMRI3K,4.655940055847168,0.0,1.0199999809265137,constv,7,0,0
P03,sym,G4MRIO1,Monte Río Grupo 1,WMRI1K,7.806399822235107,0.0,1.0199999809265137,constv,6,0,0
P03,sym,G3ITABO2,Itabo 2,WITA2K,1.000000013351432e-10,0.0,1.0,constv,1,1,0
P03,sym,G3ITABO1,Itabo 1,WITA1K,120.0,0.0,1.0,constv,1,0,0
P03,sym,G3SLORE1,San Lorenzo 1,,1.000000013351432e-10,0.0,1.0,constv,1,1,0
P03,sym,G3PALOM2,Palomino 2,WPLM1K,1.000000013351432e-10,0.0,1.0199999809265137,constv,1,1,0
P03,sym,G3PALOM1,Palomino 1,WPLM2K,34.0,0.0,1.0199999809265137,constv,1,0,0
P03,sym,G4PAK262,POWERSHIP AZUA KPS26 2,WXPA2K,16.75527000427246,8.114946365356445,1.0,constv,3,0,0
P03,sym,G4PAK261,POWERSHIP AZUA KPS26 1,WXPA1K,18.164730072021484,8.797582626342773,1.0,constv,3,0,0
P03,sym,G4PAK601,POWERSHIP AZUA KPS60,WXPA3K,18.464550018310547,8.942789077758789,1.0,constv,4,0,0
P03,sym,G5PAK6TV,POWERSHIP AZUA TV,WXPA3K,1.4817999601364136,0.7176684737205505,1.0,constv,1,0,0
P03,sym,G3PALENQ,Palenque,WPAQ2K,1.000000013351432e-10,4.843220963168804e-11,1.0499999523162842,constv,4,1,0
P03,sym,G4PAK561,POWERSHIP AZUA KPS56,WXPA4K,1.000000013351432e-10,4.843220963168804e-11,1.0,constv,8,1,0
P03,sym,G3LMINA6,Los Mina 6,WLMI6K,101.09124755859375,0.0,1.0,constv,1,0,0
P03,sym,G5AANDRV,AES Andrés TV,WAANVK,100.80999755859375,0.0,1.0,constv,1,0,0
P03,sym,G5AANDRG,AES Andrés TG,WAANGK,195.69000244140625,0.0,1.0,constv,1,0,0
P03,sym,G3METALD,METALDOM,WMETAK,9.729999542236328,0.0,0.9900000095367432,constv,4,0,0
P03,sym,G3LMINA5,Los Mina 5,WLMI5K,101.09124755859375,0.0,1.0,constv,1,0,0
P03,sym,G4EMAR21,EDM2 Grupo 1,,18.14324951171875,0.0,1.0,constq,3,0,0
P03,sym,G4EMAR22,EDM2 Grupo 2,,17.496749877929688,0.0,1.0,constq,3,0,0
P03,sym,G4EMAR23,EDM2 TV,,1.000000013351432e-10,0.0,1.0,constq,1,1,0
P03,sym,G3LMINA7,Los Mina 7,WLMI7K,108.86750030517578,52.72693634033203,1.0,constv,1,0,0
P03,sym,G4SIBA1,SIBA Grupo 1,WXSI1K,1.000000013351432e-10,4.843220963168804e-11,1.0,constv,2,1,0
P03,sym,G4SIBA2,SIBA Grupo 2,WXSI2K,1.000000013351432e-10,4.843220963168804e-11,1.0,constv,2,1,0
P03,sym,G4SIBA3,SIBA Grupo 3,WXSI3K,1.000000013351432e-10,0.0,1.0,constv,2,1,0
P03,sym,G4SIBA4,SIBA Grupo 4,WXSI4K,16.700000762939453,8.08818244934082,1.0,constv,2,0,0
P03,sym,G4SIBA6,SIBA Grupo 6,WXSI6K,25.0,12.108054161071777,1.0,constv,2,0,0
P03,sym,G4SIBA5,SIBA Grupo 5,WXSI5K,13.239999771118164,6.412425518035889,1.0,constv,2,0,0
P03,sym,G3PINAL2,Pinalito 2,WPIN2K,1.000000013351432e-10,6.00007751816456e-11,1.0490000247955322,constv,1,1,0
P03,sym,G3PINAL1,Pinalito 1,WPIN1K,24.399999618530273,14.478107452392578,1.0490000247955322,constv,1,0,0
P03,sym,G3RBLAN2,Río Blanco 2,WRBLCK,12.130000114440918,7.278094291687012,1.0490000247955322,constv,1,0,0
P03,sym,G3RBLAN1,Río Blanco 1,WRBLAK,1.000000013351432e-10,5.933650792933065e-11,1.0490000247955322,constv,1,1,0
P03,sym,G3RINCON,Rincón,WRINCK,1.000000013351432e-10,6.00007751816456e-11,1.0,constv,1,1,0
P03,sym,G3RJCRUZ,Rosa Julia De La Cruz,WRJCRK,1.000000013351432e-10,3.2868412852549156e-11,1.0,constq,1,1,0
P03,sym,G3ESALTO,El Salto,WESALK,1.000000013351432e-10,4.843220963168804e-11,1.0,constq,1,1,0
P03,sym,G4LVEGA1,La Vega Grupo 1,,18.42799949645996,0.0,1.0,constq,3,0,0
P03,sym,G4LVEGA2,La Vega Grupo 2,,6.478000164031982,0.0,1.0,constv,2,0,0
P03,sym,G3AVARG1,Aniana Vargas 1,WAVA1K,1.000000013351432e-10,3.2868412852549156e-11,1.0,constq,1,1,0
P03,sym,G3AVARG2,Aniana Vargas 2,WAVA1K,0.10000000149011612,0.0328684076666832,1.0,constq,1,0,0
P03,sym,G3JIMENO,Jimenoa,WJIMEK,5.820000171661377,0.0,1.0,constv,1,0,0
P03,sym,G3HATILL,Hatillo 1,WHATIK,7.760000228881836,1.1057413816452026,1.0,constv,1,0,0
P03,sym,G3HATIL2,Hatillo 2,,1.000000013351432e-10,6.00007751816456e-11,1.0,constq,1,1,0
P03,sym,G3BDEREC,Brazo Derecho,WBDERK,1.000000013351432e-10,4.843220963168804e-11,1.0,constv,1,1,0
P03,genstat,G3MPSOLA,Monte Plata Solar,,0.0,0.0,1.0,constq,1,1,0
P03,genstat,G7EMAR31,SA 1 EDM3,WEM31K,1.000000013351432e-10,0.0,1.0,constq,1,1,0
P03,genstat,G7EMAR32,SA 2 EDM3,WEM32K,1.000000013351432e-10,0.0,1.0,constq,1,1,0
P03,genstat,G3PFMPAL,Mata de Palma Solar,WMPALK,0.0,0.0,1.0,constq,21,1,0
P03,genstat,G3PFMART,PF Martí,WMARTK,0.0,0.0,1.0,constq,8,1,0
P03,genstat,G3PFMARA,PF Maranatha,WMARAK,0.0,0.0,1.0,constq,2,1,0
P03,genstat,G4PFCUM4,PF Cumayasa 4,WXCU4K,0.0,0.0,1.0,constq,8,1,0
P03,genstat,G3PFCUM2,PF Cumayasa 2,WXCU2K,0.0,0.0,1.0,constq,5,1,0
P03,genstat,G3PFCUM1,PF Cumayasa 1,WXCU1K,0.0,0.0,1.0,constq,9,1,0
P03,genstat,G3ESOCO,El Soco,WXESOK,0.0,0.0,1.0,constq,11,1,0
P03,genstat,G3PFCOT1,PF Cotoperí 1,WCSO1K,0.0,0.0,1.0,constq,8,1,0
P03,genstat,G3PFCOT2,PF Cotoperí 2,WCSO2K,0.0,0.0,1.0,constq,8,1,0
P03,genstat,G3PFCOT3,PF Cotoperí 3,WCSO3K,0.0,0.0,1.0,constq,8,1,0
P03,genstat,G4PFCOA2,PF Coastal G2,WCOA2K,0.0,0.0,1.0,constq,6,1,0
P03,genstat,G4PFCOA1,PF Coastal G1,WCOA1K,0.0,0.0,1.0,constq,7,1,0
P03,genstat,G3PFSAJO,Parque Fotovoltaico SAJOMA,WXPFSK,0.0,0.0,1.0,constq,9,1,0
P03,genstat,G4PFMSO2,Monte Cristi Solar Grupo 2,,0.0,0.0,1.0,constq,12,1,0
P03,genstat,G4PFMSO1,Monte Cristi Solar Grupo 1,,0.0,0.0,1.0,constq,11,1,0
P03,genstat,G3PEACLA,Agua Clara,WACLAK,0.36039999127388,0.0,1.0,constq,25,0,0
P03,genstat,G3PEGUAN,Guanillo,WGNLLK,0.41679999232292175,0.0,1.0,constq,25,0,0
P03,genstat,G3PELGUZ,Los Guzmancito,WLGUZK,0.07999999821186066,0.0,1.0,constq,17,0,0
P03,genstat,G3PELGU2,Los Guzmancito 2,WLGU2K,0.060770001262426376,0.0,1.0,constq,13,0,0
P03,genstat,G3PFMATR,Parque Fotovoltaico MATRISOL,WXMATK,0.0,0.0,1.0,constq,11,1,0
P03,genstat,G3PSESPE,PS Esperanza,WXPS1K,0.0,0.0,1.0,constq,18,1,0
P03,genstat,,SBX_20260708_161425_e01931_PV,,0.0,0.0,1.0,constq,1,1,0
P03,genstat,,BESS,,2.5,0.0,1.0,constq,1,0,0
P03,genstat,G3SCANOA,Solar Canoa,WSCANK,0.0,0.0,1.0,constq,8,1,0
P03,genstat,G3PFLUCI,PF Lucila,WXLUCK,0.0,0.0,1.0,constq,2,1,0
P03,genstat,G3LCOCO2,Los Cocos 2,,0.03537999838590622,3.7975775302179215e-11,1.0,constq,26,0,0
P03,genstat,G3QCABRE,Quilvio Cabrera,,0.0820000022649765,5.007656442290731e-11,1.0,constq,5,0,0
P03,genstat,G3JCOCO1,Juancho Los Cocos 1,,0.01768999919295311,7.080901143208251e-11,1.0,constq,26,0,0
P03,genstat,G3PELARI,Larimar,,0.27932998538017273,3.7975775302179215e-11,1.0,constq,15,0,0
P03,genstat,G3PELAR2,Larimar 2,,0.18785999715328217,3.7975775302179215e-11,1.0,constq,14,0,0
P03,genstat,G3PFLNEG,Parque Fotovoltaico Los Negros,WMRI2K,0.0,0.0,1.0,constq,3,1,0
P03,genstat,G3PFBAYA,Bayasol,WBAYAK,0.0,0.0,1.0,constq,13,1,0
P03,genstat,G4PSGIR1,Girasol Grupo 1,,0.0,0.0,1.0,constq,12,1,0
P03,genstat,G4PSGIR2,Girasol Grupo 2,,0.0,0.0,1.0,constq,16,1,0
P03,genstat,G3SANTAS,Santanasol,WSANTK,0.0,0.0,1.0,constq,15,1,0
P03,genstat,G3PFCALA,PF Calabaza 1,WXCA1K,0.0,0.0,1.0,constq,17,1,0
P03,genstat,G3PEMAT2,PE Matafongo 2,WMTFNK,0.024150000885128975,0.0,1.0,constq,3,0,0
P03,genstat,G3PEMATA,PE Matafongo,WMTFNK,0.009270000271499157,0.0,1.0,constq,17,0,0
P03,genstat,G3PFPER1,PF Peravia I,WPES1K,0.0,0.0,1.0,constq,12,1,0
P03,genstat,G3PFPER2,PF Peravia II,WPES2K,0.0,0.0,1.0,constq,12,1,0
P03,genstat,G6PEMINA,SA PE Los Mina,WXSALMK,1.000000013351432e-10,0.0,1.0,constq,1,0,0
P03,genstat,G6AANDRE,Sistema Almacenamiento AES Andrés,WXBAAK,1.000000013351432e-10,0.0,1.0,constq,1,0,0
P03,genstat,G3PFWCA2,PF Washington Capital 2,WXWC2K,0.0,0.0,1.0,constq,8,1,0
P03,genstat,G3PFWCA3,PF Washington Capital 3,WXWC3K,0.0,0.0,1.0,constq,8,1,0
P03,genstat,G3PFVICT,PF La Victoria,WLVICK,0.0,0.0,1.0,constq,8,1,0
P03,genstat,G3PFMIRA,Mirasol,WMIRAK,0.0,0.0,1.0,constq,17,1,0
P04,sym,G4PALAM3,Palamara Grupo 3,,1.8279000520706177,0.0,0.9900000095367432,constv,4,0,0
P04,sym,G4PALAM2,Palamara Grupo 2,,10.766400337219238,0.0,1.0,constv,2,0,0
P04,sym,G4PALAM1,Palamara Grupo 1,,10.766400337219238,0.0,0.9900000095367432,constv,4,0,0
P04,sym,G4IKM22,INCA km 22 Grupo 1,,4.331200122833252,0.0,1.0,constq,2,0,0
P04,sym,G5IKM22,INCA km 22 Grupo 2,,5.737599849700928,0.0,1.0,constq,1,0,0
P04,sym,G5EMA3G1,EDM3 TG1,WEM31K,48.66667175292969,0.0,1.0,constv,1,0,0
P04,sym,G5EMA3G2,EDM3 TG2,WEM32K,48.66667175292969,0.0,1.0,constv,1,0,0
P04,sym,G5EMAR3V,EDM3 TV,WEM33K,48.66667175292969,0.0,1.0,constv,1,0,0
P04,sym,G4Q1SPED,Quisqueya 1 San Pedro,,16.487499237060547,0.0,1.0,constv,4,0,0
P04,sym,G4QUIS12,Quisqueya 1 Grupo 2,,17.076000213623047,0.0,1.0,constv,4,0,0
P04,sym,G4QUIS21,Quisqueya 2 Grupo 1,,17.076000213623047,0.0,1.0,constv,4,0,0
P04,sym,G4QUIS22,Quisqueya 2 Grupo 2,,17.076000213623047,0.0,1.0,constv,4,0,0
P04,sym,G4QUIS23,Quisqueya 2 Grupo 3,,6.0279998779296875,0.0,1.0,constv,4,0,0
P04,sym,G5QUISQ2,Quisqueya 2 TV,,1.000000013351432e-10,0.0,1.0,constq,1,1,0
P04,sym,G4QUIS13,Quisqueya 1 Grupo 3,,17.076000213623047,0.0,1.0,constv,4,0,0
P04,sym,G5QUISQ1,Quisqueya 1 TV,,8.892000198364258,0.0,1.0,constv,1,0,0
P04,sym,G3PCATA1,Punta Catalina 1,WPCA1K,339.989990234375,164.66468811035156,1.0499999523162842,constv,1,0,1
P04,sym,G3PCATA2,Punta Catalina 2,WPCA2K,359.989990234375,174.3511199951172,1.0499999523162842,constv,1,0,0
P04,sym,G4SESTE3,Sultana del Este Grupo 3,WSES3K,1.000000013351432e-10,6.00007751816456e-11,1.0,constv,3,1,0
P04,sym,G4SESTE1,Sultana del Este Grupo 1,WSES1K,14.5,0.0,1.0,constv,3,0,0
P04,sym,G4SESTE2,Sultana del Este Grupo 2,WSES2K,1.000000013351432e-10,0.0,1.0,constv,4,1,0
P04,sym,G3CESPM3,CESPM 3,WCES3K,87.30000305175781,0.0,1.0199999809265137,constv,1,0,0
P04,sym,G3CESPM2,CESPM 2,WCES2K,87.30000305175781,0.0,1.0199999809265137,constv,1,0,0
P04,sym,G3CESPM1,CESPM 1,WCES1K,87.30000305175781,0.0,1.0199999809265137,constv,1,0,0
P04,sym,G3ENE4TG,ENERGAS 4 TG,WXEN4K,10.0,0.0,1.0199999809265137,constv,1,0,0
P04,sym,G3ENE4TV,ENERGAS 4 TV,WXEV4K,1.000000013351432e-10,0.0,1.0199999809265137,constv,1,1,0
P04,sym,G3BERSAL,Bersal,,1.909999966621399,0.0,1.0,constq,4,0,0
P04,sym,G4LOPPL1,Los Orígenes Power Plant Grupo 1,WLORIK,2.130000114440918,0.0,1.0,constq,3,0,0
P04,sym,G4LOPPL2,Los Orígenes Power Plant Grupo 2,WLORIK,17.18000030517578,0.0,1.0490000247955322,constv,2,0,0
P04,sym,G3SPBIOE,San Pedro Bio-Energy,,30.0,14.529670715332031,1.0499999523162842,constv,1,0,0
P04,sym,G3CEMON2,Contra Embalse Monción 2,WCEMOK,0.75,0.36324170231819153,1.0,constq,1,0,0
P04,sym,G3CEMON1,Contra Embalse Monción 1,WCEMOK,0.75,0.36324170231819153,1.0,constq,1,0,0
P04,sym,G3MONCI2,Monción 2,WMONCK,1.000000013351432e-10,0.0,1.0,constv,1,1,0
P04,sym,G3MONCI1,Monción 1,WMONCK,20.5,0.0,1.0,constq,1,0,0
P04,sym,G3PIMEN3,Pimentel 3,WPIM3K,8.526670455932617,0.0,1.0,constq,3,0,0
P04,sym,G3PIMEN2,Pimentel 2,,3.944999933242798,0.0,1.0,constv,4,0,0
P04,sym,G3PIMEN1,Pimentel 1,,3.055000066757202,0.0,1.0,constv,4,0,0
P04,sym,G3LANGOS,López Angostura,WLANGK,4.0,0.0,1.0,constv,1,0,0
P04,sym,G3BAIGU2,Baiguaque 2,WBAI1K,1.000000013351432e-10,3.2868412852549156e-11,1.0,constq,1,1,0
P04,sym,G3BAIGU1,Baiguaque 1,WBAI1K,0.10000000149011612,0.04843222349882126,1.0,constq,1,0,0
P04,sym,G3TAVER2,Tavera 2,WTAV2K,1.000000013351432e-10,0.0,1.0,constq,1,1,0
P04,sym,G3TAVER1,Tavera 1,WTAV1K,1.000000013351432e-10,0.0,1.0,constv,1,1,0
P04,sym,G3SFELIG,San Felipe TG,,1.000000013351432e-10,0.0,1.0,constv,1,1,0
P04,sym,G3SFV,San Felipe Vapor,WSFEVK,1.000000013351432e-10,0.0,1.0,constv,1,1,0
P04,sym,G3PIMEN4,Pimentel 4,WXPI4K,17.55500030517578,0.0,1.0,constv,2,0,0
P04,sym,G3LTORO1,Los Toros 1,WLTO1K,1.000000013351432e-10,6.00007751816456e-11,1.0,constq,1,1,0
P04,sym,G3LTORO2,Los Toros 2,WLTO1K,1.000000013351432e-10,3.2868412852549156e-11,1.0,constq,1,1,0
P04,sym,G3NNAJAY,Nizao Najayo,WXNNAK,1.000000013351432e-10,4.843220963168804e-11,1.0,constq,1,1,0
P04,sym,G3LANONE,Los Anones,WXLANK,1.000000013351432e-10,4.843220963168804e-11,1.0,constq,1,1,0
P04,sym,G3SYEGUA,Sabana Yegua,WSYEGK,1.000000013351432e-10,0.0,1.0,constv,1,1,0
P04,sym,G3SABANE,Sabaneta,WSABAK,1.000000013351432e-10,0.0,1.0,constv,1,1,0
P04,sym,G3MAGUE2,Magueyal 2,WMAGUK,1.000000013351432e-10,4.843220963168804e-11,1.0,constq,1,1,0
P04,sym,G3MAGUE1,Magueyal 1,WMAGUK,1.000000013351432e-10,4.843220963168804e-11,1.0,constq,1,1,0
P04,sym,G3LDAMAS,Las Damas,,1.600000023841858,0.7749155759811401,1.0,constv,1,0,0
P04,sym,G3DRODR2,Domingo Rodríguez 2,WDRODL,1.000000013351432e-10,3.2868412852549156e-11,1.0,constq,1,1,0
P04,sym,G3DRODR1,Domingo Rodríguez 1,WDRODL,1.000000013351432e-10,3.2868412852549156e-11,1.0,constq,1,1,0
P04,sym,G3HTG,Haina TG,WHAIGK,1.000000013351432e-10,0.0,1.0,constq,1,1,0
P04,sym,G3VALDE2,Valdesia 2,WVAL2K,1.000000013351432e-10,0.0,1.0,constq,1,1,0
P04,sym,G3VALDE1,Valdesia 1,WVAL1K,1.000000013351432e-10,0.0,1.0,constv,1,1,0
P04,sym,G3LBARIA,Las Barías,WLBARK,1.000000013351432e-10,4.843220963168804e-11,1.0,constq,1,1,0
P04,sym,G3BCARBO,Barahona Carbón,WBCARK,50.0,0.0,1.0,constv,1,0,0
P04,sym,G3JIGUE2,Jigüey 2,WJIG2K,1.000000013351432e-10,0.0,1.0,constv,1,1,0
P04,sym,G3JIGUE1,Jigüey 1,WJIG1K,1.000000013351432e-10,0.0,1.0,constv,1,1,0
P04,sym,G3AGUAC2,Aguacate 2,WAGU2K,1.000000013351432e-10,0.0,1.0,constq,1,1,0
P04,sym,G3AGUAC1,Aguacate 1,WAGU1K,26.0,0.0,1.0,constq,1,0,0
P04,sym,G4MRIO3,Monte Río Grupo 2,WMRI3K,4.655940055847168,0.0,1.0199999809265137,constv,7,0,0
P04,sym,G4MRIO1,Monte Río Grupo 1,WMRI1K,7.806399822235107,0.0,1.0199999809265137,constv,6,0,0
P04,sym,G3ITABO2,Itabo 2,WITA2K,1.000000013351432e-10,0.0,1.0,constv,1,1,0
P04,sym,G3ITABO1,Itabo 1,WITA1K,120.0,0.0,1.0,constv,1,0,0
P04,sym,G3SLORE1,San Lorenzo 1,,1.000000013351432e-10,0.0,1.0,constv,1,1,0
P04,sym,G3PALOM2,Palomino 2,WPLM1K,1.000000013351432e-10,0.0,1.0199999809265137,constv,1,1,0
P04,sym,G3PALOM1,Palomino 1,WPLM2K,1.000000013351432e-10,0.0,1.0199999809265137,constv,1,1,0
P04,sym,G4PAK262,POWERSHIP AZUA KPS26 2,WXPA2K,16.75527000427246,8.114946365356445,1.0,constv,3,0,0
P04,sym,G4PAK261,POWERSHIP AZUA KPS26 1,WXPA1K,18.164730072021484,8.797582626342773,1.0,constv,3,0,0
P04,sym,G4PAK601,POWERSHIP AZUA KPS60,WXPA3K,18.464550018310547,8.942789077758789,1.0,constv,4,0,0
P04,sym,G5PAK6TV,POWERSHIP AZUA TV,WXPA3K,1.4817999601364136,0.7176684737205505,1.0,constv,1,0,0
P04,sym,G3PALENQ,Palenque,WPAQ2K,1.000000013351432e-10,4.843220963168804e-11,1.0499999523162842,constv,4,1,0
P04,sym,G4PAK561,POWERSHIP AZUA KPS56,WXPA4K,1.000000013351432e-10,4.843220963168804e-11,1.0,constq,8,1,0
P04,sym,G3LMINA6,Los Mina 6,WLMI6K,100.68824768066406,0.0,1.0,constv,1,0,0
P04,sym,G5AANDRV,AES Andrés TV,WAANVK,100.80999755859375,0.0,1.0,constv,1,0,0
P04,sym,G5AANDRG,AES Andrés TG,WAANGK,195.69000244140625,0.0,1.0,constv,1,0,0
P04,sym,G3METALD,METALDOM,WMETAK,9.729999542236328,0.0,0.9900000095367432,constv,4,0,0
P04,sym,G3LMINA5,Los Mina 5,WLMI5K,100.68824768066406,0.0,1.0,constv,1,0,0
P04,sym,G4EMAR21,EDM2 Grupo 1,,18.14324951171875,0.0,1.0,constq,3,0,0
P04,sym,G4EMAR22,EDM2 Grupo 2,,16.963420867919922,0.0,1.0,constq,3,0,0
P04,sym,G4EMAR23,EDM2 TV,,1.000000013351432e-10,0.0,1.0,constq,1,1,0
P04,sym,G3LMINA7,Los Mina 7,WLMI7K,108.43350219726562,52.51675796508789,1.0,constv,1,0,0
P04,sym,G4SIBA1,SIBA Grupo 1,WXSI1K,1.000000013351432e-10,4.843220963168804e-11,1.0,constv,2,1,0
P04,sym,G4SIBA2,SIBA Grupo 2,WXSI2K,1.000000013351432e-10,4.843220963168804e-11,1.0,constv,2,1,0
P04,sym,G4SIBA3,SIBA Grupo 3,WXSI3K,1.000000013351432e-10,0.0,1.0,constv,2,1,0
P04,sym,G4SIBA4,SIBA Grupo 4,WXSI4K,8.074999809265137,3.9109015464782715,1.0,constv,2,0,0
P04,sym,G4SIBA6,SIBA Grupo 6,WXSI6K,25.0,12.108054161071777,1.0,constv,2,0,0
P04,sym,G4SIBA5,SIBA Grupo 5,WXSI5K,1.000000013351432e-10,4.843220963168804e-11,1.0,constv,2,1,0
P04,sym,G3PINAL2,Pinalito 2,WPIN2K,1.000000013351432e-10,6.00007751816456e-11,1.0490000247955322,constv,1,1,0
P04,sym,G3PINAL1,Pinalito 1,WPIN1K,24.399999618530273,14.478107452392578,1.0490000247955322,constv,1,0,0
P04,sym,G3RBLAN2,Río Blanco 2,WRBLCK,11.5,6.900088310241699,1.0490000247955322,constv,1,0,0
P04,sym,G3RBLAN1,Río Blanco 1,WRBLAK,1.000000013351432e-10,5.933650792933065e-11,1.0490000247955322,constv,1,1,0
P04,sym,G3RINCON,Rincón,WRINCK,1.000000013351432e-10,6.00007751816456e-11,1.0,constv,1,1,0
P04,sym,G3RJCRUZ,Rosa Julia De La Cruz,WRJCRK,1.000000013351432e-10,3.2868412852549156e-11,1.0,constq,1,1,0
P04,sym,G3ESALTO,El Salto,WESALK,1.000000013351432e-10,4.843220963168804e-11,1.0,constq,1,1,0
P04,sym,G4LVEGA1,La Vega Grupo 1,,18.42799949645996,0.0,1.0,constq,3,0,0
P04,sym,G4LVEGA2,La Vega Grupo 2,,6.478000164031982,0.0,1.0,constv,2,0,0
P04,sym,G3AVARG1,Aniana Vargas 1,WAVA1K,1.000000013351432e-10,3.2868412852549156e-11,1.0,constq,1,1,0
P04,sym,G3AVARG2,Aniana Vargas 2,WAVA1K,0.10000000149011612,0.0328684076666832,1.0,constq,1,0,0
P04,sym,G3JIMENO,Jimenoa,WJIMEK,5.300000190734863,0.0,1.0,constv,1,0,0
P04,sym,G3HATILL,Hatillo 1,WHATIK,7.760000228881836,0.0,1.0,constv,1,0,0
P04,sym,G3HATIL2,Hatillo 2,,1.000000013351432e-10,6.00007751816456e-11,1.0,constq,1,1,0
P04,sym,G3BDEREC,Brazo Derecho,WBDERK,1.000000013351432e-10,4.843220963168804e-11,1.0,constv,1,1,0
P04,genstat,G3MPSOLA,Monte Plata Solar,,0.0,0.0,1.0,constq,1,1,0
P04,genstat,G7EMAR31,SA 1 EDM3,WEM31K,1.000000013351432e-10,0.0,1.0,constq,1,1,0
P04,genstat,G7EMAR32,SA 2 EDM3,WEM32K,1.000000013351432e-10,0.0,1.0,constq,1,1,0
P04,genstat,G3PFMPAL,Mata de Palma Solar,WMPALK,0.0,0.0,1.0,constq,21,1,0
P04,genstat,G3PFMART,PF Martí,WMARTK,0.0,0.0,1.0,constq,8,1,0
P04,genstat,G3PFMARA,PF Maranatha,WMARAK,0.0,0.0,1.0,constq,2,1,0
P04,genstat,G4PFCUM4,PF Cumayasa 4,WXCU4K,0.0,0.0,1.0,constq,8,1,0
P04,genstat,G3PFCUM2,PF Cumayasa 2,WXCU2K,0.0,0.0,1.0,constq,5,1,0
P04,genstat,G3PFCUM1,PF Cumayasa 1,WXCU1K,0.0,0.0,1.0,constq,9,1,0
P04,genstat,G3ESOCO,El Soco,WXESOK,0.0,0.0,1.0,constq,11,1,0
P04,genstat,G3PFCOT1,PF Cotoperí 1,WCSO1K,0.0,0.0,1.0,constq,8,1,0
P04,genstat,G3PFCOT2,PF Cotoperí 2,WCSO2K,0.0,0.0,1.0,constq,8,1,0
P04,genstat,G3PFCOT3,PF Cotoperí 3,WCSO3K,0.0,0.0,1.0,constq,8,1,0
P04,genstat,G4PFCOA2,PF Coastal G2,WCOA2K,0.0,0.0,1.0,constq,6,1,0
P04,genstat,G4PFCOA1,PF Coastal G1,WCOA1K,0.0,0.0,1.0,constq,7,1,0
P04,genstat,G3PFSAJO,Parque Fotovoltaico SAJOMA,WXPFSK,0.0,0.0,1.0,constq,9,1,0
P04,genstat,G4PFMSO2,Monte Cristi Solar Grupo 2,,0.0,0.0,1.0,constq,12,1,0
P04,genstat,G4PFMSO1,Monte Cristi Solar Grupo 1,,0.0,0.0,1.0,constq,11,1,0
P04,genstat,G3PEACLA,Agua Clara,WACLAK,0.45399999618530273,0.0,1.0,constq,25,0,0
P04,genstat,G3PEGUAN,Guanillo,WGNLLK,0.626800000667572,0.0,1.0,constq,25,0,0
P04,genstat,G3PELGUZ,Los Guzmancito,WLGUZK,0.12234999984502792,0.0,1.0,constq,17,0,0
P04,genstat,G3PELGU2,Los Guzmancito 2,WLGU2K,0.10153999924659729,0.0,1.0,constq,13,0,0
P04,genstat,G3PFMATR,Parque Fotovoltaico MATRISOL,WXMATK,0.0,0.0,1.0,constq,11,1,0
P04,genstat,G3PSESPE,PS Esperanza,WXPS1K,0.0,0.0,1.0,constq,18,1,0
P04,genstat,,SBX_20260708_161425_e01931_PV,,0.0,0.0,1.0,constq,1,1,0
P04,genstat,,BESS,,2.5,0.0,1.0,constq,1,0,0
P04,genstat,G3SCANOA,Solar Canoa,WSCANK,0.0,0.0,1.0,constq,8,1,0
P04,genstat,G3PFLUCI,PF Lucila,WXLUCK,0.0,0.0,1.0,constq,2,1,0
P04,genstat,G3LCOCO2,Los Cocos 2,,0.03423000127077103,3.7975775302179215e-11,1.0,constq,26,0,0
P04,genstat,G3QCABRE,Quilvio Cabrera,,0.07599999755620956,5.007656442290731e-11,1.0,constq,5,0,0
P04,genstat,G3JCOCO1,Juancho Los Cocos 1,,0.016540000215172768,7.080901143208251e-11,1.0,constq,26,0,0
P04,genstat,G3PELARI,Larimar,,0.27932998538017273,3.7975775302179215e-11,1.0,constq,15,0,0
P04,genstat,G3PELAR2,Larimar 2,,0.19286000728607178,3.7975775302179215e-11,1.0,constq,14,0,0
P04,genstat,G3PFLNEG,Parque Fotovoltaico Los Negros,WMRI2K,0.0,0.0,1.0,constq,3,1,0
P04,genstat,G3PFBAYA,Bayasol,WBAYAK,0.0,0.0,1.0,constq,13,1,0
P04,genstat,G4PSGIR1,Girasol Grupo 1,,0.0,0.0,1.0,constq,12,1,0
P04,genstat,G4PSGIR2,Girasol Grupo 2,,0.0,0.0,1.0,constq,16,1,0
P04,genstat,G3SANTAS,Santanasol,WSANTK,0.0,0.0,1.0,constq,15,1,0
P04,genstat,G3PFCALA,PF Calabaza 1,WXCA1K,0.0,0.0,1.0,constq,17,1,0
P04,genstat,G3PEMAT2,PE Matafongo 2,WMTFNK,0.01785000041127205,0.0,1.0,constq,3,0,0
P04,genstat,G3PEMATA,PE Matafongo,WMTFNK,0.006850000005215406,0.0,1.0,constq,17,0,0
P04,genstat,G3PFPER1,PF Peravia I,WPES1K,0.0,0.0,1.0,constq,12,1,0
P04,genstat,G3PFPER2,PF Peravia II,WPES2K,0.0,0.0,1.0,constq,12,1,0
P04,genstat,G6PEMINA,SA PE Los Mina,WXSALMK,1.000000013351432e-10,0.0,1.0,constq,1,0,0
P04,genstat,G6AANDRE,Sistema Almacenamiento AES Andrés,WXBAAK,1.000000013351432e-10,0.0,1.0,constq,1,0,0
P04,genstat,G3PFWCA2,PF Washington Capital 2,WXWC2K,0.0,0.0,1.0,constq,8,1,0
P04,genstat,G3PFWCA3,PF Washington Capital 3,WXWC3K,0.0,0.0,1.0,constq,8,1,0
P04,genstat,G3PFVICT,PF La Victoria,WLVICK,0.0,0.0,1.0,constq,8,1,0
P04,genstat,G3PFMIRA,Mirasol,WMIRAK,0.0,0.0,1.0,constq,17,1,0
P05,sym,G4PALAM3,Palamara Grupo 3,,1.8279000520706177,0.0,0.9900000095367432,constv,4,0,0
P05,sym,G4PALAM2,Palamara Grupo 2,,10.766400337219238,0.0,1.0,constv,2,0,0
P05,sym,G4PALAM1,Palamara Grupo 1,,10.766400337219238,0.0,0.9900000095367432,constv,4,0,0
P05,sym,G4IKM22,INCA km 22 Grupo 1,,4.331200122833252,0.0,1.0,constq,2,0,0
P05,sym,G5IKM22,INCA km 22 Grupo 2,,1.5875999927520752,0.0,1.0,constq,1,0,0
P05,sym,G5EMA3G1,EDM3 TG1,WEM31K,48.66667175292969,0.0,0.9480000138282776,constv,1,0,0
P05,sym,G5EMA3G2,EDM3 TG2,WEM32K,48.66667175292969,0.0,0.9480000138282776,constv,1,0,0
P05,sym,G5EMAR3V,EDM3 TV,WEM33K,48.66667175292969,0.0,1.0,constv,1,0,0
P05,sym,G4Q1SPED,Quisqueya 1 San Pedro,,16.487499237060547,0.0,1.0,constv,4,0,0
P05,sym,G4QUIS12,Quisqueya 1 Grupo 2,,17.076000213623047,0.0,1.0,constv,4,0,0
P05,sym,G4QUIS21,Quisqueya 2 Grupo 1,,17.076000213623047,0.0,1.0,constv,4,0,0
P05,sym,G4QUIS22,Quisqueya 2 Grupo 2,,17.076000213623047,0.0,1.0,constv,4,0,0
P05,sym,G4QUIS23,Quisqueya 2 Grupo 3,,6.0279998779296875,0.0,1.0,constv,4,0,0
P05,sym,G5QUISQ2,Quisqueya 2 TV,,1.000000013351432e-10,0.0,1.0,constq,1,1,0
P05,sym,G4QUIS13,Quisqueya 1 Grupo 3,,17.076000213623047,0.0,1.0,constv,4,0,0
P05,sym,G5QUISQ1,Quisqueya 1 TV,,8.892000198364258,0.0,1.0,constv,1,0,0
P05,sym,G3PCATA1,Punta Catalina 1,WPCA1K,339.989990234375,164.66468811035156,1.0499999523162842,constv,1,0,1
P05,sym,G3PCATA2,Punta Catalina 2,WPCA2K,359.989990234375,174.3511199951172,1.0499999523162842,constv,1,0,0
P05,sym,G4SESTE3,Sultana del Este Grupo 3,WSES3K,1.000000013351432e-10,6.00007751816456e-11,1.0,constv,3,1,0
P05,sym,G4SESTE1,Sultana del Este Grupo 1,WSES1K,14.5,0.0,1.0,constv,3,0,0
P05,sym,G4SESTE2,Sultana del Este Grupo 2,WSES2K,1.000000013351432e-10,0.0,1.0,constv,4,1,0
P05,sym,G3CESPM3,CESPM 3,WCES3K,87.30000305175781,0.0,1.0199999809265137,constv,1,0,0
P05,sym,G3CESPM2,CESPM 2,WCES2K,87.30000305175781,0.0,1.0199999809265137,constv,1,0,0
P05,sym,G3CESPM1,CESPM 1,WCES1K,87.30000305175781,0.0,1.0199999809265137,constv,1,0,0
P05,sym,G3ENE4TG,ENERGAS 4 TG,WXEN4K,10.0,0.0,1.0199999809265137,constv,1,0,0
P05,sym,G3ENE4TV,ENERGAS 4 TV,WXEV4K,1.000000013351432e-10,0.0,1.0199999809265137,constv,1,1,0
P05,sym,G3BERSAL,Bersal,,1.5924999713897705,0.0,1.0,constq,4,0,0
P05,sym,G4LOPPL1,Los Orígenes Power Plant Grupo 1,WLORIK,2.130000114440918,0.0,1.0,constq,3,0,0
P05,sym,G4LOPPL2,Los Orígenes Power Plant Grupo 2,WLORIK,17.18000030517578,0.0,1.0490000247955322,constv,2,0,0
P05,sym,G3SPBIOE,San Pedro Bio-Energy,,30.0,14.529670715332031,1.0499999523162842,constv,1,0,0
P05,sym,G3CEMON2,Contra Embalse Monción 2,WCEMOK,0.75,0.36324170231819153,1.0,constq,1,0,0
P05,sym,G3CEMON1,Contra Embalse Monción 1,WCEMOK,0.75,0.36324170231819153,1.0,constq,1,0,0
P05,sym,G3MONCI2,Monción 2,WMONCK,1.000000013351432e-10,0.0,1.0,constv,1,1,0
P05,sym,G3MONCI1,Monción 1,WMONCK,20.5,0.0,1.0,constq,1,0,0
P05,sym,G3PIMEN3,Pimentel 3,WPIM3K,8.526670455932617,0.0,1.0,constq,3,0,0
P05,sym,G3PIMEN2,Pimentel 2,,3.944999933242798,0.0,1.0,constv,4,0,0
P05,sym,G3PIMEN1,Pimentel 1,,3.055000066757202,0.0,1.0,constv,4,0,0
P05,sym,G3LANGOS,López Angostura,WLANGK,4.0,0.0,1.0,constv,1,0,0
P05,sym,G3BAIGU2,Baiguaque 2,WBAI1K,1.000000013351432e-10,3.2868412852549156e-11,1.0,constq,1,1,0
P05,sym,G3BAIGU1,Baiguaque 1,WBAI1K,0.10000000149011612,0.04843222349882126,1.0,constq,1,0,0
P05,sym,G3TAVER2,Tavera 2,WTAV2K,1.000000013351432e-10,0.0,1.0,constq,1,1,0
P05,sym,G3TAVER1,Tavera 1,WTAV1K,1.000000013351432e-10,0.0,1.0,constv,1,1,0
P05,sym,G3SFELIG,San Felipe TG,,1.000000013351432e-10,0.0,1.0,constv,1,1,0
P05,sym,G3SFV,San Felipe Vapor,WSFEVK,1.000000013351432e-10,0.0,1.0,constv,1,1,0
P05,sym,G3PIMEN4,Pimentel 4,WXPI4K,17.55500030517578,0.0,1.0,constv,2,0,0
P05,sym,G3LTORO1,Los Toros 1,WLTO1K,1.000000013351432e-10,6.00007751816456e-11,1.0,constq,1,1,0
P05,sym,G3LTORO2,Los Toros 2,WLTO1K,1.000000013351432e-10,3.2868412852549156e-11,1.0,constq,1,1,0
P05,sym,G3NNAJAY,Nizao Najayo,WXNNAK,1.000000013351432e-10,4.843220963168804e-11,1.0,constq,1,1,0
P05,sym,G3LANONE,Los Anones,WXLANK,1.000000013351432e-10,4.843220963168804e-11,1.0,constq,1,1,0
P05,sym,G3SYEGUA,Sabana Yegua,WSYEGK,1.000000013351432e-10,0.0,1.0,constv,1,1,0
P05,sym,G3SABANE,Sabaneta,WSABAK,1.000000013351432e-10,0.0,1.0,constv,1,1,0
P05,sym,G3MAGUE2,Magueyal 2,WMAGUK,1.000000013351432e-10,4.843220963168804e-11,1.0,constq,1,1,0
P05,sym,G3MAGUE1,Magueyal 1,WMAGUK,1.000000013351432e-10,4.843220963168804e-11,1.0,constq,1,1,0
P05,sym,G3LDAMAS,Las Damas,,1.600000023841858,0.7749155759811401,1.0,constv,1,0,0
P05,sym,G3DRODR2,Domingo Rodríguez 2,WDRODL,1.000000013351432e-10,3.2868412852549156e-11,1.0,constq,1,1,0
P05,sym,G3DRODR1,Domingo Rodríguez 1,WDRODL,1.000000013351432e-10,3.2868412852549156e-11,1.0,constq,1,1,0
P05,sym,G3HTG,Haina TG,WHAIGK,1.000000013351432e-10,0.0,1.0,constq,1,1,0
P05,sym,G3VALDE2,Valdesia 2,WVAL2K,1.000000013351432e-10,0.0,1.0,constq,1,1,0
P05,sym,G3VALDE1,Valdesia 1,WVAL1K,1.000000013351432e-10,0.0,1.0,constv,1,1,0
P05,sym,G3LBARIA,Las Barías,WLBARK,1.000000013351432e-10,4.843220963168804e-11,1.0,constq,1,1,0
P05,sym,G3BCARBO,Barahona Carbón,WBCARK,50.0,0.0,1.0,constv,1,0,0
P05,sym,G3JIGUE2,Jigüey 2,WJIG2K,1.000000013351432e-10,0.0,1.0,constv,1,1,0
P05,sym,G3JIGUE1,Jigüey 1,WJIG1K,1.000000013351432e-10,0.0,1.0,constv,1,1,0
P05,sym,G3AGUAC2,Aguacate 2,WAGU2K,1.000000013351432e-10,0.0,1.0,constq,1,1,0
P05,sym,G3AGUAC1,Aguacate 1,WAGU1K,26.0,0.0,1.0,constq,1,0,0
P05,sym,G4MRIO3,Monte Río Grupo 2,WMRI3K,4.655940055847168,0.0,1.0199999809265137,constv,7,0,0
P05,sym,G4MRIO1,Monte Río Grupo 1,WMRI1K,7.806399822235107,0.0,1.0199999809265137,constv,6,0,0
P05,sym,G3ITABO2,Itabo 2,WITA2K,1.000000013351432e-10,0.0,1.0,constv,1,1,0
P05,sym,G3ITABO1,Itabo 1,WITA1K,120.0,0.0,1.0,constv,1,0,0
P05,sym,G3SLORE1,San Lorenzo 1,,1.000000013351432e-10,0.0,1.0,constv,1,1,0
P05,sym,G3PALOM2,Palomino 2,WPLM1K,1.000000013351432e-10,0.0,1.0199999809265137,constv,1,1,0
P05,sym,G3PALOM1,Palomino 1,WPLM2K,1.000000013351432e-10,0.0,1.0199999809265137,constv,1,1,0
P05,sym,G4PAK262,POWERSHIP AZUA KPS26 2,WXPA2K,16.75527000427246,8.114946365356445,1.0,constv,3,0,0
P05,sym,G4PAK261,POWERSHIP AZUA KPS26 1,WXPA1K,18.164730072021484,8.797582626342773,1.0,constv,3,0,0
P05,sym,G4PAK601,POWERSHIP AZUA KPS60,WXPA3K,18.464550018310547,8.942789077758789,1.0,constv,4,0,0
P05,sym,G5PAK6TV,POWERSHIP AZUA TV,WXPA3K,1.4817999601364136,0.7176684737205505,1.0,constv,1,0,0
P05,sym,G3PALENQ,Palenque,WPAQ2K,1.000000013351432e-10,4.843220963168804e-11,1.0499999523162842,constv,4,1,0
P05,sym,G4PAK561,POWERSHIP AZUA KPS56,WXPA4K,1.000000013351432e-10,4.843220963168804e-11,1.0,constq,8,1,0
P05,sym,G3LMINA6,Los Mina 6,WLMI6K,100.61675262451172,0.0,1.0,constv,1,0,0
P05,sym,G5AANDRV,AES Andrés TV,WAANVK,100.80999755859375,0.0,1.0,constv,1,0,0
P05,sym,G5AANDRG,AES Andrés TG,WAANGK,195.69000244140625,0.0,1.0,constv,1,0,0
P05,sym,G3METALD,METALDOM,WMETAK,9.729999542236328,0.0,0.9900000095367432,constv,4,0,0
P05,sym,G3LMINA5,Los Mina 5,WLMI5K,100.61675262451172,0.0,1.0,constv,1,0,0
P05,sym,G4EMAR21,EDM2 Grupo 1,,18.14324951171875,0.0,1.0,constq,3,0,0
P05,sym,G4EMAR22,EDM2 Grupo 2,,15.840080261230469,0.0,1.0,constq,3,0,0
P05,sym,G4EMAR23,EDM2 TV,,1.000000013351432e-10,0.0,1.0,constq,1,1,0
P05,sym,G3LMINA7,Los Mina 7,WLMI7K,108.35649871826172,52.47945022583008,1.0,constv,1,0,0
P05,sym,G4SIBA1,SIBA Grupo 1,WXSI1K,1.000000013351432e-10,4.843220963168804e-11,1.0,constv,2,1,0
P05,sym,G4SIBA2,SIBA Grupo 2,WXSI2K,1.000000013351432e-10,4.843220963168804e-11,1.0,constv,2,1,0
P05,sym,G4SIBA3,SIBA Grupo 3,WXSI3K,1.000000013351432e-10,0.0,1.0,constv,2,1,0
P05,sym,G4SIBA4,SIBA Grupo 4,WXSI4K,1.000000013351432e-10,4.843220963168804e-11,1.0,constv,2,1,0
P05,sym,G4SIBA6,SIBA Grupo 6,WXSI6K,1.000000013351432e-10,4.843220963168804e-11,1.0,constv,2,1,0
P05,sym,G4SIBA5,SIBA Grupo 5,WXSI5K,1.000000013351432e-10,4.843220963168804e-11,1.0,constv,2,1,0
P05,sym,G3PINAL2,Pinalito 2,WPIN2K,1.000000013351432e-10,6.00007751816456e-11,1.0490000247955322,constv,1,1,0
P05,sym,G3PINAL1,Pinalito 1,WPIN1K,24.399999618530273,14.478107452392578,1.0490000247955322,constv,1,0,0
P05,sym,G3RBLAN2,Río Blanco 2,WRBLCK,11.5,6.900088310241699,1.0490000247955322,constv,1,0,0
P05,sym,G3RBLAN1,Río Blanco 1,WRBLAK,1.000000013351432e-10,5.933650792933065e-11,1.0490000247955322,constv,1,1,0
P05,sym,G3RINCON,Rincón,WRINCK,1.000000013351432e-10,6.00007751816456e-11,1.0,constv,1,1,0
P05,sym,G3RJCRUZ,Rosa Julia De La Cruz,WRJCRK,1.000000013351432e-10,3.2868412852549156e-11,1.0,constq,1,1,0
P05,sym,G3ESALTO,El Salto,WESALK,1.000000013351432e-10,4.843220963168804e-11,1.0,constq,1,1,0
P05,sym,G4LVEGA1,La Vega Grupo 1,,18.42799949645996,0.0,1.0,constq,3,0,0
P05,sym,G4LVEGA2,La Vega Grupo 2,,6.478000164031982,0.0,1.0,constv,2,0,0
P05,sym,G3AVARG1,Aniana Vargas 1,WAVA1K,1.000000013351432e-10,3.2868412852549156e-11,1.0,constq,1,1,0
P05,sym,G3AVARG2,Aniana Vargas 2,WAVA1K,0.10000000149011612,0.0328684076666832,1.0,constq,1,0,0
P05,sym,G3JIMENO,Jimenoa,WJIMEK,5.300000190734863,0.0,1.0,constv,1,0,0
P05,sym,G3HATILL,Hatillo 1,WHATIK,7.760000228881836,1.1057413816452026,1.0,constv,1,0,0
P05,sym,G3HATIL2,Hatillo 2,,1.000000013351432e-10,6.00007751816456e-11,1.0,constq,1,1,0
P05,sym,G3BDEREC,Brazo Derecho,WBDERK,1.000000013351432e-10,4.843220963168804e-11,1.0,constv,1,1,0
P05,genstat,G3MPSOLA,Monte Plata Solar,,0.0,0.0,1.0,constq,1,1,0
P05,genstat,G7EMAR31,SA 1 EDM3,WEM31K,1.000000013351432e-10,0.0,1.0,constq,1,1,0
P05,genstat,G7EMAR32,SA 2 EDM3,WEM32K,1.000000013351432e-10,0.0,1.0,constq,1,1,0
P05,genstat,G3PFMPAL,Mata de Palma Solar,WMPALK,0.0,0.0,1.0,constq,21,1,0
P05,genstat,G3PFMART,PF Martí,WMARTK,0.0,0.0,1.0,constq,8,1,0
P05,genstat,G3PFMARA,PF Maranatha,WMARAK,0.0,0.0,1.0,constq,2,1,0
P05,genstat,G4PFCUM4,PF Cumayasa 4,WXCU4K,0.0,0.0,1.0,constq,8,1,0
P05,genstat,G3PFCUM2,PF Cumayasa 2,WXCU2K,0.0,0.0,1.0,constq,5,1,0
P05,genstat,G3PFCUM1,PF Cumayasa 1,WXCU1K,0.0,0.0,1.0,constq,9,1,0
P05,genstat,G3ESOCO,El Soco,WXESOK,0.0,0.0,1.0,constq,11,1,0
P05,genstat,G3PFCOT1,PF Cotoperí 1,WCSO1K,0.0,0.0,1.0,constq,8,1,0
P05,genstat,G3PFCOT2,PF Cotoperí 2,WCSO2K,0.0,0.0,1.0,constq,8,1,0
P05,genstat,G3PFCOT3,PF Cotoperí 3,WCSO3K,0.0,0.0,1.0,constq,8,1,0
P05,genstat,G4PFCOA2,PF Coastal G2,WCOA2K,0.0,0.0,1.0,constq,6,1,0
P05,genstat,G4PFCOA1,PF Coastal G1,WCOA1K,0.0,0.0,1.0,constq,7,1,0
P05,genstat,G3PFSAJO,Parque Fotovoltaico SAJOMA,WXPFSK,0.0,0.0,1.0,constq,9,1,0
P05,genstat,G4PFMSO2,Monte Cristi Solar Grupo 2,,0.0,0.0,1.0,constq,12,1,0
P05,genstat,G4PFMSO1,Monte Cristi Solar Grupo 1,,0.0,0.0,1.0,constq,11,1,0
P05,genstat,G3PEACLA,Agua Clara,WACLAK,0.5388000011444092,0.0,1.0,constq,25,0,0
P05,genstat,G3PEGUAN,Guanillo,WGNLLK,0.7644000053405762,0.0,1.0,constq,25,0,0
P05,genstat,G3PELGUZ,Los Guzmancito,WLGUZK,0.13059000670909882,0.0,1.0,constq,17,0,0
P05,genstat,G3PELGU2,Los Guzmancito 2,WLGU2K,0.1123099997639656,0.0,1.0,constq,13,0,0
P05,genstat,G3PFMATR,Parque Fotovoltaico MATRISOL,WXMATK,0.0,0.0,1.0,constq,11,1,0
P05,genstat,G3PSESPE,PS Esperanza,WXPS1K,0.0,0.0,1.0,constq,18,1,0
P05,genstat,,SBX_20260708_161425_e01931_PV,,0.0,0.0,1.0,constq,1,1,0
P05,genstat,,BESS,,2.5,0.0,1.0,constq,1,0,0
P05,genstat,G3SCANOA,Solar Canoa,WSCANK,0.0,0.0,1.0,constq,8,1,0
P05,genstat,G3PFLUCI,PF Lucila,WXLUCK,0.0,0.0,1.0,constq,2,1,0
P05,genstat,G3LCOCO2,Los Cocos 2,,0.040380001068115234,3.7975775302179215e-11,1.0,constq,26,0,0
P05,genstat,G3QCABRE,Quilvio Cabrera,,0.0820000022649765,5.007656442290731e-11,1.0,constq,5,0,0
P05,genstat,G3JCOCO1,Juancho Los Cocos 1,,0.02230999991297722,7.080901143208251e-11,1.0,constq,26,0,0
P05,genstat,G3PELARI,Larimar,,0.335999995470047,3.7975775302179215e-11,1.0,constq,15,0,0
P05,genstat,G3PELAR2,Larimar 2,,0.22428999841213226,3.7975775302179215e-11,1.0,constq,14,0,0
P05,genstat,G3PFLNEG,Parque Fotovoltaico Los Negros,WMRI2K,0.0,0.0,1.0,constq,3,1,0
P05,genstat,G3PFBAYA,Bayasol,WBAYAK,0.0,0.0,1.0,constq,13,1,0
P05,genstat,G4PSGIR1,Girasol Grupo 1,,0.0,0.0,1.0,constq,12,1,0
P05,genstat,G4PSGIR2,Girasol Grupo 2,,0.0,0.0,1.0,constq,16,1,0
P05,genstat,G3SANTAS,Santanasol,WSANTK,0.0,0.0,1.0,constq,15,1,0
P05,genstat,G3PFCALA,PF Calabaza 1,WXCA1K,0.0,0.0,1.0,constq,17,1,0
P05,genstat,G3PEMAT2,PE Matafongo 2,WMTFNK,0.01679999940097332,0.0,1.0,constq,3,0,0
P05,genstat,G3PEMATA,PE Matafongo,WMTFNK,0.0064500002190470695,0.0,1.0,constq,17,0,0
P05,genstat,G3PFPER1,PF Peravia I,WPES1K,0.0,0.0,1.0,constq,12,1,0
P05,genstat,G3PFPER2,PF Peravia II,WPES2K,0.0,0.0,1.0,constq,12,1,0
P05,genstat,G6PEMINA,SA PE Los Mina,WXSALMK,1.000000013351432e-10,0.0,1.0,constq,1,0,0
P05,genstat,G6AANDRE,Sistema Almacenamiento AES Andrés,WXBAAK,1.000000013351432e-10,0.0,1.0,constq,1,0,0
P05,genstat,G3PFWCA2,PF Washington Capital 2,WXWC2K,0.0,0.0,1.0,constq,8,1,0
P05,genstat,G3PFWCA3,PF Washington Capital 3,WXWC3K,0.0,0.0,1.0,constq,8,1,0
P05,genstat,G3PFVICT,PF La Victoria,WLVICK,0.0,0.0,1.0,constq,8,1,0
P05,genstat,G3PFMIRA,Mirasol,WMIRAK,0.0,0.0,1.0,constq,17,1,0
P06,sym,G4PALAM3,Palamara Grupo 3,,1.8279000520706177,0.0,0.9900000095367432,constv,4,0,0
P06,sym,G4PALAM2,Palamara Grupo 2,,10.766400337219238,0.0,1.0,constv,2,0,0
P06,sym,G4PALAM1,Palamara Grupo 1,,10.766400337219238,0.0,0.9900000095367432,constv,4,0,0
P06,sym,G4IKM22,INCA km 22 Grupo 1,,1.000000013351432e-10,0.0,1.0,constq,2,1,0
P06,sym,G5IKM22,INCA km 22 Grupo 2,,1.000000013351432e-10,0.0,1.0,constq,1,1,0
P06,sym,G5EMA3G1,EDM3 TG1,WEM31K,48.66667175292969,0.0,0.9480000138282776,constv,1,0,0
P06,sym,G5EMA3G2,EDM3 TG2,WEM32K,48.66667175292969,0.0,0.9480000138282776,constv,1,0,0
P06,sym,G5EMAR3V,EDM3 TV,WEM33K,48.66667175292969,0.0,1.0,constv,1,0,0
P06,sym,G4Q1SPED,Quisqueya 1 San Pedro,,16.487499237060547,0.0,1.0,constv,4,0,0
P06,sym,G4QUIS12,Quisqueya 1 Grupo 2,,17.076000213623047,0.0,1.0,constv,4,0,0
P06,sym,G4QUIS21,Quisqueya 2 Grupo 1,,17.076000213623047,0.0,1.0,constv,4,0,0
P06,sym,G4QUIS22,Quisqueya 2 Grupo 2,,17.076000213623047,0.0,1.0,constv,4,0,0
P06,sym,G4QUIS23,Quisqueya 2 Grupo 3,,6.0279998779296875,0.0,1.0,constv,4,0,0
P06,sym,G5QUISQ2,Quisqueya 2 TV,,1.000000013351432e-10,0.0,1.0,constq,1,1,0
P06,sym,G4QUIS13,Quisqueya 1 Grupo 3,,17.076000213623047,0.0,1.0,constv,4,0,0
P06,sym,G5QUISQ1,Quisqueya 1 TV,,8.892000198364258,0.0,1.0,constv,1,0,0
P06,sym,G3PCATA1,Punta Catalina 1,WPCA1K,339.989990234375,164.66468811035156,1.0499999523162842,constv,1,0,1
P06,sym,G3PCATA2,Punta Catalina 2,WPCA2K,359.989990234375,174.3511199951172,1.0499999523162842,constv,1,0,0
P06,sym,G4SESTE3,Sultana del Este Grupo 3,WSES3K,1.000000013351432e-10,6.00007751816456e-11,1.0,constv,3,1,0
P06,sym,G4SESTE1,Sultana del Este Grupo 1,WSES1K,14.5,0.0,1.0,constv,3,0,0
P06,sym,G4SESTE2,Sultana del Este Grupo 2,WSES2K,1.000000013351432e-10,0.0,1.0,constv,4,1,0
P06,sym,G3CESPM3,CESPM 3,WCES3K,87.30000305175781,0.0,1.0199999809265137,constv,1,0,0
P06,sym,G3CESPM2,CESPM 2,WCES2K,87.30000305175781,0.0,1.0199999809265137,constv,1,0,0
P06,sym,G3CESPM1,CESPM 1,WCES1K,87.30000305175781,0.0,1.0199999809265137,constv,1,0,0
P06,sym,G3ENE4TG,ENERGAS 4 TG,WXEN4K,10.0,0.0,1.0199999809265137,constv,1,0,0
P06,sym,G3ENE4TV,ENERGAS 4 TV,WXEV4K,1.000000013351432e-10,0.0,1.0199999809265137,constv,1,1,0
P06,sym,G3BERSAL,Bersal,,1.000000013351432e-10,0.0,1.0,constq,4,1,0
P06,sym,G4LOPPL1,Los Orígenes Power Plant Grupo 1,WLORIK,2.130000114440918,0.0,1.0,constq,3,0,0
P06,sym,G4LOPPL2,Los Orígenes Power Plant Grupo 2,WLORIK,17.18000030517578,0.0,1.0490000247955322,constv,2,0,0
P06,sym,G3SPBIOE,San Pedro Bio-Energy,,30.0,14.529670715332031,1.0499999523162842,constv,1,0,0
P06,sym,G3CEMON2,Contra Embalse Monción 2,WCEMOK,0.75,0.36324170231819153,1.0,constq,1,0,0
P06,sym,G3CEMON1,Contra Embalse Monción 1,WCEMOK,0.75,0.36324170231819153,1.0,constq,1,0,0
P06,sym,G3MONCI2,Monción 2,WMONCK,1.000000013351432e-10,0.0,1.0,constv,1,1,0
P06,sym,G3MONCI1,Monción 1,WMONCK,20.5,0.0,1.0,constq,1,0,0
P06,sym,G3PIMEN3,Pimentel 3,WPIM3K,8.526670455932617,0.0,1.0,constq,3,0,0
P06,sym,G3PIMEN2,Pimentel 2,,3.944999933242798,0.0,1.0,constv,4,0,0
P06,sym,G3PIMEN1,Pimentel 1,,3.055000066757202,0.0,1.0,constv,4,0,0
P06,sym,G3LANGOS,López Angostura,WLANGK,4.0,0.0,1.0,constq,1,0,0
P06,sym,G3BAIGU2,Baiguaque 2,WBAI1K,1.000000013351432e-10,3.2868412852549156e-11,1.0,constq,1,1,0
P06,sym,G3BAIGU1,Baiguaque 1,WBAI1K,0.10000000149011612,0.04843222349882126,1.0,constq,1,0,0
P06,sym,G3TAVER2,Tavera 2,WTAV2K,1.000000013351432e-10,0.0,1.0,constq,1,1,0
P06,sym,G3TAVER1,Tavera 1,WTAV1K,1.000000013351432e-10,0.0,1.0,constv,1,1,0
P06,sym,G3SFELIG,San Felipe TG,,1.000000013351432e-10,0.0,1.0,constv,1,1,0
P06,sym,G3SFV,San Felipe Vapor,WSFEVK,1.000000013351432e-10,0.0,1.0,constv,1,1,0
P06,sym,G3PIMEN4,Pimentel 4,WXPI4K,17.55500030517578,0.0,1.0,constv,2,0,0
P06,sym,G3LTORO1,Los Toros 1,WLTO1K,1.000000013351432e-10,6.00007751816456e-11,1.0,constq,1,1,0
P06,sym,G3LTORO2,Los Toros 2,WLTO1K,1.000000013351432e-10,3.2868412852549156e-11,1.0,constq,1,1,0
P06,sym,G3NNAJAY,Nizao Najayo,WXNNAK,1.000000013351432e-10,4.843220963168804e-11,1.0,constq,1,1,0
P06,sym,G3LANONE,Los Anones,WXLANK,1.000000013351432e-10,4.843220963168804e-11,1.0,constq,1,1,0
P06,sym,G3SYEGUA,Sabana Yegua,WSYEGK,1.000000013351432e-10,0.0,1.0,constv,1,1,0
P06,sym,G3SABANE,Sabaneta,WSABAK,1.000000013351432e-10,0.0,1.0,constv,1,1,0
P06,sym,G3MAGUE2,Magueyal 2,WMAGUK,1.000000013351432e-10,4.843220963168804e-11,1.0,constq,1,1,0
P06,sym,G3MAGUE1,Magueyal 1,WMAGUK,1.000000013351432e-10,4.843220963168804e-11,1.0,constq,1,1,0
P06,sym,G3LDAMAS,Las Damas,,1.600000023841858,0.7749155759811401,1.0,constv,1,0,0
P06,sym,G3DRODR2,Domingo Rodríguez 2,WDRODL,1.000000013351432e-10,3.2868412852549156e-11,1.0,constq,1,1,0
P06,sym,G3DRODR1,Domingo Rodríguez 1,WDRODL,1.000000013351432e-10,3.2868412852549156e-11,1.0,constq,1,1,0
P06,sym,G3HTG,Haina TG,WHAIGK,1.000000013351432e-10,0.0,1.0,constq,1,1,0
P06,sym,G3VALDE2,Valdesia 2,WVAL2K,1.000000013351432e-10,0.0,1.0,constq,1,1,0
P06,sym,G3VALDE1,Valdesia 1,WVAL1K,1.000000013351432e-10,0.0,1.0,constv,1,1,0
P06,sym,G3LBARIA,Las Barías,WLBARK,1.000000013351432e-10,4.843220963168804e-11,1.0,constq,1,1,0
P06,sym,G3BCARBO,Barahona Carbón,WBCARK,50.0,0.0,1.0,constv,1,0,0
P06,sym,G3JIGUE2,Jigüey 2,WJIG2K,1.000000013351432e-10,0.0,1.0,constv,1,1,0
P06,sym,G3JIGUE1,Jigüey 1,WJIG1K,1.000000013351432e-10,0.0,1.0,constv,1,1,0
P06,sym,G3AGUAC2,Aguacate 2,WAGU2K,1.000000013351432e-10,0.0,1.0,constq,1,1,0
P06,sym,G3AGUAC1,Aguacate 1,WAGU1K,26.0,0.0,1.0,constq,1,0,0
P06,sym,G4MRIO3,Monte Río Grupo 2,WMRI3K,4.655940055847168,0.0,1.0199999809265137,constv,7,0,0
P06,sym,G4MRIO1,Monte Río Grupo 1,WMRI1K,7.806399822235107,0.0,1.0199999809265137,constv,6,0,0
P06,sym,G3ITABO2,Itabo 2,WITA2K,1.000000013351432e-10,0.0,1.0,constv,1,1,0
P06,sym,G3ITABO1,Itabo 1,WITA1K,120.0,0.0,1.0,constv,1,0,0
P06,sym,G3SLORE1,San Lorenzo 1,,1.000000013351432e-10,0.0,1.0,constv,1,1,0
P06,sym,G3PALOM2,Palomino 2,WPLM1K,1.000000013351432e-10,0.0,1.0199999809265137,constv,1,1,0
P06,sym,G3PALOM1,Palomino 1,WPLM2K,1.000000013351432e-10,0.0,1.0199999809265137,constv,1,1,0
P06,sym,G4PAK262,POWERSHIP AZUA KPS26 2,WXPA2K,16.75527000427246,8.114946365356445,1.0,constv,3,0,0
P06,sym,G4PAK261,POWERSHIP AZUA KPS26 1,WXPA1K,18.164730072021484,8.797582626342773,1.0,constv,3,0,0
P06,sym,G4PAK601,POWERSHIP AZUA KPS60,WXPA3K,18.464550018310547,8.942789077758789,1.0,constv,4,0,0
P06,sym,G5PAK6TV,POWERSHIP AZUA TV,WXPA3K,1.4817999601364136,0.7176684737205505,1.0,constv,1,0,0
P06,sym,G3PALENQ,Palenque,WPAQ2K,1.000000013351432e-10,4.843220963168804e-11,1.0499999523162842,constv,4,1,0
P06,sym,G4PAK561,POWERSHIP AZUA KPS56,WXPA4K,1.000000013351432e-10,4.843220963168804e-11,1.0,constq,8,1,0
P06,sym,G3LMINA6,Los Mina 6,WLMI6K,100.66874694824219,0.0,1.0,constv,1,0,0
P06,sym,G5AANDRV,AES Andrés TV,WAANVK,100.80999755859375,0.0,1.0,constv,1,0,0
P06,sym,G5AANDRG,AES Andrés TG,WAANGK,195.69000244140625,0.0,1.0,constv,1,0,0
P06,sym,G3METALD,METALDOM,WMETAK,4.449999809265137,0.0,0.9900000095367432,constv,4,0,0
P06,sym,G3LMINA5,Los Mina 5,WLMI5K,100.66874694824219,0.0,1.0,constv,1,0,0
P06,sym,G4EMAR21,EDM2 Grupo 1,,18.14324951171875,0.0,1.0,constq,3,0,0
P06,sym,G4EMAR22,EDM2 Grupo 2,,16.39341926574707,0.0,1.0,constq,3,0,0
P06,sym,G4EMAR23,EDM2 TV,,1.000000013351432e-10,0.0,1.0,constq,1,1,0
P06,sym,G3LMINA7,Los Mina 7,WLMI7K,108.4124984741211,52.50658416748047,1.0,constv,1,0,0
P06,sym,G4SIBA1,SIBA Grupo 1,WXSI1K,1.000000013351432e-10,4.843220963168804e-11,1.0,constv,2,1,0
P06,sym,G4SIBA2,SIBA Grupo 2,WXSI2K,1.000000013351432e-10,4.843220963168804e-11,1.0,constv,2,1,0
P06,sym,G4SIBA3,SIBA Grupo 3,WXSI3K,1.000000013351432e-10,0.0,1.0,constv,2,1,0
P06,sym,G4SIBA4,SIBA Grupo 4,WXSI4K,1.000000013351432e-10,4.843220963168804e-11,1.0,constv,2,1,0
P06,sym,G4SIBA6,SIBA Grupo 6,WXSI6K,1.000000013351432e-10,4.843220963168804e-11,1.0,constv,2,1,0
P06,sym,G4SIBA5,SIBA Grupo 5,WXSI5K,1.000000013351432e-10,4.843220963168804e-11,1.0,constv,2,1,0
P06,sym,G3PINAL2,Pinalito 2,WPIN2K,1.000000013351432e-10,6.00007751816456e-11,1.0490000247955322,constv,1,1,0
P06,sym,G3PINAL1,Pinalito 1,WPIN1K,1.000000013351432e-10,5.933650792933065e-11,1.0490000247955322,constv,1,1,0
P06,sym,G3RBLAN2,Río Blanco 2,WRBLCK,11.5,6.900088310241699,1.0490000247955322,constv,1,0,0
P06,sym,G3RBLAN1,Río Blanco 1,WRBLAK,1.000000013351432e-10,5.933650792933065e-11,1.0490000247955322,constv,1,1,0
P06,sym,G3RINCON,Rincón,WRINCK,1.000000013351432e-10,6.00007751816456e-11,1.0,constv,1,1,0
P06,sym,G3RJCRUZ,Rosa Julia De La Cruz,WRJCRK,1.000000013351432e-10,3.2868412852549156e-11,1.0,constq,1,1,0
P06,sym,G3ESALTO,El Salto,WESALK,1.000000013351432e-10,4.843220963168804e-11,1.0,constq,1,1,0
P06,sym,G4LVEGA1,La Vega Grupo 1,,18.42799949645996,0.0,1.0,constq,3,0,0
P06,sym,G4LVEGA2,La Vega Grupo 2,,6.478000164031982,0.0,1.0,constv,2,0,0
P06,sym,G3AVARG1,Aniana Vargas 1,WAVA1K,1.000000013351432e-10,3.2868412852549156e-11,1.0,constq,1,1,0
P06,sym,G3AVARG2,Aniana Vargas 2,WAVA1K,0.10000000149011612,0.0328684076666832,1.0,constq,1,0,0
P06,sym,G3JIMENO,Jimenoa,WJIMEK,5.300000190734863,0.0,1.0,constv,1,0,0
P06,sym,G3HATILL,Hatillo 1,WHATIK,7.760000228881836,1.1057413816452026,1.0,constv,1,0,0
P06,sym,G3HATIL2,Hatillo 2,,1.000000013351432e-10,6.00007751816456e-11,1.0,constq,1,1,0
P06,sym,G3BDEREC,Brazo Derecho,WBDERK,1.000000013351432e-10,4.843220963168804e-11,1.0,constv,1,1,0
P06,genstat,G3MPSOLA,Monte Plata Solar,,0.0,0.0,1.0,constq,1,1,0
P06,genstat,G7EMAR31,SA 1 EDM3,WEM31K,1.000000013351432e-10,0.0,1.0,constq,1,1,0
P06,genstat,G7EMAR32,SA 2 EDM3,WEM32K,1.000000013351432e-10,0.0,1.0,constq,1,1,0
P06,genstat,G3PFMPAL,Mata de Palma Solar,WMPALK,0.0,0.0,1.0,constq,21,1,0
P06,genstat,G3PFMART,PF Martí,WMARTK,0.0,0.0,1.0,constq,8,1,0
P06,genstat,G3PFMARA,PF Maranatha,WMARAK,0.0,0.0,1.0,constq,2,1,0
P06,genstat,G4PFCUM4,PF Cumayasa 4,WXCU4K,0.0,0.0,1.0,constq,8,1,0
P06,genstat,G3PFCUM2,PF Cumayasa 2,WXCU2K,0.0,0.0,1.0,constq,5,1,0
P06,genstat,G3PFCUM1,PF Cumayasa 1,WXCU1K,0.0,0.0,1.0,constq,9,1,0
P06,genstat,G3ESOCO,El Soco,WXESOK,0.0,0.0,1.0,constq,11,1,0
P06,genstat,G3PFCOT1,PF Cotoperí 1,WCSO1K,0.0,0.0,1.0,constq,8,1,0
P06,genstat,G3PFCOT2,PF Cotoperí 2,WCSO2K,0.0,0.0,1.0,constq,8,1,0
P06,genstat,G3PFCOT3,PF Cotoperí 3,WCSO3K,0.0,0.0,1.0,constq,8,1,0
P06,genstat,G4PFCOA2,PF Coastal G2,WCOA2K,0.0,0.0,1.0,constq,6,1,0
P06,genstat,G4PFCOA1,PF Coastal G1,WCOA1K,0.0,0.0,1.0,constq,7,1,0
P06,genstat,G3PFSAJO,Parque Fotovoltaico SAJOMA,WXPFSK,0.0,0.0,1.0,constq,9,1,0
P06,genstat,G4PFMSO2,Monte Cristi Solar Grupo 2,,0.0,0.0,1.0,constq,12,1,0
P06,genstat,G4PFMSO1,Monte Cristi Solar Grupo 1,,0.0,0.0,1.0,constq,11,1,0
P06,genstat,G3PEACLA,Agua Clara,WACLAK,0.5544000267982483,0.0,1.0,constq,25,0,0
P06,genstat,G3PEGUAN,Guanillo,WGNLLK,0.8700000047683716,0.0,1.0,constq,25,0,0
P06,genstat,G3PELGUZ,Los Guzmancito,WLGUZK,0.10824000090360641,0.0,1.0,constq,17,0,0
P06,genstat,G3PELGU2,Los Guzmancito 2,WLGU2K,0.09154000133275986,0.0,1.0,constq,13,0,0
P06,genstat,G3PFMATR,Parque Fotovoltaico MATRISOL,WXMATK,0.0,0.0,1.0,constq,11,1,0
P06,genstat,G3PSESPE,PS Esperanza,WXPS1K,0.0,0.0,1.0,constq,18,1,0
P06,genstat,,SBX_20260708_161425_e01931_PV,,0.0,0.0,1.0,constq,1,1,0
P06,genstat,,BESS,,2.5,0.0,1.0,constq,1,0,0
P06,genstat,G3SCANOA,Solar Canoa,WSCANK,0.0,0.0,1.0,constq,8,1,0
P06,genstat,G3PFLUCI,PF Lucila,WXLUCK,0.0,0.0,1.0,constq,2,1,0
P06,genstat,G3LCOCO2,Los Cocos 2,,0.051920000463724136,3.7975775302179215e-11,1.0,constq,26,0,0
P06,genstat,G3QCABRE,Quilvio Cabrera,,0.08799999952316284,5.007656442290731e-11,1.0,constq,5,0,0
P06,genstat,G3JCOCO1,Juancho Los Cocos 1,,0.033080000430345535,7.080901143208251e-11,1.0,constq,26,0,0
P06,genstat,G3PELARI,Larimar,,0.4286699891090393,3.7975775302179215e-11,1.0,constq,15,0,0
P06,genstat,G3PELAR2,Larimar 2,,0.2750000059604645,3.7975775302179215e-11,1.0,constq,14,0,0
P06,genstat,G3PFLNEG,Parque Fotovoltaico Los Negros,WMRI2K,0.0,0.0,1.0,constq,3,1,0
P06,genstat,G3PFBAYA,Bayasol,WBAYAK,0.0,0.0,1.0,constq,13,1,0
P06,genstat,G4PSGIR1,Girasol Grupo 1,,0.0,0.0,1.0,constq,12,1,0
P06,genstat,G4PSGIR2,Girasol Grupo 2,,0.0,0.0,1.0,constq,16,1,0
P06,genstat,G3SANTAS,Santanasol,WSANTK,0.0,0.0,1.0,constq,15,1,0
P06,genstat,G3PFCALA,PF Calabaza 1,WXCA1K,0.0,0.0,1.0,constq,17,1,0
P06,genstat,G3PEMAT2,PE Matafongo 2,WMTFNK,0.013650000095367432,0.0,1.0,constq,3,0,0
P06,genstat,G3PEMATA,PE Matafongo,WMTFNK,0.005239999853074551,0.0,1.0,constq,17,0,0
P06,genstat,G3PFPER1,PF Peravia I,WPES1K,0.0,0.0,1.0,constq,12,1,0
P06,genstat,G3PFPER2,PF Peravia II,WPES2K,0.0,0.0,1.0,constq,12,1,0
P06,genstat,G6PEMINA,SA PE Los Mina,WXSALMK,1.000000013351432e-10,0.0,1.0,constq,1,0,0
P06,genstat,G6AANDRE,Sistema Almacenamiento AES Andrés,WXBAAK,1.000000013351432e-10,0.0,1.0,constq,1,0,0
P06,genstat,G3PFWCA2,PF Washington Capital 2,WXWC2K,0.0,0.0,1.0,constq,8,1,0
P06,genstat,G3PFWCA3,PF Washington Capital 3,WXWC3K,0.0,0.0,1.0,constq,8,1,0
P06,genstat,G3PFVICT,PF La Victoria,WLVICK,0.0,0.0,1.0,constq,8,1,0
P06,genstat,G3PFMIRA,Mirasol,WMIRAK,0.0,0.0,1.0,constq,17,1,0
P07,sym,G4PALAM3,Palamara Grupo 3,,1.8279000520706177,0.0,0.9900000095367432,constv,4,0,0
P07,sym,G4PALAM2,Palamara Grupo 2,,10.766400337219238,0.0,0.9399999976158142,constv,2,0,0
P07,sym,G4PALAM1,Palamara Grupo 1,,10.766400337219238,0.0,0.9399999976158142,constv,4,0,0
P07,sym,G4IKM22,INCA km 22 Grupo 1,,1.000000013351432e-10,0.0,1.0,constq,2,1,0
P07,sym,G5IKM22,INCA km 22 Grupo 2,,1.000000013351432e-10,0.0,1.0,constq,1,1,0
P07,sym,G5EMA3G1,EDM3 TG1,WEM31K,48.66667175292969,0.0,0.9480000138282776,constv,1,0,0
P07,sym,G5EMA3G2,EDM3 TG2,WEM32K,48.66667175292969,0.0,0.9480000138282776,constv,1,0,0
P07,sym,G5EMAR3V,EDM3 TV,WEM33K,48.66667175292969,0.0,0.9459999799728394,constv,1,0,0
P07,sym,G4Q1SPED,Quisqueya 1 San Pedro,,16.487499237060547,0.0,1.0,constv,4,0,0
P07,sym,G4QUIS12,Quisqueya 1 Grupo 2,,17.076000213623047,0.0,1.0,constv,4,0,0
P07,sym,G4QUIS21,Quisqueya 2 Grupo 1,,17.076000213623047,0.0,1.0,constv,4,0,0
P07,sym,G4QUIS22,Quisqueya 2 Grupo 2,,17.076000213623047,0.0,1.0,constv,4,0,0
P07,sym,G4QUIS23,Quisqueya 2 Grupo 3,,7.9079999923706055,0.0,1.0,constv,4,0,0
P07,sym,G5QUISQ2,Quisqueya 2 TV,,1.000000013351432e-10,0.0,1.0,constq,1,1,0
P07,sym,G4QUIS13,Quisqueya 1 Grupo 3,,17.076000213623047,0.0,1.0,constv,4,0,0
P07,sym,G5QUISQ1,Quisqueya 1 TV,,0.8920000195503235,0.0,1.0,constv,1,0,0
P07,sym,G3PCATA1,Punta Catalina 1,WPCA1K,339.989990234375,0.0,1.0,constq,1,0,1
P07,sym,G3PCATA2,Punta Catalina 2,WPCA2K,359.989990234375,0.0,1.0,constq,1,0,0
P07,sym,G4SESTE3,Sultana del Este Grupo 3,WSES3K,1.000000013351432e-10,6.00007751816456e-11,1.0,constv,3,1,0
P07,sym,G4SESTE1,Sultana del Este Grupo 1,WSES1K,1.000000013351432e-10,0.0,1.0,constv,3,1,0
P07,sym,G4SESTE2,Sultana del Este Grupo 2,WSES2K,1.000000013351432e-10,0.0,1.0,constv,4,1,0
P07,sym,G3CESPM3,CESPM 3,WCES3K,87.30000305175781,0.0,1.0199999809265137,constv,1,0,0
P07,sym,G3CESPM2,CESPM 2,WCES2K,87.30000305175781,0.0,1.0199999809265137,constv,1,0,0
P07,sym,G3CESPM1,CESPM 1,WCES1K,87.30000305175781,0.0,1.0199999809265137,constv,1,0,0
P07,sym,G3ENE4TG,ENERGAS 4 TG,WXEN4K,10.0,0.0,1.0199999809265137,constv,1,0,0
P07,sym,G3ENE4TV,ENERGAS 4 TV,WXEV4K,1.000000013351432e-10,0.0,1.0199999809265137,constv,1,1,0
P07,sym,G3BERSAL,Bersal,,1.000000013351432e-10,0.0,1.0,constq,4,1,0
P07,sym,G4LOPPL1,Los Orígenes Power Plant Grupo 1,WLORIK,1.000000013351432e-10,0.0,1.0,constq,3,1,0
P07,sym,G4LOPPL2,Los Orígenes Power Plant Grupo 2,WLORIK,16.079999923706055,0.0,1.0490000247955322,constv,2,0,0
P07,sym,G3SPBIOE,San Pedro Bio-Energy,,30.0,0.0,1.0,constq,1,0,0
P07,sym,G3CEMON2,Contra Embalse Monción 2,WCEMOK,0.75,0.36324170231819153,1.0,constq,1,0,0
P07,sym,G3CEMON1,Contra Embalse Monción 1,WCEMOK,0.75,0.36324170231819153,1.0,constq,1,0,0
P07,sym,G3MONCI2,Monción 2,WMONCK,1.000000013351432e-10,0.0,1.0,constv,1,1,0
P07,sym,G3MONCI1,Monción 1,WMONCK,1.000000013351432e-10,0.0,1.0,constq,1,1,0
P07,sym,G3PIMEN3,Pimentel 3,WPIM3K,8.526670455932617,0.0,1.0,constq,3,0,0
P07,sym,G3PIMEN2,Pimentel 2,,3.944999933242798,0.0,1.0,constv,4,0,0
P07,sym,G3PIMEN1,Pimentel 1,,3.055000066757202,0.0,1.0,constv,4,0,0
P07,sym,G3LANGOS,López Angostura,WLANGK,4.0,0.0,1.0,constv,1,0,0
P07,sym,G3BAIGU2,Baiguaque 2,WBAI1K,1.000000013351432e-10,3.2868412852549156e-11,1.0,constq,1,1,0
P07,sym,G3BAIGU1,Baiguaque 1,WBAI1K,0.10000000149011612,0.04843222349882126,1.0,constq,1,0,0
P07,sym,G3TAVER2,Tavera 2,WTAV2K,1.000000013351432e-10,0.0,1.0,constq,1,1,0
P07,sym,G3TAVER1,Tavera 1,WTAV1K,1.000000013351432e-10,0.0,1.0,constv,1,1,0
P07,sym,G3SFELIG,San Felipe TG,,1.000000013351432e-10,0.0,1.0,constv,1,1,0
P07,sym,G3SFV,San Felipe Vapor,WSFEVK,1.000000013351432e-10,0.0,1.0,constv,1,1,0
P07,sym,G3PIMEN4,Pimentel 4,WXPI4K,17.55500030517578,0.0,1.0,constv,2,0,0
P07,sym,G3LTORO1,Los Toros 1,WLTO1K,1.000000013351432e-10,6.00007751816456e-11,1.0,constq,1,1,0
P07,sym,G3LTORO2,Los Toros 2,WLTO1K,1.000000013351432e-10,3.2868412852549156e-11,1.0,constq,1,1,0
P07,sym,G3NNAJAY,Nizao Najayo,WXNNAK,1.000000013351432e-10,4.843220963168804e-11,1.0,constq,1,1,0
P07,sym,G3LANONE,Los Anones,WXLANK,1.000000013351432e-10,4.843220963168804e-11,1.0,constq,1,1,0
P07,sym,G3SYEGUA,Sabana Yegua,WSYEGK,1.000000013351432e-10,0.0,1.0,constv,1,1,0
P07,sym,G3SABANE,Sabaneta,WSABAK,1.000000013351432e-10,0.0,1.0,constv,1,1,0
P07,sym,G3MAGUE2,Magueyal 2,WMAGUK,1.000000013351432e-10,4.843220963168804e-11,1.0,constq,1,1,0
P07,sym,G3MAGUE1,Magueyal 1,WMAGUK,1.000000013351432e-10,4.843220963168804e-11,1.0,constq,1,1,0
P07,sym,G3LDAMAS,Las Damas,,1.600000023841858,0.7749155759811401,1.0,constv,1,0,0
P07,sym,G3DRODR2,Domingo Rodríguez 2,WDRODL,1.000000013351432e-10,3.2868412852549156e-11,1.0,constq,1,1,0
P07,sym,G3DRODR1,Domingo Rodríguez 1,WDRODL,1.000000013351432e-10,3.2868412852549156e-11,1.0,constq,1,1,0
P07,sym,G3HTG,Haina TG,WHAIGK,1.000000013351432e-10,0.0,1.0,constq,1,1,0
P07,sym,G3VALDE2,Valdesia 2,WVAL2K,1.000000013351432e-10,0.0,1.0,constq,1,1,0
P07,sym,G3VALDE1,Valdesia 1,WVAL1K,1.000000013351432e-10,0.0,1.0,constv,1,1,0
P07,sym,G3LBARIA,Las Barías,WLBARK,1.000000013351432e-10,4.843220963168804e-11,1.0,constq,1,1,0
P07,sym,G3BCARBO,Barahona Carbón,WBCARK,50.0,0.0,1.0,constv,1,0,0
P07,sym,G3JIGUE2,Jigüey 2,WJIG2K,1.000000013351432e-10,0.0,1.0,constv,1,1,0
P07,sym,G3JIGUE1,Jigüey 1,WJIG1K,1.000000013351432e-10,0.0,1.0,constv,1,1,0
P07,sym,G3AGUAC2,Aguacate 2,WAGU2K,1.000000013351432e-10,0.0,1.0,constq,1,1,0
P07,sym,G3AGUAC1,Aguacate 1,WAGU1K,26.0,0.0,1.0,constq,1,0,0
P07,sym,G4MRIO3,Monte Río Grupo 2,WMRI3K,4.321660041809082,0.0,1.0199999809265137,constv,7,0,0
P07,sym,G4MRIO1,Monte Río Grupo 1,WMRI1K,7.806399822235107,0.0,1.0199999809265137,constv,6,0,0
P07,sym,G3ITABO2,Itabo 2,WITA2K,1.000000013351432e-10,0.0,1.0,constv,1,1,0
P07,sym,G3ITABO1,Itabo 1,WITA1K,120.0,0.0,1.0,constv,1,0,0
P07,sym,G3SLORE1,San Lorenzo 1,,1.000000013351432e-10,0.0,1.0,constv,1,1,0
P07,sym,G3PALOM2,Palomino 2,WPLM1K,1.000000013351432e-10,0.0,1.0199999809265137,constv,1,1,0
P07,sym,G3PALOM1,Palomino 1,WPLM2K,1.000000013351432e-10,0.0,1.0199999809265137,constv,1,1,0
P07,sym,G4PAK262,POWERSHIP AZUA KPS26 2,WXPA2K,16.75527000427246,8.114946365356445,1.0,constv,3,0,0
P07,sym,G4PAK261,POWERSHIP AZUA KPS26 1,WXPA1K,18.164730072021484,8.797582626342773,1.0,constv,3,0,0
P07,sym,G4PAK601,POWERSHIP AZUA KPS60,WXPA3K,18.464550018310547,8.942789077758789,1.0,constv,4,0,0
P07,sym,G5PAK6TV,POWERSHIP AZUA TV,WXPA3K,1.4817999601364136,0.7176684737205505,1.0,constv,1,0,0
P07,sym,G3PALENQ,Palenque,WPAQ2K,1.000000013351432e-10,0.0,1.0,constq,4,1,0
P07,sym,G4PAK561,POWERSHIP AZUA KPS56,WXPA4K,1.000000013351432e-10,4.843220963168804e-11,1.0,constq,8,1,0
P07,sym,G3LMINA6,Los Mina 6,WLMI6K,100.1812515258789,0.0,1.0,constv,1,0,0
P07,sym,G5AANDRV,AES Andrés TV,WAANVK,100.80999755859375,0.0,1.0,constv,1,0,0
P07,sym,G5AANDRG,AES Andrés TG,WAANGK,195.69000244140625,0.0,1.0,constv,1,0,0
P07,sym,G3METALD,METALDOM,WMETAK,1.000000013351432e-10,0.0,0.9900000095367432,constv,4,1,0
P07,sym,G3LMINA5,Los Mina 5,WLMI5K,100.1812515258789,0.0,1.0,constv,1,0,0
P07,sym,G4EMAR21,EDM2 Grupo 1,,18.14324951171875,0.0,1.0,constq,3,0,0
P07,sym,G4EMAR22,EDM2 Grupo 2,,15.880080223083496,0.0,1.0,constq,3,0,0
P07,sym,G4EMAR23,EDM2 TV,,1.000000013351432e-10,0.0,1.0,constq,1,1,0
P07,sym,G3LMINA7,Los Mina 7,WLMI7K,107.88749694824219,52.2523078918457,1.0,constv,1,0,0
P07,sym,G4SIBA1,SIBA Grupo 1,WXSI1K,1.000000013351432e-10,4.843220963168804e-11,1.0,constv,2,1,0
P07,sym,G4SIBA2,SIBA Grupo 2,WXSI2K,1.000000013351432e-10,4.843220963168804e-11,1.0,constv,2,1,0
P07,sym,G4SIBA3,SIBA Grupo 3,WXSI3K,1.000000013351432e-10,0.0,1.0,constv,2,1,0
P07,sym,G4SIBA4,SIBA Grupo 4,WXSI4K,1.000000013351432e-10,4.843220963168804e-11,1.0,constv,2,1,0
P07,sym,G4SIBA6,SIBA Grupo 6,WXSI6K,1.000000013351432e-10,4.843220963168804e-11,1.0,constv,2,1,0
P07,sym,G4SIBA5,SIBA Grupo 5,WXSI5K,1.000000013351432e-10,4.843220963168804e-11,1.0,constv,2,1,0
P07,sym,G3PINAL2,Pinalito 2,WPIN2K,1.000000013351432e-10,6.00007751816456e-11,1.0490000247955322,constv,1,1,0
P07,sym,G3PINAL1,Pinalito 1,WPIN1K,1.000000013351432e-10,5.933650792933065e-11,1.0490000247955322,constv,1,1,0
P07,sym,G3RBLAN2,Río Blanco 2,WRBLCK,11.5,6.900088310241699,1.0490000247955322,constv,1,0,0
P07,sym,G3RBLAN1,Río Blanco 1,WRBLAK,1.000000013351432e-10,5.933650792933065e-11,1.0490000247955322,constv,1,1,0
P07,sym,G3RINCON,Rincón,WRINCK,1.000000013351432e-10,6.00007751816456e-11,1.0,constv,1,1,0
P07,sym,G3RJCRUZ,Rosa Julia De La Cruz,WRJCRK,1.000000013351432e-10,3.2868412852549156e-11,1.0,constq,1,1,0
P07,sym,G3ESALTO,El Salto,WESALK,1.000000013351432e-10,4.843220963168804e-11,1.0,constq,1,1,0
P07,sym,G4LVEGA1,La Vega Grupo 1,,18.42799949645996,4.371297836303711,1.0,constq,3,0,0
P07,sym,G4LVEGA2,La Vega Grupo 2,,6.478000164031982,0.0,1.0529999732971191,constv,2,0,0
P07,sym,G3AVARG1,Aniana Vargas 1,WAVA1K,1.000000013351432e-10,3.2868412852549156e-11,1.0,constq,1,1,0
P07,sym,G3AVARG2,Aniana Vargas 2,WAVA1K,0.10000000149011612,0.0328684076666832,1.0,constq,1,0,0
P07,sym,G3JIMENO,Jimenoa,WJIMEK,5.300000190734863,0.0,1.0,constv,1,0,0
P07,sym,G3HATILL,Hatillo 1,WHATIK,7.440000057220459,0.0,1.0,constv,1,0,0
P07,sym,G3HATIL2,Hatillo 2,,1.000000013351432e-10,6.00007751816456e-11,1.0,constq,1,1,0
P07,sym,G3BDEREC,Brazo Derecho,WBDERK,1.000000013351432e-10,4.843220963168804e-11,1.0,constv,1,1,0
P07,genstat,G3MPSOLA,Monte Plata Solar,,0.38999998569488525,0.0,1.0,constq,1,0,0
P07,genstat,G7EMAR31,SA 1 EDM3,WEM31K,1.000000013351432e-10,0.0,1.0,constq,1,1,0
P07,genstat,G7EMAR32,SA 2 EDM3,WEM32K,1.000000013351432e-10,0.0,1.0,constq,1,1,0
P07,genstat,G3PFMPAL,Mata de Palma Solar,WMPALK,0.01761999912559986,0.0,1.0,constq,21,0,0
P07,genstat,G3PFMART,PF Martí,WMARTK,0.03999999910593033,0.0,1.0,constq,8,0,0
P07,genstat,G3PFMARA,PF Maranatha,WMARAK,0.04500000178813934,0.0,1.0,constq,2,0,0
P07,genstat,G4PFCUM4,PF Cumayasa 4,WXCU4K,0.2849999964237213,0.0,1.0,constq,8,0,0
P07,genstat,G3PFCUM2,PF Cumayasa 2,WXCU2K,0.07999999821186066,0.0,1.0,constq,5,0,0
P07,genstat,G3PFCUM1,PF Cumayasa 1,WXCU1K,0.06778000295162201,0.0,1.0,constq,9,0,0
P07,genstat,G3ESOCO,El Soco,WXESOK,0.052730001509189606,0.0,1.0,constq,11,0,0
P07,genstat,G3PFCOT1,PF Cotoperí 1,WCSO1K,0.04874999821186066,0.0,1.0,constq,8,0,0
P07,genstat,G3PFCOT2,PF Cotoperí 2,WCSO2K,0.05000000074505806,0.0,1.0,constq,8,0,0
P07,genstat,G3PFCOT3,PF Cotoperí 3,WCSO3K,0.04749999940395355,0.0,1.0,constq,8,0,0
P07,genstat,G4PFCOA2,PF Coastal G2,WCOA2K,0.05999999865889549,0.0,1.0,constq,6,0,0
P07,genstat,G4PFCOA1,PF Coastal G1,WCOA1K,0.051430001854896545,0.0,1.0,constq,7,0,0
P07,genstat,G3PFSAJO,Parque Fotovoltaico SAJOMA,WXPFSK,0.031109999865293503,0.0,1.0,constq,9,0,0
P07,genstat,G4PFMSO2,Monte Cristi Solar Grupo 2,,0.007799999788403511,0.0,1.0,constq,12,0,0
P07,genstat,G4PFMSO1,Monte Cristi Solar Grupo 1,,0.007849999703466892,0.0,1.0,constq,11,0,0
P07,genstat,G3PEACLA,Agua Clara,WACLAK,0.5640000104904175,0.0,1.0,constq,25,0,0
P07,genstat,G3PEGUAN,Guanillo,WGNLLK,0.9319999814033508,0.0,1.0,constq,25,0,0
P07,genstat,G3PELGUZ,Los Guzmancito,WLGUZK,0.08705999702215195,0.0,1.0,constq,17,0,0
P07,genstat,G3PELGU2,Los Guzmancito 2,WLGU2K,0.07692000269889832,0.0,1.0,constq,13,0,0
P07,genstat,G3PFMATR,Parque Fotovoltaico MATRISOL,WXMATK,0.0,0.0,1.0,constq,11,1,0
P07,genstat,G3PSESPE,PS Esperanza,WXPS1K,0.02111000008881092,0.0,1.0,constq,18,0,0
P07,genstat,,SBX_20260708_161425_e01931_PV,,0.0,0.0,1.0,constq,1,1,0
P07,genstat,,BESS,,2.5,0.0,1.0,constq,1,0,0
P07,genstat,G3SCANOA,Solar Canoa,WSCANK,0.011250000447034836,0.0,1.0,constq,8,0,0
P07,genstat,G3PFLUCI,PF Lucila,WXLUCK,0.02500000037252903,0.0,1.0,constq,2,0,0
P07,genstat,G3LCOCO2,Los Cocos 2,,0.05768999829888344,3.7975775302179215e-11,1.0,constq,26,0,0
P07,genstat,G3QCABRE,Quilvio Cabrera,,0.09600000083446503,5.007656442290731e-11,1.0,constq,5,0,0
P07,genstat,G3JCOCO1,Juancho Los Cocos 1,,0.04692000150680542,7.080901143208251e-11,1.0,constq,26,0,0
P07,genstat,G3PELARI,Larimar,,0.481330007314682,3.7975775302179215e-11,1.0,constq,15,0,0
P07,genstat,G3PELAR2,Larimar 2,,0.2814300060272217,3.7975775302179215e-11,1.0,constq,14,0,0
P07,genstat,G3PFLNEG,Parque Fotovoltaico Los Negros,WMRI2K,0.0,0.0,1.0,constq,3,1,0
P07,genstat,G3PFBAYA,Bayasol,WBAYAK,0.019999999552965164,0.0,1.0,constq,13,0,0
P07,genstat,G4PSGIR1,Girasol Grupo 1,,0.021859999746084213,0.0,1.0,constq,12,0,0
P07,genstat,G4PSGIR2,Girasol Grupo 2,,0.021730000153183937,0.0,1.0,constq,16,0,0
P07,genstat,G3SANTAS,Santanasol,WSANTK,0.017330000177025795,0.0,1.0,constq,15,0,0
P07,genstat,G3PFCALA,PF Calabaza 1,WXCA1K,0.01706000044941902,0.0,1.0,constq,17,0,0
P07,genstat,G3PEMAT2,PE Matafongo 2,WMTFNK,0.012600000016391277,0.0,1.0,constq,3,0,0
P07,genstat,G3PEMATA,PE Matafongo,WMTFNK,0.004840000066906214,0.0,1.0,constq,17,0,0
P07,genstat,G3PFPER1,PF Peravia I,WPES1K,0.04416999965906143,0.0,1.0,constq,12,0,0
P07,genstat,G3PFPER2,PF Peravia II,WPES2K,0.042500000447034836,0.0,1.0,constq,12,0,0
P07,genstat,G6PEMINA,SA PE Los Mina,WXSALMK,1.000000013351432e-10,0.0,1.0,constq,1,0,0
P07,genstat,G6AANDRE,Sistema Almacenamiento AES Andrés,WXBAAK,1.000000013351432e-10,0.0,1.0,constq,1,0,0
P07,genstat,G3PFWCA2,PF Washington Capital 2,WXWC2K,0.051249999552965164,0.0,1.0,constq,8,0,0
P07,genstat,G3PFWCA3,PF Washington Capital 3,WXWC3K,0.0,0.0,1.0,constq,8,1,0
P07,genstat,G3PFVICT,PF La Victoria,WLVICK,0.03999999910593033,0.0,1.0,constq,8,0,0
P07,genstat,G3PFMIRA,Mirasol,WMIRAK,0.041179999709129333,0.0,1.0,constq,17,0,0
P08,sym,G4PALAM3,Palamara Grupo 3,,1.000000013351432e-10,0.0,0.9900000095367432,constv,4,1,0
P08,sym,G4PALAM2,Palamara Grupo 2,,10.766400337219238,0.0,1.0,constv,2,0,0
P08,sym,G4PALAM1,Palamara Grupo 1,,8.76930046081543,0.0,0.9900000095367432,constv,4,0,0
P08,sym,G4IKM22,INCA km 22 Grupo 1,,1.000000013351432e-10,0.0,1.0,constq,2,1,0
P08,sym,G5IKM22,INCA km 22 Grupo 2,,1.000000013351432e-10,0.0,1.0,constq,1,1,0
P08,sym,G5EMA3G1,EDM3 TG1,WEM31K,48.66667175292969,0.0,1.0,constv,1,0,0
P08,sym,G5EMA3G2,EDM3 TG2,WEM32K,48.66667175292969,0.0,1.0,constv,1,0,0
P08,sym,G5EMAR3V,EDM3 TV,WEM33K,48.66667175292969,0.0,0.9459999799728394,constv,1,0,0
P08,sym,G4Q1SPED,Quisqueya 1 San Pedro,,16.487499237060547,0.0,1.0,constv,4,0,0
P08,sym,G4QUIS12,Quisqueya 1 Grupo 2,,17.076000213623047,0.0,1.0,constv,4,0,0
P08,sym,G4QUIS21,Quisqueya 2 Grupo 1,,17.076000213623047,0.0,1.0,constv,4,0,0
P08,sym,G4QUIS22,Quisqueya 2 Grupo 2,,17.076000213623047,0.0,1.0,constv,4,0,0
P08,sym,G4QUIS23,Quisqueya 2 Grupo 3,,7.9079999923706055,0.0,1.0,constv,4,0,0
P08,sym,G5QUISQ2,Quisqueya 2 TV,,1.000000013351432e-10,0.0,1.0,constq,1,1,0
P08,sym,G4QUIS13,Quisqueya 1 Grupo 3,,17.076000213623047,0.0,1.0,constv,4,0,0
P08,sym,G5QUISQ1,Quisqueya 1 TV,,0.8920000195503235,0.0,1.0,constv,1,0,0
P08,sym,G3PCATA1,Punta Catalina 1,WPCA1K,339.989990234375,0.0,1.0,constq,1,0,1
P08,sym,G3PCATA2,Punta Catalina 2,WPCA2K,359.989990234375,0.0,1.0,constq,1,0,0
P08,sym,G4SESTE3,Sultana del Este Grupo 3,WSES3K,1.000000013351432e-10,6.00007751816456e-11,1.0,constv,3,1,0
P08,sym,G4SESTE1,Sultana del Este Grupo 1,WSES1K,1.000000013351432e-10,0.0,1.0,constv,3,1,0
P08,sym,G4SESTE2,Sultana del Este Grupo 2,WSES2K,1.000000013351432e-10,0.0,1.0,constv,4,1,0
P08,sym,G3CESPM3,CESPM 3,WCES3K,87.30000305175781,0.0,1.0199999809265137,constv,1,0,0
P08,sym,G3CESPM2,CESPM 2,WCES2K,87.30000305175781,0.0,1.0199999809265137,constv,1,0,0
P08,sym,G3CESPM1,CESPM 1,WCES1K,87.30000305175781,0.0,1.0199999809265137,constv,1,0,0
P08,sym,G3ENE4TG,ENERGAS 4 TG,WXEN4K,10.0,0.0,1.0199999809265137,constv,1,0,0
P08,sym,G3ENE4TV,ENERGAS 4 TV,WXEV4K,1.000000013351432e-10,0.0,1.0199999809265137,constv,1,1,0
P08,sym,G3BERSAL,Bersal,,1.000000013351432e-10,0.0,1.0,constq,4,1,0
P08,sym,G4LOPPL1,Los Orígenes Power Plant Grupo 1,WLORIK,1.000000013351432e-10,0.0,1.0,constq,3,1,0
P08,sym,G4LOPPL2,Los Orígenes Power Plant Grupo 2,WLORIK,1.000000013351432e-10,0.0,1.0490000247955322,constv,2,1,0
P08,sym,G3SPBIOE,San Pedro Bio-Energy,,30.0,0.0,1.0,constq,1,0,0
P08,sym,G3CEMON2,Contra Embalse Monción 2,WCEMOK,0.75,0.36324170231819153,1.0,constq,1,0,0
P08,sym,G3CEMON1,Contra Embalse Monción 1,WCEMOK,0.75,0.4648081660270691,1.0,constq,1,0,0
P08,sym,G3MONCI2,Monción 2,WMONCK,1.000000013351432e-10,0.0,1.0,constv,1,1,0
P08,sym,G3MONCI1,Monción 1,WMONCK,1.000000013351432e-10,0.0,1.0,constq,1,1,0
P08,sym,G3PIMEN3,Pimentel 3,WPIM3K,8.526670455932617,0.0,1.0,constq,3,0,0
P08,sym,G3PIMEN2,Pimentel 2,,3.944999933242798,0.0,1.0,constv,4,0,0
P08,sym,G3PIMEN1,Pimentel 1,,3.055000066757202,0.0,1.0,constv,4,0,0
P08,sym,G3LANGOS,López Angostura,WLANGK,4.0,0.0,1.0,constv,1,0,0
P08,sym,G3BAIGU2,Baiguaque 2,WBAI1K,1.000000013351432e-10,3.2868412852549156e-11,1.0,constq,1,1,0
P08,sym,G3BAIGU1,Baiguaque 1,WBAI1K,0.10000000149011612,0.04843222349882126,1.0,constq,1,0,0
P08,sym,G3TAVER2,Tavera 2,WTAV2K,1.000000013351432e-10,0.0,1.0,constq,1,1,0
P08,sym,G3TAVER1,Tavera 1,WTAV1K,1.000000013351432e-10,0.0,1.0,constv,1,1,0
P08,sym,G3SFELIG,San Felipe TG,,1.000000013351432e-10,0.0,1.0,constv,1,1,0
P08,sym,G3SFV,San Felipe Vapor,WSFEVK,1.000000013351432e-10,0.0,1.0,constv,1,1,0
P08,sym,G3PIMEN4,Pimentel 4,WXPI4K,17.55500030517578,0.0,1.0,constv,2,0,0
P08,sym,G3LTORO1,Los Toros 1,WLTO1K,1.000000013351432e-10,6.00007751816456e-11,1.0,constq,1,1,0
P08,sym,G3LTORO2,Los Toros 2,WLTO1K,1.000000013351432e-10,3.2868412852549156e-11,1.0,constq,1,1,0
P08,sym,G3NNAJAY,Nizao Najayo,WXNNAK,1.000000013351432e-10,4.843220963168804e-11,1.0,constq,1,1,0
P08,sym,G3LANONE,Los Anones,WXLANK,1.000000013351432e-10,4.843220963168804e-11,1.0,constq,1,1,0
P08,sym,G3SYEGUA,Sabana Yegua,WSYEGK,1.000000013351432e-10,0.0,1.0,constv,1,1,0
P08,sym,G3SABANE,Sabaneta,WSABAK,1.000000013351432e-10,0.0,1.0,constv,1,1,0
P08,sym,G3MAGUE2,Magueyal 2,WMAGUK,1.000000013351432e-10,4.843220963168804e-11,1.0,constq,1,1,0
P08,sym,G3MAGUE1,Magueyal 1,WMAGUK,1.000000013351432e-10,4.843220963168804e-11,1.0,constq,1,1,0
P08,sym,G3LDAMAS,Las Damas,,1.600000023841858,0.7749155759811401,1.0,constv,1,0,0
P08,sym,G3DRODR2,Domingo Rodríguez 2,WDRODL,1.000000013351432e-10,3.2868412852549156e-11,1.0,constq,1,1,0
P08,sym,G3DRODR1,Domingo Rodríguez 1,WDRODL,1.000000013351432e-10,3.2868412852549156e-11,1.0,constq,1,1,0
P08,sym,G3HTG,Haina TG,WHAIGK,1.000000013351432e-10,0.0,1.0,constq,1,1,0
P08,sym,G3VALDE2,Valdesia 2,WVAL2K,1.000000013351432e-10,0.0,1.0,constq,1,1,0
P08,sym,G3VALDE1,Valdesia 1,WVAL1K,1.000000013351432e-10,0.0,1.0,constv,1,1,0
P08,sym,G3LBARIA,Las Barías,WLBARK,1.000000013351432e-10,4.843220963168804e-11,1.0,constq,1,1,0
P08,sym,G3BCARBO,Barahona Carbón,WBCARK,50.0,0.0,1.0,constv,1,0,0
P08,sym,G3JIGUE2,Jigüey 2,WJIG2K,1.000000013351432e-10,0.0,1.0,constv,1,1,0
P08,sym,G3JIGUE1,Jigüey 1,WJIG1K,1.000000013351432e-10,0.0,1.0,constv,1,1,0
P08,sym,G3AGUAC2,Aguacate 2,WAGU2K,1.000000013351432e-10,0.0,1.0,constq,1,1,0
P08,sym,G3AGUAC1,Aguacate 1,WAGU1K,26.0,0.0,1.0,constq,1,0,0
P08,sym,G4MRIO3,Monte Río Grupo 2,WMRI3K,1.000000013351432e-10,0.0,1.0199999809265137,constv,7,1,0
P08,sym,G4MRIO1,Monte Río Grupo 1,WMRI1K,1.000000013351432e-10,0.0,1.0199999809265137,constv,6,1,0
P08,sym,G3ITABO2,Itabo 2,WITA2K,1.000000013351432e-10,0.0,1.0,constv,1,1,0
P08,sym,G3ITABO1,Itabo 1,WITA1K,120.0,0.0,1.0,constv,1,0,0
P08,sym,G3SLORE1,San Lorenzo 1,,1.000000013351432e-10,0.0,1.0,constv,1,1,0
P08,sym,G3PALOM2,Palomino 2,WPLM1K,1.000000013351432e-10,0.0,1.0199999809265137,constv,1,1,0
P08,sym,G3PALOM1,Palomino 1,WPLM2K,1.000000013351432e-10,0.0,1.0199999809265137,constv,1,1,0
P08,sym,G4PAK262,POWERSHIP AZUA KPS26 2,WXPA2K,1.000000013351432e-10,4.843220963168804e-11,1.0,constv,3,1,0
P08,sym,G4PAK261,POWERSHIP AZUA KPS26 1,WXPA1K,1.000000013351432e-10,4.843220963168804e-11,1.0,constv,3,1,0
P08,sym,G4PAK601,POWERSHIP AZUA KPS60,WXPA3K,1.000000013351432e-10,4.843220963168804e-11,1.0,constv,4,1,0
P08,sym,G5PAK6TV,POWERSHIP AZUA TV,WXPA3K,1.000000013351432e-10,4.843220963168804e-11,1.0,constv,1,1,0
P08,sym,G3PALENQ,Palenque,WPAQ2K,1.000000013351432e-10,0.0,1.0,constq,4,1,0
P08,sym,G4PAK561,POWERSHIP AZUA KPS56,WXPA4K,1.000000013351432e-10,4.843220963168804e-11,1.0,constv,8,1,0
P08,sym,G3LMINA6,Los Mina 6,WLMI6K,94.37999725341797,0.0,1.0,constv,1,0,0
P08,sym,G5AANDRV,AES Andrés TV,WAANVK,100.80999755859375,0.0,1.0,constv,1,0,0
P08,sym,G5AANDRG,AES Andrés TG,WAANGK,195.69000244140625,0.0,1.0,constv,1,0,0
P08,sym,G3METALD,METALDOM,WMETAK,1.000000013351432e-10,0.0,0.9900000095367432,constv,4,1,0
P08,sym,G3LMINA5,Los Mina 5,WLMI5K,94.37999725341797,0.0,1.0,constv,1,0,0
P08,sym,G4EMAR21,EDM2 Grupo 1,,18.14324951171875,0.0,1.0,constq,3,0,0
P08,sym,G4EMAR22,EDM2 Grupo 2,,15.79675006866455,0.0,1.0,constq,3,0,0
P08,sym,G4EMAR23,EDM2 TV,,1.000000013351432e-10,0.0,1.0,constq,1,1,0
P08,sym,G3LMINA7,Los Mina 7,WLMI7K,101.63999938964844,49.22650909423828,1.0,constv,1,0,0
P08,sym,G4SIBA1,SIBA Grupo 1,WXSI1K,1.000000013351432e-10,4.843220963168804e-11,1.0,constv,2,1,0
P08,sym,G4SIBA2,SIBA Grupo 2,WXSI2K,1.000000013351432e-10,4.843220963168804e-11,1.0,constv,2,1,0
P08,sym,G4SIBA3,SIBA Grupo 3,WXSI3K,1.000000013351432e-10,0.0,1.0,constv,2,1,0
P08,sym,G4SIBA4,SIBA Grupo 4,WXSI4K,8.5,4.116738319396973,1.0,constv,2,0,0
P08,sym,G4SIBA6,SIBA Grupo 6,WXSI6K,25.0,12.108054161071777,1.0,constv,2,0,0
P08,sym,G4SIBA5,SIBA Grupo 5,WXSI5K,1.000000013351432e-10,4.843220963168804e-11,1.0,constv,2,1,0
P08,sym,G3PINAL2,Pinalito 2,WPIN2K,1.000000013351432e-10,6.00007751816456e-11,1.0490000247955322,constv,1,1,0
P08,sym,G3PINAL1,Pinalito 1,WPIN1K,1.000000013351432e-10,5.933650792933065e-11,1.0490000247955322,constv,1,1,0
P08,sym,G3RBLAN2,Río Blanco 2,WRBLCK,11.5,6.900088310241699,1.0490000247955322,constv,1,0,0
P08,sym,G3RBLAN1,Río Blanco 1,WRBLAK,1.000000013351432e-10,5.933650792933065e-11,1.0490000247955322,constv,1,1,0
P08,sym,G3RINCON,Rincón,WRINCK,1.000000013351432e-10,6.00007751816456e-11,1.0,constv,1,1,0
P08,sym,G3RJCRUZ,Rosa Julia De La Cruz,WRJCRK,1.000000013351432e-10,3.2868412852549156e-11,1.0,constq,1,1,0
P08,sym,G3ESALTO,El Salto,WESALK,1.000000013351432e-10,4.843220963168804e-11,1.0,constq,1,1,0
P08,sym,G4LVEGA1,La Vega Grupo 1,,18.42799949645996,0.0,1.0,constq,3,0,0
P08,sym,G4LVEGA2,La Vega Grupo 2,,6.478000164031982,0.0,1.0,constv,2,0,0
P08,sym,G3AVARG1,Aniana Vargas 1,WAVA1K,1.000000013351432e-10,3.2868412852549156e-11,1.0,constq,1,1,0
P08,sym,G3AVARG2,Aniana Vargas 2,WAVA1K,0.10000000149011612,0.0328684076666832,1.0,constq,1,0,0
P08,sym,G3JIMENO,Jimenoa,WJIMEK,5.300000190734863,0.0,1.0,constv,1,0,0
P08,sym,G3HATILL,Hatillo 1,WHATIK,7.440000057220459,0.0,1.0,constv,1,0,0
P08,sym,G3HATIL2,Hatillo 2,,1.000000013351432e-10,6.00007751816456e-11,1.0,constq,1,1,0
P08,sym,G3BDEREC,Brazo Derecho,WBDERK,1.000000013351432e-10,4.843220963168804e-11,1.0,constv,1,1,0
P08,genstat,G3MPSOLA,Monte Plata Solar,,6.809999942779541,0.0,1.0,constq,1,0,0
P08,genstat,G7EMAR31,SA 1 EDM3,WEM31K,1.000000013351432e-10,0.0,1.0,constq,1,1,0
P08,genstat,G7EMAR32,SA 2 EDM3,WEM32K,1.000000013351432e-10,0.0,1.0,constq,1,1,0
P08,genstat,G3PFMPAL,Mata de Palma Solar,WMPALK,0.2942900061607361,0.0,1.0,constq,21,0,0
P08,genstat,G3PFMART,PF Martí,WMARTK,0.581250011920929,0.0,1.0,constq,8,0,0
P08,genstat,G3PFMARA,PF Maranatha,WMARAK,0.6399999856948853,0.0,1.0,constq,2,0,0
P08,genstat,G4PFCUM4,PF Cumayasa 4,WXCU4K,2.338749885559082,0.0,1.0,constq,8,0,0
P08,genstat,G3PFCUM2,PF Cumayasa 2,WXCU2K,1.4220000505447388,0.0,1.0,constq,5,0,0
P08,genstat,G3PFCUM1,PF Cumayasa 1,WXCU1K,1.2788900136947632,0.0,1.0,constq,9,0,0
P08,genstat,G3ESOCO,El Soco,WXESOK,0.8136399984359741,0.0,1.0,constq,11,0,0
P08,genstat,G3PFCOT1,PF Cotoperí 1,WCSO1K,0.7512500286102295,0.0,1.0,constq,8,0,0
P08,genstat,G3PFCOT2,PF Cotoperí 2,WCSO2K,0.7749999761581421,0.0,1.0,constq,8,0,0
P08,genstat,G3PFCOT3,PF Cotoperí 3,WCSO3K,0.7487499713897705,0.0,1.0,constq,8,0,0
P08,genstat,G4PFCOA2,PF Coastal G2,WCOA2K,1.059999942779541,0.0,1.0,constq,6,0,0
P08,genstat,G4PFCOA1,PF Coastal G1,WCOA1K,0.9085699915885925,0.0,1.0,constq,7,0,0
P08,genstat,G3PFSAJO,Parque Fotovoltaico SAJOMA,WXPFSK,0.7422199845314026,0.0,1.0,constq,9,0,0
P08,genstat,G4PFMSO2,Monte Cristi Solar Grupo 2,,0.21883000433444977,0.0,1.0,constq,12,0,0
P08,genstat,G4PFMSO1,Monte Cristi Solar Grupo 1,,0.22035999596118927,0.0,1.0,constq,11,0,0
P08,genstat,G3PEACLA,Agua Clara,WACLAK,0.5784000158309937,0.0,1.0,constq,25,0,0
P08,genstat,G3PEGUAN,Guanillo,WGNLLK,0.9132000207901001,0.0,1.0,constq,25,0,0
P08,genstat,G3PELGUZ,Los Guzmancito,WLGUZK,0.07765000313520432,0.0,1.0,constq,17,0,0
P08,genstat,G3PELGU2,Los Guzmancito 2,WLGU2K,0.07846000045537949,0.0,1.0,constq,13,0,0
P08,genstat,G3PFMATR,Parque Fotovoltaico MATRISOL,WXMATK,0.45454999804496765,0.0,1.0,constq,11,0,0
P08,genstat,G3PSESPE,PS Esperanza,WXPS1K,0.612779974937439,0.0,1.0,constq,18,0,0
P08,genstat,,SBX_20260708_161425_e01931_PV,,0.0,0.0,1.0,constq,1,1,0
P08,genstat,,BESS,,2.5,0.0,1.0,constq,1,0,0
P08,genstat,G3SCANOA,Solar Canoa,WSCANK,0.3787499964237213,0.0,1.0,constq,8,0,0
P08,genstat,G3PFLUCI,PF Lucila,WXLUCK,0.4650000035762787,0.0,1.0,constq,2,0,0
P08,genstat,G3LCOCO2,Los Cocos 2,,0.05538000166416168,3.7975775302179215e-11,1.0,constq,26,0,0
P08,genstat,G3QCABRE,Quilvio Cabrera,,0.09200000017881393,5.007656442290731e-11,1.0,constq,5,0,0
P08,genstat,G3JCOCO1,Juancho Los Cocos 1,,0.04422999918460846,7.080901143208251e-11,1.0,constq,26,0,0
P08,genstat,G3PELARI,Larimar,,0.4773299992084503,3.7975775302179215e-11,1.0,constq,15,0,0
P08,genstat,G3PELAR2,Larimar 2,,0.28714001178741455,3.7975775302179215e-11,1.0,constq,14,0,0
P08,genstat,G3PFLNEG,Parque Fotovoltaico Los Negros,WMRI2K,0.7833300232887268,0.0,1.0,constq,3,0,0
P08,genstat,G3PFBAYA,Bayasol,WBAYAK,0.3938499987125397,0.0,1.0,constq,13,0,0
P08,genstat,G4PSGIR1,Girasol Grupo 1,,0.5138499736785889,0.0,1.0,constq,12,0,0
P08,genstat,G4PSGIR2,Girasol Grupo 2,,0.510860025882721,0.0,1.0,constq,16,0,0
P08,genstat,G3SANTAS,Santanasol,WSANTK,0.39732998609542847,0.0,1.0,constq,15,0,0
P08,genstat,G3PFCALA,PF Calabaza 1,WXCA1K,0.2747099995613098,0.0,1.0,constq,17,0,0
P08,genstat,G3PEMAT2,PE Matafongo 2,WMTFNK,0.014700000174343586,0.0,1.0,constq,3,0,0
P08,genstat,G3PEMATA,PE Matafongo,WMTFNK,0.005640000104904175,0.0,1.0,constq,17,0,0
P08,genstat,G3PFPER1,PF Peravia I,WPES1K,0.7208300232887268,0.0,1.0,constq,12,0,0
P08,genstat,G3PFPER2,PF Peravia II,WPES2K,0.6966699957847595,0.0,1.0,constq,12,0,0
P08,genstat,G6PEMINA,SA PE Los Mina,WXSALMK,1.000000013351432e-10,0.0,1.0,constq,1,0,0
P08,genstat,G6AANDRE,Sistema Almacenamiento AES Andrés,WXBAAK,1.000000013351432e-10,0.0,1.0,constq,1,0,0
P08,genstat,G3PFWCA2,PF Washington Capital 2,WXWC2K,0.8450000286102295,0.0,1.0,constq,8,0,0
P08,genstat,G3PFWCA3,PF Washington Capital 3,WXWC3K,0.8962500095367432,0.0,1.0,constq,8,0,0
P08,genstat,G3PFVICT,PF La Victoria,WLVICK,0.675000011920929,0.0,1.0,constq,8,0,0
P08,genstat,G3PFMIRA,Mirasol,WMIRAK,0.7288200259208679,0.0,1.0,constq,17,0,0
P09,sym,G4PALAM3,Palamara Grupo 3,,1.000000013351432e-10,0.0,0.9900000095367432,constv,4,1,0
P09,sym,G4PALAM2,Palamara Grupo 2,,1.000000013351432e-10,0.0,1.0,constv,2,1,0
P09,sym,G4PALAM1,Palamara Grupo 1,,1.000000013351432e-10,0.0,0.9900000095367432,constv,4,1,0
P09,sym,G4IKM22,INCA km 22 Grupo 1,,1.000000013351432e-10,0.0,1.0,constq,2,1,0
P09,sym,G5IKM22,INCA km 22 Grupo 2,,1.000000013351432e-10,0.0,1.0,constq,1,1,0
P09,sym,G5EMA3G1,EDM3 TG1,WEM31K,48.66667175292969,0.0,0.9459999799728394,constv,1,0,0
P09,sym,G5EMA3G2,EDM3 TG2,WEM32K,48.66667175292969,0.0,1.0,constv,1,0,0
P09,sym,G5EMAR3V,EDM3 TV,WEM33K,48.66667175292969,0.0,0.9459999799728394,constv,1,0,0
P09,sym,G4Q1SPED,Quisqueya 1 San Pedro,,16.487499237060547,0.0,1.0,constv,4,0,0
P09,sym,G4QUIS12,Quisqueya 1 Grupo 2,,17.076000213623047,0.0,1.0,constv,4,0,0
P09,sym,G4QUIS21,Quisqueya 2 Grupo 1,,17.076000213623047,0.0,1.0,constv,4,0,0
P09,sym,G4QUIS22,Quisqueya 2 Grupo 2,,15.758999824523926,0.0,1.0,constv,4,0,0
P09,sym,G4QUIS23,Quisqueya 2 Grupo 3,,1.000000013351432e-10,0.0,1.0,constv,4,1,0
P09,sym,G5QUISQ2,Quisqueya 2 TV,,1.000000013351432e-10,0.0,1.0,constq,1,1,0
P09,sym,G4QUIS13,Quisqueya 1 Grupo 3,,17.076000213623047,0.0,1.0,constv,4,0,0
P09,sym,G5QUISQ1,Quisqueya 1 TV,,0.8920000195503235,0.0,1.0,constv,1,0,0
P09,sym,G3PCATA1,Punta Catalina 1,WPCA1K,339.989990234375,0.0,1.0,constq,1,0,1
P09,sym,G3PCATA2,Punta Catalina 2,WPCA2K,359.989990234375,0.0,1.0,constq,1,0,0
P09,sym,G4SESTE3,Sultana del Este Grupo 3,WSES3K,1.000000013351432e-10,6.00007751816456e-11,1.0,constv,3,1,0
P09,sym,G4SESTE1,Sultana del Este Grupo 1,WSES1K,1.000000013351432e-10,0.0,1.0,constv,3,1,0
P09,sym,G4SESTE2,Sultana del Este Grupo 2,WSES2K,1.000000013351432e-10,0.0,1.0,constv,4,1,0
P09,sym,G3CESPM3,CESPM 3,WCES3K,86.73999786376953,0.0,1.0199999809265137,constv,1,0,0
P09,sym,G3CESPM2,CESPM 2,WCES2K,86.86000061035156,0.0,1.0199999809265137,constv,1,0,0
P09,sym,G3CESPM1,CESPM 1,WCES1K,87.05000305175781,0.0,1.0199999809265137,constv,1,0,0
P09,sym,G3ENE4TG,ENERGAS 4 TG,WXEN4K,10.0,0.0,1.0199999809265137,constv,1,0,0
P09,sym,G3ENE4TV,ENERGAS 4 TV,WXEV4K,1.000000013351432e-10,0.0,1.0199999809265137,constv,1,1,0
P09,sym,G3BERSAL,Bersal,,1.000000013351432e-10,0.0,1.0,constq,4,1,0
P09,sym,G4LOPPL1,Los Orígenes Power Plant Grupo 1,WLORIK,1.000000013351432e-10,0.0,1.0,constq,3,1,0
P09,sym,G4LOPPL2,Los Orígenes Power Plant Grupo 2,WLORIK,1.000000013351432e-10,0.0,1.0490000247955322,constv,2,1,0
P09,sym,G3SPBIOE,San Pedro Bio-Energy,,30.0,0.0,1.0,constq,1,0,0
P09,sym,G3CEMON2,Contra Embalse Monción 2,WCEMOK,0.75,0.36324170231819153,1.0,constq,1,0,0
P09,sym,G3CEMON1,Contra Embalse Monción 1,WCEMOK,1.000000013351432e-10,4.843220963168804e-11,1.0,constq,1,1,0
P09,sym,G3MONCI2,Monción 2,WMONCK,1.000000013351432e-10,0.0,1.0,constv,1,1,0
P09,sym,G3MONCI1,Monción 1,WMONCK,1.000000013351432e-10,0.0,1.0,constq,1,1,0
P09,sym,G3PIMEN3,Pimentel 3,WPIM3K,1.000000013351432e-10,0.0,1.0,constq,3,1,0
P09,sym,G3PIMEN2,Pimentel 2,,1.000000013351432e-10,0.0,1.0,constv,4,1,0
P09,sym,G3PIMEN1,Pimentel 1,,1.000000013351432e-10,0.0,1.0,constv,4,1,0
P09,sym,G3LANGOS,López Angostura,WLANGK,4.0,0.0,1.0,constv,1,0,0
P09,sym,G3BAIGU2,Baiguaque 2,WBAI1K,1.000000013351432e-10,3.2868412852549156e-11,1.0,constq,1,1,0
P09,sym,G3BAIGU1,Baiguaque 1,WBAI1K,0.10000000149011612,0.04843222349882126,1.0,constq,1,0,0
P09,sym,G3TAVER2,Tavera 2,WTAV2K,1.000000013351432e-10,0.0,1.0,constq,1,1,0
P09,sym,G3TAVER1,Tavera 1,WTAV1K,1.000000013351432e-10,0.0,1.0,constv,1,1,0
P09,sym,G3SFELIG,San Felipe TG,,1.000000013351432e-10,0.0,1.0,constv,1,1,0
P09,sym,G3SFV,San Felipe Vapor,WSFEVK,1.000000013351432e-10,0.0,1.0,constv,1,1,0
P09,sym,G3PIMEN4,Pimentel 4,WXPI4K,17.55500030517578,0.0,1.0,constv,2,0,0
P09,sym,G3LTORO1,Los Toros 1,WLTO1K,1.000000013351432e-10,6.00007751816456e-11,1.0,constq,1,1,0
P09,sym,G3LTORO2,Los Toros 2,WLTO1K,1.000000013351432e-10,3.2868412852549156e-11,1.0,constq,1,1,0
P09,sym,G3NNAJAY,Nizao Najayo,WXNNAK,1.000000013351432e-10,4.843220963168804e-11,1.0,constq,1,1,0
P09,sym,G3LANONE,Los Anones,WXLANK,1.000000013351432e-10,4.843220963168804e-11,1.0,constq,1,1,0
P09,sym,G3SYEGUA,Sabana Yegua,WSYEGK,1.000000013351432e-10,0.0,1.0,constv,1,1,0
P09,sym,G3SABANE,Sabaneta,WSABAK,1.000000013351432e-10,0.0,1.0,constv,1,1,0
P09,sym,G3MAGUE2,Magueyal 2,WMAGUK,1.000000013351432e-10,4.843220963168804e-11,1.0,constq,1,1,0
P09,sym,G3MAGUE1,Magueyal 1,WMAGUK,1.000000013351432e-10,4.843220963168804e-11,1.0,constq,1,1,0
P09,sym,G3LDAMAS,Las Damas,,1.600000023841858,0.7749155759811401,1.0,constv,1,0,0
P09,sym,G3DRODR2,Domingo Rodríguez 2,WDRODL,1.000000013351432e-10,3.2868412852549156e-11,1.0,constq,1,1,0
P09,sym,G3DRODR1,Domingo Rodríguez 1,WDRODL,1.000000013351432e-10,3.2868412852549156e-11,1.0,constq,1,1,0
P09,sym,G3HTG,Haina TG,WHAIGK,1.000000013351432e-10,0.0,1.0,constq,1,1,0
P09,sym,G3VALDE2,Valdesia 2,WVAL2K,1.000000013351432e-10,0.0,1.0,constq,1,1,0
P09,sym,G3VALDE1,Valdesia 1,WVAL1K,1.000000013351432e-10,0.0,1.0,constv,1,1,0
P09,sym,G3LBARIA,Las Barías,WLBARK,1.000000013351432e-10,4.843220963168804e-11,1.0,constq,1,1,0
P09,sym,G3BCARBO,Barahona Carbón,WBCARK,50.0,0.0,1.0,constv,1,0,0
P09,sym,G3JIGUE2,Jigüey 2,WJIG2K,1.000000013351432e-10,0.0,1.0,constv,1,1,0
P09,sym,G3JIGUE1,Jigüey 1,WJIG1K,1.000000013351432e-10,0.0,1.0,constv,1,1,0
P09,sym,G3AGUAC2,Aguacate 2,WAGU2K,1.000000013351432e-10,0.0,1.0,constq,1,1,0
P09,sym,G3AGUAC1,Aguacate 1,WAGU1K,26.0,0.0,1.0,constq,1,0,0
P09,sym,G4MRIO3,Monte Río Grupo 2,WMRI3K,1.000000013351432e-10,0.0,1.0199999809265137,constv,7,1,0
P09,sym,G4MRIO1,Monte Río Grupo 1,WMRI1K,1.000000013351432e-10,0.0,1.0199999809265137,constv,6,1,0
P09,sym,G3ITABO2,Itabo 2,WITA2K,1.000000013351432e-10,0.0,1.0,constv,1,1,0
P09,sym,G3ITABO1,Itabo 1,WITA1K,120.0,0.0,1.0,constv,1,0,0
P09,sym,G3SLORE1,San Lorenzo 1,,1.000000013351432e-10,0.0,1.0,constv,1,1,0
P09,sym,G3PALOM2,Palomino 2,WPLM1K,1.000000013351432e-10,0.0,1.0199999809265137,constv,1,1,0
P09,sym,G3PALOM1,Palomino 1,WPLM2K,1.000000013351432e-10,0.0,1.0199999809265137,constv,1,1,0
P09,sym,G4PAK262,POWERSHIP AZUA KPS26 2,WXPA2K,1.000000013351432e-10,4.843220963168804e-11,1.0,constv,3,1,0
P09,sym,G4PAK261,POWERSHIP AZUA KPS26 1,WXPA1K,1.000000013351432e-10,4.843220963168804e-11,1.0,constv,3,1,0
P09,sym,G4PAK601,POWERSHIP AZUA KPS60,WXPA3K,1.000000013351432e-10,4.843220963168804e-11,1.0,constv,4,1,0
P09,sym,G5PAK6TV,POWERSHIP AZUA TV,WXPA3K,1.000000013351432e-10,4.843220963168804e-11,1.0,constv,1,1,0
P09,sym,G3PALENQ,Palenque,WPAQ2K,1.000000013351432e-10,0.0,1.0,constq,4,1,0
P09,sym,G4PAK561,POWERSHIP AZUA KPS56,WXPA4K,1.000000013351432e-10,4.843220963168804e-11,1.0,constv,8,1,0
P09,sym,G3LMINA6,Los Mina 6,WLMI6K,83.0374984741211,0.0,1.0,constv,1,0,0
P09,sym,G5AANDRV,AES Andrés TV,WAANVK,90.53520202636719,0.0,1.0,constv,1,0,0
P09,sym,G5AANDRG,AES Andrés TG,WAANGK,175.7447967529297,0.0,1.0,constv,1,0,0
P09,sym,G3METALD,METALDOM,WMETAK,1.000000013351432e-10,0.0,0.9900000095367432,constv,4,1,0
P09,sym,G3LMINA5,Los Mina 5,WLMI5K,83.0374984741211,0.0,1.0,constv,1,0,0
P09,sym,G4EMAR21,EDM2 Grupo 1,,18.14324951171875,0.0,1.0,constq,3,0,0
P09,sym,G4EMAR22,EDM2 Grupo 2,,4.4367499351501465,0.0,1.0,constq,3,0,0
P09,sym,G4EMAR23,EDM2 TV,,1.000000013351432e-10,0.0,1.0,constq,1,1,0
P09,sym,G3LMINA7,Los Mina 7,WLMI7K,89.42500305175781,43.31050491333008,1.0,constv,1,0,0
P09,sym,G4SIBA1,SIBA Grupo 1,WXSI1K,9.899999618530273,4.7947893142700195,1.0,constv,2,0,0
P09,sym,G4SIBA2,SIBA Grupo 2,WXSI2K,16.700000762939453,8.08818244934082,1.0,constv,2,0,0
P09,sym,G4SIBA3,SIBA Grupo 3,WXSI3K,1.000000013351432e-10,0.0,1.0,constv,2,1,0
P09,sym,G4SIBA4,SIBA Grupo 4,WXSI4K,16.700000762939453,8.08818244934082,1.0,constv,2,0,0
P09,sym,G4SIBA6,SIBA Grupo 6,WXSI6K,25.0,12.108054161071777,1.0,constv,2,0,0
P09,sym,G4SIBA5,SIBA Grupo 5,WXSI5K,16.700000762939453,8.08818244934082,1.0,constv,2,0,0
P09,sym,G3PINAL2,Pinalito 2,WPIN2K,1.000000013351432e-10,6.00007751816456e-11,1.0490000247955322,constv,1,1,0
P09,sym,G3PINAL1,Pinalito 1,WPIN1K,1.000000013351432e-10,5.933650792933065e-11,1.0490000247955322,constv,1,1,0
P09,sym,G3RBLAN2,Río Blanco 2,WRBLCK,11.5,6.900088310241699,1.0470000505447388,constv,1,0,0
P09,sym,G3RBLAN1,Río Blanco 1,WRBLAK,1.000000013351432e-10,5.933650792933065e-11,1.0490000247955322,constv,1,1,0
P09,sym,G3RINCON,Rincón,WRINCK,1.000000013351432e-10,6.00007751816456e-11,1.0,constv,1,1,0
P09,sym,G3RJCRUZ,Rosa Julia De La Cruz,WRJCRK,1.000000013351432e-10,3.2868412852549156e-11,1.0,constq,1,1,0
P09,sym,G3ESALTO,El Salto,WESALK,1.000000013351432e-10,4.843220963168804e-11,1.0,constq,1,1,0
P09,sym,G4LVEGA1,La Vega Grupo 1,,1.000000013351432e-10,0.0,1.0,constq,3,1,0
P09,sym,G4LVEGA2,La Vega Grupo 2,,1.000000013351432e-10,0.0,1.0,constv,2,1,0
P09,sym,G3AVARG1,Aniana Vargas 1,WAVA1K,1.000000013351432e-10,3.2868412852549156e-11,1.0,constq,1,1,0
P09,sym,G3AVARG2,Aniana Vargas 2,WAVA1K,0.10000000149011612,0.0328684076666832,1.0,constq,1,0,0
P09,sym,G3JIMENO,Jimenoa,WJIMEK,5.300000190734863,0.0,1.0,constv,1,0,0
P09,sym,G3HATILL,Hatillo 1,WHATIK,7.099999904632568,4.260055065155029,1.0,constq,1,0,0
P09,sym,G3HATIL2,Hatillo 2,,1.000000013351432e-10,6.00007751816456e-11,1.0,constq,1,1,0
P09,sym,G3BDEREC,Brazo Derecho,WBDERK,1.000000013351432e-10,4.843220963168804e-11,1.0,constv,1,1,0
P09,genstat,G3MPSOLA,Monte Plata Solar,,21.459999084472656,0.0,1.0,constq,1,0,0
P09,genstat,G7EMAR31,SA 1 EDM3,WEM31K,1.000000013351432e-10,0.0,1.0,constq,1,1,0
P09,genstat,G7EMAR32,SA 2 EDM3,WEM32K,1.000000013351432e-10,0.0,1.0,constq,1,1,0
P09,genstat,G3PFMPAL,Mata de Palma Solar,WMPALK,0.8466699719429016,0.0,1.0,constq,21,0,0
P09,genstat,G3PFMART,PF Martí,WMARTK,1.5149999856948853,0.0,1.0,constq,8,0,0
P09,genstat,G3PFMARA,PF Maranatha,WMARAK,1.465000033378601,0.0,1.0,constq,2,0,0
P09,genstat,G4PFCUM4,PF Cumayasa 4,WXCU4K,3.5850000381469727,0.0,1.0,constq,8,0,0
P09,genstat,G3PFCUM2,PF Cumayasa 2,WXCU2K,3.7780001163482666,0.0,1.0,constq,5,0,0
P09,genstat,G3PFCUM1,PF Cumayasa 1,WXCU1K,3.627779960632324,0.0,1.0,constq,9,0,0
P09,genstat,G3ESOCO,El Soco,WXESOK,2.168179988861084,0.0,1.0,constq,11,0,0
P09,genstat,G3PFCOT1,PF Cotoperí 1,WCSO1K,2.15625,0.0,1.0,constq,8,0,0
P09,genstat,G3PFCOT2,PF Cotoperí 2,WCSO2K,2.1737499237060547,0.0,1.0,constq,8,0,0
P09,genstat,G3PFCOT3,PF Cotoperí 3,WCSO3K,2.151249885559082,0.0,1.0,constq,8,0,0
P09,genstat,G4PFCOA2,PF Coastal G2,WCOA2K,3.0850000381469727,0.0,1.0,constq,6,0,0
P09,genstat,G4PFCOA1,PF Coastal G1,WCOA1K,2.644289970397949,0.0,1.0,constq,7,0,0
P09,genstat,G3PFSAJO,Parque Fotovoltaico SAJOMA,WXPFSK,2.7033300399780273,0.0,1.0,constq,9,0,0
P09,genstat,G4PFMSO2,Monte Cristi Solar Grupo 2,,0.7310299873352051,0.0,1.0,constq,12,0,0
P09,genstat,G4PFMSO1,Monte Cristi Solar Grupo 1,,0.7361500263214111,0.0,1.0,constq,11,0,0
P09,genstat,G3PEACLA,Agua Clara,WACLAK,0.4296000003814697,0.0,1.0,constq,25,0,0
P09,genstat,G3PEGUAN,Guanillo,WGNLLK,0.7419999837875366,0.0,1.0,constq,25,0,0
P09,genstat,G3PELGUZ,Los Guzmancito,WLGUZK,0.05412000045180321,0.0,1.0,constq,17,0,0
P09,genstat,G3PELGU2,Los Guzmancito 2,WLGU2K,0.06615000218153,0.0,1.0,constq,13,0,0
P09,genstat,G3PFMATR,Parque Fotovoltaico MATRISOL,WXMATK,1.426360011100769,0.0,1.0,constq,11,0,0
P09,genstat,G3PSESPE,PS Esperanza,WXPS1K,2.543329954147339,0.0,1.0,constq,18,0,0
P09,genstat,,SBX_20260708_161425_e01931_PV,,0.0,0.0,1.0,constq,1,1,0
P09,genstat,,BESS,,2.5,0.0,1.0,constq,1,0,0
P09,genstat,G3SCANOA,Solar Canoa,WSCANK,1.2412500381469727,0.0,1.0,constq,8,0,0
P09,genstat,G3PFLUCI,PF Lucila,WXLUCK,1.4700000286102295,0.0,1.0,constq,2,0,0
P09,genstat,G3LCOCO2,Los Cocos 2,,0.0473099984228611,3.7975775302179215e-11,1.0,constq,26,0,0
P09,genstat,G3QCABRE,Quilvio Cabrera,,0.09600000083446503,5.007656442290731e-11,1.0,constq,5,0,0
P09,genstat,G3JCOCO1,Juancho Los Cocos 1,,0.025769999250769615,7.080901143208251e-11,1.0,constq,26,0,0
P09,genstat,G3PELARI,Larimar,,0.3513300120830536,3.7975775302179215e-11,1.0,constq,15,0,0
P09,genstat,G3PELAR2,Larimar 2,,0.24785999953746796,3.7975775302179215e-11,1.0,constq,14,0,0
P09,genstat,G3PFLNEG,Parque Fotovoltaico Los Negros,WMRI2K,2.190000057220459,0.0,1.0,constq,3,0,0
P09,genstat,G3PFBAYA,Bayasol,WBAYAK,1.1869200468063354,0.0,1.0,constq,13,0,0
P09,genstat,G4PSGIR1,Girasol Grupo 1,,1.7128299474716187,0.0,1.0,constq,12,0,0
P09,genstat,G4PSGIR2,Girasol Grupo 2,,1.7028800249099731,0.0,1.0,constq,16,0,0
P09,genstat,G3SANTAS,Santanasol,WSANTK,1.2253299951553345,0.0,1.0,constq,15,0,0
P09,genstat,G3PFCALA,PF Calabaza 1,WXCA1K,0.8664699792861938,0.0,1.0,constq,17,0,0
P09,genstat,G3PEMAT2,PE Matafongo 2,WMTFNK,0.011549999937415123,0.0,1.0,constq,3,0,0
P09,genstat,G3PEMATA,PE Matafongo,WMTFNK,0.004430000204592943,0.0,1.0,constq,17,0,0
P09,genstat,G3PFPER1,PF Peravia I,WPES1K,1.9583300352096558,0.0,1.0,constq,12,0,0
P09,genstat,G3PFPER2,PF Peravia II,WPES2K,1.934999942779541,0.0,1.0,constq,12,0,0
P09,genstat,G6PEMINA,SA PE Los Mina,WXSALMK,1.000000013351432e-10,0.0,1.0,constq,1,0,0
P09,genstat,G6AANDRE,Sistema Almacenamiento AES Andrés,WXBAAK,1.000000013351432e-10,0.0,1.0,constq,1,0,0
P09,genstat,G3PFWCA2,PF Washington Capital 2,WXWC2K,2.4512500762939453,0.0,1.0,constq,8,0,0
P09,genstat,G3PFWCA3,PF Washington Capital 3,WXWC3K,2.6649999618530273,0.0,1.0,constq,8,0,0
P09,genstat,G3PFVICT,PF La Victoria,WLVICK,2.047499895095825,0.0,1.0,constq,8,0,0
P09,genstat,G3PFMIRA,Mirasol,WMIRAK,2.0217599868774414,0.0,1.0,constq,17,0,0
P10,sym,G4PALAM3,Palamara Grupo 3,,1.000000013351432e-10,0.0,0.9900000095367432,constv,4,1,0
P10,sym,G4PALAM2,Palamara Grupo 2,,1.000000013351432e-10,0.0,1.0,constv,2,1,0
P10,sym,G4PALAM1,Palamara Grupo 1,,1.000000013351432e-10,0.0,0.9900000095367432,constv,4,1,0
P10,sym,G4IKM22,INCA km 22 Grupo 1,,1.000000013351432e-10,0.0,1.0,constq,2,1,0
P10,sym,G5IKM22,INCA km 22 Grupo 2,,1.000000013351432e-10,0.0,1.0,constq,1,1,0
P10,sym,G5EMA3G1,EDM3 TG1,WEM31K,35.63666915893555,0.0,0.9459999799728394,constv,1,0,0
P10,sym,G5EMA3G2,EDM3 TG2,WEM32K,35.63666915893555,0.0,1.0,constv,1,0,0
P10,sym,G5EMAR3V,EDM3 TV,WEM33K,35.63666915893555,0.0,0.9459999799728394,constv,1,0,0
P10,sym,G4Q1SPED,Quisqueya 1 San Pedro,,13.537500381469727,0.0,1.0,constv,4,0,0
P10,sym,G4QUIS12,Quisqueya 1 Grupo 2,,17.076000213623047,0.0,1.0,constv,4,0,0
P10,sym,G4QUIS21,Quisqueya 2 Grupo 1,,17.076000213623047,0.0,1.0,constv,4,0,0
P10,sym,G4QUIS22,Quisqueya 2 Grupo 2,,17.076000213623047,0.0,1.0,constv,4,0,0
P10,sym,G4QUIS23,Quisqueya 2 Grupo 3,,0.828000009059906,0.0,1.0,constv,4,0,0
P10,sym,G5QUISQ2,Quisqueya 2 TV,,1.000000013351432e-10,0.0,1.0,constq,1,1,0
P10,sym,G4QUIS13,Quisqueya 1 Grupo 3,,17.076000213623047,0.0,1.0,constv,4,0,0
P10,sym,G5QUISQ1,Quisqueya 1 TV,,0.8920000195503235,0.0,1.0,constv,1,0,0
P10,sym,G3PCATA1,Punta Catalina 1,WPCA1K,339.989990234375,0.0,1.0,constq,1,0,1
P10,sym,G3PCATA2,Punta Catalina 2,WPCA2K,359.989990234375,0.0,1.0,constq,1,0,0
P10,sym,G4SESTE3,Sultana del Este Grupo 3,WSES3K,1.000000013351432e-10,6.00007751816456e-11,1.0,constv,3,1,0
P10,sym,G4SESTE1,Sultana del Este Grupo 1,WSES1K,1.000000013351432e-10,0.0,1.0,constv,3,1,0
P10,sym,G4SESTE2,Sultana del Este Grupo 2,WSES2K,1.000000013351432e-10,0.0,1.0,constv,4,1,0
P10,sym,G3CESPM3,CESPM 3,WCES3K,79.44000244140625,0.0,1.0199999809265137,constv,1,0,0
P10,sym,G3CESPM2,CESPM 2,WCES2K,78.0,0.0,1.0199999809265137,constv,1,0,0
P10,sym,G3CESPM1,CESPM 1,WCES1K,79.6500015258789,0.0,1.0199999809265137,constv,1,0,0
P10,sym,G3ENE4TG,ENERGAS 4 TG,WXEN4K,10.0,0.0,1.0199999809265137,constv,1,0,0
P10,sym,G3ENE4TV,ENERGAS 4 TV,WXEV4K,1.000000013351432e-10,0.0,1.0199999809265137,constv,1,1,0
P10,sym,G3BERSAL,Bersal,,1.000000013351432e-10,0.0,1.0,constq,4,1,0
P10,sym,G4LOPPL1,Los Orígenes Power Plant Grupo 1,WLORIK,1.000000013351432e-10,0.0,1.0,constq,3,1,0
P10,sym,G4LOPPL2,Los Orígenes Power Plant Grupo 2,WLORIK,1.000000013351432e-10,0.0,1.0490000247955322,constv,2,1,0
P10,sym,G3SPBIOE,San Pedro Bio-Energy,,30.0,0.0,1.0,constq,1,0,0
P10,sym,G3CEMON2,Contra Embalse Monción 2,WCEMOK,0.75,0.38838130235671997,1.0,constq,1,0,0
P10,sym,G3CEMON1,Contra Embalse Monción 1,WCEMOK,1.000000013351432e-10,4.843220963168804e-11,1.0,constq,1,1,0
P10,sym,G3MONCI2,Monción 2,WMONCK,1.000000013351432e-10,0.0,1.0,constv,1,1,0
P10,sym,G3MONCI1,Monción 1,WMONCK,1.000000013351432e-10,0.0,1.0,constq,1,1,0
P10,sym,G3PIMEN3,Pimentel 3,WPIM3K,1.000000013351432e-10,0.0,1.0,constq,3,1,0
P10,sym,G3PIMEN2,Pimentel 2,,1.000000013351432e-10,0.0,1.0,constv,4,1,0
P10,sym,G3PIMEN1,Pimentel 1,,1.000000013351432e-10,0.0,1.0,constv,4,1,0
P10,sym,G3LANGOS,López Angostura,WLANGK,4.0,0.0,1.0,constv,1,0,0
P10,sym,G3BAIGU2,Baiguaque 2,WBAI1K,1.000000013351432e-10,3.2868412852549156e-11,1.0,constq,1,1,0
P10,sym,G3BAIGU1,Baiguaque 1,WBAI1K,0.10000000149011612,0.04843222349882126,1.0,constq,1,0,0
P10,sym,G3TAVER2,Tavera 2,WTAV2K,1.000000013351432e-10,0.0,1.0,constq,1,1,0
P10,sym,G3TAVER1,Tavera 1,WTAV1K,1.000000013351432e-10,0.0,1.0,constv,1,1,0
P10,sym,G3SFELIG,San Felipe TG,,1.000000013351432e-10,0.0,1.0,constv,1,1,0
P10,sym,G3SFV,San Felipe Vapor,WSFEVK,1.000000013351432e-10,0.0,1.0,constv,1,1,0
P10,sym,G3PIMEN4,Pimentel 4,WXPI4K,12.085000038146973,0.0,1.0,constv,2,0,0
P10,sym,G3LTORO1,Los Toros 1,WLTO1K,1.000000013351432e-10,6.00007751816456e-11,1.0,constq,1,1,0
P10,sym,G3LTORO2,Los Toros 2,WLTO1K,1.000000013351432e-10,3.2868412852549156e-11,1.0,constq,1,1,0
P10,sym,G3NNAJAY,Nizao Najayo,WXNNAK,1.000000013351432e-10,4.843220963168804e-11,1.0,constq,1,1,0
P10,sym,G3LANONE,Los Anones,WXLANK,1.000000013351432e-10,4.843220963168804e-11,1.0,constq,1,1,0
P10,sym,G3SYEGUA,Sabana Yegua,WSYEGK,1.000000013351432e-10,0.0,1.0,constv,1,1,0
P10,sym,G3SABANE,Sabaneta,WSABAK,1.000000013351432e-10,0.0,1.0,constv,1,1,0
P10,sym,G3MAGUE2,Magueyal 2,WMAGUK,1.000000013351432e-10,4.843220963168804e-11,1.0,constq,1,1,0
P10,sym,G3MAGUE1,Magueyal 1,WMAGUK,1.000000013351432e-10,4.843220963168804e-11,1.0,constq,1,1,0
P10,sym,G3LDAMAS,Las Damas,,1.600000023841858,0.7749155759811401,1.0,constv,1,0,0
P10,sym,G3DRODR2,Domingo Rodríguez 2,WDRODL,1.000000013351432e-10,3.2868412852549156e-11,1.0,constq,1,1,0
P10,sym,G3DRODR1,Domingo Rodríguez 1,WDRODL,1.000000013351432e-10,3.2868412852549156e-11,1.0,constq,1,1,0
P10,sym,G3HTG,Haina TG,WHAIGK,1.000000013351432e-10,0.0,1.0,constq,1,1,0
P10,sym,G3VALDE2,Valdesia 2,WVAL2K,1.000000013351432e-10,0.0,1.0,constq,1,1,0
P10,sym,G3VALDE1,Valdesia 1,WVAL1K,1.000000013351432e-10,0.0,1.0,constv,1,1,0
P10,sym,G3LBARIA,Las Barías,WLBARK,1.000000013351432e-10,4.843220963168804e-11,1.0,constq,1,1,0
P10,sym,G3BCARBO,Barahona Carbón,WBCARK,29.0,0.0,1.0,constv,1,0,0
P10,sym,G3JIGUE2,Jigüey 2,WJIG2K,1.000000013351432e-10,0.0,1.0,constv,1,1,0
P10,sym,G3JIGUE1,Jigüey 1,WJIG1K,1.000000013351432e-10,0.0,1.0,constv,1,1,0
P10,sym,G3AGUAC2,Aguacate 2,WAGU2K,1.000000013351432e-10,0.0,1.0,constq,1,1,0
P10,sym,G3AGUAC1,Aguacate 1,WAGU1K,1.000000013351432e-10,0.0,1.0,constq,1,1,0
P10,sym,G4MRIO3,Monte Río Grupo 2,WMRI3K,1.000000013351432e-10,0.0,1.0199999809265137,constv,7,1,0
P10,sym,G4MRIO1,Monte Río Grupo 1,WMRI1K,1.000000013351432e-10,0.0,1.0199999809265137,constv,6,1,0
P10,sym,G3ITABO2,Itabo 2,WITA2K,1.000000013351432e-10,0.0,1.0,constv,1,1,0
P10,sym,G3ITABO1,Itabo 1,WITA1K,120.0,0.0,1.0,constv,1,0,0
P10,sym,G3SLORE1,San Lorenzo 1,,1.000000013351432e-10,0.0,1.0,constv,1,1,0
P10,sym,G3PALOM2,Palomino 2,WPLM1K,1.000000013351432e-10,0.0,1.0199999809265137,constv,1,1,0
P10,sym,G3PALOM1,Palomino 1,WPLM2K,1.000000013351432e-10,0.0,1.0199999809265137,constv,1,1,0
P10,sym,G4PAK262,POWERSHIP AZUA KPS26 2,WXPA2K,1.000000013351432e-10,4.843220963168804e-11,1.0,constv,3,1,0
P10,sym,G4PAK261,POWERSHIP AZUA KPS26 1,WXPA1K,1.000000013351432e-10,4.843220963168804e-11,1.0,constv,3,1,0
P10,sym,G4PAK601,POWERSHIP AZUA KPS60,WXPA3K,1.000000013351432e-10,4.843220963168804e-11,1.0,constv,4,1,0
P10,sym,G5PAK6TV,POWERSHIP AZUA TV,WXPA3K,1.000000013351432e-10,4.843220963168804e-11,1.0,constv,1,1,0
P10,sym,G3PALENQ,Palenque,WPAQ2K,1.000000013351432e-10,0.0,1.0,constq,4,1,0
P10,sym,G4PAK561,POWERSHIP AZUA KPS56,WXPA4K,1.000000013351432e-10,4.843220963168804e-11,1.0,constv,8,1,0
P10,sym,G3LMINA6,Los Mina 6,WLMI6K,76.58625030517578,0.0,1.0,constv,1,0,0
P10,sym,G5AANDRV,AES Andrés TV,WAANVK,69.19000244140625,0.0,1.0,constv,1,0,0
P10,sym,G5AANDRG,AES Andrés TG,WAANGK,134.30999755859375,0.0,1.0,constv,1,0,0
P10,sym,G3METALD,METALDOM,WMETAK,1.000000013351432e-10,0.0,0.9900000095367432,constv,4,1,0
P10,sym,G3LMINA5,Los Mina 5,WLMI5K,76.58625030517578,0.0,1.0,constv,1,0,0
P10,sym,G4EMAR21,EDM2 Grupo 1,,17.256669998168945,0.0,1.0,constq,3,0,0
P10,sym,G4EMAR22,EDM2 Grupo 2,,1.000000013351432e-10,0.0,1.0,constq,3,1,0
P10,sym,G4EMAR23,EDM2 TV,,1.000000013351432e-10,0.0,1.0,constq,1,1,0
P10,sym,G3LMINA7,Los Mina 7,WLMI7K,82.47750091552734,39.9456787109375,1.0,constv,1,0,0
P10,sym,G4SIBA1,SIBA Grupo 1,WXSI1K,9.899999618530273,4.7947893142700195,1.0,constv,2,0,0
P10,sym,G4SIBA2,SIBA Grupo 2,WXSI2K,16.700000762939453,8.08818244934082,1.0,constv,2,0,0
P10,sym,G4SIBA3,SIBA Grupo 3,WXSI3K,1.000000013351432e-10,0.0,1.0,constv,2,1,0
P10,sym,G4SIBA4,SIBA Grupo 4,WXSI4K,16.700000762939453,8.08818244934082,1.0,constv,2,0,0
P10,sym,G4SIBA6,SIBA Grupo 6,WXSI6K,25.0,12.108054161071777,1.0,constv,2,0,0
P10,sym,G4SIBA5,SIBA Grupo 5,WXSI5K,16.700000762939453,8.08818244934082,1.0,constv,2,0,0
P10,sym,G3PINAL2,Pinalito 2,WPIN2K,1.000000013351432e-10,6.00007751816456e-11,1.0490000247955322,constv,1,1,0
P10,sym,G3PINAL1,Pinalito 1,WPIN1K,1.000000013351432e-10,5.933650792933065e-11,1.0490000247955322,constv,1,1,0
P10,sym,G3RBLAN2,Río Blanco 2,WRBLCK,11.5,6.900088310241699,1.0299999713897705,constv,1,0,0
P10,sym,G3RBLAN1,Río Blanco 1,WRBLAK,1.000000013351432e-10,5.933650792933065e-11,1.0490000247955322,constv,1,1,0
P10,sym,G3RINCON,Rincón,WRINCK,1.000000013351432e-10,6.00007751816456e-11,1.0,constv,1,1,0
P10,sym,G3RJCRUZ,Rosa Julia De La Cruz,WRJCRK,1.000000013351432e-10,3.2868412852549156e-11,1.0,constq,1,1,0
P10,sym,G3ESALTO,El Salto,WESALK,1.000000013351432e-10,4.843220963168804e-11,1.0,constq,1,1,0
P10,sym,G4LVEGA1,La Vega Grupo 1,,1.000000013351432e-10,0.0,1.0,constq,3,1,0
P10,sym,G4LVEGA2,La Vega Grupo 2,,1.000000013351432e-10,0.0,1.0,constv,2,1,0
P10,sym,G3AVARG1,Aniana Vargas 1,WAVA1K,1.000000013351432e-10,3.2868412852549156e-11,1.0,constq,1,1,0
P10,sym,G3AVARG2,Aniana Vargas 2,WAVA1K,0.10000000149011612,0.0328684076666832,1.0,constq,1,0,0
P10,sym,G3JIMENO,Jimenoa,WJIMEK,5.300000190734863,0.0,1.0,constv,1,0,0
P10,sym,G3HATILL,Hatillo 1,WHATIK,7.099999904632568,4.53994083404541,1.0,constq,1,0,0
P10,sym,G3HATIL2,Hatillo 2,,1.000000013351432e-10,6.00007751816456e-11,1.0,constq,1,1,0
P10,sym,G3BDEREC,Brazo Derecho,WBDERK,1.000000013351432e-10,4.843220963168804e-11,1.0,constv,1,1,0
P10,genstat,G3MPSOLA,Monte Plata Solar,,31.229999542236328,0.0,1.0,constq,1,0,0
P10,genstat,G7EMAR31,SA 1 EDM3,WEM31K,1.000000013351432e-10,0.0,1.0,constq,1,1,0
P10,genstat,G7EMAR32,SA 2 EDM3,WEM32K,1.000000013351432e-10,0.0,1.0,constq,1,1,0
P10,genstat,G3PFMPAL,Mata de Palma Solar,WMPALK,1.2080999612808228,0.0,1.0,constq,21,0,0
P10,genstat,G3PFMART,PF Martí,WMARTK,2.487499952316284,0.0,1.0,constq,8,0,0
P10,genstat,G3PFMARA,PF Maranatha,WMARAK,2.194999933242798,0.0,1.0,constq,2,0,0
P10,genstat,G4PFCUM4,PF Cumayasa 4,WXCU4K,4.168749809265137,0.0,1.0,constq,8,0,0
P10,genstat,G3PFCUM2,PF Cumayasa 2,WXCU2K,4.869999885559082,0.0,1.0,constq,5,0,0
P10,genstat,G3PFCUM1,PF Cumayasa 1,WXCU1K,4.546669960021973,0.0,1.0,constq,9,0,0
P10,genstat,G3ESOCO,El Soco,WXESOK,3.2481799125671387,0.0,1.0,constq,11,0,0
P10,genstat,G3PFCOT1,PF Cotoperí 1,WCSO1K,3.0537500381469727,0.0,1.0,constq,8,0,0
P10,genstat,G3PFCOT2,PF Cotoperí 2,WCSO2K,2.921250104904175,0.0,1.0,constq,8,0,0
P10,genstat,G3PFCOT3,PF Cotoperí 3,WCSO3K,3.0174999237060547,0.0,1.0,constq,8,0,0
P10,genstat,G4PFCOA2,PF Coastal G2,WCOA2K,5.168330192565918,0.0,1.0,constq,6,0,0
P10,genstat,G4PFCOA1,PF Coastal G1,WCOA1K,4.429999828338623,0.0,1.0,constq,7,0,0
P10,genstat,G3PFSAJO,Parque Fotovoltaico SAJOMA,WXPFSK,4.673329830169678,0.0,1.0,constq,9,0,0
P10,genstat,G4PFMSO2,Monte Cristi Solar Grupo 2,,1.2163699865341187,0.0,1.0,constq,12,0,0
P10,genstat,G4PFMSO1,Monte Cristi Solar Grupo 1,,1.224869966506958,0.0,1.0,constq,11,0,0
P10,genstat,G3PEACLA,Agua Clara,WACLAK,0.2184000015258789,0.0,1.0,constq,25,0,0
P10,genstat,G3PEGUAN,Guanillo,WGNLLK,0.41920000314712524,0.0,1.0,constq,25,0,0
P10,genstat,G3PELGUZ,Los Guzmancito,WLGUZK,0.01706000044941902,0.0,1.0,constq,17,0,0
P10,genstat,G3PELGU2,Los Guzmancito 2,WLGU2K,0.025380000472068787,0.0,1.0,constq,13,0,0
P10,genstat,G3PFMATR,Parque Fotovoltaico MATRISOL,WXMATK,2.2563600540161133,0.0,1.0,constq,11,0,0
P10,genstat,G3PSESPE,PS Esperanza,WXPS1K,3.5961101055145264,0.0,1.0,constq,18,0,0
P10,genstat,,SBX_20260708_161425_e01931_PV,,0.0,0.0,1.0,constq,1,1,0
P10,genstat,,BESS,,2.5,0.0,1.0,constq,1,0,0
P10,genstat,G3SCANOA,Solar Canoa,WSCANK,2.0274999141693115,0.0,1.0,constq,8,0,0
P10,genstat,G3PFLUCI,PF Lucila,WXLUCK,2.384999990463257,0.0,1.0,constq,2,0,0
P10,genstat,G3LCOCO2,Los Cocos 2,,0.05768999829888344,3.7975775302179215e-11,1.0,constq,26,0,0
P10,genstat,G3QCABRE,Quilvio Cabrera,,0.1420000046491623,5.007656442290731e-11,1.0,constq,5,0,0
P10,genstat,G3JCOCO1,Juancho Los Cocos 1,,0.0361500009894371,7.080901143208251e-11,1.0,constq,26,0,0
P10,genstat,G3PELARI,Larimar,,0.35267001390457153,3.7975775302179215e-11,1.0,constq,15,0,0
P10,genstat,G3PELAR2,Larimar 2,,0.24714000523090363,3.7975775302179215e-11,1.0,constq,14,0,0
P10,genstat,G3PFLNEG,Parque Fotovoltaico Los Negros,WMRI2K,3.7566699981689453,0.0,1.0,constq,3,0,0
P10,genstat,G3PFBAYA,Bayasol,WBAYAK,1.85385000705719,0.0,1.0,constq,13,0,0
P10,genstat,G4PSGIR1,Girasol Grupo 1,,2.077620029449463,0.0,1.0,constq,12,0,0
P10,genstat,G4PSGIR2,Girasol Grupo 2,,2.065540075302124,0.0,1.0,constq,16,0,0
P10,genstat,G3SANTAS,Santanasol,WSANTK,1.911329984664917,0.0,1.0,constq,15,0,0
P10,genstat,G3PFCALA,PF Calabaza 1,WXCA1K,1.4605900049209595,0.0,1.0,constq,17,0,0
P10,genstat,G3PEMAT2,PE Matafongo 2,WMTFNK,0.00839999970048666,0.0,1.0,constq,3,0,0
P10,genstat,G3PEMATA,PE Matafongo,WMTFNK,0.003220000071451068,0.0,1.0,constq,17,0,0
P10,genstat,G3PFPER1,PF Peravia I,WPES1K,3.160830020904541,0.0,1.0,constq,12,0,0
P10,genstat,G3PFPER2,PF Peravia II,WPES2K,3.1366701126098633,0.0,1.0,constq,12,0,0
P10,genstat,G6PEMINA,SA PE Los Mina,WXSALMK,1.000000013351432e-10,0.0,1.0,constq,1,0,0
P10,genstat,G6AANDRE,Sistema Almacenamiento AES Andrés,WXBAAK,1.000000013351432e-10,0.0,1.0,constq,1,0,0
P10,genstat,G3PFWCA2,PF Washington Capital 2,WXWC2K,3.3787500858306885,0.0,1.0,constq,8,0,0
P10,genstat,G3PFWCA3,PF Washington Capital 3,WXWC3K,3.7225000858306885,0.0,1.0,constq,8,0,0
P10,genstat,G3PFVICT,PF La Victoria,WLVICK,2.921250104904175,0.0,1.0,constq,8,0,0
P10,genstat,G3PFMIRA,Mirasol,WMIRAK,3.0611801147460938,0.0,1.0,constq,17,0,0
P11,sym,G4PALAM3,Palamara Grupo 3,,1.000000013351432e-10,0.0,0.9900000095367432,constv,4,1,0
P11,sym,G4PALAM2,Palamara Grupo 2,,1.000000013351432e-10,0.0,1.0,constv,2,1,0
P11,sym,G4PALAM1,Palamara Grupo 1,,1.000000013351432e-10,0.0,0.9900000095367432,constv,4,1,0
P11,sym,G4IKM22,INCA km 22 Grupo 1,,1.000000013351432e-10,0.0,1.0,constq,2,1,0
P11,sym,G5IKM22,INCA km 22 Grupo 2,,1.000000013351432e-10,0.0,1.0,constq,1,1,0
P11,sym,G5EMA3G1,EDM3 TG1,WEM31K,32.00333023071289,0.0,0.9440000057220459,constv,1,0,0
P11,sym,G5EMA3G2,EDM3 TG2,WEM32K,32.00333023071289,0.0,0.9480000138282776,constv,1,0,0
P11,sym,G5EMAR3V,EDM3 TV,WEM33K,32.00333023071289,0.0,0.9459999799728394,constv,1,0,0
P11,sym,G4Q1SPED,Quisqueya 1 San Pedro,,13.537500381469727,0.0,1.0,constv,4,0,0
P11,sym,G4QUIS12,Quisqueya 1 Grupo 2,,17.076000213623047,0.0,1.0,constv,4,0,0
P11,sym,G4QUIS21,Quisqueya 2 Grupo 1,,17.076000213623047,0.0,1.0,constv,4,0,0
P11,sym,G4QUIS22,Quisqueya 2 Grupo 2,,17.076000213623047,0.0,1.0,constv,4,0,0
P11,sym,G4QUIS23,Quisqueya 2 Grupo 3,,0.828000009059906,0.0,1.0,constv,4,0,0
P11,sym,G5QUISQ2,Quisqueya 2 TV,,1.000000013351432e-10,0.0,1.0,constq,1,1,0
P11,sym,G4QUIS13,Quisqueya 1 Grupo 3,,17.076000213623047,0.0,1.0,constv,4,0,0
P11,sym,G5QUISQ1,Quisqueya 1 TV,,0.8920000195503235,0.0,1.0,constv,1,0,0
P11,sym,G3PCATA1,Punta Catalina 1,WPCA1K,339.989990234375,0.0,1.0,constq,1,0,1
P11,sym,G3PCATA2,Punta Catalina 2,WPCA2K,340.0,0.0,1.0,constq,1,0,0
P11,sym,G4SESTE3,Sultana del Este Grupo 3,WSES3K,1.000000013351432e-10,6.00007751816456e-11,1.0,constv,3,1,0
P11,sym,G4SESTE1,Sultana del Este Grupo 1,WSES1K,1.000000013351432e-10,0.0,1.0,constv,3,1,0
P11,sym,G4SESTE2,Sultana del Este Grupo 2,WSES2K,1.000000013351432e-10,0.0,1.0,constv,4,1,0
P11,sym,G3CESPM3,CESPM 3,WCES3K,76.55999755859375,0.0,1.0199999809265137,constv,1,0,0
P11,sym,G3CESPM2,CESPM 2,WCES2K,78.0,0.0,1.0199999809265137,constv,1,0,0
P11,sym,G3CESPM1,CESPM 1,WCES1K,76.3499984741211,0.0,1.0199999809265137,constv,1,0,0
P11,sym,G3ENE4TG,ENERGAS 4 TG,WXEN4K,10.0,0.0,1.0199999809265137,constv,1,0,0
P11,sym,G3ENE4TV,ENERGAS 4 TV,WXEV4K,1.000000013351432e-10,0.0,1.0199999809265137,constv,1,1,0
P11,sym,G3BERSAL,Bersal,,1.000000013351432e-10,0.0,1.0,constq,4,1,0
P11,sym,G4LOPPL1,Los Orígenes Power Plant Grupo 1,WLORIK,1.000000013351432e-10,0.0,1.0,constq,3,1,0
P11,sym,G4LOPPL2,Los Orígenes Power Plant Grupo 2,WLORIK,1.000000013351432e-10,0.0,1.0490000247955322,constv,2,1,0
P11,sym,G3SPBIOE,San Pedro Bio-Energy,,28.100000381469727,0.0,1.0,constq,1,0,0
P11,sym,G3CEMON2,Contra Embalse Monción 2,WCEMOK,0.75,0.36324170231819153,1.0,constq,1,0,0
P11,sym,G3CEMON1,Contra Embalse Monción 1,WCEMOK,1.000000013351432e-10,4.843220963168804e-11,1.0,constq,1,1,0
P11,sym,G3MONCI2,Monción 2,WMONCK,1.000000013351432e-10,0.0,1.0,constv,1,1,0
P11,sym,G3MONCI1,Monción 1,WMONCK,1.000000013351432e-10,0.0,1.0,constq,1,1,0
P11,sym,G3PIMEN3,Pimentel 3,WPIM3K,1.000000013351432e-10,0.0,1.0,constq,3,1,0
P11,sym,G3PIMEN2,Pimentel 2,,1.000000013351432e-10,0.0,1.0,constv,4,1,0
P11,sym,G3PIMEN1,Pimentel 1,,1.000000013351432e-10,0.0,1.0,constv,4,1,0
P11,sym,G3LANGOS,López Angostura,WLANGK,4.0,0.0,1.0,constv,1,0,0
P11,sym,G3BAIGU2,Baiguaque 2,WBAI1K,1.000000013351432e-10,3.2868412852549156e-11,1.0,constq,1,1,0
P11,sym,G3BAIGU1,Baiguaque 1,WBAI1K,0.10000000149011612,0.04843222349882126,1.0,constq,1,0,0
P11,sym,G3TAVER2,Tavera 2,WTAV2K,1.000000013351432e-10,0.0,1.0,constq,1,1,0
P11,sym,G3TAVER1,Tavera 1,WTAV1K,1.000000013351432e-10,0.0,1.0,constv,1,1,0
P11,sym,G3SFELIG,San Felipe TG,,1.000000013351432e-10,0.0,1.0,constv,1,1,0
P11,sym,G3SFV,San Felipe Vapor,WSFEVK,1.000000013351432e-10,0.0,1.0,constv,1,1,0
P11,sym,G3PIMEN4,Pimentel 4,WXPI4K,12.085000038146973,0.0,1.0,constv,2,0,0
P11,sym,G3LTORO1,Los Toros 1,WLTO1K,1.000000013351432e-10,6.00007751816456e-11,1.0,constq,1,1,0
P11,sym,G3LTORO2,Los Toros 2,WLTO1K,1.000000013351432e-10,3.2868412852549156e-11,1.0,constq,1,1,0
P11,sym,G3NNAJAY,Nizao Najayo,WXNNAK,1.000000013351432e-10,4.843220963168804e-11,1.0,constq,1,1,0
P11,sym,G3LANONE,Los Anones,WXLANK,1.000000013351432e-10,4.843220963168804e-11,1.0,constq,1,1,0
P11,sym,G3SYEGUA,Sabana Yegua,WSYEGK,1.000000013351432e-10,0.0,1.0,constv,1,1,0
P11,sym,G3SABANE,Sabaneta,WSABAK,1.000000013351432e-10,0.0,1.0,constv,1,1,0
P11,sym,G3MAGUE2,Magueyal 2,WMAGUK,1.000000013351432e-10,4.843220963168804e-11,1.0,constq,1,1,0
P11,sym,G3MAGUE1,Magueyal 1,WMAGUK,1.000000013351432e-10,4.843220963168804e-11,1.0,constq,1,1,0
P11,sym,G3LDAMAS,Las Damas,,0.6499999761581421,0.3148093819618225,1.0,constv,1,0,0
P11,sym,G3DRODR2,Domingo Rodríguez 2,WDRODL,1.000000013351432e-10,3.2868412852549156e-11,1.0,constq,1,1,0
P11,sym,G3DRODR1,Domingo Rodríguez 1,WDRODL,1.000000013351432e-10,3.2868412852549156e-11,1.0,constq,1,1,0
P11,sym,G3HTG,Haina TG,WHAIGK,1.000000013351432e-10,0.0,1.0,constq,1,1,0
P11,sym,G3VALDE2,Valdesia 2,WVAL2K,1.000000013351432e-10,0.0,1.0,constq,1,1,0
P11,sym,G3VALDE1,Valdesia 1,WVAL1K,1.000000013351432e-10,0.0,1.0,constv,1,1,0
P11,sym,G3LBARIA,Las Barías,WLBARK,1.000000013351432e-10,4.843220963168804e-11,1.0,constq,1,1,0
P11,sym,G3BCARBO,Barahona Carbón,WBCARK,29.0,0.0,1.0,constv,1,0,0
P11,sym,G3JIGUE2,Jigüey 2,WJIG2K,1.000000013351432e-10,0.0,1.0,constv,1,1,0
P11,sym,G3JIGUE1,Jigüey 1,WJIG1K,1.000000013351432e-10,0.0,1.0,constv,1,1,0
P11,sym,G3AGUAC2,Aguacate 2,WAGU2K,1.000000013351432e-10,0.0,1.0,constq,1,1,0
P11,sym,G3AGUAC1,Aguacate 1,WAGU1K,1.000000013351432e-10,0.0,1.0,constq,1,1,0
P11,sym,G4MRIO3,Monte Río Grupo 2,WMRI3K,1.000000013351432e-10,0.0,1.0199999809265137,constv,7,1,0
P11,sym,G4MRIO1,Monte Río Grupo 1,WMRI1K,1.000000013351432e-10,0.0,1.0199999809265137,constv,6,1,0
P11,sym,G3ITABO2,Itabo 2,WITA2K,1.000000013351432e-10,0.0,1.0,constv,1,1,0
P11,sym,G3ITABO1,Itabo 1,WITA1K,94.0,0.0,1.0,constv,1,0,0
P11,sym,G3SLORE1,San Lorenzo 1,,1.000000013351432e-10,0.0,1.0,constv,1,1,0
P11,sym,G3PALOM2,Palomino 2,WPLM1K,1.000000013351432e-10,0.0,1.0199999809265137,constv,1,1,0
P11,sym,G3PALOM1,Palomino 1,WPLM2K,1.000000013351432e-10,0.0,1.0199999809265137,constv,1,1,0
P11,sym,G4PAK262,POWERSHIP AZUA KPS26 2,WXPA2K,1.000000013351432e-10,4.843220963168804e-11,1.0,constv,3,1,0
P11,sym,G4PAK261,POWERSHIP AZUA KPS26 1,WXPA1K,1.000000013351432e-10,4.843220963168804e-11,1.0,constv,3,1,0
P11,sym,G4PAK601,POWERSHIP AZUA KPS60,WXPA3K,1.000000013351432e-10,4.843220963168804e-11,1.0,constv,4,1,0
P11,sym,G5PAK6TV,POWERSHIP AZUA TV,WXPA3K,1.000000013351432e-10,4.843220963168804e-11,1.0,constv,1,1,0
P11,sym,G3PALENQ,Palenque,WPAQ2K,1.000000013351432e-10,0.0,1.0,constq,4,1,0
P11,sym,G4PAK561,POWERSHIP AZUA KPS56,WXPA4K,1.000000013351432e-10,4.843220963168804e-11,1.0,constv,8,1,0
P11,sym,G3LMINA6,Los Mina 6,WLMI6K,76.53424835205078,0.0,1.0,constv,1,0,0
P11,sym,G5AANDRV,AES Andrés TV,WAANVK,69.19000244140625,0.0,1.0,constv,1,0,0
P11,sym,G5AANDRG,AES Andrés TG,WAANGK,134.30999755859375,0.0,1.0,constv,1,0,0
P11,sym,G3METALD,METALDOM,WMETAK,1.000000013351432e-10,0.0,0.9900000095367432,constv,4,1,0
P11,sym,G3LMINA5,Los Mina 5,WLMI5K,76.53424835205078,0.0,1.0,constv,1,0,0
P11,sym,G4EMAR21,EDM2 Grupo 1,,17.256669998168945,0.0,1.0,constq,3,0,0
P11,sym,G4EMAR22,EDM2 Grupo 2,,1.000000013351432e-10,0.0,1.0,constq,3,1,0
P11,sym,G4EMAR23,EDM2 TV,,1.000000013351432e-10,0.0,1.0,constq,1,1,0
P11,sym,G3LMINA7,Los Mina 7,WLMI7K,82.42150115966797,39.918556213378906,1.0,constv,1,0,0
P11,sym,G4SIBA1,SIBA Grupo 1,WXSI1K,9.899999618530273,4.7947893142700195,1.0,constv,2,0,0
P11,sym,G4SIBA2,SIBA Grupo 2,WXSI2K,16.700000762939453,8.08818244934082,1.0,constv,2,0,0
P11,sym,G4SIBA3,SIBA Grupo 3,WXSI3K,1.000000013351432e-10,0.0,1.0,constv,2,1,0
P11,sym,G4SIBA4,SIBA Grupo 4,WXSI4K,16.700000762939453,8.08818244934082,1.0,constv,2,0,0
P11,sym,G4SIBA6,SIBA Grupo 6,WXSI6K,25.0,12.108054161071777,1.0,constv,2,0,0
P11,sym,G4SIBA5,SIBA Grupo 5,WXSI5K,16.700000762939453,8.08818244934082,1.0,constv,2,0,0
P11,sym,G3PINAL2,Pinalito 2,WPIN2K,1.000000013351432e-10,6.00007751816456e-11,1.0490000247955322,constv,1,1,0
P11,sym,G3PINAL1,Pinalito 1,WPIN1K,1.000000013351432e-10,5.933650792933065e-11,1.0490000247955322,constv,1,1,0
P11,sym,G3RBLAN2,Río Blanco 2,WRBLCK,9.5,5.700072765350342,1.0490000247955322,constv,1,0,0
P11,sym,G3RBLAN1,Río Blanco 1,WRBLAK,1.000000013351432e-10,5.933650792933065e-11,1.0490000247955322,constv,1,1,0
P11,sym,G3RINCON,Rincón,WRINCK,1.000000013351432e-10,6.00007751816456e-11,1.0,constv,1,1,0
P11,sym,G3RJCRUZ,Rosa Julia De La Cruz,WRJCRK,1.000000013351432e-10,3.2868412852549156e-11,1.0,constq,1,1,0
P11,sym,G3ESALTO,El Salto,WESALK,1.000000013351432e-10,4.843220963168804e-11,1.0,constq,1,1,0
P11,sym,G4LVEGA1,La Vega Grupo 1,,1.000000013351432e-10,0.0,1.0,constq,3,1,0
P11,sym,G4LVEGA2,La Vega Grupo 2,,1.000000013351432e-10,0.0,1.0,constv,2,1,0
P11,sym,G3AVARG1,Aniana Vargas 1,WAVA1K,1.000000013351432e-10,3.2868412852549156e-11,1.0,constq,1,1,0
P11,sym,G3AVARG2,Aniana Vargas 2,WAVA1K,0.10000000149011612,0.0328684076666832,1.0,constq,1,0,0
P11,sym,G3JIMENO,Jimenoa,WJIMEK,4.760000228881836,0.0,1.0,constv,1,0,0
P11,sym,G3HATILL,Hatillo 1,WHATIK,4.900000095367432,3.2610552310943604,1.0,constq,1,0,0
P11,sym,G3HATIL2,Hatillo 2,,1.000000013351432e-10,6.00007751816456e-11,1.0,constq,1,1,0
P11,sym,G3BDEREC,Brazo Derecho,WBDERK,1.000000013351432e-10,4.843220963168804e-11,1.0,constv,1,1,0
P11,genstat,G3MPSOLA,Monte Plata Solar,,34.31999969482422,0.0,1.0,constq,1,0,0
P11,genstat,G7EMAR31,SA 1 EDM3,WEM31K,1.000000013351432e-10,0.0,1.0,constq,1,1,0
P11,genstat,G7EMAR32,SA 2 EDM3,WEM32K,1.000000013351432e-10,0.0,1.0,constq,1,1,0
P11,genstat,G3PFMPAL,Mata de Palma Solar,WMPALK,1.3861900568008423,0.0,1.0,constq,21,0,0
P11,genstat,G3PFMART,PF Martí,WMARTK,3.0112500190734863,0.0,1.0,constq,8,0,0
P11,genstat,G3PFMARA,PF Maranatha,WMARAK,2.240000009536743,0.0,1.0,constq,2,0,0
P11,genstat,G4PFCUM4,PF Cumayasa 4,WXCU4K,4.328750133514404,0.0,1.0,constq,8,0,0
P11,genstat,G3PFCUM2,PF Cumayasa 2,WXCU2K,4.874000072479248,0.0,1.0,constq,5,0,0
P11,genstat,G3PFCUM1,PF Cumayasa 1,WXCU1K,4.504439830780029,0.0,1.0,constq,9,0,0
P11,genstat,G3ESOCO,El Soco,WXESOK,3.521820068359375,0.0,1.0,constq,11,0,0
P11,genstat,G3PFCOT1,PF Cotoperí 1,WCSO1K,3.356250047683716,0.0,1.0,constq,8,0,0
P11,genstat,G3PFCOT2,PF Cotoperí 2,WCSO2K,3.148750066757202,0.0,1.0,constq,8,0,0
P11,genstat,G3PFCOT3,PF Cotoperí 3,WCSO3K,3.2774999141693115,0.0,1.0,constq,8,0,0
P11,genstat,G4PFCOA2,PF Coastal G2,WCOA2K,6.272500038146973,0.0,1.0,constq,6,0,0
P11,genstat,G4PFCOA1,PF Coastal G1,WCOA1K,5.376430034637451,0.0,1.0,constq,7,0,0
P11,genstat,G3PFSAJO,Parque Fotovoltaico SAJOMA,WXPFSK,5.615560054779053,0.0,1.0,constq,9,0,0
P11,genstat,G4PFMSO2,Monte Cristi Solar Grupo 2,,1.4637999534606934,0.0,1.0,constq,12,0,0
P11,genstat,G4PFMSO1,Monte Cristi Solar Grupo 1,,1.4740400314331055,0.0,1.0,constq,11,0,0
P11,genstat,G3PEACLA,Agua Clara,WACLAK,0.06560000032186508,0.0,1.0,constq,25,0,0
P11,genstat,G3PEGUAN,Guanillo,WGNLLK,0.12800000607967377,0.0,1.0,constq,25,0,0
P11,genstat,G3PELGUZ,Los Guzmancito,WLGUZK,0.011180000379681587,0.0,1.0,constq,17,0,0
P11,genstat,G3PELGU2,Los Guzmancito 2,WLGU2K,0.005379999987781048,0.0,1.0,constq,13,0,0
P11,genstat,G3PFMATR,Parque Fotovoltaico MATRISOL,WXMATK,2.5809099674224854,0.0,1.0,constq,11,0,0
P11,genstat,G3PSESPE,PS Esperanza,WXPS1K,3.5544400215148926,0.0,1.0,constq,18,0,0
P11,genstat,,SBX_20260708_161425_e01931_PV,,0.0,0.0,1.0,constq,1,1,0
P11,genstat,,BESS,,2.5,0.0,1.0,constq,1,0,0
P11,genstat,G3SCANOA,Solar Canoa,WSCANK,2.4312500953674316,0.0,1.0,constq,8,0,0
P11,genstat,G3PFLUCI,PF Lucila,WXLUCK,2.880000114440918,0.0,1.0,constq,2,0,0
P11,genstat,G3LCOCO2,Los Cocos 2,,0.06577000021934509,3.7975775302179215e-11,1.0,constq,26,0,0
P11,genstat,G3QCABRE,Quilvio Cabrera,,0.15199999511241913,5.007656442290731e-11,1.0,constq,5,0,0
P11,genstat,G3JCOCO1,Juancho Los Cocos 1,,0.04230999946594238,7.080901143208251e-11,1.0,constq,26,0,0
P11,genstat,G3PELARI,Larimar,,0.39399999380111694,3.7975775302179215e-11,1.0,constq,15,0,0
P11,genstat,G3PELAR2,Larimar 2,,0.257860004901886,3.7975775302179215e-11,1.0,constq,14,0,0
P11,genstat,G3PFLNEG,Parque Fotovoltaico Los Negros,WMRI2K,4.583330154418945,0.0,1.0,constq,3,0,0
P11,genstat,G3PFBAYA,Bayasol,WBAYAK,1.7853800058364868,0.0,1.0,constq,13,0,0
P11,genstat,G4PSGIR1,Girasol Grupo 1,,2.026020050048828,0.0,1.0,constq,12,0,0
P11,genstat,G4PSGIR2,Girasol Grupo 2,,2.014240026473999,0.0,1.0,constq,16,0,0
P11,genstat,G3SANTAS,Santanasol,WSANTK,2.223330020904541,0.0,1.0,constq,15,0,0
P11,genstat,G3PFCALA,PF Calabaza 1,WXCA1K,1.324120044708252,0.0,1.0,constq,17,0,0
P11,genstat,G3PEMAT2,PE Matafongo 2,WMTFNK,0.06194999814033508,0.0,1.0,constq,3,0,0
P11,genstat,G3PEMATA,PE Matafongo,WMTFNK,0.023770000785589218,0.0,1.0,constq,17,0,0
P11,genstat,G3PFPER1,PF Peravia I,WPES1K,3.173330068588257,0.0,1.0,constq,12,0,0
P11,genstat,G3PFPER2,PF Peravia II,WPES2K,3.023329973220825,0.0,1.0,constq,12,0,0
P11,genstat,G6PEMINA,SA PE Los Mina,WXSALMK,1.000000013351432e-10,0.0,1.0,constq,1,0,0
P11,genstat,G6AANDRE,Sistema Almacenamiento AES Andrés,WXBAAK,1.000000013351432e-10,0.0,1.0,constq,1,0,0
P11,genstat,G3PFWCA2,PF Washington Capital 2,WXWC2K,3.6387500762939453,0.0,1.0,constq,8,0,0
P11,genstat,G3PFWCA3,PF Washington Capital 3,WXWC3K,3.848750114440918,0.0,1.0,constq,8,0,0
P11,genstat,G3PFVICT,PF La Victoria,WLVICK,3.880000114440918,0.0,1.0,constq,8,0,0
P11,genstat,G3PFMIRA,Mirasol,WMIRAK,3.543529987335205,0.0,1.0,constq,17,0,0
P12,sym,G4PALAM3,Palamara Grupo 3,,1.000000013351432e-10,0.0,0.9900000095367432,constv,4,1,0
P12,sym,G4PALAM2,Palamara Grupo 2,,1.000000013351432e-10,0.0,1.0,constv,2,1,0
P12,sym,G4PALAM1,Palamara Grupo 1,,1.000000013351432e-10,0.0,0.9900000095367432,constv,4,1,0
P12,sym,G4IKM22,INCA km 22 Grupo 1,,1.000000013351432e-10,0.0,1.0,constq,2,1,0
P12,sym,G5IKM22,INCA km 22 Grupo 2,,1.000000013351432e-10,0.0,1.0,constq,1,1,0
P12,sym,G5EMA3G1,EDM3 TG1,WEM31K,32.00333023071289,0.0,0.9459999799728394,constv,1,0,0
P12,sym,G5EMA3G2,EDM3 TG2,WEM32K,32.00333023071289,0.0,1.0,constv,1,0,0
P12,sym,G5EMAR3V,EDM3 TV,WEM33K,32.00333023071289,0.0,0.9459999799728394,constv,1,0,0
P12,sym,G4Q1SPED,Quisqueya 1 San Pedro,,13.537500381469727,0.0,1.0,constv,4,0,0
P12,sym,G4QUIS12,Quisqueya 1 Grupo 2,,17.076000213623047,0.0,1.0,constv,4,0,0
P12,sym,G4QUIS21,Quisqueya 2 Grupo 1,,17.076000213623047,0.0,1.0,constv,4,0,0
P12,sym,G4QUIS22,Quisqueya 2 Grupo 2,,17.076000213623047,0.0,1.0,constv,4,0,0
P12,sym,G4QUIS23,Quisqueya 2 Grupo 3,,2.190500020980835,0.0,1.0,constv,4,0,0
P12,sym,G5QUISQ2,Quisqueya 2 TV,,1.000000013351432e-10,0.0,1.0,constq,1,1,0
P12,sym,G4QUIS13,Quisqueya 1 Grupo 3,,17.076000213623047,0.0,1.0,constv,4,0,0
P12,sym,G5QUISQ1,Quisqueya 1 TV,,0.8920000195503235,0.0,1.0,constv,1,0,0
P12,sym,G3PCATA1,Punta Catalina 1,WPCA1K,339.989990234375,0.0,1.0,constq,1,0,1
P12,sym,G3PCATA2,Punta Catalina 2,WPCA2K,340.0,0.0,1.0,constq,1,0,0
P12,sym,G4SESTE3,Sultana del Este Grupo 3,WSES3K,1.000000013351432e-10,6.00007751816456e-11,1.0,constv,3,1,0
P12,sym,G4SESTE1,Sultana del Este Grupo 1,WSES1K,1.000000013351432e-10,0.0,1.0,constv,3,1,0
P12,sym,G4SESTE2,Sultana del Este Grupo 2,WSES2K,1.000000013351432e-10,0.0,1.0,constv,4,1,0
P12,sym,G3CESPM3,CESPM 3,WCES3K,76.55999755859375,0.0,1.0199999809265137,constv,1,0,0
P12,sym,G3CESPM2,CESPM 2,WCES2K,78.0,0.0,1.0199999809265137,constv,1,0,0
P12,sym,G3CESPM1,CESPM 1,WCES1K,76.3499984741211,0.0,1.0199999809265137,constv,1,0,0
P12,sym,G3ENE4TG,ENERGAS 4 TG,WXEN4K,10.0,0.0,1.0199999809265137,constv,1,0,0
P12,sym,G3ENE4TV,ENERGAS 4 TV,WXEV4K,1.000000013351432e-10,0.0,1.0199999809265137,constv,1,1,0
P12,sym,G3BERSAL,Bersal,,1.000000013351432e-10,0.0,1.0,constq,4,1,0
P12,sym,G4LOPPL1,Los Orígenes Power Plant Grupo 1,WLORIK,1.000000013351432e-10,0.0,1.0,constq,3,1,0
P12,sym,G4LOPPL2,Los Orígenes Power Plant Grupo 2,WLORIK,1.000000013351432e-10,0.0,1.0490000247955322,constv,2,1,0
P12,sym,G3SPBIOE,San Pedro Bio-Energy,,25.31999969482422,0.0,1.0,constq,1,0,0
P12,sym,G3CEMON2,Contra Embalse Monción 2,WCEMOK,1.000000013351432e-10,4.843220963168804e-11,1.0,constq,1,1,0
P12,sym,G3CEMON1,Contra Embalse Monción 1,WCEMOK,0.75,0.36324170231819153,1.0,constq,1,0,0
P12,sym,G3MONCI2,Monción 2,WMONCK,1.000000013351432e-10,0.0,1.0,constv,1,1,0
P12,sym,G3MONCI1,Monción 1,WMONCK,1.000000013351432e-10,0.0,1.0,constq,1,1,0
P12,sym,G3PIMEN3,Pimentel 3,WPIM3K,1.000000013351432e-10,0.0,1.0,constq,3,1,0
P12,sym,G3PIMEN2,Pimentel 2,,1.000000013351432e-10,0.0,1.0,constv,4,1,0
P12,sym,G3PIMEN1,Pimentel 1,,1.000000013351432e-10,0.0,1.0,constv,4,1,0
P12,sym,G3LANGOS,López Angostura,WLANGK,4.0,0.0,1.0,constv,1,0,0
P12,sym,G3BAIGU2,Baiguaque 2,WBAI1K,1.000000013351432e-10,3.2868412852549156e-11,1.0,constq,1,1,0
P12,sym,G3BAIGU1,Baiguaque 1,WBAI1K,0.10000000149011612,0.04843222349882126,1.0,constq,1,0,0
P12,sym,G3TAVER2,Tavera 2,WTAV2K,1.000000013351432e-10,0.0,1.0,constq,1,1,0
P12,sym,G3TAVER1,Tavera 1,WTAV1K,1.000000013351432e-10,0.0,1.0,constv,1,1,0
P12,sym,G3SFELIG,San Felipe TG,,1.000000013351432e-10,0.0,1.0,constv,1,1,0
P12,sym,G3SFV,San Felipe Vapor,WSFEVK,1.000000013351432e-10,0.0,1.0,constv,1,1,0
P12,sym,G3PIMEN4,Pimentel 4,WXPI4K,12.085000038146973,0.0,1.0,constv,2,0,0
P12,sym,G3LTORO1,Los Toros 1,WLTO1K,1.000000013351432e-10,6.00007751816456e-11,1.0,constq,1,1,0
P12,sym,G3LTORO2,Los Toros 2,WLTO1K,1.000000013351432e-10,3.2868412852549156e-11,1.0,constq,1,1,0
P12,sym,G3NNAJAY,Nizao Najayo,WXNNAK,1.000000013351432e-10,4.843220963168804e-11,1.0,constq,1,1,0
P12,sym,G3LANONE,Los Anones,WXLANK,1.000000013351432e-10,4.843220963168804e-11,1.0,constq,1,1,0
P12,sym,G3SYEGUA,Sabana Yegua,WSYEGK,1.000000013351432e-10,0.0,1.0,constv,1,1,0
P12,sym,G3SABANE,Sabaneta,WSABAK,1.000000013351432e-10,0.0,1.0,constv,1,1,0
P12,sym,G3MAGUE2,Magueyal 2,WMAGUK,1.000000013351432e-10,4.843220963168804e-11,1.0,constq,1,1,0
P12,sym,G3MAGUE1,Magueyal 1,WMAGUK,1.000000013351432e-10,4.843220963168804e-11,1.0,constq,1,1,0
P12,sym,G3LDAMAS,Las Damas,,0.6499999761581421,0.3148093819618225,1.0,constv,1,0,0
P12,sym,G3DRODR2,Domingo Rodríguez 2,WDRODL,1.000000013351432e-10,3.2868412852549156e-11,1.0,constq,1,1,0
P12,sym,G3DRODR1,Domingo Rodríguez 1,WDRODL,1.000000013351432e-10,3.2868412852549156e-11,1.0,constq,1,1,0
P12,sym,G3HTG,Haina TG,WHAIGK,1.000000013351432e-10,0.0,1.0,constq,1,1,0
P12,sym,G3VALDE2,Valdesia 2,WVAL2K,1.000000013351432e-10,0.0,1.0,constq,1,1,0
P12,sym,G3VALDE1,Valdesia 1,WVAL1K,1.000000013351432e-10,0.0,1.0,constv,1,1,0
P12,sym,G3LBARIA,Las Barías,WLBARK,1.000000013351432e-10,4.843220963168804e-11,1.0,constq,1,1,0
P12,sym,G3BCARBO,Barahona Carbón,WBCARK,29.0,0.0,1.0,constv,1,0,0
P12,sym,G3JIGUE2,Jigüey 2,WJIG2K,1.000000013351432e-10,0.0,1.0,constv,1,1,0
P12,sym,G3JIGUE1,Jigüey 1,WJIG1K,1.000000013351432e-10,0.0,1.0,constv,1,1,0
P12,sym,G3AGUAC2,Aguacate 2,WAGU2K,1.000000013351432e-10,0.0,1.0,constq,1,1,0
P12,sym,G3AGUAC1,Aguacate 1,WAGU1K,1.000000013351432e-10,0.0,1.0,constq,1,1,0
P12,sym,G4MRIO3,Monte Río Grupo 2,WMRI3K,1.000000013351432e-10,0.0,1.0199999809265137,constv,7,1,0
P12,sym,G4MRIO1,Monte Río Grupo 1,WMRI1K,1.000000013351432e-10,0.0,1.0199999809265137,constv,6,1,0
P12,sym,G3ITABO2,Itabo 2,WITA2K,1.000000013351432e-10,0.0,1.0,constv,1,1,0
P12,sym,G3ITABO1,Itabo 1,WITA1K,94.0,0.0,1.0,constv,1,0,0
P12,sym,G3SLORE1,San Lorenzo 1,,1.000000013351432e-10,0.0,1.0,constv,1,1,0
P12,sym,G3PALOM2,Palomino 2,WPLM1K,1.000000013351432e-10,0.0,1.0199999809265137,constv,1,1,0
P12,sym,G3PALOM1,Palomino 1,WPLM2K,1.000000013351432e-10,0.0,1.0199999809265137,constv,1,1,0
P12,sym,G4PAK262,POWERSHIP AZUA KPS26 2,WXPA2K,1.000000013351432e-10,4.843220963168804e-11,1.0,constv,3,1,0
P12,sym,G4PAK261,POWERSHIP AZUA KPS26 1,WXPA1K,1.000000013351432e-10,4.843220963168804e-11,1.0,constv,3,1,0
P12,sym,G4PAK601,POWERSHIP AZUA KPS60,WXPA3K,1.000000013351432e-10,4.843220963168804e-11,1.0,constv,4,1,0
P12,sym,G5PAK6TV,POWERSHIP AZUA TV,WXPA3K,1.000000013351432e-10,4.843220963168804e-11,1.0,constv,1,1,0
P12,sym,G3PALENQ,Palenque,WPAQ2K,1.000000013351432e-10,0.0,1.0,constq,4,1,0
P12,sym,G4PAK561,POWERSHIP AZUA KPS56,WXPA4K,1.000000013351432e-10,4.843220963168804e-11,1.0,constv,8,1,0
P12,sym,G3LMINA6,Los Mina 6,WLMI6K,79.4625015258789,0.0,1.0,constv,1,0,0
P12,sym,G5AANDRV,AES Andrés TV,WAANVK,69.19000244140625,0.0,1.0,constv,1,0,0
P12,sym,G5AANDRG,AES Andrés TG,WAANGK,134.30999755859375,0.0,1.0,constv,1,0,0
P12,sym,G3METALD,METALDOM,WMETAK,1.000000013351432e-10,0.0,0.9900000095367432,constv,4,1,0
P12,sym,G3LMINA5,Los Mina 5,WLMI5K,79.4625015258789,0.0,1.0,constv,1,0,0
P12,sym,G4EMAR21,EDM2 Grupo 1,,18.14324951171875,0.0,1.0,constq,3,0,0
P12,sym,G4EMAR22,EDM2 Grupo 2,,0.24674999713897705,0.0,1.0,constq,3,0,0
P12,sym,G4EMAR23,EDM2 TV,,1.000000013351432e-10,0.0,1.0,constq,1,1,0
P12,sym,G3LMINA7,Los Mina 7,WLMI7K,85.57499694824219,41.44587707519531,1.0,constv,1,0,0
P12,sym,G4SIBA1,SIBA Grupo 1,WXSI1K,9.899999618530273,4.7947893142700195,1.0,constv,2,0,0
P12,sym,G4SIBA2,SIBA Grupo 2,WXSI2K,16.700000762939453,8.08818244934082,1.0,constv,2,0,0
P12,sym,G4SIBA3,SIBA Grupo 3,WXSI3K,1.000000013351432e-10,0.0,1.0,constv,2,1,0
P12,sym,G4SIBA4,SIBA Grupo 4,WXSI4K,16.700000762939453,8.08818244934082,1.0,constv,2,0,0
P12,sym,G4SIBA6,SIBA Grupo 6,WXSI6K,25.0,12.108054161071777,1.0,constv,2,0,0
P12,sym,G4SIBA5,SIBA Grupo 5,WXSI5K,16.700000762939453,8.08818244934082,1.0,constv,2,0,0
P12,sym,G3PINAL2,Pinalito 2,WPIN2K,1.000000013351432e-10,6.00007751816456e-11,1.0490000247955322,constv,1,1,0
P12,sym,G3PINAL1,Pinalito 1,WPIN1K,1.000000013351432e-10,5.933650792933065e-11,1.0490000247955322,constv,1,1,0
P12,sym,G3RBLAN2,Río Blanco 2,WRBLCK,9.5,5.700072765350342,1.0490000247955322,constv,1,0,0
P12,sym,G3RBLAN1,Río Blanco 1,WRBLAK,1.000000013351432e-10,5.933650792933065e-11,1.0490000247955322,constv,1,1,0
P12,sym,G3RINCON,Rincón,WRINCK,1.000000013351432e-10,6.00007751816456e-11,1.0,constv,1,1,0
P12,sym,G3RJCRUZ,Rosa Julia De La Cruz,WRJCRK,1.000000013351432e-10,3.2868412852549156e-11,1.0,constq,1,1,0
P12,sym,G3ESALTO,El Salto,WESALK,1.000000013351432e-10,4.843220963168804e-11,1.0,constq,1,1,0
P12,sym,G4LVEGA1,La Vega Grupo 1,,1.000000013351432e-10,0.0,1.0,constq,3,1,0
P12,sym,G4LVEGA2,La Vega Grupo 2,,1.000000013351432e-10,0.0,1.0,constv,2,1,0
P12,sym,G3AVARG1,Aniana Vargas 1,WAVA1K,1.000000013351432e-10,3.2868412852549156e-11,1.0,constq,1,1,0
P12,sym,G3AVARG2,Aniana Vargas 2,WAVA1K,0.10000000149011612,0.0328684076666832,1.0,constq,1,0,0
P12,sym,G3JIMENO,Jimenoa,WJIMEK,4.760000228881836,0.0,1.0,constv,1,0,0
P12,sym,G3HATILL,Hatillo 1,WHATIK,4.900000095367432,3.133199453353882,1.0,constq,1,0,0
P12,sym,G3HATIL2,Hatillo 2,,1.000000013351432e-10,6.00007751816456e-11,1.0,constq,1,1,0
P12,sym,G3BDEREC,Brazo Derecho,WBDERK,1.000000013351432e-10,4.843220963168804e-11,1.0,constv,1,1,0
P12,genstat,G3MPSOLA,Monte Plata Solar,,36.54999923706055,0.0,1.0,constq,1,0,0
P12,genstat,G7EMAR31,SA 1 EDM3,WEM31K,1.000000013351432e-10,0.0,1.0,constq,1,1,0
P12,genstat,G7EMAR32,SA 2 EDM3,WEM32K,1.000000013351432e-10,0.0,1.0,constq,1,1,0
P12,genstat,G3PFMPAL,Mata de Palma Solar,WMPALK,1.4590500593185425,0.0,1.0,constq,21,0,0
P12,genstat,G3PFMART,PF Martí,WMARTK,3.0087499618530273,0.0,1.0,constq,8,0,0
P12,genstat,G3PFMARA,PF Maranatha,WMARAK,2.3550000190734863,0.0,1.0,constq,2,0,0
P12,genstat,G4PFCUM4,PF Cumayasa 4,WXCU4K,4.641250133514404,0.0,1.0,constq,8,0,0
P12,genstat,G3PFCUM2,PF Cumayasa 2,WXCU2K,4.501999855041504,0.0,1.0,constq,5,0,0
P12,genstat,G3PFCUM1,PF Cumayasa 1,WXCU1K,3.947779893875122,0.0,1.0,constq,9,0,0
P12,genstat,G3ESOCO,El Soco,WXESOK,3.5254499912261963,0.0,1.0,constq,11,0,0
P12,genstat,G3PFCOT1,PF Cotoperí 1,WCSO1K,3.1737499237060547,0.0,1.0,constq,8,0,0
P12,genstat,G3PFCOT2,PF Cotoperí 2,WCSO2K,2.9337499141693115,0.0,1.0,constq,8,0,0
P12,genstat,G3PFCOT3,PF Cotoperí 3,WCSO3K,3.043750047683716,0.0,1.0,constq,8,0,0
P12,genstat,G4PFCOA2,PF Coastal G2,WCOA2K,6.947500228881836,0.0,1.0,constq,6,0,0
P12,genstat,G4PFCOA1,PF Coastal G1,WCOA1K,5.954999923706055,0.0,1.0,constq,7,0,0
P12,genstat,G3PFSAJO,Parque Fotovoltaico SAJOMA,WXPFSK,5.585559844970703,0.0,1.0,constq,9,0,0
P12,genstat,G4PFMSO2,Monte Cristi Solar Grupo 2,,1.479830026626587,0.0,1.0,constq,12,0,0
P12,genstat,G4PFMSO1,Monte Cristi Solar Grupo 1,,1.4901800155639648,0.0,1.0,constq,11,0,0
P12,genstat,G3PEACLA,Agua Clara,WACLAK,0.015599999576807022,0.0,1.0,constq,25,0,0
P12,genstat,G3PEGUAN,Guanillo,WGNLLK,0.052799999713897705,0.0,1.0,constq,25,0,0
P12,genstat,G3PELGUZ,Los Guzmancito,WLGUZK,0.024709999561309814,0.0,1.0,constq,17,0,0
P12,genstat,G3PELGU2,Los Guzmancito 2,WLGU2K,0.02769000083208084,0.0,1.0,constq,13,0,0
P12,genstat,G3PFMATR,Parque Fotovoltaico MATRISOL,WXMATK,2.5136399269104004,0.0,1.0,constq,11,0,0
P12,genstat,G3PSESPE,PS Esperanza,WXPS1K,3.1716699600219727,0.0,1.0,constq,18,0,0
P12,genstat,,SBX_20260708_161425_e01931_PV,,0.0,0.0,1.0,constq,1,1,0
P12,genstat,,BESS,,2.5,0.0,1.0,constq,1,0,0
P12,genstat,G3SCANOA,Solar Canoa,WSCANK,2.375,0.0,1.0,constq,8,0,0
P12,genstat,G3PFLUCI,PF Lucila,WXLUCK,2.9000000953674316,0.0,1.0,constq,2,0,0
P12,genstat,G3LCOCO2,Los Cocos 2,,0.07000000029802322,3.7975775302179215e-11,1.0,constq,26,0,0
P12,genstat,G3QCABRE,Quilvio Cabrera,,0.15600000321865082,5.007656442290731e-11,1.0,constq,5,0,0
P12,genstat,G3JCOCO1,Juancho Los Cocos 1,,0.0415400005877018,7.080901143208251e-11,1.0,constq,26,0,0
P12,genstat,G3PELARI,Larimar,,0.41933000087738037,3.7975775302179215e-11,1.0,constq,15,0,0
P12,genstat,G3PELAR2,Larimar 2,,0.25429001450538635,3.7975775302179215e-11,1.0,constq,14,0,0
P12,genstat,G3PFLNEG,Parque Fotovoltaico Los Negros,WMRI2K,4.093329906463623,0.0,1.0,constq,3,0,0
P12,genstat,G3PFBAYA,Bayasol,WBAYAK,1.8584599494934082,0.0,1.0,constq,13,0,0
P12,genstat,G4PSGIR1,Girasol Grupo 1,,1.8934299945831299,0.0,1.0,constq,12,0,0
P12,genstat,G4PSGIR2,Girasol Grupo 2,,1.8824299573898315,0.0,1.0,constq,16,0,0
P12,genstat,G3SANTAS,Santanasol,WSANTK,2.1286699771881104,0.0,1.0,constq,15,0,0
P12,genstat,G3PFCALA,PF Calabaza 1,WXCA1K,1.5041199922561646,0.0,1.0,constq,17,0,0
P12,genstat,G3PEMAT2,PE Matafongo 2,WMTFNK,0.12600000202655792,0.0,1.0,constq,3,0,0
P12,genstat,G3PEMATA,PE Matafongo,WMTFNK,0.04834999889135361,0.0,1.0,constq,17,0,0
P12,genstat,G3PFPER1,PF Peravia I,WPES1K,3.533329963684082,0.0,1.0,constq,12,0,0
P12,genstat,G3PFPER2,PF Peravia II,WPES2K,3.47832989692688,0.0,1.0,constq,12,0,0
P12,genstat,G6PEMINA,SA PE Los Mina,WXSALMK,1.000000013351432e-10,0.0,1.0,constq,1,0,0
P12,genstat,G6AANDRE,Sistema Almacenamiento AES Andrés,WXBAAK,1.000000013351432e-10,0.0,1.0,constq,1,0,0
P12,genstat,G3PFWCA2,PF Washington Capital 2,WXWC2K,3.5137500762939453,0.0,1.0,constq,8,0,0
P12,genstat,G3PFWCA3,PF Washington Capital 3,WXWC3K,3.684999942779541,0.0,1.0,constq,8,0,0
P12,genstat,G3PFVICT,PF La Victoria,WLVICK,3.581249952316284,0.0,1.0,constq,8,0,0
P12,genstat,G3PFMIRA,Mirasol,WMIRAK,3.1664700508117676,0.0,1.0,constq,17,0,0
P13,sym,G4PALAM3,Palamara Grupo 3,,1.000000013351432e-10,0.0,0.9900000095367432,constv,4,1,0
P13,sym,G4PALAM2,Palamara Grupo 2,,1.000000013351432e-10,0.0,1.0,constv,2,1,0
P13,sym,G4PALAM1,Palamara Grupo 1,,1.000000013351432e-10,0.0,0.9900000095367432,constv,4,1,0
P13,sym,G4IKM22,INCA km 22 Grupo 1,,1.000000013351432e-10,0.0,1.0,constq,2,1,0
P13,sym,G5IKM22,INCA km 22 Grupo 2,,1.000000013351432e-10,0.0,1.0,constq,1,1,0
P13,sym,G5EMA3G1,EDM3 TG1,WEM31K,32.00333023071289,0.0,0.9419999718666077,constv,1,0,0
P13,sym,G5EMA3G2,EDM3 TG2,WEM32K,32.00333023071289,0.0,0.9480000138282776,constv,1,0,0
P13,sym,G5EMAR3V,EDM3 TV,WEM33K,32.00333023071289,0.0,0.9440000057220459,constv,1,0,0
P13,sym,G4Q1SPED,Quisqueya 1 San Pedro,,13.537500381469727,0.0,1.0,constv,4,0,0
P13,sym,G4QUIS12,Quisqueya 1 Grupo 2,,17.076000213623047,0.0,1.0,constv,4,0,0
P13,sym,G4QUIS21,Quisqueya 2 Grupo 1,,17.076000213623047,0.0,1.0,constv,4,0,0
P13,sym,G4QUIS22,Quisqueya 2 Grupo 2,,17.076000213623047,0.0,1.0,constv,4,0,0
P13,sym,G4QUIS23,Quisqueya 2 Grupo 3,,2.0455000400543213,0.0,1.0,constv,4,0,0
P13,sym,G5QUISQ2,Quisqueya 2 TV,,1.000000013351432e-10,0.0,1.0,constq,1,1,0
P13,sym,G4QUIS13,Quisqueya 1 Grupo 3,,17.076000213623047,0.0,1.0,constv,4,0,0
P13,sym,G5QUISQ1,Quisqueya 1 TV,,0.8920000195503235,0.0,1.0,constv,1,0,0
P13,sym,G3PCATA1,Punta Catalina 1,WPCA1K,339.989990234375,0.0,1.0,constq,1,0,1
P13,sym,G3PCATA2,Punta Catalina 2,WPCA2K,340.0,0.0,1.0,constq,1,0,0
P13,sym,G4SESTE3,Sultana del Este Grupo 3,WSES3K,1.000000013351432e-10,6.00007751816456e-11,1.0,constv,3,1,0
P13,sym,G4SESTE1,Sultana del Este Grupo 1,WSES1K,1.000000013351432e-10,0.0,1.0,constv,3,1,0
P13,sym,G4SESTE2,Sultana del Este Grupo 2,WSES2K,1.000000013351432e-10,0.0,1.0,constv,4,1,0
P13,sym,G3CESPM3,CESPM 3,WCES3K,76.55999755859375,0.0,1.0199999809265137,constv,1,0,0
P13,sym,G3CESPM2,CESPM 2,WCES2K,78.0,0.0,1.0199999809265137,constv,1,0,0
P13,sym,G3CESPM1,CESPM 1,WCES1K,76.3499984741211,0.0,1.0199999809265137,constv,1,0,0
P13,sym,G3ENE4TG,ENERGAS 4 TG,WXEN4K,10.0,0.0,1.0199999809265137,constv,1,0,0
P13,sym,G3ENE4TV,ENERGAS 4 TV,WXEV4K,1.000000013351432e-10,0.0,1.0199999809265137,constv,1,1,0
P13,sym,G3BERSAL,Bersal,,1.000000013351432e-10,0.0,1.0,constq,4,1,0
P13,sym,G4LOPPL1,Los Orígenes Power Plant Grupo 1,WLORIK,1.000000013351432e-10,0.0,1.0,constq,3,1,0
P13,sym,G4LOPPL2,Los Orígenes Power Plant Grupo 2,WLORIK,1.000000013351432e-10,0.0,1.0490000247955322,constv,2,1,0
P13,sym,G3SPBIOE,San Pedro Bio-Energy,,24.270000457763672,0.0,1.0,constq,1,0,0
P13,sym,G3CEMON2,Contra Embalse Monción 2,WCEMOK,1.000000013351432e-10,4.843220963168804e-11,1.0,constq,1,1,0
P13,sym,G3CEMON1,Contra Embalse Monción 1,WCEMOK,0.75,0.36324170231819153,1.0,constq,1,0,0
P13,sym,G3MONCI2,Monción 2,WMONCK,1.000000013351432e-10,0.0,1.0,constv,1,1,0
P13,sym,G3MONCI1,Monción 1,WMONCK,1.000000013351432e-10,0.0,1.0,constq,1,1,0
P13,sym,G3PIMEN3,Pimentel 3,WPIM3K,1.000000013351432e-10,0.0,1.0,constq,3,1,0
P13,sym,G3PIMEN2,Pimentel 2,,1.000000013351432e-10,0.0,1.0,constv,4,1,0
P13,sym,G3PIMEN1,Pimentel 1,,1.000000013351432e-10,0.0,1.0,constv,4,1,0
P13,sym,G3LANGOS,López Angostura,WLANGK,4.0,0.0,1.0,constv,1,0,0
P13,sym,G3BAIGU2,Baiguaque 2,WBAI1K,1.000000013351432e-10,3.2868412852549156e-11,1.0,constq,1,1,0
P13,sym,G3BAIGU1,Baiguaque 1,WBAI1K,0.10000000149011612,0.04843222349882126,1.0,constq,1,0,0
P13,sym,G3TAVER2,Tavera 2,WTAV2K,1.000000013351432e-10,0.0,1.0,constq,1,1,0
P13,sym,G3TAVER1,Tavera 1,WTAV1K,1.000000013351432e-10,0.0,1.0,constv,1,1,0
P13,sym,G3SFELIG,San Felipe TG,,1.000000013351432e-10,0.0,1.0,constv,1,1,0
P13,sym,G3SFV,San Felipe Vapor,WSFEVK,1.000000013351432e-10,0.0,1.0,constv,1,1,0
P13,sym,G3PIMEN4,Pimentel 4,WXPI4K,12.085000038146973,0.0,1.0,constv,2,0,0
P13,sym,G3LTORO1,Los Toros 1,WLTO1K,1.000000013351432e-10,6.00007751816456e-11,1.0,constq,1,1,0
P13,sym,G3LTORO2,Los Toros 2,WLTO1K,1.000000013351432e-10,3.2868412852549156e-11,1.0,constq,1,1,0
P13,sym,G3NNAJAY,Nizao Najayo,WXNNAK,1.000000013351432e-10,4.843220963168804e-11,1.0,constq,1,1,0
P13,sym,G3LANONE,Los Anones,WXLANK,1.000000013351432e-10,4.843220963168804e-11,1.0,constq,1,1,0
P13,sym,G3SYEGUA,Sabana Yegua,WSYEGK,1.000000013351432e-10,0.0,1.0,constv,1,1,0
P13,sym,G3SABANE,Sabaneta,WSABAK,1.000000013351432e-10,0.0,1.0,constv,1,1,0
P13,sym,G3MAGUE2,Magueyal 2,WMAGUK,1.000000013351432e-10,4.843220963168804e-11,1.0,constq,1,1,0
P13,sym,G3MAGUE1,Magueyal 1,WMAGUK,1.000000013351432e-10,4.843220963168804e-11,1.0,constq,1,1,0
P13,sym,G3LDAMAS,Las Damas,,0.6499999761581421,0.3148093819618225,1.0,constv,1,0,0
P13,sym,G3DRODR2,Domingo Rodríguez 2,WDRODL,1.000000013351432e-10,3.2868412852549156e-11,1.0,constq,1,1,0
P13,sym,G3DRODR1,Domingo Rodríguez 1,WDRODL,1.000000013351432e-10,3.2868412852549156e-11,1.0,constq,1,1,0
P13,sym,G3HTG,Haina TG,WHAIGK,1.000000013351432e-10,0.0,1.0,constq,1,1,0
P13,sym,G3VALDE2,Valdesia 2,WVAL2K,1.000000013351432e-10,0.0,1.0,constq,1,1,0
P13,sym,G3VALDE1,Valdesia 1,WVAL1K,1.000000013351432e-10,0.0,1.0,constv,1,1,0
P13,sym,G3LBARIA,Las Barías,WLBARK,1.000000013351432e-10,4.843220963168804e-11,1.0,constq,1,1,0
P13,sym,G3BCARBO,Barahona Carbón,WBCARK,29.0,0.0,1.0,constv,1,0,0
P13,sym,G3JIGUE2,Jigüey 2,WJIG2K,1.000000013351432e-10,0.0,1.0,constv,1,1,0
P13,sym,G3JIGUE1,Jigüey 1,WJIG1K,1.000000013351432e-10,0.0,1.0,constv,1,1,0
P13,sym,G3AGUAC2,Aguacate 2,WAGU2K,1.000000013351432e-10,0.0,1.0,constq,1,1,0
P13,sym,G3AGUAC1,Aguacate 1,WAGU1K,1.000000013351432e-10,0.0,1.0,constq,1,1,0
P13,sym,G4MRIO3,Monte Río Grupo 2,WMRI3K,1.000000013351432e-10,0.0,1.0199999809265137,constv,7,1,0
P13,sym,G4MRIO1,Monte Río Grupo 1,WMRI1K,1.000000013351432e-10,0.0,1.0199999809265137,constv,6,1,0
P13,sym,G3ITABO2,Itabo 2,WITA2K,1.000000013351432e-10,0.0,1.0,constv,1,1,0
P13,sym,G3ITABO1,Itabo 1,WITA1K,94.0,0.0,1.0,constv,1,0,0
P13,sym,G3SLORE1,San Lorenzo 1,,1.000000013351432e-10,0.0,1.0,constv,1,1,0
P13,sym,G3PALOM2,Palomino 2,WPLM1K,1.000000013351432e-10,0.0,1.0199999809265137,constv,1,1,0
P13,sym,G3PALOM1,Palomino 1,WPLM2K,1.000000013351432e-10,0.0,1.0199999809265137,constv,1,1,0
P13,sym,G4PAK262,POWERSHIP AZUA KPS26 2,WXPA2K,1.000000013351432e-10,4.843220963168804e-11,1.0,constv,3,1,0
P13,sym,G4PAK261,POWERSHIP AZUA KPS26 1,WXPA1K,1.000000013351432e-10,4.843220963168804e-11,1.0,constv,3,1,0
P13,sym,G4PAK601,POWERSHIP AZUA KPS60,WXPA3K,1.000000013351432e-10,4.843220963168804e-11,1.0,constv,4,1,0
P13,sym,G5PAK6TV,POWERSHIP AZUA TV,WXPA3K,1.000000013351432e-10,4.843220963168804e-11,1.0,constv,1,1,0
P13,sym,G3PALENQ,Palenque,WPAQ2K,1.000000013351432e-10,0.0,1.0,constq,4,1,0
P13,sym,G4PAK561,POWERSHIP AZUA KPS56,WXPA4K,1.000000013351432e-10,4.843220963168804e-11,1.0,constv,8,1,0
P13,sym,G3LMINA6,Los Mina 6,WLMI6K,79.4625015258789,0.0,1.0,constv,1,0,0
P13,sym,G5AANDRV,AES Andrés TV,WAANVK,69.19000244140625,0.0,1.0,constv,1,0,0
P13,sym,G5AANDRG,AES Andrés TG,WAANGK,134.30999755859375,0.0,1.0,constv,1,0,0
P13,sym,G3METALD,METALDOM,WMETAK,1.000000013351432e-10,0.0,0.9900000095367432,constv,4,1,0
P13,sym,G3LMINA5,Los Mina 5,WLMI5K,79.4625015258789,0.0,1.0,constv,1,0,0
P13,sym,G4EMAR21,EDM2 Grupo 1,,18.14324951171875,0.0,1.0,constq,3,0,0
P13,sym,G4EMAR22,EDM2 Grupo 2,,0.24674999713897705,0.0,1.0,constq,3,0,0
P13,sym,G4EMAR23,EDM2 TV,,1.000000013351432e-10,0.0,1.0,constq,1,1,0
P13,sym,G3LMINA7,Los Mina 7,WLMI7K,85.57499694824219,41.44587707519531,1.0,constv,1,0,0
P13,sym,G4SIBA1,SIBA Grupo 1,WXSI1K,9.899999618530273,4.7947893142700195,1.0,constv,2,0,0
P13,sym,G4SIBA2,SIBA Grupo 2,WXSI2K,16.700000762939453,8.08818244934082,1.0,constv,2,0,0
P13,sym,G4SIBA3,SIBA Grupo 3,WXSI3K,1.000000013351432e-10,0.0,1.0,constv,2,1,0
P13,sym,G4SIBA4,SIBA Grupo 4,WXSI4K,16.700000762939453,8.08818244934082,1.0,constv,2,0,0
P13,sym,G4SIBA6,SIBA Grupo 6,WXSI6K,25.0,12.108054161071777,1.0,constv,2,0,0
P13,sym,G4SIBA5,SIBA Grupo 5,WXSI5K,16.700000762939453,8.08818244934082,1.0,constv,2,0,0
P13,sym,G3PINAL2,Pinalito 2,WPIN2K,1.000000013351432e-10,6.00007751816456e-11,1.0490000247955322,constv,1,1,0
P13,sym,G3PINAL1,Pinalito 1,WPIN1K,1.000000013351432e-10,5.933650792933065e-11,1.0490000247955322,constv,1,1,0
P13,sym,G3RBLAN2,Río Blanco 2,WRBLCK,9.5,5.700072765350342,1.0490000247955322,constv,1,0,0
P13,sym,G3RBLAN1,Río Blanco 1,WRBLAK,1.000000013351432e-10,5.933650792933065e-11,1.0490000247955322,constv,1,1,0
P13,sym,G3RINCON,Rincón,WRINCK,1.000000013351432e-10,6.00007751816456e-11,1.0,constv,1,1,0
P13,sym,G3RJCRUZ,Rosa Julia De La Cruz,WRJCRK,1.000000013351432e-10,3.2868412852549156e-11,1.0,constq,1,1,0
P13,sym,G3ESALTO,El Salto,WESALK,1.000000013351432e-10,4.843220963168804e-11,1.0,constq,1,1,0
P13,sym,G4LVEGA1,La Vega Grupo 1,,1.000000013351432e-10,0.0,1.0,constq,3,1,0
P13,sym,G4LVEGA2,La Vega Grupo 2,,1.000000013351432e-10,0.0,1.0,constv,2,1,0
P13,sym,G3AVARG1,Aniana Vargas 1,WAVA1K,1.000000013351432e-10,3.2868412852549156e-11,1.0,constq,1,1,0
P13,sym,G3AVARG2,Aniana Vargas 2,WAVA1K,0.10000000149011612,0.0328684076666832,1.0,constq,1,0,0
P13,sym,G3JIMENO,Jimenoa,WJIMEK,4.760000228881836,0.0,1.0,constv,1,0,0
P13,sym,G3HATILL,Hatillo 1,WHATIK,4.900000095367432,3.133199453353882,1.0,constq,1,0,0
P13,sym,G3HATIL2,Hatillo 2,,1.000000013351432e-10,6.00007751816456e-11,1.0,constq,1,1,0
P13,sym,G3BDEREC,Brazo Derecho,WBDERK,1.000000013351432e-10,4.843220963168804e-11,1.0,constv,1,1,0
P13,genstat,G3MPSOLA,Monte Plata Solar,,33.099998474121094,0.0,1.0,constq,1,0,0
P13,genstat,G7EMAR31,SA 1 EDM3,WEM31K,1.000000013351432e-10,0.0,1.0,constq,1,1,0
P13,genstat,G7EMAR32,SA 2 EDM3,WEM32K,1.000000013351432e-10,0.0,1.0,constq,1,1,0
P13,genstat,G3PFMPAL,Mata de Palma Solar,WMPALK,1.4895199537277222,0.0,1.0,constq,21,0,0
P13,genstat,G3PFMART,PF Martí,WMARTK,3.2149999141693115,0.0,1.0,constq,8,0,0
P13,genstat,G3PFMARA,PF Maranatha,WMARAK,2.625,0.0,1.0,constq,2,0,0
P13,genstat,G4PFCUM4,PF Cumayasa 4,WXCU4K,4.710000038146973,0.0,1.0,constq,8,0,0
P13,genstat,G3PFCUM2,PF Cumayasa 2,WXCU2K,3.8459999561309814,0.0,1.0,constq,5,0,0
P13,genstat,G3PFCUM1,PF Cumayasa 1,WXCU1K,3.454440116882324,0.0,1.0,constq,9,0,0
P13,genstat,G3ESOCO,El Soco,WXESOK,3.386359930038452,0.0,1.0,constq,11,0,0
P13,genstat,G3PFCOT1,PF Cotoperí 1,WCSO1K,3.0325000286102295,0.0,1.0,constq,8,0,0
P13,genstat,G3PFCOT2,PF Cotoperí 2,WCSO2K,2.9862499237060547,0.0,1.0,constq,8,0,0
P13,genstat,G3PFCOT3,PF Cotoperí 3,WCSO3K,3.016249895095825,0.0,1.0,constq,8,0,0
P13,genstat,G4PFCOA2,PF Coastal G2,WCOA2K,6.557499885559082,0.0,1.0,constq,6,0,0
P13,genstat,G4PFCOA1,PF Coastal G1,WCOA1K,5.6207098960876465,0.0,1.0,constq,7,0,0
P13,genstat,G3PFSAJO,Parque Fotovoltaico SAJOMA,WXPFSK,5.231110095977783,0.0,1.0,constq,9,0,0
P13,genstat,G4PFMSO2,Monte Cristi Solar Grupo 2,,1.4429999589920044,0.0,1.0,constq,12,0,0
P13,genstat,G4PFMSO1,Monte Cristi Solar Grupo 1,,1.453089952468872,0.0,1.0,constq,11,0,0
P13,genstat,G3PEACLA,Agua Clara,WACLAK,0.025200000032782555,0.0,1.0,constq,25,0,0
P13,genstat,G3PEGUAN,Guanillo,WGNLLK,0.11760000139474869,0.0,1.0,constq,25,0,0
P13,genstat,G3PELGUZ,Los Guzmancito,WLGUZK,0.04764999821782112,0.0,1.0,constq,17,0,0
P13,genstat,G3PELGU2,Los Guzmancito 2,WLGU2K,0.06230999901890755,0.0,1.0,constq,13,0,0
P13,genstat,G3PFMATR,Parque Fotovoltaico MATRISOL,WXMATK,2.678179979324341,0.0,1.0,constq,11,0,0
P13,genstat,G3PSESPE,PS Esperanza,WXPS1K,2.92221999168396,0.0,1.0,constq,18,0,0
P13,genstat,,SBX_20260708_161425_e01931_PV,,0.0,0.0,1.0,constq,1,1,0
P13,genstat,,BESS,,2.5,0.0,1.0,constq,1,0,0
P13,genstat,G3SCANOA,Solar Canoa,WSCANK,2.4649999141693115,0.0,1.0,constq,8,0,0
P13,genstat,G3PFLUCI,PF Lucila,WXLUCK,2.7950000762939453,0.0,1.0,constq,2,0,0
P13,genstat,G3LCOCO2,Los Cocos 2,,0.06577000021934509,3.7975775302179215e-11,1.0,constq,26,0,0
P13,genstat,G3QCABRE,Quilvio Cabrera,,0.15199999511241913,5.007656442290731e-11,1.0,constq,5,0,0
P13,genstat,G3JCOCO1,Juancho Los Cocos 1,,0.03884999826550484,7.080901143208251e-11,1.0,constq,26,0,0
P13,genstat,G3PELARI,Larimar,,0.42667001485824585,3.7975775302179215e-11,1.0,constq,15,0,0
P13,genstat,G3PELAR2,Larimar 2,,0.23356999456882477,3.7975775302179215e-11,1.0,constq,14,0,0
P13,genstat,G3PFLNEG,Parque Fotovoltaico Los Negros,WMRI2K,4.233329772949219,0.0,1.0,constq,3,0,0
P13,genstat,G3PFBAYA,Bayasol,WBAYAK,1.9784599542617798,0.0,1.0,constq,13,0,0
P13,genstat,G4PSGIR1,Girasol Grupo 1,,1.7787699699401855,0.0,1.0,constq,12,0,0
P13,genstat,G4PSGIR2,Girasol Grupo 2,,1.7684299945831299,0.0,1.0,constq,16,0,0
P13,genstat,G3SANTAS,Santanasol,WSANTK,1.8646700382232666,0.0,1.0,constq,15,0,0
P13,genstat,G3PFCALA,PF Calabaza 1,WXCA1K,1.4764699935913086,0.0,1.0,constq,17,0,0
P13,genstat,G3PEMAT2,PE Matafongo 2,WMTFNK,0.18164999783039093,0.0,1.0,constq,3,0,0
P13,genstat,G3PEMATA,PE Matafongo,WMTFNK,0.06971000134944916,0.0,1.0,constq,17,0,0
P13,genstat,G3PFPER1,PF Peravia I,WPES1K,3.4600000381469727,0.0,1.0,constq,12,0,0
P13,genstat,G3PFPER2,PF Peravia II,WPES2K,3.423330068588257,0.0,1.0,constq,12,0,0
P13,genstat,G6PEMINA,SA PE Los Mina,WXSALMK,1.000000013351432e-10,0.0,1.0,constq,1,0,0
P13,genstat,G6AANDRE,Sistema Almacenamiento AES Andrés,WXBAAK,1.000000013351432e-10,0.0,1.0,constq,1,0,0
P13,genstat,G3PFWCA2,PF Washington Capital 2,WXWC2K,3.744999885559082,0.0,1.0,constq,8,0,0
P13,genstat,G3PFWCA3,PF Washington Capital 3,WXWC3K,4.12375020980835,0.0,1.0,constq,8,0,0
P13,genstat,G3PFVICT,PF La Victoria,WLVICK,3.8687500953674316,0.0,1.0,constq,8,0,0
P13,genstat,G3PFMIRA,Mirasol,WMIRAK,3.4552900791168213,0.0,1.0,constq,17,0,0
P14,sym,G4PALAM3,Palamara Grupo 3,,1.000000013351432e-10,0.0,0.9900000095367432,constv,4,1,0
P14,sym,G4PALAM2,Palamara Grupo 2,,1.000000013351432e-10,0.0,1.0,constv,2,1,0
P14,sym,G4PALAM1,Palamara Grupo 1,,1.000000013351432e-10,0.0,0.9900000095367432,constv,4,1,0
P14,sym,G4IKM22,INCA km 22 Grupo 1,,1.000000013351432e-10,0.0,1.0,constq,2,1,0
P14,sym,G5IKM22,INCA km 22 Grupo 2,,1.000000013351432e-10,0.0,1.0,constq,1,1,0
P14,sym,G5EMA3G1,EDM3 TG1,WEM31K,32.00333023071289,0.0,0.9440000057220459,constv,1,0,0
P14,sym,G5EMA3G2,EDM3 TG2,WEM32K,32.00333023071289,0.0,0.9480000138282776,constv,1,0,0
P14,sym,G5EMAR3V,EDM3 TV,WEM33K,32.00333023071289,0.0,0.9459999799728394,constv,1,0,0
P14,sym,G4Q1SPED,Quisqueya 1 San Pedro,,13.537500381469727,0.0,1.0,constv,4,0,0
P14,sym,G4QUIS12,Quisqueya 1 Grupo 2,,17.076000213623047,0.0,1.0,constv,4,0,0
P14,sym,G4QUIS21,Quisqueya 2 Grupo 1,,17.076000213623047,0.0,1.0,constv,4,0,0
P14,sym,G4QUIS22,Quisqueya 2 Grupo 2,,17.076000213623047,0.0,1.0,constv,4,0,0
P14,sym,G4QUIS23,Quisqueya 2 Grupo 3,,2.0880000591278076,0.0,1.0,constv,4,0,0
P14,sym,G5QUISQ2,Quisqueya 2 TV,,1.000000013351432e-10,0.0,1.0,constq,1,1,0
P14,sym,G4QUIS13,Quisqueya 1 Grupo 3,,17.076000213623047,0.0,1.0,constv,4,0,0
P14,sym,G5QUISQ1,Quisqueya 1 TV,,0.8920000195503235,0.0,1.0,constv,1,0,0
P14,sym,G3PCATA1,Punta Catalina 1,WPCA1K,339.989990234375,0.0,1.0,constq,1,0,1
P14,sym,G3PCATA2,Punta Catalina 2,WPCA2K,340.0,0.0,1.0,constq,1,0,0
P14,sym,G4SESTE3,Sultana del Este Grupo 3,WSES3K,1.000000013351432e-10,6.00007751816456e-11,1.0,constv,3,1,0
P14,sym,G4SESTE1,Sultana del Este Grupo 1,WSES1K,1.000000013351432e-10,0.0,1.0,constv,3,1,0
P14,sym,G4SESTE2,Sultana del Este Grupo 2,WSES2K,1.000000013351432e-10,0.0,1.0,constv,4,1,0
P14,sym,G3CESPM3,CESPM 3,WCES3K,76.55999755859375,0.0,1.0199999809265137,constv,1,0,0
P14,sym,G3CESPM2,CESPM 2,WCES2K,78.0,0.0,1.0199999809265137,constv,1,0,0
P14,sym,G3CESPM1,CESPM 1,WCES1K,76.3499984741211,0.0,1.0199999809265137,constv,1,0,0
P14,sym,G3ENE4TG,ENERGAS 4 TG,WXEN4K,10.0,0.0,1.0199999809265137,constv,1,0,0
P14,sym,G3ENE4TV,ENERGAS 4 TV,WXEV4K,1.000000013351432e-10,0.0,1.0199999809265137,constv,1,1,0
P14,sym,G3BERSAL,Bersal,,1.000000013351432e-10,0.0,1.0,constq,4,1,0
P14,sym,G4LOPPL1,Los Orígenes Power Plant Grupo 1,WLORIK,1.000000013351432e-10,0.0,1.0,constq,3,1,0
P14,sym,G4LOPPL2,Los Orígenes Power Plant Grupo 2,WLORIK,1.000000013351432e-10,0.0,1.0490000247955322,constv,2,1,0
P14,sym,G3SPBIOE,San Pedro Bio-Energy,,23.670000076293945,0.0,1.0,constq,1,0,0
P14,sym,G3CEMON2,Contra Embalse Monción 2,WCEMOK,1.000000013351432e-10,4.843220963168804e-11,1.0,constq,1,1,0
P14,sym,G3CEMON1,Contra Embalse Monción 1,WCEMOK,0.75,0.0,1.0,constq,1,0,0
P14,sym,G3MONCI2,Monción 2,WMONCK,1.000000013351432e-10,0.0,1.0,constv,1,1,0
P14,sym,G3MONCI1,Monción 1,WMONCK,1.000000013351432e-10,0.0,1.0,constq,1,1,0
P14,sym,G3PIMEN3,Pimentel 3,WPIM3K,1.000000013351432e-10,0.0,1.0,constq,3,1,0
P14,sym,G3PIMEN2,Pimentel 2,,1.000000013351432e-10,0.0,1.0,constv,4,1,0
P14,sym,G3PIMEN1,Pimentel 1,,1.000000013351432e-10,0.0,1.0,constv,4,1,0
P14,sym,G3LANGOS,López Angostura,WLANGK,4.0,0.0,1.0,constv,1,0,0
P14,sym,G3BAIGU2,Baiguaque 2,WBAI1K,1.000000013351432e-10,3.2868412852549156e-11,1.0,constq,1,1,0
P14,sym,G3BAIGU1,Baiguaque 1,WBAI1K,0.10000000149011612,0.04843222349882126,1.0,constq,1,0,0
P14,sym,G3TAVER2,Tavera 2,WTAV2K,1.000000013351432e-10,0.0,1.0,constq,1,1,0
P14,sym,G3TAVER1,Tavera 1,WTAV1K,1.000000013351432e-10,0.0,1.0,constv,1,1,0
P14,sym,G3SFELIG,San Felipe TG,,1.000000013351432e-10,0.0,1.0,constv,1,1,0
P14,sym,G3SFV,San Felipe Vapor,WSFEVK,1.000000013351432e-10,0.0,1.0,constv,1,1,0
P14,sym,G3PIMEN4,Pimentel 4,WXPI4K,12.085000038146973,0.0,1.0,constv,2,0,0
P14,sym,G3LTORO1,Los Toros 1,WLTO1K,1.000000013351432e-10,6.00007751816456e-11,1.0,constq,1,1,0
P14,sym,G3LTORO2,Los Toros 2,WLTO1K,1.000000013351432e-10,3.2868412852549156e-11,1.0,constq,1,1,0
P14,sym,G3NNAJAY,Nizao Najayo,WXNNAK,1.000000013351432e-10,4.843220963168804e-11,1.0,constq,1,1,0
P14,sym,G3LANONE,Los Anones,WXLANK,1.000000013351432e-10,4.843220963168804e-11,1.0,constq,1,1,0
P14,sym,G3SYEGUA,Sabana Yegua,WSYEGK,1.000000013351432e-10,0.0,1.0,constv,1,1,0
P14,sym,G3SABANE,Sabaneta,WSABAK,1.000000013351432e-10,0.0,1.0,constv,1,1,0
P14,sym,G3MAGUE2,Magueyal 2,WMAGUK,1.000000013351432e-10,4.843220963168804e-11,1.0,constq,1,1,0
P14,sym,G3MAGUE1,Magueyal 1,WMAGUK,1.000000013351432e-10,4.843220963168804e-11,1.0,constq,1,1,0
P14,sym,G3LDAMAS,Las Damas,,0.6499999761581421,0.3148093819618225,1.065000057220459,constv,1,0,0
P14,sym,G3DRODR2,Domingo Rodríguez 2,WDRODL,1.000000013351432e-10,3.2868412852549156e-11,1.0,constq,1,1,0
P14,sym,G3DRODR1,Domingo Rodríguez 1,WDRODL,1.000000013351432e-10,3.2868412852549156e-11,1.0,constq,1,1,0
P14,sym,G3HTG,Haina TG,WHAIGK,1.000000013351432e-10,0.0,1.0,constq,1,1,0
P14,sym,G3VALDE2,Valdesia 2,WVAL2K,1.000000013351432e-10,0.0,1.0,constq,1,1,0
P14,sym,G3VALDE1,Valdesia 1,WVAL1K,1.000000013351432e-10,0.0,1.0,constv,1,1,0
P14,sym,G3LBARIA,Las Barías,WLBARK,1.000000013351432e-10,4.843220963168804e-11,1.0,constq,1,1,0
P14,sym,G3BCARBO,Barahona Carbón,WBCARK,29.0,0.0,1.0,constv,1,0,0
P14,sym,G3JIGUE2,Jigüey 2,WJIG2K,1.000000013351432e-10,0.0,1.0,constv,1,1,0
P14,sym,G3JIGUE1,Jigüey 1,WJIG1K,1.000000013351432e-10,0.0,1.0,constv,1,1,0
P14,sym,G3AGUAC2,Aguacate 2,WAGU2K,1.000000013351432e-10,0.0,1.0,constq,1,1,0
P14,sym,G3AGUAC1,Aguacate 1,WAGU1K,1.000000013351432e-10,0.0,1.0,constq,1,1,0
P14,sym,G4MRIO3,Monte Río Grupo 2,WMRI3K,1.000000013351432e-10,0.0,1.0199999809265137,constv,7,1,0
P14,sym,G4MRIO1,Monte Río Grupo 1,WMRI1K,1.000000013351432e-10,0.0,1.0199999809265137,constv,6,1,0
P14,sym,G3ITABO2,Itabo 2,WITA2K,1.000000013351432e-10,0.0,1.0,constv,1,1,0
P14,sym,G3ITABO1,Itabo 1,WITA1K,94.0,0.0,1.0,constv,1,0,0
P14,sym,G3SLORE1,San Lorenzo 1,,1.000000013351432e-10,0.0,1.0,constv,1,1,0
P14,sym,G3PALOM2,Palomino 2,WPLM1K,1.000000013351432e-10,0.0,1.0199999809265137,constv,1,1,0
P14,sym,G3PALOM1,Palomino 1,WPLM2K,1.000000013351432e-10,0.0,1.0199999809265137,constv,1,1,0
P14,sym,G4PAK262,POWERSHIP AZUA KPS26 2,WXPA2K,1.000000013351432e-10,4.843220963168804e-11,1.0,constv,3,1,0
P14,sym,G4PAK261,POWERSHIP AZUA KPS26 1,WXPA1K,1.000000013351432e-10,4.843220963168804e-11,1.0,constv,3,1,0
P14,sym,G4PAK601,POWERSHIP AZUA KPS60,WXPA3K,1.000000013351432e-10,4.843220963168804e-11,1.0,constv,4,1,0
P14,sym,G5PAK6TV,POWERSHIP AZUA TV,WXPA3K,1.000000013351432e-10,4.843220963168804e-11,1.0,constv,1,1,0
P14,sym,G3PALENQ,Palenque,WPAQ2K,1.000000013351432e-10,0.0,1.0,constq,4,1,0
P14,sym,G4PAK561,POWERSHIP AZUA KPS56,WXPA4K,1.000000013351432e-10,4.843220963168804e-11,1.0,constv,8,1,0
P14,sym,G3LMINA6,Los Mina 6,WLMI6K,79.4625015258789,0.0,1.0,constv,1,0,0
P14,sym,G5AANDRV,AES Andrés TV,WAANVK,69.19000244140625,0.0,1.0,constv,1,0,0
P14,sym,G5AANDRG,AES Andrés TG,WAANGK,134.30999755859375,0.0,1.0,constv,1,0,0
P14,sym,G3METALD,METALDOM,WMETAK,1.000000013351432e-10,0.0,0.9900000095367432,constv,4,1,0
P14,sym,G3LMINA5,Los Mina 5,WLMI5K,79.4625015258789,0.0,1.0,constv,1,0,0
P14,sym,G4EMAR21,EDM2 Grupo 1,,18.14324951171875,0.0,1.0,constq,3,0,0
P14,sym,G4EMAR22,EDM2 Grupo 2,,0.24674999713897705,0.0,1.0,constq,3,0,0
P14,sym,G4EMAR23,EDM2 TV,,1.000000013351432e-10,0.0,1.0,constq,1,1,0
P14,sym,G3LMINA7,Los Mina 7,WLMI7K,85.57499694824219,41.44587707519531,1.0,constv,1,0,0
P14,sym,G4SIBA1,SIBA Grupo 1,WXSI1K,9.899999618530273,4.7947893142700195,1.0,constv,2,0,0
P14,sym,G4SIBA2,SIBA Grupo 2,WXSI2K,16.700000762939453,8.08818244934082,1.0,constv,2,0,0
P14,sym,G4SIBA3,SIBA Grupo 3,WXSI3K,1.000000013351432e-10,0.0,1.0,constv,2,1,0
P14,sym,G4SIBA4,SIBA Grupo 4,WXSI4K,16.700000762939453,8.08818244934082,1.0,constv,2,0,0
P14,sym,G4SIBA6,SIBA Grupo 6,WXSI6K,25.0,12.108054161071777,1.0,constv,2,0,0
P14,sym,G4SIBA5,SIBA Grupo 5,WXSI5K,16.700000762939453,8.08818244934082,1.0,constv,2,0,0
P14,sym,G3PINAL2,Pinalito 2,WPIN2K,1.000000013351432e-10,6.00007751816456e-11,1.0490000247955322,constv,1,1,0
P14,sym,G3PINAL1,Pinalito 1,WPIN1K,1.000000013351432e-10,5.933650792933065e-11,1.0490000247955322,constv,1,1,0
P14,sym,G3RBLAN2,Río Blanco 2,WRBLCK,9.5,5.700072765350342,1.0490000247955322,constv,1,0,0
P14,sym,G3RBLAN1,Río Blanco 1,WRBLAK,1.000000013351432e-10,5.933650792933065e-11,1.0490000247955322,constv,1,1,0
P14,sym,G3RINCON,Rincón,WRINCK,1.000000013351432e-10,6.00007751816456e-11,1.0,constv,1,1,0
P14,sym,G3RJCRUZ,Rosa Julia De La Cruz,WRJCRK,1.000000013351432e-10,3.2868412852549156e-11,1.0,constq,1,1,0
P14,sym,G3ESALTO,El Salto,WESALK,1.000000013351432e-10,4.843220963168804e-11,1.0,constq,1,1,0
P14,sym,G4LVEGA1,La Vega Grupo 1,,1.000000013351432e-10,0.0,1.0,constq,3,1,0
P14,sym,G4LVEGA2,La Vega Grupo 2,,1.000000013351432e-10,0.0,1.0,constv,2,1,0
P14,sym,G3AVARG1,Aniana Vargas 1,WAVA1K,1.000000013351432e-10,3.2868412852549156e-11,1.0,constq,1,1,0
P14,sym,G3AVARG2,Aniana Vargas 2,WAVA1K,0.10000000149011612,0.0328684076666832,1.0,constq,1,0,0
P14,sym,G3JIMENO,Jimenoa,WJIMEK,4.760000228881836,0.0,1.0,constv,1,0,0
P14,sym,G3HATILL,Hatillo 1,WHATIK,4.900000095367432,3.133199453353882,1.0,constq,1,0,0
P14,sym,G3HATIL2,Hatillo 2,,1.000000013351432e-10,6.00007751816456e-11,1.0,constq,1,1,0
P14,sym,G3BDEREC,Brazo Derecho,WBDERK,1.000000013351432e-10,4.843220963168804e-11,1.0,constv,1,1,0
P14,genstat,G3MPSOLA,Monte Plata Solar,,33.97999954223633,0.0,1.0,constq,1,0,0
P14,genstat,G7EMAR31,SA 1 EDM3,WEM31K,1.000000013351432e-10,0.0,1.0,constq,1,1,0
P14,genstat,G7EMAR32,SA 2 EDM3,WEM32K,1.000000013351432e-10,0.0,1.0,constq,1,1,0
P14,genstat,G3PFMPAL,Mata de Palma Solar,WMPALK,1.5171400308609009,0.0,1.0,constq,21,0,0
P14,genstat,G3PFMART,PF Martí,WMARTK,3.0850000381469727,0.0,1.0,constq,8,0,0
P14,genstat,G3PFMARA,PF Maranatha,WMARAK,2.6050000190734863,0.0,1.0,constq,2,0,0
P14,genstat,G4PFCUM4,PF Cumayasa 4,WXCU4K,4.731249809265137,0.0,1.0,constq,8,0,0
P14,genstat,G3PFCUM2,PF Cumayasa 2,WXCU2K,3.757999897003174,0.0,1.0,constq,5,0,0
P14,genstat,G3PFCUM1,PF Cumayasa 1,WXCU1K,3.2888898849487305,0.0,1.0,constq,9,0,0
P14,genstat,G3ESOCO,El Soco,WXESOK,3.362730026245117,0.0,1.0,constq,11,0,0
P14,genstat,G3PFCOT1,PF Cotoperí 1,WCSO1K,2.694999933242798,0.0,1.0,constq,8,0,0
P14,genstat,G3PFCOT2,PF Cotoperí 2,WCSO2K,2.680000066757202,0.0,1.0,constq,8,0,0
P14,genstat,G3PFCOT3,PF Cotoperí 3,WCSO3K,2.713749885559082,0.0,1.0,constq,8,0,0
P14,genstat,G4PFCOA2,PF Coastal G2,WCOA2K,6.254169940948486,0.0,1.0,constq,6,0,0
P14,genstat,G4PFCOA1,PF Coastal G1,WCOA1K,5.360710144042969,0.0,1.0,constq,7,0,0
P14,genstat,G3PFSAJO,Parque Fotovoltaico SAJOMA,WXPFSK,5.13778018951416,0.0,1.0,constq,9,0,0
P14,genstat,G4PFMSO2,Monte Cristi Solar Grupo 2,,1.3190699815750122,0.0,1.0,constq,12,0,0
P14,genstat,G4PFMSO1,Monte Cristi Solar Grupo 1,,1.3282899856567383,0.0,1.0,constq,11,0,0
P14,genstat,G3PEACLA,Agua Clara,WACLAK,0.0843999981880188,0.0,1.0,constq,25,0,0
P14,genstat,G3PEGUAN,Guanillo,WGNLLK,0.23360000550746918,0.0,1.0,constq,25,0,0
P14,genstat,G3PELGUZ,Los Guzmancito,WLGUZK,0.10352999716997147,0.0,1.0,constq,17,0,0
P14,genstat,G3PELGU2,Los Guzmancito 2,WLGU2K,0.1246199980378151,0.0,1.0,constq,13,0,0
P14,genstat,G3PFMATR,Parque Fotovoltaico MATRISOL,WXMATK,2.619999885559082,0.0,1.0,constq,11,0,0
P14,genstat,G3PSESPE,PS Esperanza,WXPS1K,2.809999942779541,0.0,1.0,constq,18,0,0
P14,genstat,,SBX_20260708_161425_e01931_PV,,0.0,0.0,1.0,constq,1,1,0
P14,genstat,,BESS,,2.5,0.0,1.0,constq,1,0,0
P14,genstat,G3SCANOA,Solar Canoa,WSCANK,2.293750047683716,0.0,1.0,constq,8,0,0
P14,genstat,G3PFLUCI,PF Lucila,WXLUCK,2.8399999141693115,0.0,1.0,constq,2,0,0
P14,genstat,G3LCOCO2,Los Cocos 2,,0.05576999858021736,3.7975775302179215e-11,1.0,constq,26,0,0
P14,genstat,G3QCABRE,Quilvio Cabrera,,0.12800000607967377,5.007656442290731e-11,1.0,constq,5,0,0
P14,genstat,G3JCOCO1,Juancho Los Cocos 1,,0.029999999329447746,7.080901143208251e-11,1.0,constq,26,0,0
P14,genstat,G3PELARI,Larimar,,0.3813300132751465,3.7975775302179215e-11,1.0,constq,15,0,0
P14,genstat,G3PELAR2,Larimar 2,,0.19929000735282898,3.7975775302179215e-11,1.0,constq,14,0,0
P14,genstat,G3PFLNEG,Parque Fotovoltaico Los Negros,WMRI2K,3.5899999141693115,0.0,1.0,constq,3,0,0
P14,genstat,G3PFBAYA,Bayasol,WBAYAK,2.0169200897216797,0.0,1.0,constq,13,0,0
P14,genstat,G4PSGIR1,Girasol Grupo 1,,2.0636401176452637,0.0,1.0,constq,12,0,0
P14,genstat,G4PSGIR2,Girasol Grupo 2,,2.051640033721924,0.0,1.0,constq,16,0,0
P14,genstat,G3SANTAS,Santanasol,WSANTK,2.1866700649261475,0.0,1.0,constq,15,0,0
P14,genstat,G3PFCALA,PF Calabaza 1,WXCA1K,1.6582399606704712,0.0,1.0,constq,17,0,0
P14,genstat,G3PEMAT2,PE Matafongo 2,WMTFNK,0.29190000891685486,0.0,1.0,constq,3,0,0
P14,genstat,G3PEMATA,PE Matafongo,WMTFNK,0.11202000081539154,0.0,1.0,constq,17,0,0
P14,genstat,G3PFPER1,PF Peravia I,WPES1K,3.375,0.0,1.0,constq,12,0,0
P14,genstat,G3PFPER2,PF Peravia II,WPES2K,3.4866700172424316,0.0,1.0,constq,12,0,0
P14,genstat,G6PEMINA,SA PE Los Mina,WXSALMK,1.000000013351432e-10,0.0,1.0,constq,1,0,0
P14,genstat,G6AANDRE,Sistema Almacenamiento AES Andrés,WXBAAK,1.000000013351432e-10,0.0,1.0,constq,1,0,0
P14,genstat,G3PFWCA2,PF Washington Capital 2,WXWC2K,3.922499895095825,0.0,1.0,constq,8,0,0
P14,genstat,G3PFWCA3,PF Washington Capital 3,WXWC3K,4.388750076293945,0.0,1.0,constq,8,0,0
P14,genstat,G3PFVICT,PF La Victoria,WLVICK,3.924999952316284,0.0,1.0,constq,8,0,0
P14,genstat,G3PFMIRA,Mirasol,WMIRAK,3.543529987335205,0.0,1.0,constq,17,0,0
P15,sym,G4PALAM3,Palamara Grupo 3,,1.000000013351432e-10,0.0,0.9900000095367432,constv,4,1,0
P15,sym,G4PALAM2,Palamara Grupo 2,,1.000000013351432e-10,0.0,1.0,constv,2,1,0
P15,sym,G4PALAM1,Palamara Grupo 1,,1.000000013351432e-10,0.0,0.9900000095367432,constv,4,1,0
P15,sym,G4IKM22,INCA km 22 Grupo 1,,1.000000013351432e-10,0.0,1.0,constq,2,1,0
P15,sym,G5IKM22,INCA km 22 Grupo 2,,1.000000013351432e-10,0.0,1.0,constq,1,1,0
P15,sym,G5EMA3G1,EDM3 TG1,WEM31K,32.00333023071289,0.0,0.9440000057220459,constv,1,0,0
P15,sym,G5EMA3G2,EDM3 TG2,WEM32K,32.00333023071289,0.0,1.0,constv,1,0,0
P15,sym,G5EMAR3V,EDM3 TV,WEM33K,32.00333023071289,0.0,0.9459999799728394,constv,1,0,0
P15,sym,G4Q1SPED,Quisqueya 1 San Pedro,,13.537500381469727,0.0,1.0,constv,4,0,0
P15,sym,G4QUIS12,Quisqueya 1 Grupo 2,,17.076000213623047,0.0,1.0,constv,4,0,0
P15,sym,G4QUIS21,Quisqueya 2 Grupo 1,,17.076000213623047,0.0,1.0,constv,4,0,0
P15,sym,G4QUIS22,Quisqueya 2 Grupo 2,,17.076000213623047,0.0,1.0,constv,4,0,0
P15,sym,G4QUIS23,Quisqueya 2 Grupo 3,,6.263000011444092,0.0,1.0,constv,4,0,0
P15,sym,G5QUISQ2,Quisqueya 2 TV,,1.000000013351432e-10,0.0,1.0,constq,1,1,0
P15,sym,G4QUIS13,Quisqueya 1 Grupo 3,,17.076000213623047,0.0,1.0,constv,4,0,0
P15,sym,G5QUISQ1,Quisqueya 1 TV,,0.8920000195503235,0.0,1.0,constv,1,0,0
P15,sym,G3PCATA1,Punta Catalina 1,WPCA1K,339.989990234375,0.0,1.0,constq,1,0,1
P15,sym,G3PCATA2,Punta Catalina 2,WPCA2K,340.0,0.0,1.0,constq,1,0,0
P15,sym,G4SESTE3,Sultana del Este Grupo 3,WSES3K,1.000000013351432e-10,6.00007751816456e-11,1.0,constv,3,1,0
P15,sym,G4SESTE1,Sultana del Este Grupo 1,WSES1K,1.000000013351432e-10,0.0,1.0,constv,3,1,0
P15,sym,G4SESTE2,Sultana del Este Grupo 2,WSES2K,1.000000013351432e-10,0.0,1.0,constv,4,1,0
P15,sym,G3CESPM3,CESPM 3,WCES3K,76.55999755859375,0.0,1.0199999809265137,constv,1,0,0
P15,sym,G3CESPM2,CESPM 2,WCES2K,78.0,0.0,1.0199999809265137,constv,1,0,0
P15,sym,G3CESPM1,CESPM 1,WCES1K,76.3499984741211,0.0,1.0199999809265137,constv,1,0,0
P15,sym,G3ENE4TG,ENERGAS 4 TG,WXEN4K,10.0,0.0,1.0199999809265137,constv,1,0,0
P15,sym,G3ENE4TV,ENERGAS 4 TV,WXEV4K,1.000000013351432e-10,0.0,1.0199999809265137,constv,1,1,0
P15,sym,G3BERSAL,Bersal,,1.000000013351432e-10,0.0,1.0,constq,4,1,0
P15,sym,G4LOPPL1,Los Orígenes Power Plant Grupo 1,WLORIK,1.000000013351432e-10,0.0,1.0,constq,3,1,0
P15,sym,G4LOPPL2,Los Orígenes Power Plant Grupo 2,WLORIK,1.000000013351432e-10,0.0,1.0490000247955322,constv,2,1,0
P15,sym,G3SPBIOE,San Pedro Bio-Energy,,26.760000228881836,0.0,1.0,constq,1,0,0
P15,sym,G3CEMON2,Contra Embalse Monción 2,WCEMOK,0.75,0.36324170231819153,1.0,constq,1,0,0
P15,sym,G3CEMON1,Contra Embalse Monción 1,WCEMOK,0.75,0.36324170231819153,1.0,constq,1,0,0
P15,sym,G3MONCI2,Monción 2,WMONCK,1.000000013351432e-10,0.0,1.0,constv,1,1,0
P15,sym,G3MONCI1,Monción 1,WMONCK,1.000000013351432e-10,0.0,1.0,constq,1,1,0
P15,sym,G3PIMEN3,Pimentel 3,WPIM3K,1.000000013351432e-10,0.0,1.0,constq,3,1,0
P15,sym,G3PIMEN2,Pimentel 2,,1.000000013351432e-10,0.0,1.0,constv,4,1,0
P15,sym,G3PIMEN1,Pimentel 1,,1.000000013351432e-10,0.0,1.0,constv,4,1,0
P15,sym,G3LANGOS,López Angostura,WLANGK,4.0,0.0,1.0,constv,1,0,0
P15,sym,G3BAIGU2,Baiguaque 2,WBAI1K,1.000000013351432e-10,3.2868412852549156e-11,1.0,constq,1,1,0
P15,sym,G3BAIGU1,Baiguaque 1,WBAI1K,0.10000000149011612,0.04843222349882126,1.0,constq,1,0,0
P15,sym,G3TAVER2,Tavera 2,WTAV2K,1.000000013351432e-10,0.0,1.0,constq,1,1,0
P15,sym,G3TAVER1,Tavera 1,WTAV1K,1.000000013351432e-10,0.0,1.0,constv,1,1,0
P15,sym,G3SFELIG,San Felipe TG,,1.000000013351432e-10,0.0,1.0,constv,1,1,0
P15,sym,G3SFV,San Felipe Vapor,WSFEVK,1.000000013351432e-10,0.0,1.0,constv,1,1,0
P15,sym,G3PIMEN4,Pimentel 4,WXPI4K,12.085000038146973,0.0,1.0,constv,2,0,0
P15,sym,G3LTORO1,Los Toros 1,WLTO1K,1.000000013351432e-10,6.00007751816456e-11,1.0,constq,1,1,0
P15,sym,G3LTORO2,Los Toros 2,WLTO1K,1.000000013351432e-10,3.2868412852549156e-11,1.0,constq,1,1,0
P15,sym,G3NNAJAY,Nizao Najayo,WXNNAK,1.000000013351432e-10,4.843220963168804e-11,1.0,constq,1,1,0
P15,sym,G3LANONE,Los Anones,WXLANK,1.000000013351432e-10,4.843220963168804e-11,1.0,constq,1,1,0
P15,sym,G3SYEGUA,Sabana Yegua,WSYEGK,1.000000013351432e-10,0.0,1.0,constv,1,1,0
P15,sym,G3SABANE,Sabaneta,WSABAK,1.000000013351432e-10,0.0,1.0,constv,1,1,0
P15,sym,G3MAGUE2,Magueyal 2,WMAGUK,1.000000013351432e-10,4.843220963168804e-11,1.0,constq,1,1,0
P15,sym,G3MAGUE1,Magueyal 1,WMAGUK,1.000000013351432e-10,4.843220963168804e-11,1.0,constq,1,1,0
P15,sym,G3LDAMAS,Las Damas,,0.6499999761581421,0.3148093819618225,1.0,constv,1,0,0
P15,sym,G3DRODR2,Domingo Rodríguez 2,WDRODL,1.000000013351432e-10,3.2868412852549156e-11,1.0,constq,1,1,0
P15,sym,G3DRODR1,Domingo Rodríguez 1,WDRODL,1.000000013351432e-10,3.2868412852549156e-11,1.0,constq,1,1,0
P15,sym,G3HTG,Haina TG,WHAIGK,1.000000013351432e-10,0.0,1.0,constq,1,1,0
P15,sym,G3VALDE2,Valdesia 2,WVAL2K,1.000000013351432e-10,0.0,1.0,constq,1,1,0
P15,sym,G3VALDE1,Valdesia 1,WVAL1K,1.000000013351432e-10,0.0,1.0,constv,1,1,0
P15,sym,G3LBARIA,Las Barías,WLBARK,1.000000013351432e-10,4.843220963168804e-11,1.0,constq,1,1,0
P15,sym,G3BCARBO,Barahona Carbón,WBCARK,29.0,0.0,1.0,constv,1,0,0
P15,sym,G3JIGUE2,Jigüey 2,WJIG2K,1.000000013351432e-10,0.0,1.0,constv,1,1,0
P15,sym,G3JIGUE1,Jigüey 1,WJIG1K,1.000000013351432e-10,0.0,1.0,constv,1,1,0
P15,sym,G3AGUAC2,Aguacate 2,WAGU2K,1.000000013351432e-10,0.0,1.0,constq,1,1,0
P15,sym,G3AGUAC1,Aguacate 1,WAGU1K,1.000000013351432e-10,0.0,1.0,constq,1,1,0
P15,sym,G4MRIO3,Monte Río Grupo 2,WMRI3K,1.000000013351432e-10,0.0,1.0199999809265137,constv,7,1,0
P15,sym,G4MRIO1,Monte Río Grupo 1,WMRI1K,1.000000013351432e-10,0.0,1.0199999809265137,constv,6,1,0
P15,sym,G3ITABO2,Itabo 2,WITA2K,1.000000013351432e-10,0.0,1.0,constv,1,1,0
P15,sym,G3ITABO1,Itabo 1,WITA1K,94.0,0.0,1.0,constv,1,0,0
P15,sym,G3SLORE1,San Lorenzo 1,,1.000000013351432e-10,0.0,1.0,constv,1,1,0
P15,sym,G3PALOM2,Palomino 2,WPLM1K,1.000000013351432e-10,0.0,1.0199999809265137,constv,1,1,0
P15,sym,G3PALOM1,Palomino 1,WPLM2K,1.000000013351432e-10,0.0,1.0199999809265137,constv,1,1,0
P15,sym,G4PAK262,POWERSHIP AZUA KPS26 2,WXPA2K,1.000000013351432e-10,4.843220963168804e-11,1.0,constv,3,1,0
P15,sym,G4PAK261,POWERSHIP AZUA KPS26 1,WXPA1K,1.000000013351432e-10,4.843220963168804e-11,1.0,constv,3,1,0
P15,sym,G4PAK601,POWERSHIP AZUA KPS60,WXPA3K,1.000000013351432e-10,4.843220963168804e-11,1.0,constv,4,1,0
P15,sym,G5PAK6TV,POWERSHIP AZUA TV,WXPA3K,1.000000013351432e-10,4.843220963168804e-11,1.0,constv,1,1,0
P15,sym,G3PALENQ,Palenque,WPAQ2K,1.000000013351432e-10,0.0,1.0,constq,4,1,0
P15,sym,G4PAK561,POWERSHIP AZUA KPS56,WXPA4K,1.000000013351432e-10,4.843220963168804e-11,1.0,constv,8,1,0
P15,sym,G3LMINA6,Los Mina 6,WLMI6K,79.4625015258789,0.0,1.0,constv,1,0,0
P15,sym,G5AANDRV,AES Andrés TV,WAANVK,69.19000244140625,0.0,1.0,constv,1,0,0
P15,sym,G5AANDRG,AES Andrés TG,WAANGK,134.30999755859375,0.0,1.0,constv,1,0,0
P15,sym,G3METALD,METALDOM,WMETAK,1.000000013351432e-10,0.0,0.9900000095367432,constv,4,1,0
P15,sym,G3LMINA5,Los Mina 5,WLMI5K,79.4625015258789,0.0,1.0,constv,1,0,0
P15,sym,G4EMAR21,EDM2 Grupo 1,,18.14324951171875,0.0,1.0,constq,3,0,0
P15,sym,G4EMAR22,EDM2 Grupo 2,,0.24674999713897705,0.0,1.0,constq,3,0,0
P15,sym,G4EMAR23,EDM2 TV,,1.000000013351432e-10,0.0,1.0,constq,1,1,0
P15,sym,G3LMINA7,Los Mina 7,WLMI7K,85.57499694824219,41.44587707519531,1.0,constv,1,0,0
P15,sym,G4SIBA1,SIBA Grupo 1,WXSI1K,9.899999618530273,4.7947893142700195,1.0,constv,2,0,0
P15,sym,G4SIBA2,SIBA Grupo 2,WXSI2K,16.700000762939453,8.08818244934082,1.0,constv,2,0,0
P15,sym,G4SIBA3,SIBA Grupo 3,WXSI3K,1.000000013351432e-10,0.0,1.0,constv,2,1,0
P15,sym,G4SIBA4,SIBA Grupo 4,WXSI4K,16.700000762939453,8.08818244934082,1.0,constv,2,0,0
P15,sym,G4SIBA6,SIBA Grupo 6,WXSI6K,25.0,12.108054161071777,1.0,constv,2,0,0
P15,sym,G4SIBA5,SIBA Grupo 5,WXSI5K,16.700000762939453,8.08818244934082,1.0,constv,2,0,0
P15,sym,G3PINAL2,Pinalito 2,WPIN2K,1.000000013351432e-10,6.00007751816456e-11,1.0490000247955322,constv,1,1,0
P15,sym,G3PINAL1,Pinalito 1,WPIN1K,1.000000013351432e-10,5.933650792933065e-11,1.0490000247955322,constv,1,1,0
P15,sym,G3RBLAN2,Río Blanco 2,WRBLCK,9.5,5.700072765350342,1.0490000247955322,constv,1,0,0
P15,sym,G3RBLAN1,Río Blanco 1,WRBLAK,1.000000013351432e-10,5.933650792933065e-11,1.0490000247955322,constv,1,1,0
P15,sym,G3RINCON,Rincón,WRINCK,1.000000013351432e-10,6.00007751816456e-11,1.0,constv,1,1,0
P15,sym,G3RJCRUZ,Rosa Julia De La Cruz,WRJCRK,1.000000013351432e-10,3.2868412852549156e-11,1.0,constq,1,1,0
P15,sym,G3ESALTO,El Salto,WESALK,1.000000013351432e-10,4.843220963168804e-11,1.0,constq,1,1,0
P15,sym,G4LVEGA1,La Vega Grupo 1,,1.000000013351432e-10,0.0,1.0,constq,3,1,0
P15,sym,G4LVEGA2,La Vega Grupo 2,,1.000000013351432e-10,0.0,1.0,constv,2,1,0
P15,sym,G3AVARG1,Aniana Vargas 1,WAVA1K,1.000000013351432e-10,3.2868412852549156e-11,1.0,constq,1,1,0
P15,sym,G3AVARG2,Aniana Vargas 2,WAVA1K,0.10000000149011612,0.0328684076666832,1.0,constq,1,0,0
P15,sym,G3JIMENO,Jimenoa,WJIMEK,4.760000228881836,0.0,1.0,constv,1,0,0
P15,sym,G3HATILL,Hatillo 1,WHATIK,4.900000095367432,3.0818824768066406,1.0,constq,1,0,0
P15,sym,G3HATIL2,Hatillo 2,,1.000000013351432e-10,6.00007751816456e-11,1.0,constq,1,1,0
P15,sym,G3BDEREC,Brazo Derecho,WBDERK,1.000000013351432e-10,4.843220963168804e-11,1.0,constv,1,1,0
P15,genstat,G3MPSOLA,Monte Plata Solar,,35.279998779296875,0.0,1.0,constq,1,0,0
P15,genstat,G7EMAR31,SA 1 EDM3,WEM31K,1.000000013351432e-10,0.0,1.0,constq,1,1,0
P15,genstat,G7EMAR32,SA 2 EDM3,WEM32K,1.000000013351432e-10,0.0,1.0,constq,1,1,0
P15,genstat,G3PFMPAL,Mata de Palma Solar,WMPALK,1.5328600406646729,0.0,1.0,constq,21,0,0
P15,genstat,G3PFMART,PF Martí,WMARTK,3.2512500286102295,0.0,1.0,constq,8,0,0
P15,genstat,G3PFMARA,PF Maranatha,WMARAK,2.9800000190734863,0.0,1.0,constq,2,0,0
P15,genstat,G4PFCUM4,PF Cumayasa 4,WXCU4K,4.338749885559082,0.0,1.0,constq,8,0,0
P15,genstat,G3PFCUM2,PF Cumayasa 2,WXCU2K,4.915999889373779,0.0,1.0,constq,5,0,0
P15,genstat,G3PFCUM1,PF Cumayasa 1,WXCU1K,4.503330230712891,0.0,1.0,constq,9,0,0
P15,genstat,G3ESOCO,El Soco,WXESOK,3.9363598823547363,0.0,1.0,constq,11,0,0
P15,genstat,G3PFCOT1,PF Cotoperí 1,WCSO1K,3.2200000286102295,0.0,1.0,constq,8,0,0
P15,genstat,G3PFCOT2,PF Cotoperí 2,WCSO2K,3.2100000381469727,0.0,1.0,constq,8,0,0
P15,genstat,G3PFCOT3,PF Cotoperí 3,WCSO3K,3.328749895095825,0.0,1.0,constq,8,0,0
P15,genstat,G4PFCOA2,PF Coastal G2,WCOA2K,6.693329811096191,0.0,1.0,constq,6,0,0
P15,genstat,G4PFCOA1,PF Coastal G1,WCOA1K,5.73714017868042,0.0,1.0,constq,7,0,0
P15,genstat,G3PFSAJO,Parque Fotovoltaico SAJOMA,WXPFSK,5.246669769287109,0.0,1.0,constq,9,0,0
P15,genstat,G4PFMSO2,Monte Cristi Solar Grupo 2,,1.2024999856948853,0.0,1.0,constq,12,0,0
P15,genstat,G4PFMSO1,Monte Cristi Solar Grupo 1,,1.2109099626541138,0.0,1.0,constq,11,0,0
P15,genstat,G3PEACLA,Agua Clara,WACLAK,0.25119999051094055,0.0,1.0,constq,25,0,0
P15,genstat,G3PEGUAN,Guanillo,WGNLLK,0.446399986743927,0.0,1.0,constq,25,0,0
P15,genstat,G3PELGUZ,Los Guzmancito,WLGUZK,0.19235000014305115,0.0,1.0,constq,17,0,0
P15,genstat,G3PELGU2,Los Guzmancito 2,WLGU2K,0.20462000370025635,0.0,1.0,constq,13,0,0
P15,genstat,G3PFMATR,Parque Fotovoltaico MATRISOL,WXMATK,2.82273006439209,0.0,1.0,constq,11,0,0
P15,genstat,G3PSESPE,PS Esperanza,WXPS1K,2.7705600261688232,0.0,1.0,constq,18,0,0
P15,genstat,,SBX_20260708_161425_e01931_PV,,0.0,0.0,1.0,constq,1,1,0
P15,genstat,,BESS,,2.5,0.0,1.0,constq,1,0,0
P15,genstat,G3SCANOA,Solar Canoa,WSCANK,2.6287500858306885,0.0,1.0,constq,8,0,0
P15,genstat,G3PFLUCI,PF Lucila,WXLUCK,2.930000066757202,0.0,1.0,constq,2,0,0
P15,genstat,G3LCOCO2,Los Cocos 2,,0.05423000082373619,3.7975775302179215e-11,1.0,constq,26,0,0
P15,genstat,G3QCABRE,Quilvio Cabrera,,0.12600000202655792,5.007656442290731e-11,1.0,constq,5,0,0
P15,genstat,G3JCOCO1,Juancho Los Cocos 1,,0.029999999329447746,7.080901143208251e-11,1.0,constq,26,0,0
P15,genstat,G3PELARI,Larimar,,0.4180000126361847,3.7975775302179215e-11,1.0,constq,15,0,0
P15,genstat,G3PELAR2,Larimar 2,,0.20928999781608582,3.7975775302179215e-11,1.0,constq,14,0,0
P15,genstat,G3PFLNEG,Parque Fotovoltaico Los Negros,WMRI2K,4.320000171661377,0.0,1.0,constq,3,0,0
P15,genstat,G3PFBAYA,Bayasol,WBAYAK,2.109999895095825,0.0,1.0,constq,13,0,0
P15,genstat,G4PSGIR1,Girasol Grupo 1,,2.286530017852783,0.0,1.0,constq,12,0,0
P15,genstat,G4PSGIR2,Girasol Grupo 2,,2.2732300758361816,0.0,1.0,constq,16,0,0
P15,genstat,G3SANTAS,Santanasol,WSANTK,2.1973299980163574,0.0,1.0,constq,15,0,0
P15,genstat,G3PFCALA,PF Calabaza 1,WXCA1K,1.904710054397583,0.0,1.0,constq,17,0,0
P15,genstat,G3PEMAT2,PE Matafongo 2,WMTFNK,0.3349500000476837,0.0,1.0,constq,3,0,0
P15,genstat,G3PEMATA,PE Matafongo,WMTFNK,0.12853999435901642,0.0,1.0,constq,17,0,0
P15,genstat,G3PFPER1,PF Peravia I,WPES1K,3.6258299350738525,0.0,1.0,constq,12,0,0
P15,genstat,G3PFPER2,PF Peravia II,WPES2K,3.5924999713897705,0.0,1.0,constq,12,0,0
P15,genstat,G6PEMINA,SA PE Los Mina,WXSALMK,1.000000013351432e-10,0.0,1.0,constq,1,0,0
P15,genstat,G6AANDRE,Sistema Almacenamiento AES Andrés,WXBAAK,1.000000013351432e-10,0.0,1.0,constq,1,0,0
P15,genstat,G3PFWCA2,PF Washington Capital 2,WXWC2K,4.25,0.0,1.0,constq,8,0,0
P15,genstat,G3PFWCA3,PF Washington Capital 3,WXWC3K,4.485000133514404,0.0,1.0,constq,8,0,0
P15,genstat,G3PFVICT,PF La Victoria,WLVICK,4.858749866485596,0.0,1.0,constq,8,0,0
P15,genstat,G3PFMIRA,Mirasol,WMIRAK,4.508820056915283,0.0,1.0,constq,17,0,0
P16,sym,G4PALAM3,Palamara Grupo 3,,1.000000013351432e-10,0.0,0.9900000095367432,constv,4,1,0
P16,sym,G4PALAM2,Palamara Grupo 2,,1.000000013351432e-10,0.0,1.0,constv,2,1,0
P16,sym,G4PALAM1,Palamara Grupo 1,,1.000000013351432e-10,0.0,0.9900000095367432,constv,4,1,0
P16,sym,G4IKM22,INCA km 22 Grupo 1,,1.000000013351432e-10,0.0,1.0,constq,2,1,0
P16,sym,G5IKM22,INCA km 22 Grupo 2,,1.000000013351432e-10,0.0,1.0,constq,1,1,0
P16,sym,G5EMA3G1,EDM3 TG1,WEM31K,48.0,0.0,0.9480000138282776,constv,1,0,0
P16,sym,G5EMA3G2,EDM3 TG2,WEM32K,48.0,0.0,0.9480000138282776,constv,1,0,0
P16,sym,G5EMAR3V,EDM3 TV,WEM33K,48.0,0.0,1.0,constv,1,0,0
P16,sym,G4Q1SPED,Quisqueya 1 San Pedro,,15.300000190734863,0.0,1.0,constv,4,0,0
P16,sym,G4QUIS12,Quisqueya 1 Grupo 2,,17.076000213623047,0.0,1.0,constv,4,0,0
P16,sym,G4QUIS21,Quisqueya 2 Grupo 1,,17.076000213623047,0.0,1.0,constv,4,0,0
P16,sym,G4QUIS22,Quisqueya 2 Grupo 2,,17.076000213623047,0.0,1.0,constv,4,0,0
P16,sym,G4QUIS23,Quisqueya 2 Grupo 3,,8.472999572753906,0.0,1.0,constv,4,0,0
P16,sym,G5QUISQ2,Quisqueya 2 TV,,1.000000013351432e-10,0.0,1.0,constq,1,1,0
P16,sym,G4QUIS13,Quisqueya 1 Grupo 3,,17.076000213623047,0.0,1.0,constv,4,0,0
P16,sym,G5QUISQ1,Quisqueya 1 TV,,0.8920000195503235,0.0,1.0,constv,1,0,0
P16,sym,G3PCATA1,Punta Catalina 1,WPCA1K,339.989990234375,0.0,1.0,constq,1,0,1
P16,sym,G3PCATA2,Punta Catalina 2,WPCA2K,359.989990234375,0.0,1.0,constq,1,0,0
P16,sym,G4SESTE3,Sultana del Este Grupo 3,WSES3K,1.000000013351432e-10,6.00007751816456e-11,1.0,constv,3,1,0
P16,sym,G4SESTE1,Sultana del Este Grupo 1,WSES1K,1.000000013351432e-10,0.0,1.0,constv,3,1,0
P16,sym,G4SESTE2,Sultana del Este Grupo 2,WSES2K,1.000000013351432e-10,0.0,1.0,constv,4,1,0
P16,sym,G3CESPM3,CESPM 3,WCES3K,82.12999725341797,0.0,1.0199999809265137,constv,1,0,0
P16,sym,G3CESPM2,CESPM 2,WCES2K,86.86000061035156,0.0,1.0199999809265137,constv,1,0,0
P16,sym,G3CESPM1,CESPM 1,WCES1K,79.6500015258789,0.0,1.0199999809265137,constv,1,0,0
P16,sym,G3ENE4TG,ENERGAS 4 TG,WXEN4K,10.0,0.0,1.0199999809265137,constv,1,0,0
P16,sym,G3ENE4TV,ENERGAS 4 TV,WXEV4K,1.000000013351432e-10,0.0,1.0199999809265137,constv,1,1,0
P16,sym,G3BERSAL,Bersal,,1.000000013351432e-10,0.0,1.0,constq,4,1,0
P16,sym,G4LOPPL1,Los Orígenes Power Plant Grupo 1,WLORIK,1.000000013351432e-10,0.0,1.0,constq,3,1,0
P16,sym,G4LOPPL2,Los Orígenes Power Plant Grupo 2,WLORIK,1.000000013351432e-10,0.0,1.0490000247955322,constv,2,1,0
P16,sym,G3SPBIOE,San Pedro Bio-Energy,,30.0,0.0,1.0,constq,1,0,0
P16,sym,G3CEMON2,Contra Embalse Monción 2,WCEMOK,0.75,0.36324170231819153,1.0,constq,1,0,0
P16,sym,G3CEMON1,Contra Embalse Monción 1,WCEMOK,0.75,0.36324170231819153,1.0,constq,1,0,0
P16,sym,G3MONCI2,Monción 2,WMONCK,1.000000013351432e-10,0.0,1.0,constv,1,1,0
P16,sym,G3MONCI1,Monción 1,WMONCK,1.000000013351432e-10,0.0,1.0,constq,1,1,0
P16,sym,G3PIMEN3,Pimentel 3,WPIM3K,1.000000013351432e-10,0.0,1.0,constq,3,1,0
P16,sym,G3PIMEN2,Pimentel 2,,1.000000013351432e-10,0.0,1.0,constv,4,1,0
P16,sym,G3PIMEN1,Pimentel 1,,1.000000013351432e-10,0.0,1.0,constv,4,1,0
P16,sym,G3LANGOS,López Angostura,WLANGK,4.0,0.0,1.0,constv,1,0,0
P16,sym,G3BAIGU2,Baiguaque 2,WBAI1K,1.000000013351432e-10,3.2868412852549156e-11,1.0,constq,1,1,0
P16,sym,G3BAIGU1,Baiguaque 1,WBAI1K,0.10000000149011612,0.04843222349882126,1.0,constq,1,0,0
P16,sym,G3TAVER2,Tavera 2,WTAV2K,1.000000013351432e-10,0.0,1.0,constq,1,1,0
P16,sym,G3TAVER1,Tavera 1,WTAV1K,1.000000013351432e-10,0.0,1.0,constv,1,1,0
P16,sym,G3SFELIG,San Felipe TG,,1.000000013351432e-10,0.0,1.0,constv,1,1,0
P16,sym,G3SFV,San Felipe Vapor,WSFEVK,1.000000013351432e-10,0.0,1.0,constv,1,1,0
P16,sym,G3PIMEN4,Pimentel 4,WXPI4K,17.315000534057617,0.0,1.0,constv,2,0,0
P16,sym,G3LTORO1,Los Toros 1,WLTO1K,1.000000013351432e-10,6.00007751816456e-11,1.0,constq,1,1,0
P16,sym,G3LTORO2,Los Toros 2,WLTO1K,1.000000013351432e-10,3.2868412852549156e-11,1.0,constq,1,1,0
P16,sym,G3NNAJAY,Nizao Najayo,WXNNAK,1.000000013351432e-10,4.843220963168804e-11,1.0,constq,1,1,0
P16,sym,G3LANONE,Los Anones,WXLANK,1.000000013351432e-10,4.843220963168804e-11,1.0,constq,1,1,0
P16,sym,G3SYEGUA,Sabana Yegua,WSYEGK,1.000000013351432e-10,0.0,1.0,constv,1,1,0
P16,sym,G3SABANE,Sabaneta,WSABAK,1.000000013351432e-10,0.0,1.0,constv,1,1,0
P16,sym,G3MAGUE2,Magueyal 2,WMAGUK,1.000000013351432e-10,4.843220963168804e-11,1.0,constq,1,1,0
P16,sym,G3MAGUE1,Magueyal 1,WMAGUK,1.000000013351432e-10,4.843220963168804e-11,1.0,constq,1,1,0
P16,sym,G3LDAMAS,Las Damas,,1.600000023841858,0.7749155759811401,1.0479999780654907,constv,1,0,0
P16,sym,G3DRODR2,Domingo Rodríguez 2,WDRODL,1.000000013351432e-10,3.2868412852549156e-11,1.0,constq,1,1,0
P16,sym,G3DRODR1,Domingo Rodríguez 1,WDRODL,1.000000013351432e-10,3.2868412852549156e-11,1.0,constq,1,1,0
P16,sym,G3HTG,Haina TG,WHAIGK,1.000000013351432e-10,0.0,1.0,constq,1,1,0
P16,sym,G3VALDE2,Valdesia 2,WVAL2K,1.000000013351432e-10,0.0,1.0,constq,1,1,0
P16,sym,G3VALDE1,Valdesia 1,WVAL1K,1.000000013351432e-10,0.0,1.0,constv,1,1,0
P16,sym,G3LBARIA,Las Barías,WLBARK,1.000000013351432e-10,4.843220963168804e-11,1.0,constq,1,1,0
P16,sym,G3BCARBO,Barahona Carbón,WBCARK,50.0,0.0,1.0,constv,1,0,0
P16,sym,G3JIGUE2,Jigüey 2,WJIG2K,1.000000013351432e-10,0.0,1.0,constv,1,1,0
P16,sym,G3JIGUE1,Jigüey 1,WJIG1K,1.000000013351432e-10,0.0,1.0,constv,1,1,0
P16,sym,G3AGUAC2,Aguacate 2,WAGU2K,1.000000013351432e-10,0.0,1.0,constq,1,1,0
P16,sym,G3AGUAC1,Aguacate 1,WAGU1K,1.000000013351432e-10,0.0,1.0,constq,1,1,0
P16,sym,G4MRIO3,Monte Río Grupo 2,WMRI3K,1.000000013351432e-10,0.0,1.0199999809265137,constv,7,1,0
P16,sym,G4MRIO1,Monte Río Grupo 1,WMRI1K,1.000000013351432e-10,0.0,1.0199999809265137,constv,6,1,0
P16,sym,G3ITABO2,Itabo 2,WITA2K,1.000000013351432e-10,0.0,1.0,constv,1,1,0
P16,sym,G3ITABO1,Itabo 1,WITA1K,120.0,0.0,1.0,constv,1,0,0
P16,sym,G3SLORE1,San Lorenzo 1,,1.000000013351432e-10,0.0,1.0,constv,1,1,0
P16,sym,G3PALOM2,Palomino 2,WPLM1K,1.000000013351432e-10,0.0,1.0199999809265137,constv,1,1,0
P16,sym,G3PALOM1,Palomino 1,WPLM2K,1.000000013351432e-10,0.0,1.0199999809265137,constv,1,1,0
P16,sym,G4PAK262,POWERSHIP AZUA KPS26 2,WXPA2K,1.000000013351432e-10,4.843220963168804e-11,1.0,constv,3,1,0
P16,sym,G4PAK261,POWERSHIP AZUA KPS26 1,WXPA1K,1.000000013351432e-10,4.843220963168804e-11,1.0,constv,3,1,0
P16,sym,G4PAK601,POWERSHIP AZUA KPS60,WXPA3K,1.000000013351432e-10,4.843220963168804e-11,1.0,constv,4,1,0
P16,sym,G5PAK6TV,POWERSHIP AZUA TV,WXPA3K,1.000000013351432e-10,4.843220963168804e-11,1.0,constv,1,1,0
P16,sym,G3PALENQ,Palenque,WPAQ2K,1.000000013351432e-10,0.0,1.0,constq,4,1,0
P16,sym,G4PAK561,POWERSHIP AZUA KPS56,WXPA4K,1.000000013351432e-10,4.843220963168804e-11,1.0,constv,8,1,0
P16,sym,G3LMINA6,Los Mina 6,WLMI6K,83.0374984741211,0.0,1.0,constv,1,0,0
P16,sym,G5AANDRV,AES Andrés TV,WAANVK,83.80999755859375,0.0,1.0,constv,1,0,0
P16,sym,G5AANDRG,AES Andrés TG,WAANGK,162.69000244140625,0.0,1.0,constv,1,0,0
P16,sym,G3METALD,METALDOM,WMETAK,1.000000013351432e-10,0.0,0.9900000095367432,constv,4,1,0
P16,sym,G3LMINA5,Los Mina 5,WLMI5K,83.0374984741211,0.0,1.0,constv,1,0,0
P16,sym,G4EMAR21,EDM2 Grupo 1,,16.333330154418945,0.0,1.0,constq,3,0,0
P16,sym,G4EMAR22,EDM2 Grupo 2,,1.000000013351432e-10,0.0,1.0,constq,3,1,0
P16,sym,G4EMAR23,EDM2 TV,,1.000000013351432e-10,0.0,1.0,constq,1,1,0
P16,sym,G3LMINA7,Los Mina 7,WLMI7K,89.42500305175781,43.31050491333008,1.0,constv,1,0,0
P16,sym,G4SIBA1,SIBA Grupo 1,WXSI1K,9.899999618530273,4.7947893142700195,1.0,constv,2,0,0
P16,sym,G4SIBA2,SIBA Grupo 2,WXSI2K,16.700000762939453,8.08818244934082,1.0,constv,2,0,0
P16,sym,G4SIBA3,SIBA Grupo 3,WXSI3K,1.000000013351432e-10,0.0,1.0,constv,2,1,0
P16,sym,G4SIBA4,SIBA Grupo 4,WXSI4K,16.700000762939453,8.08818244934082,1.0,constv,2,0,0
P16,sym,G4SIBA6,SIBA Grupo 6,WXSI6K,25.0,12.108054161071777,1.0,constv,2,0,0
P16,sym,G4SIBA5,SIBA Grupo 5,WXSI5K,16.700000762939453,8.08818244934082,1.0,constv,2,0,0
P16,sym,G3PINAL2,Pinalito 2,WPIN2K,1.000000013351432e-10,6.00007751816456e-11,1.0490000247955322,constv,1,1,0
P16,sym,G3PINAL1,Pinalito 1,WPIN1K,1.000000013351432e-10,5.933650792933065e-11,1.0490000247955322,constv,1,1,0
P16,sym,G3RBLAN2,Río Blanco 2,WRBLCK,11.5,6.900088310241699,1.0490000247955322,constv,1,0,0
P16,sym,G3RBLAN1,Río Blanco 1,WRBLAK,1.000000013351432e-10,5.933650792933065e-11,1.0490000247955322,constv,1,1,0
P16,sym,G3RINCON,Rincón,WRINCK,1.000000013351432e-10,6.00007751816456e-11,1.0,constv,1,1,0
P16,sym,G3RJCRUZ,Rosa Julia De La Cruz,WRJCRK,1.000000013351432e-10,3.2868412852549156e-11,1.0,constq,1,1,0
P16,sym,G3ESALTO,El Salto,WESALK,1.000000013351432e-10,4.843220963168804e-11,1.0,constq,1,1,0
P16,sym,G4LVEGA1,La Vega Grupo 1,,1.000000013351432e-10,0.0,1.0,constq,3,1,0
P16,sym,G4LVEGA2,La Vega Grupo 2,,1.000000013351432e-10,0.0,1.0,constv,2,1,0
P16,sym,G3AVARG1,Aniana Vargas 1,WAVA1K,1.000000013351432e-10,3.2868412852549156e-11,1.0,constq,1,1,0
P16,sym,G3AVARG2,Aniana Vargas 2,WAVA1K,0.10000000149011612,0.0328684076666832,1.0,constq,1,0,0
P16,sym,G3JIMENO,Jimenoa,WJIMEK,5.300000190734863,0.0,1.0,constv,1,0,0
P16,sym,G3HATILL,Hatillo 1,WHATIK,7.099999904632568,4.260055065155029,1.0,constq,1,0,0
P16,sym,G3HATIL2,Hatillo 2,,1.000000013351432e-10,6.00007751816456e-11,1.0,constq,1,1,0
P16,sym,G3BDEREC,Brazo Derecho,WBDERK,1.000000013351432e-10,4.843220963168804e-11,1.0,constv,1,1,0
P16,genstat,G3MPSOLA,Monte Plata Solar,,30.030000686645508,0.0,1.0,constq,1,0,0
P16,genstat,G7EMAR31,SA 1 EDM3,WEM31K,1.000000013351432e-10,0.0,1.0,constq,1,1,0
P16,genstat,G7EMAR32,SA 2 EDM3,WEM32K,1.000000013351432e-10,0.0,1.0,constq,1,1,0
P16,genstat,G3PFMPAL,Mata de Palma Solar,WMPALK,1.332859992980957,0.0,1.0,constq,21,0,0
P16,genstat,G3PFMART,PF Martí,WMARTK,2.9725000858306885,0.0,1.0,constq,8,0,0
P16,genstat,G3PFMARA,PF Maranatha,WMARAK,2.6649999618530273,0.0,1.0,constq,2,0,0
P16,genstat,G4PFCUM4,PF Cumayasa 4,WXCU4K,3.747499942779541,0.0,1.0,constq,8,0,0
P16,genstat,G3PFCUM2,PF Cumayasa 2,WXCU2K,4.966000080108643,0.0,1.0,constq,5,0,0
P16,genstat,G3PFCUM1,PF Cumayasa 1,WXCU1K,4.472219944000244,0.0,1.0,constq,9,0,0
P16,genstat,G3ESOCO,El Soco,WXESOK,3.5081799030303955,0.0,1.0,constq,11,0,0
P16,genstat,G3PFCOT1,PF Cotoperí 1,WCSO1K,2.6500000953674316,0.0,1.0,constq,8,0,0
P16,genstat,G3PFCOT2,PF Cotoperí 2,WCSO2K,2.536250114440918,0.0,1.0,constq,8,0,0
P16,genstat,G3PFCOT3,PF Cotoperí 3,WCSO3K,2.913749933242798,0.0,1.0,constq,8,0,0
P16,genstat,G4PFCOA2,PF Coastal G2,WCOA2K,5.884170055389404,0.0,1.0,constq,6,0,0
P16,genstat,G4PFCOA1,PF Coastal G1,WCOA1K,5.043570041656494,0.0,1.0,constq,7,0,0
P16,genstat,G3PFSAJO,Parque Fotovoltaico SAJOMA,WXPFSK,4.077779769897461,0.0,1.0,constq,9,0,0
P16,genstat,G4PFMSO2,Monte Cristi Solar Grupo 2,,1.1583000421524048,0.0,1.0,constq,12,0,0
P16,genstat,G4PFMSO1,Monte Cristi Solar Grupo 1,,1.1663999557495117,0.0,1.0,constq,11,0,0
P16,genstat,G3PEACLA,Agua Clara,WACLAK,0.42160001397132874,0.0,1.0,constq,25,0,0
P16,genstat,G3PEGUAN,Guanillo,WGNLLK,0.6603999733924866,0.0,1.0,constq,25,0,0
P16,genstat,G3PELGUZ,Los Guzmancito,WLGUZK,0.23882000148296356,0.0,1.0,constq,17,0,0
P16,genstat,G3PELGU2,Los Guzmancito 2,WLGU2K,0.23462000489234924,0.0,1.0,constq,13,0,0
P16,genstat,G3PFMATR,Parque Fotovoltaico MATRISOL,WXMATK,2.3381800651550293,0.0,1.0,constq,11,0,0
P16,genstat,G3PSESPE,PS Esperanza,WXPS1K,2.3233299255371094,0.0,1.0,constq,18,0,0
P16,genstat,,SBX_20260708_161425_e01931_PV,,0.0,0.0,1.0,constq,1,1,0
P16,genstat,,BESS,,2.5,0.0,1.0,constq,1,0,0
P16,genstat,G3SCANOA,Solar Canoa,WSCANK,2.5274999141693115,0.0,1.0,constq,8,0,0
P16,genstat,G3PFLUCI,PF Lucila,WXLUCK,2.555000066757202,0.0,1.0,constq,2,0,0
P16,genstat,G3LCOCO2,Los Cocos 2,,0.05153999850153923,3.7975775302179215e-11,1.0,constq,26,0,0
P16,genstat,G3QCABRE,Quilvio Cabrera,,0.12800000607967377,5.007656442290731e-11,1.0,constq,5,0,0
P16,genstat,G3JCOCO1,Juancho Los Cocos 1,,0.03077000007033348,7.080901143208251e-11,1.0,constq,26,0,0
P16,genstat,G3PELARI,Larimar,,0.42800000309944153,3.7975775302179215e-11,1.0,constq,15,0,0
P16,genstat,G3PELAR2,Larimar 2,,0.2071399986743927,3.7975775302179215e-11,1.0,constq,14,0,0
P16,genstat,G3PFLNEG,Parque Fotovoltaico Los Negros,WMRI2K,4.056670188903809,0.0,1.0,constq,3,0,0
P16,genstat,G3PFBAYA,Bayasol,WBAYAK,1.781540036201477,0.0,1.0,constq,13,0,0
P16,genstat,G4PSGIR1,Girasol Grupo 1,,2.278640031814575,0.0,1.0,constq,12,0,0
P16,genstat,G4PSGIR2,Girasol Grupo 2,,2.265389919281006,0.0,1.0,constq,16,0,0
P16,genstat,G3SANTAS,Santanasol,WSANTK,1.9493299722671509,0.0,1.0,constq,15,0,0
P16,genstat,G3PFCALA,PF Calabaza 1,WXCA1K,1.6047099828720093,0.0,1.0,constq,17,0,0
P16,genstat,G3PEMAT2,PE Matafongo 2,WMTFNK,0.3454500138759613,0.0,1.0,constq,3,0,0
P16,genstat,G3PEMATA,PE Matafongo,WMTFNK,0.13256999850273132,0.0,1.0,constq,17,0,0
P16,genstat,G3PFPER1,PF Peravia I,WPES1K,3.3033299446105957,0.0,1.0,constq,12,0,0
P16,genstat,G3PFPER2,PF Peravia II,WPES2K,3.265000104904175,0.0,1.0,constq,12,0,0
P16,genstat,G6PEMINA,SA PE Los Mina,WXSALMK,1.000000013351432e-10,0.0,1.0,constq,1,0,0
P16,genstat,G6AANDRE,Sistema Almacenamiento AES Andrés,WXBAAK,1.000000013351432e-10,0.0,1.0,constq,1,0,0
P16,genstat,G3PFWCA2,PF Washington Capital 2,WXWC2K,2.8012499809265137,0.0,1.0,constq,8,0,0
P16,genstat,G3PFWCA3,PF Washington Capital 3,WXWC3K,3.0087499618530273,0.0,1.0,constq,8,0,0
P16,genstat,G3PFVICT,PF La Victoria,WLVICK,4.454999923706055,0.0,1.0,constq,8,0,0
P16,genstat,G3PFMIRA,Mirasol,WMIRAK,3.7470600605010986,0.0,1.0,constq,17,0,0
P17,sym,G4PALAM3,Palamara Grupo 3,,1.8279000520706177,0.0,0.9900000095367432,constv,4,0,0
P17,sym,G4PALAM2,Palamara Grupo 2,,10.766400337219238,0.0,1.0,constv,2,0,0
P17,sym,G4PALAM1,Palamara Grupo 1,,10.766400337219238,0.0,0.9900000095367432,constv,4,0,0
P17,sym,G4IKM22,INCA km 22 Grupo 1,,1.000000013351432e-10,0.0,1.0,constq,2,1,0
P17,sym,G5IKM22,INCA km 22 Grupo 2,,1.000000013351432e-10,0.0,1.0,constq,1,1,0
P17,sym,G5EMA3G1,EDM3 TG1,WEM31K,48.0,0.0,0.9399999976158142,constv,1,0,0
P17,sym,G5EMA3G2,EDM3 TG2,WEM32K,48.0,0.0,0.9359999895095825,constv,1,0,0
P17,sym,G5EMAR3V,EDM3 TV,WEM33K,48.0,0.0,0.9480000138282776,constv,1,0,0
P17,sym,G4Q1SPED,Quisqueya 1 San Pedro,,16.487499237060547,0.0,1.0,constv,4,0,0
P17,sym,G4QUIS12,Quisqueya 1 Grupo 2,,17.076000213623047,0.0,1.0,constv,4,0,0
P17,sym,G4QUIS21,Quisqueya 2 Grupo 1,,17.076000213623047,0.0,1.0,constv,4,0,0
P17,sym,G4QUIS22,Quisqueya 2 Grupo 2,,17.076000213623047,0.0,1.0,constv,4,0,0
P17,sym,G4QUIS23,Quisqueya 2 Grupo 3,,8.61050033569336,0.0,1.0,constv,4,0,0
P17,sym,G5QUISQ2,Quisqueya 2 TV,,1.000000013351432e-10,0.0,1.0,constq,1,1,0
P17,sym,G4QUIS13,Quisqueya 1 Grupo 3,,17.076000213623047,0.0,1.0,constv,4,0,0
P17,sym,G5QUISQ1,Quisqueya 1 TV,,0.8920000195503235,0.0,1.0,constv,1,0,0
P17,sym,G3PCATA1,Punta Catalina 1,WPCA1K,339.989990234375,0.0,1.0,constq,1,0,1
P17,sym,G3PCATA2,Punta Catalina 2,WPCA2K,359.989990234375,0.0,1.0,constq,1,0,0
P17,sym,G4SESTE3,Sultana del Este Grupo 3,WSES3K,1.000000013351432e-10,6.00007751816456e-11,1.0,constv,3,1,0
P17,sym,G4SESTE1,Sultana del Este Grupo 1,WSES1K,1.000000013351432e-10,0.0,1.0,constv,3,1,0
P17,sym,G4SESTE2,Sultana del Este Grupo 2,WSES2K,1.000000013351432e-10,0.0,1.0,constv,4,1,0
P17,sym,G3CESPM3,CESPM 3,WCES3K,86.73999786376953,0.0,1.0199999809265137,constv,1,0,0
P17,sym,G3CESPM2,CESPM 2,WCES2K,86.86000061035156,0.0,1.0199999809265137,constv,1,0,0
P17,sym,G3CESPM1,CESPM 1,WCES1K,87.05000305175781,0.0,1.0199999809265137,constv,1,0,0
P17,sym,G3ENE4TG,ENERGAS 4 TG,WXEN4K,40.0,0.0,1.0199999809265137,constv,1,0,0
P17,sym,G3ENE4TV,ENERGAS 4 TV,WXEV4K,1.000000013351432e-10,0.0,1.0199999809265137,constv,1,1,0
P17,sym,G3BERSAL,Bersal,,1.000000013351432e-10,0.0,1.0,constq,4,1,0
P17,sym,G4LOPPL1,Los Orígenes Power Plant Grupo 1,WLORIK,1.000000013351432e-10,0.0,1.0,constq,3,1,0
P17,sym,G4LOPPL2,Los Orígenes Power Plant Grupo 2,WLORIK,1.000000013351432e-10,0.0,1.0490000247955322,constv,2,1,0
P17,sym,G3SPBIOE,San Pedro Bio-Energy,,30.0,0.0,1.0,constq,1,0,0
P17,sym,G3CEMON2,Contra Embalse Monción 2,WCEMOK,0.75,0.36324170231819153,1.0,constq,1,0,0
P17,sym,G3CEMON1,Contra Embalse Monción 1,WCEMOK,0.75,0.36324170231819153,1.0,constq,1,0,0
P17,sym,G3MONCI2,Monción 2,WMONCK,1.000000013351432e-10,0.0,1.0,constv,1,1,0
P17,sym,G3MONCI1,Monción 1,WMONCK,1.000000013351432e-10,0.0,1.0,constq,1,1,0
P17,sym,G3PIMEN3,Pimentel 3,WPIM3K,8.526670455932617,0.0,1.0,constq,3,0,0
P17,sym,G3PIMEN2,Pimentel 2,,3.944999933242798,0.0,1.0,constv,4,0,0
P17,sym,G3PIMEN1,Pimentel 1,,3.055000066757202,0.0,1.0,constv,4,0,0
P17,sym,G3LANGOS,López Angostura,WLANGK,4.0,0.0,1.0,constv,1,0,0
P17,sym,G3BAIGU2,Baiguaque 2,WBAI1K,1.000000013351432e-10,3.2868412852549156e-11,1.0,constq,1,1,0
P17,sym,G3BAIGU1,Baiguaque 1,WBAI1K,0.10000000149011612,0.04843222349882126,1.0,constq,1,0,0
P17,sym,G3TAVER2,Tavera 2,WTAV2K,1.000000013351432e-10,0.0,1.0,constq,1,1,0
P17,sym,G3TAVER1,Tavera 1,WTAV1K,1.000000013351432e-10,0.0,1.0,constv,1,1,0
P17,sym,G3SFELIG,San Felipe TG,,1.000000013351432e-10,0.0,1.0,constv,1,1,0
P17,sym,G3SFV,San Felipe Vapor,WSFEVK,1.000000013351432e-10,0.0,1.0,constv,1,1,0
P17,sym,G3PIMEN4,Pimentel 4,WXPI4K,17.55500030517578,0.0,1.0,constv,2,0,0
P17,sym,G3LTORO1,Los Toros 1,WLTO1K,1.000000013351432e-10,6.00007751816456e-11,1.0,constq,1,1,0
P17,sym,G3LTORO2,Los Toros 2,WLTO1K,1.000000013351432e-10,3.2868412852549156e-11,1.0,constq,1,1,0
P17,sym,G3NNAJAY,Nizao Najayo,WXNNAK,1.000000013351432e-10,4.843220963168804e-11,1.0,constq,1,1,0
P17,sym,G3LANONE,Los Anones,WXLANK,1.000000013351432e-10,4.843220963168804e-11,1.0,constq,1,1,0
P17,sym,G3SYEGUA,Sabana Yegua,WSYEGK,1.000000013351432e-10,0.0,1.0,constv,1,1,0
P17,sym,G3SABANE,Sabaneta,WSABAK,1.000000013351432e-10,0.0,1.0,constv,1,1,0
P17,sym,G3MAGUE2,Magueyal 2,WMAGUK,1.000000013351432e-10,4.843220963168804e-11,1.0,constq,1,1,0
P17,sym,G3MAGUE1,Magueyal 1,WMAGUK,1.000000013351432e-10,4.843220963168804e-11,1.0,constq,1,1,0
P17,sym,G3LDAMAS,Las Damas,,1.600000023841858,0.7749155759811401,1.0,constv,1,0,0
P17,sym,G3DRODR2,Domingo Rodríguez 2,WDRODL,1.000000013351432e-10,3.2868412852549156e-11,1.0,constq,1,1,0
P17,sym,G3DRODR1,Domingo Rodríguez 1,WDRODL,1.000000013351432e-10,3.2868412852549156e-11,1.0,constq,1,1,0
P17,sym,G3HTG,Haina TG,WHAIGK,1.000000013351432e-10,0.0,1.0,constq,1,1,0
P17,sym,G3VALDE2,Valdesia 2,WVAL2K,1.000000013351432e-10,0.0,1.0,constq,1,1,0
P17,sym,G3VALDE1,Valdesia 1,WVAL1K,1.000000013351432e-10,0.0,1.0,constv,1,1,0
P17,sym,G3LBARIA,Las Barías,WLBARK,1.000000013351432e-10,4.843220963168804e-11,1.0,constq,1,1,0
P17,sym,G3BCARBO,Barahona Carbón,WBCARK,50.0,0.0,1.0,constv,1,0,0
P17,sym,G3JIGUE2,Jigüey 2,WJIG2K,1.000000013351432e-10,0.0,1.0,constv,1,1,0
P17,sym,G3JIGUE1,Jigüey 1,WJIG1K,1.000000013351432e-10,0.0,1.0,constv,1,1,0
P17,sym,G3AGUAC2,Aguacate 2,WAGU2K,26.0,0.0,1.0,constq,1,0,0
P17,sym,G3AGUAC1,Aguacate 1,WAGU1K,1.000000013351432e-10,0.0,1.0,constq,1,1,0
P17,sym,G4MRIO3,Monte Río Grupo 2,WMRI3K,1.000000013351432e-10,0.0,1.0199999809265137,constv,7,1,0
P17,sym,G4MRIO1,Monte Río Grupo 1,WMRI1K,1.000000013351432e-10,0.0,1.0199999809265137,constv,6,1,0
P17,sym,G3ITABO2,Itabo 2,WITA2K,1.000000013351432e-10,0.0,1.0,constv,1,1,0
P17,sym,G3ITABO1,Itabo 1,WITA1K,120.0,0.0,1.0,constv,1,0,0
P17,sym,G3SLORE1,San Lorenzo 1,,1.000000013351432e-10,0.0,1.0,constv,1,1,0
P17,sym,G3PALOM2,Palomino 2,WPLM1K,1.000000013351432e-10,0.0,1.0199999809265137,constv,1,1,0
P17,sym,G3PALOM1,Palomino 1,WPLM2K,1.000000013351432e-10,0.0,1.0199999809265137,constv,1,1,0
P17,sym,G4PAK262,POWERSHIP AZUA KPS26 2,WXPA2K,1.000000013351432e-10,4.843220963168804e-11,1.0,constv,3,1,0
P17,sym,G4PAK261,POWERSHIP AZUA KPS26 1,WXPA1K,12.329999923706055,5.971690654754639,1.0,constv,3,0,0
P17,sym,G4PAK601,POWERSHIP AZUA KPS60,WXPA3K,13.25,6.417268753051758,1.0,constv,4,0,0
P17,sym,G5PAK6TV,POWERSHIP AZUA TV,WXPA3K,1.000000013351432e-10,4.843220963168804e-11,1.0,constv,1,1,0
P17,sym,G3PALENQ,Palenque,WPAQ2K,1.000000013351432e-10,0.0,1.0,constq,4,1,0
P17,sym,G4PAK561,POWERSHIP AZUA KPS56,WXPA4K,1.000000013351432e-10,4.843220963168804e-11,1.0,constv,8,1,0
P17,sym,G3LMINA6,Los Mina 6,WLMI6K,87.73374938964844,0.0,1.0,constv,1,0,0
P17,sym,G5AANDRV,AES Andrés TV,WAANVK,99.11000061035156,0.0,1.0,constv,1,0,0
P17,sym,G5AANDRG,AES Andrés TG,WAANGK,192.38999938964844,0.0,1.0,constv,1,0,0
P17,sym,G3METALD,METALDOM,WMETAK,1.000000013351432e-10,0.0,0.9900000095367432,constv,4,1,0
P17,sym,G3LMINA5,Los Mina 5,WLMI5K,87.73374938964844,0.0,1.0,constv,1,0,0
P17,sym,G4EMAR21,EDM2 Grupo 1,,18.14324951171875,0.0,1.0,constq,3,0,0
P17,sym,G4EMAR22,EDM2 Grupo 2,,15.79675006866455,0.0,1.0,constq,3,0,0
P17,sym,G4EMAR23,EDM2 TV,,1.000000013351432e-10,0.0,1.0,constq,1,1,0
P17,sym,G3LMINA7,Los Mina 7,WLMI7K,94.48249816894531,45.75995635986328,1.0,constv,1,0,0
P17,sym,G4SIBA1,SIBA Grupo 1,WXSI1K,9.899999618530273,4.7947893142700195,1.0,constv,2,0,0
P17,sym,G4SIBA2,SIBA Grupo 2,WXSI2K,16.700000762939453,8.08818244934082,1.0,constv,2,0,0
P17,sym,G4SIBA3,SIBA Grupo 3,WXSI3K,1.000000013351432e-10,0.0,1.0,constv,2,1,0
P17,sym,G4SIBA4,SIBA Grupo 4,WXSI4K,16.700000762939453,8.08818244934082,1.0,constv,2,0,0
P17,sym,G4SIBA6,SIBA Grupo 6,WXSI6K,25.0,12.108054161071777,1.0,constv,2,0,0
P17,sym,G4SIBA5,SIBA Grupo 5,WXSI5K,16.700000762939453,8.08818244934082,1.0,constv,2,0,0
P17,sym,G3PINAL2,Pinalito 2,WPIN2K,1.000000013351432e-10,6.00007751816456e-11,1.0490000247955322,constv,1,1,0
P17,sym,G3PINAL1,Pinalito 1,WPIN1K,1.000000013351432e-10,5.933650792933065e-11,1.0490000247955322,constv,1,1,0
P17,sym,G3RBLAN2,Río Blanco 2,WRBLCK,11.5,6.900088310241699,1.0490000247955322,constv,1,0,0
P17,sym,G3RBLAN1,Río Blanco 1,WRBLAK,1.000000013351432e-10,5.933650792933065e-11,1.0490000247955322,constv,1,1,0
P17,sym,G3RINCON,Rincón,WRINCK,1.000000013351432e-10,6.00007751816456e-11,1.0,constv,1,1,0
P17,sym,G3RJCRUZ,Rosa Julia De La Cruz,WRJCRK,1.000000013351432e-10,3.2868412852549156e-11,1.0,constq,1,1,0
P17,sym,G3ESALTO,El Salto,WESALK,1.000000013351432e-10,4.843220963168804e-11,1.0,constq,1,1,0
P17,sym,G4LVEGA1,La Vega Grupo 1,,18.42799949645996,0.0,1.0,constq,3,0,0
P17,sym,G4LVEGA2,La Vega Grupo 2,,6.478000164031982,0.0,1.0,constv,2,0,0
P17,sym,G3AVARG1,Aniana Vargas 1,WAVA1K,1.000000013351432e-10,3.2868412852549156e-11,1.0,constq,1,1,0
P17,sym,G3AVARG2,Aniana Vargas 2,WAVA1K,0.10000000149011612,0.0328684076666832,1.0,constq,1,0,0
P17,sym,G3JIMENO,Jimenoa,WJIMEK,5.300000190734863,0.0,1.0,constv,1,0,0
P17,sym,G3HATILL,Hatillo 1,WHATIK,7.099999904632568,4.260055065155029,1.0,constv,1,0,0
P17,sym,G3HATIL2,Hatillo 2,,1.000000013351432e-10,6.00007751816456e-11,1.0,constq,1,1,0
P17,sym,G3BDEREC,Brazo Derecho,WBDERK,1.000000013351432e-10,4.843220963168804e-11,1.0,constv,1,1,0
P17,genstat,G3MPSOLA,Monte Plata Solar,,16.43000030517578,0.0,1.0,constq,1,0,0
P17,genstat,G7EMAR31,SA 1 EDM3,WEM31K,1.000000013351432e-10,0.0,1.0,constq,1,1,0
P17,genstat,G7EMAR32,SA 2 EDM3,WEM32K,1.000000013351432e-10,0.0,1.0,constq,1,1,0
P17,genstat,G3PFMPAL,Mata de Palma Solar,WMPALK,0.7200000286102295,0.0,1.0,constq,21,0,0
P17,genstat,G3PFMART,PF Martí,WMARTK,1.8737499713897705,0.0,1.0,constq,8,0,0
P17,genstat,G3PFMARA,PF Maranatha,WMARAK,1.5950000286102295,0.0,1.0,constq,2,0,0
P17,genstat,G4PFCUM4,PF Cumayasa 4,WXCU4K,3.262500047683716,0.0,1.0,constq,8,0,0
P17,genstat,G3PFCUM2,PF Cumayasa 2,WXCU2K,3.3540000915527344,0.0,1.0,constq,5,0,0
P17,genstat,G3PFCUM1,PF Cumayasa 1,WXCU1K,3.1355600357055664,0.0,1.0,constq,9,0,0
P17,genstat,G3ESOCO,El Soco,WXESOK,2.058180093765259,0.0,1.0,constq,11,0,0
P17,genstat,G3PFCOT1,PF Cotoperí 1,WCSO1K,1.722499966621399,0.0,1.0,constq,8,0,0
P17,genstat,G3PFCOT2,PF Cotoperí 2,WCSO2K,1.7725000381469727,0.0,1.0,constq,8,0,0
P17,genstat,G3PFCOT3,PF Cotoperí 3,WCSO3K,1.8237500190734863,0.0,1.0,constq,8,0,0
P17,genstat,G4PFCOA2,PF Coastal G2,WCOA2K,3.1966700553894043,0.0,1.0,constq,6,0,0
P17,genstat,G4PFCOA1,PF Coastal G1,WCOA1K,2.740000009536743,0.0,1.0,constq,7,0,0
P17,genstat,G3PFSAJO,Parque Fotovoltaico SAJOMA,WXPFSK,1.850000023841858,0.0,1.0,constq,9,0,0
P17,genstat,G4PFMSO2,Monte Cristi Solar Grupo 2,,0.7955999970436096,0.0,1.0,constq,12,0,0
P17,genstat,G4PFMSO1,Monte Cristi Solar Grupo 1,,0.8011599779129028,0.0,1.0,constq,11,0,0
P17,genstat,G3PEACLA,Agua Clara,WACLAK,0.5095999836921692,0.0,1.0,constq,25,0,0
P17,genstat,G3PEGUAN,Guanillo,WGNLLK,0.7235999703407288,0.0,1.0,constq,25,0,0
P17,genstat,G3PELGUZ,Los Guzmancito,WLGUZK,0.2282399982213974,0.0,1.0,constq,17,0,0
P17,genstat,G3PELGU2,Los Guzmancito 2,WLGU2K,0.22307999432086945,0.0,1.0,constq,13,0,0
P17,genstat,G3PFMATR,Parque Fotovoltaico MATRISOL,WXMATK,1.3881800174713135,0.0,1.0,constq,11,0,0
P17,genstat,G3PSESPE,PS Esperanza,WXPS1K,1.003890037536621,0.0,1.0,constq,18,0,0
P17,genstat,,SBX_20260708_161425_e01931_PV,,0.0,0.0,1.0,constq,1,1,0
P17,genstat,,BESS,,2.5,0.0,1.0,constq,1,0,0
P17,genstat,G3SCANOA,Solar Canoa,WSCANK,1.5700000524520874,0.0,1.0,constq,8,0,0
P17,genstat,G3PFLUCI,PF Lucila,WXLUCK,1.6950000524520874,0.0,1.0,constq,2,0,0
P17,genstat,G3LCOCO2,Los Cocos 2,,0.03962000086903572,3.7975775302179215e-11,1.0,constq,26,0,0
P17,genstat,G3QCABRE,Quilvio Cabrera,,0.10400000214576721,5.007656442290731e-11,1.0,constq,5,0,0
P17,genstat,G3JCOCO1,Juancho Los Cocos 1,,0.022690000012516975,7.080901143208251e-11,1.0,constq,26,0,0
P17,genstat,G3PELARI,Larimar,,0.3133299946784973,3.7975775302179215e-11,1.0,constq,15,0,0
P17,genstat,G3PELAR2,Larimar 2,,0.16213999688625336,3.7975775302179215e-11,1.0,constq,14,0,0
P17,genstat,G3PFLNEG,Parque Fotovoltaico Los Negros,WMRI2K,2.5066699981689453,0.0,1.0,constq,3,0,0
P17,genstat,G3PFBAYA,Bayasol,WBAYAK,1.056149959564209,0.0,1.0,constq,13,0,0
P17,genstat,G4PSGIR1,Girasol Grupo 1,,1.694200038909912,0.0,1.0,constq,12,0,0
P17,genstat,G4PSGIR2,Girasol Grupo 2,,1.6843500137329102,0.0,1.0,constq,16,0,0
P17,genstat,G3SANTAS,Santanasol,WSANTK,1.282670021057129,0.0,1.0,constq,15,0,0
P17,genstat,G3PFCALA,PF Calabaza 1,WXCA1K,0.964709997177124,0.0,1.0,constq,17,0,0
P17,genstat,G3PEMAT2,PE Matafongo 2,WMTFNK,0.29820001125335693,0.0,1.0,constq,3,0,0
P17,genstat,G3PEMATA,PE Matafongo,WMTFNK,0.11444000154733658,0.0,1.0,constq,17,0,0
P17,genstat,G3PFPER1,PF Peravia I,WPES1K,2.150830030441284,0.0,1.0,constq,12,0,0
P17,genstat,G3PFPER2,PF Peravia II,WPES2K,2.1158299446105957,0.0,1.0,constq,12,0,0
P17,genstat,G6PEMINA,SA PE Los Mina,WXSALMK,1.000000013351432e-10,0.0,1.0,constq,1,0,0
P17,genstat,G6AANDRE,Sistema Almacenamiento AES Andrés,WXBAAK,1.000000013351432e-10,0.0,1.0,constq,1,0,0
P17,genstat,G3PFWCA2,PF Washington Capital 2,WXWC2K,1.524999976158142,0.0,1.0,constq,8,0,0
P17,genstat,G3PFWCA3,PF Washington Capital 3,WXWC3K,1.5812499523162842,0.0,1.0,constq,8,0,0
P17,genstat,G3PFVICT,PF La Victoria,WLVICK,2.5112500190734863,0.0,1.0,constq,8,0,0
P17,genstat,G3PFMIRA,Mirasol,WMIRAK,2.035290002822876,0.0,1.0,constq,17,0,0
P18,sym,G4PALAM3,Palamara Grupo 3,,1.8279000520706177,0.0,0.9900000095367432,constv,4,0,0
P18,sym,G4PALAM2,Palamara Grupo 2,,10.766400337219238,0.0,1.0,constv,2,0,0
P18,sym,G4PALAM1,Palamara Grupo 1,,10.766400337219238,0.0,0.9900000095367432,constv,4,0,0
P18,sym,G4IKM22,INCA km 22 Grupo 1,,1.000000013351432e-10,0.0,1.0,constq,2,1,0
P18,sym,G5IKM22,INCA km 22 Grupo 2,,1.000000013351432e-10,0.0,1.0,constq,1,1,0
P18,sym,G5EMA3G1,EDM3 TG1,WEM31K,48.0,0.0,0.9480000138282776,constv,1,0,0
P18,sym,G5EMA3G2,EDM3 TG2,WEM32K,48.0,0.0,0.9480000138282776,constv,1,0,0
P18,sym,G5EMAR3V,EDM3 TV,WEM33K,48.0,0.0,1.0,constv,1,0,0
P18,sym,G4Q1SPED,Quisqueya 1 San Pedro,,16.487499237060547,0.0,1.0,constv,4,0,0
P18,sym,G4QUIS12,Quisqueya 1 Grupo 2,,17.076000213623047,0.0,1.0,constv,4,0,0
P18,sym,G4QUIS21,Quisqueya 2 Grupo 1,,17.076000213623047,0.0,1.0,constv,4,0,0
P18,sym,G4QUIS22,Quisqueya 2 Grupo 2,,17.076000213623047,0.0,1.0,constv,4,0,0
P18,sym,G4QUIS23,Quisqueya 2 Grupo 3,,11.267999649047852,0.0,1.0,constv,4,0,0
P18,sym,G5QUISQ2,Quisqueya 2 TV,,1.000000013351432e-10,0.0,1.0,constq,1,1,0
P18,sym,G4QUIS13,Quisqueya 1 Grupo 3,,17.076000213623047,0.0,1.0,constv,4,0,0
P18,sym,G5QUISQ1,Quisqueya 1 TV,,8.892000198364258,0.0,1.0,constv,1,0,0
P18,sym,G3PCATA1,Punta Catalina 1,WPCA1K,339.989990234375,0.0,1.0,constq,1,0,1
P18,sym,G3PCATA2,Punta Catalina 2,WPCA2K,359.989990234375,0.0,1.0,constq,1,0,0
P18,sym,G4SESTE3,Sultana del Este Grupo 3,WSES3K,1.000000013351432e-10,6.00007751816456e-11,1.0,constv,3,1,0
P18,sym,G4SESTE1,Sultana del Este Grupo 1,WSES1K,14.5,0.0,1.0,constv,3,0,0
P18,sym,G4SESTE2,Sultana del Este Grupo 2,WSES2K,1.000000013351432e-10,0.0,1.0,constv,4,1,0
P18,sym,G3CESPM3,CESPM 3,WCES3K,87.30000305175781,0.0,1.0199999809265137,constv,1,0,0
P18,sym,G3CESPM2,CESPM 2,WCES2K,87.30000305175781,0.0,1.0199999809265137,constv,1,0,0
P18,sym,G3CESPM1,CESPM 1,WCES1K,87.30000305175781,0.0,1.0199999809265137,constv,1,0,0
P18,sym,G3ENE4TG,ENERGAS 4 TG,WXEN4K,40.0,0.0,1.0199999809265137,constv,1,0,0
P18,sym,G3ENE4TV,ENERGAS 4 TV,WXEV4K,1.000000013351432e-10,0.0,1.0199999809265137,constv,1,1,0
P18,sym,G3BERSAL,Bersal,,1.000000013351432e-10,0.0,1.0,constq,4,1,0
P18,sym,G4LOPPL1,Los Orígenes Power Plant Grupo 1,WLORIK,1.000000013351432e-10,0.0,1.0,constq,3,1,0
P18,sym,G4LOPPL2,Los Orígenes Power Plant Grupo 2,WLORIK,1.000000013351432e-10,0.0,1.0490000247955322,constv,2,1,0
P18,sym,G3SPBIOE,San Pedro Bio-Energy,,30.0,0.0,1.0,constq,1,0,0
P18,sym,G3CEMON2,Contra Embalse Monción 2,WCEMOK,0.75,0.36324170231819153,1.0,constq,1,0,0
P18,sym,G3CEMON1,Contra Embalse Monción 1,WCEMOK,0.75,0.36324170231819153,1.0,constq,1,0,0
P18,sym,G3MONCI2,Monción 2,WMONCK,22.309999465942383,0.0,1.0,constv,1,0,0
P18,sym,G3MONCI1,Monción 1,WMONCK,1.000000013351432e-10,0.0,1.0,constq,1,1,0
P18,sym,G3PIMEN3,Pimentel 3,WPIM3K,8.526670455932617,0.0,1.0,constq,3,0,0
P18,sym,G3PIMEN2,Pimentel 2,,3.944999933242798,0.0,1.0,constv,4,0,0
P18,sym,G3PIMEN1,Pimentel 1,,3.055000066757202,0.0,1.0,constv,4,0,0
P18,sym,G3LANGOS,López Angostura,WLANGK,4.0,0.0,1.0,constv,1,0,0
P18,sym,G3BAIGU2,Baiguaque 2,WBAI1K,1.000000013351432e-10,3.2868412852549156e-11,1.0,constq,1,1,0
P18,sym,G3BAIGU1,Baiguaque 1,WBAI1K,0.10000000149011612,0.04843222349882126,1.0,constq,1,0,0
P18,sym,G3TAVER2,Tavera 2,WTAV2K,1.000000013351432e-10,0.0,1.0,constq,1,1,0
P18,sym,G3TAVER1,Tavera 1,WTAV1K,1.000000013351432e-10,0.0,1.0,constv,1,1,0
P18,sym,G3SFELIG,San Felipe TG,,1.000000013351432e-10,0.0,1.0,constv,1,1,0
P18,sym,G3SFV,San Felipe Vapor,WSFEVK,1.000000013351432e-10,0.0,1.0,constv,1,1,0
P18,sym,G3PIMEN4,Pimentel 4,WXPI4K,17.55500030517578,0.0,1.0,constv,2,0,0
P18,sym,G3LTORO1,Los Toros 1,WLTO1K,1.000000013351432e-10,6.00007751816456e-11,1.0,constq,1,1,0
P18,sym,G3LTORO2,Los Toros 2,WLTO1K,1.000000013351432e-10,3.2868412852549156e-11,1.0,constq,1,1,0
P18,sym,G3NNAJAY,Nizao Najayo,WXNNAK,1.000000013351432e-10,4.843220963168804e-11,1.0,constq,1,1,0
P18,sym,G3LANONE,Los Anones,WXLANK,1.000000013351432e-10,4.843220963168804e-11,1.0,constq,1,1,0
P18,sym,G3SYEGUA,Sabana Yegua,WSYEGK,1.000000013351432e-10,0.0,1.0,constv,1,1,0
P18,sym,G3SABANE,Sabaneta,WSABAK,1.000000013351432e-10,0.0,1.0,constv,1,1,0
P18,sym,G3MAGUE2,Magueyal 2,WMAGUK,1.000000013351432e-10,4.843220963168804e-11,1.0,constq,1,1,0
P18,sym,G3MAGUE1,Magueyal 1,WMAGUK,1.000000013351432e-10,4.843220963168804e-11,1.0,constq,1,1,0
P18,sym,G3LDAMAS,Las Damas,,1.840000033378601,0.8911530375480652,1.0,constv,1,0,0
P18,sym,G3DRODR2,Domingo Rodríguez 2,WDRODL,1.000000013351432e-10,3.2868412852549156e-11,1.0,constq,1,1,0
P18,sym,G3DRODR1,Domingo Rodríguez 1,WDRODL,1.000000013351432e-10,3.2868412852549156e-11,1.0,constq,1,1,0
P18,sym,G3HTG,Haina TG,WHAIGK,1.000000013351432e-10,0.0,1.0,constq,1,1,0
P18,sym,G3VALDE2,Valdesia 2,WVAL2K,1.000000013351432e-10,0.0,1.0,constq,1,1,0
P18,sym,G3VALDE1,Valdesia 1,WVAL1K,1.000000013351432e-10,0.0,1.0,constv,1,1,0
P18,sym,G3LBARIA,Las Barías,WLBARK,1.000000013351432e-10,4.843220963168804e-11,1.0,constq,1,1,0
P18,sym,G3BCARBO,Barahona Carbón,WBCARK,50.0,0.0,1.0,constv,1,0,0
P18,sym,G3JIGUE2,Jigüey 2,WJIG2K,36.0,0.0,1.0,constv,1,0,0
P18,sym,G3JIGUE1,Jigüey 1,WJIG1K,1.000000013351432e-10,0.0,1.0,constv,1,1,0
P18,sym,G3AGUAC2,Aguacate 2,WAGU2K,27.15999984741211,0.0,1.0,constq,1,0,0
P18,sym,G3AGUAC1,Aguacate 1,WAGU1K,1.000000013351432e-10,0.0,1.0,constq,1,1,0
P18,sym,G4MRIO3,Monte Río Grupo 2,WMRI3K,5.154510021209717,0.0,1.0199999809265137,constv,7,0,0
P18,sym,G4MRIO1,Monte Río Grupo 1,WMRI1K,7.806399822235107,0.0,1.0199999809265137,constv,6,0,0
P18,sym,G3ITABO2,Itabo 2,WITA2K,1.000000013351432e-10,0.0,1.0,constv,1,1,0
P18,sym,G3ITABO1,Itabo 1,WITA1K,120.0,0.0,1.0,constv,1,0,0
P18,sym,G3SLORE1,San Lorenzo 1,,1.000000013351432e-10,0.0,1.0,constv,1,1,0
P18,sym,G3PALOM2,Palomino 2,WPLM1K,35.27000045776367,0.0,1.0199999809265137,constv,1,0,0
P18,sym,G3PALOM1,Palomino 1,WPLM2K,1.000000013351432e-10,0.0,1.0199999809265137,constv,1,1,0
P18,sym,G4PAK262,POWERSHIP AZUA KPS26 2,WXPA2K,16.75527000427246,8.114946365356445,1.0,constv,3,0,0
P18,sym,G4PAK261,POWERSHIP AZUA KPS26 1,WXPA1K,18.164730072021484,8.797582626342773,1.0,constv,3,0,0
P18,sym,G4PAK601,POWERSHIP AZUA KPS60,WXPA3K,18.464550018310547,8.942789077758789,1.0,constv,4,0,0
P18,sym,G5PAK6TV,POWERSHIP AZUA TV,WXPA3K,1.4817999601364136,0.7176684737205505,1.0,constv,1,0,0
P18,sym,G3PALENQ,Palenque,WPAQ2K,1.000000013351432e-10,0.0,1.0,constq,4,1,0
P18,sym,G4PAK561,POWERSHIP AZUA KPS56,WXPA4K,1.000000013351432e-10,4.843220963168804e-11,1.0,constv,8,1,0
P18,sym,G3LMINA6,Los Mina 6,WLMI6K,90.09649658203125,0.0,1.0,constv,1,0,0
P18,sym,G5AANDRV,AES Andrés TV,WAANVK,100.80999755859375,0.0,1.0,constv,1,0,0
P18,sym,G5AANDRG,AES Andrés TG,WAANGK,195.69000244140625,0.0,1.0,constv,1,0,0
P18,sym,G3METALD,METALDOM,WMETAK,1.000000013351432e-10,0.0,0.9900000095367432,constv,4,1,0
P18,sym,G3LMINA5,Los Mina 5,WLMI5K,90.09649658203125,0.0,1.0,constv,1,0,0
P18,sym,G4EMAR21,EDM2 Grupo 1,,18.14324951171875,0.0,1.0,constq,3,0,0
P18,sym,G4EMAR22,EDM2 Grupo 2,,15.79675006866455,0.0,1.0,constq,3,0,0
P18,sym,G4EMAR23,EDM2 TV,,1.000000013351432e-10,0.0,1.0,constq,1,1,0
P18,sym,G3LMINA7,Los Mina 7,WLMI7K,97.0270004272461,46.992313385009766,1.0,constv,1,0,0
P18,sym,G4SIBA1,SIBA Grupo 1,WXSI1K,9.899999618530273,4.7947893142700195,1.0,constv,2,0,0
P18,sym,G4SIBA2,SIBA Grupo 2,WXSI2K,16.700000762939453,8.08818244934082,1.0,constv,2,0,0
P18,sym,G4SIBA3,SIBA Grupo 3,WXSI3K,1.000000013351432e-10,0.0,1.0,constv,2,1,0
P18,sym,G4SIBA4,SIBA Grupo 4,WXSI4K,16.700000762939453,8.08818244934082,1.0,constv,2,0,0
P18,sym,G4SIBA6,SIBA Grupo 6,WXSI6K,25.0,12.108054161071777,1.0,constv,2,0,0
P18,sym,G4SIBA5,SIBA Grupo 5,WXSI5K,16.700000762939453,8.08818244934082,1.0,constv,2,0,0
P18,sym,G3PINAL2,Pinalito 2,WPIN2K,24.25,14.550185203552246,1.0490000247955322,constv,1,0,0
P18,sym,G3PINAL1,Pinalito 1,WPIN1K,1.000000013351432e-10,5.933650792933065e-11,1.0490000247955322,constv,1,1,0
P18,sym,G3RBLAN2,Río Blanco 2,WRBLCK,12.130000114440918,7.278094291687012,1.0490000247955322,constv,1,0,0
P18,sym,G3RBLAN1,Río Blanco 1,WRBLAK,1.000000013351432e-10,5.933650792933065e-11,1.0490000247955322,constv,1,1,0
P18,sym,G3RINCON,Rincón,WRINCK,1.000000013351432e-10,6.00007751816456e-11,1.0,constv,1,1,0
P18,sym,G3RJCRUZ,Rosa Julia De La Cruz,WRJCRK,1.000000013351432e-10,3.2868412852549156e-11,1.0,constq,1,1,0
P18,sym,G3ESALTO,El Salto,WESALK,1.000000013351432e-10,4.843220963168804e-11,1.0,constq,1,1,0
P18,sym,G4LVEGA1,La Vega Grupo 1,,18.42799949645996,0.0,1.0,constq,3,0,0
P18,sym,G4LVEGA2,La Vega Grupo 2,,6.478000164031982,0.0,1.0,constv,2,0,0
P18,sym,G3AVARG1,Aniana Vargas 1,WAVA1K,1.000000013351432e-10,3.2868412852549156e-11,1.0,constq,1,1,0
P18,sym,G3AVARG2,Aniana Vargas 2,WAVA1K,0.10000000149011612,0.0328684076666832,1.0,constq,1,0,0
P18,sym,G3JIMENO,Jimenoa,WJIMEK,5.820000171661377,0.0,1.0,constv,1,0,0
P18,sym,G3HATILL,Hatillo 1,WHATIK,7.760000228881836,0.0,1.0,constv,1,0,0
P18,sym,G3HATIL2,Hatillo 2,,1.000000013351432e-10,6.00007751816456e-11,1.0,constq,1,1,0
P18,sym,G3BDEREC,Brazo Derecho,WBDERK,1.000000013351432e-10,4.843220963168804e-11,1.0,constv,1,1,0
P18,genstat,G3MPSOLA,Monte Plata Solar,,5.340000152587891,0.0,1.0,constq,1,0,0
P18,genstat,G7EMAR31,SA 1 EDM3,WEM31K,1.000000013351432e-10,0.0,1.0,constq,1,1,0
P18,genstat,G7EMAR32,SA 2 EDM3,WEM32K,1.000000013351432e-10,0.0,1.0,constq,1,1,0
P18,genstat,G3PFMPAL,Mata de Palma Solar,WMPALK,0.25,0.0,1.0,constq,21,0,0
P18,genstat,G3PFMART,PF Martí,WMARTK,0.7087500095367432,0.0,1.0,constq,8,0,0
P18,genstat,G3PFMARA,PF Maranatha,WMARAK,0.5400000214576721,0.0,1.0,constq,2,0,0
P18,genstat,G4PFCUM4,PF Cumayasa 4,WXCU4K,2.0975000858306885,0.0,1.0,constq,8,0,0
P18,genstat,G3PFCUM2,PF Cumayasa 2,WXCU2K,1.0759999752044678,0.0,1.0,constq,5,0,0
P18,genstat,G3PFCUM1,PF Cumayasa 1,WXCU1K,1.1244399547576904,0.0,1.0,constq,9,0,0
P18,genstat,G3ESOCO,El Soco,WXESOK,0.6663600206375122,0.0,1.0,constq,11,0,0
P18,genstat,G3PFCOT1,PF Cotoperí 1,WCSO1K,0.5450000166893005,0.0,1.0,constq,8,0,0
P18,genstat,G3PFCOT2,PF Cotoperí 2,WCSO2K,0.5487499833106995,0.0,1.0,constq,8,0,0
P18,genstat,G3PFCOT3,PF Cotoperí 3,WCSO3K,0.5625,0.0,1.0,constq,8,0,0
P18,genstat,G4PFCOA2,PF Coastal G2,WCOA2K,0.9375,0.0,1.0,constq,6,0,0
P18,genstat,G4PFCOA1,PF Coastal G1,WCOA1K,0.8035699725151062,0.0,1.0,constq,7,0,0
P18,genstat,G3PFSAJO,Parque Fotovoltaico SAJOMA,WXPFSK,0.5677800178527832,0.0,1.0,constq,9,0,0
P18,genstat,G4PFMSO2,Monte Cristi Solar Grupo 2,,0.30897000432014465,0.0,1.0,constq,12,0,0
P18,genstat,G4PFMSO1,Monte Cristi Solar Grupo 1,,0.31112998723983765,0.0,1.0,constq,11,0,0
P18,genstat,G3PEACLA,Agua Clara,WACLAK,0.48559999465942383,0.0,1.0,constq,25,0,0
P18,genstat,G3PEGUAN,Guanillo,WGNLLK,0.6340000033378601,0.0,1.0,constq,25,0,0
P18,genstat,G3PELGUZ,Los Guzmancito,WLGUZK,0.21647000312805176,0.0,1.0,constq,17,0,0
P18,genstat,G3PELGU2,Los Guzmancito 2,WLGU2K,0.2615399956703186,0.0,1.0,constq,13,0,0
P18,genstat,G3PFMATR,Parque Fotovoltaico MATRISOL,WXMATK,0.4209100008010864,0.0,1.0,constq,11,0,0
P18,genstat,G3PSESPE,PS Esperanza,WXPS1K,0.4338900148868561,0.0,1.0,constq,18,0,0
P18,genstat,,SBX_20260708_161425_e01931_PV,,0.0,0.0,1.0,constq,1,1,0
P18,genstat,,BESS,,2.5,0.0,1.0,constq,1,0,0
P18,genstat,G3SCANOA,Solar Canoa,WSCANK,0.5637500286102295,0.0,1.0,constq,8,0,0
P18,genstat,G3PFLUCI,PF Lucila,WXLUCK,0.6050000190734863,0.0,1.0,constq,2,0,0
P18,genstat,G3LCOCO2,Los Cocos 2,,0.028850000351667404,3.7975775302179215e-11,1.0,constq,26,0,0
P18,genstat,G3QCABRE,Quilvio Cabrera,,0.08399999886751175,5.007656442290731e-11,1.0,constq,5,0,0
P18,genstat,G3JCOCO1,Juancho Los Cocos 1,,0.016540000215172768,7.080901143208251e-11,1.0,constq,26,0,0
P18,genstat,G3PELARI,Larimar,,0.21400000154972076,3.7975775302179215e-11,1.0,constq,15,0,0
P18,genstat,G3PELAR2,Larimar 2,,0.125,3.7975775302179215e-11,1.0,constq,14,0,0
P18,genstat,G3PFLNEG,Parque Fotovoltaico Los Negros,WMRI2K,0.8399999737739563,0.0,1.0,constq,3,0,0
P18,genstat,G3PFBAYA,Bayasol,WBAYAK,0.32615000009536743,0.0,1.0,constq,13,0,0
P18,genstat,G4PSGIR1,Girasol Grupo 1,,0.5575699806213379,0.0,1.0,constq,12,0,0
P18,genstat,G4PSGIR2,Girasol Grupo 2,,0.5543299913406372,0.0,1.0,constq,16,0,0
P18,genstat,G3SANTAS,Santanasol,WSANTK,0.45267000794410706,0.0,1.0,constq,15,0,0
P18,genstat,G3PFCALA,PF Calabaza 1,WXCA1K,0.3170599937438965,0.0,1.0,constq,17,0,0
P18,genstat,G3PEMAT2,PE Matafongo 2,WMTFNK,0.20160000026226044,0.0,1.0,constq,3,0,0
P18,genstat,G3PEMATA,PE Matafongo,WMTFNK,0.07735999673604965,0.0,1.0,constq,17,0,0
P18,genstat,G3PFPER1,PF Peravia I,WPES1K,0.7875000238418579,0.0,1.0,constq,12,0,0
P18,genstat,G3PFPER2,PF Peravia II,WPES2K,0.7724999785423279,0.0,1.0,constq,12,0,0
P18,genstat,G6PEMINA,SA PE Los Mina,WXSALMK,1.000000013351432e-10,0.0,1.0,constq,1,0,0
P18,genstat,G6AANDRE,Sistema Almacenamiento AES Andrés,WXBAAK,1.000000013351432e-10,0.0,1.0,constq,1,0,0
P18,genstat,G3PFWCA2,PF Washington Capital 2,WXWC2K,0.6112499833106995,0.0,1.0,constq,8,0,0
P18,genstat,G3PFWCA3,PF Washington Capital 3,WXWC3K,0.6449999809265137,0.0,1.0,constq,8,0,0
P18,genstat,G3PFVICT,PF La Victoria,WLVICK,0.6262500286102295,0.0,1.0,constq,8,0,0
P18,genstat,G3PFMIRA,Mirasol,WMIRAK,0.6911799907684326,0.0,1.0,constq,17,0,0
P19,sym,G4PALAM3,Palamara Grupo 3,,1.8279000520706177,0.0,0.9900000095367432,constv,4,0,0
P19,sym,G4PALAM2,Palamara Grupo 2,,10.766400337219238,0.0,1.0,constv,2,0,0
P19,sym,G4PALAM1,Palamara Grupo 1,,10.766400337219238,0.0,0.9900000095367432,constv,4,0,0
P19,sym,G4IKM22,INCA km 22 Grupo 1,,4.331200122833252,0.0,1.0,constq,2,0,0
P19,sym,G5IKM22,INCA km 22 Grupo 2,,5.737599849700928,0.0,1.0,constq,1,0,0
P19,sym,G5EMA3G1,EDM3 TG1,WEM31K,48.0,0.0,1.0,constv,1,0,0
P19,sym,G5EMA3G2,EDM3 TG2,WEM32K,48.0,0.0,1.0,constv,1,0,0
P19,sym,G5EMAR3V,EDM3 TV,WEM33K,48.0,0.0,1.0,constv,1,0,0
P19,sym,G4Q1SPED,Quisqueya 1 San Pedro,,16.487499237060547,0.0,1.0,constv,4,0,0
P19,sym,G4QUIS12,Quisqueya 1 Grupo 2,,17.076000213623047,0.0,1.0,constv,4,0,0
P19,sym,G4QUIS21,Quisqueya 2 Grupo 1,,17.076000213623047,0.0,1.0,constv,4,0,0
P19,sym,G4QUIS22,Quisqueya 2 Grupo 2,,17.076000213623047,0.0,1.0,constv,4,0,0
P19,sym,G4QUIS23,Quisqueya 2 Grupo 3,,11.267999649047852,0.0,1.0,constv,4,0,0
P19,sym,G5QUISQ2,Quisqueya 2 TV,,1.000000013351432e-10,0.0,1.0,constq,1,1,0
P19,sym,G4QUIS13,Quisqueya 1 Grupo 3,,17.076000213623047,0.0,1.0,constv,4,0,0
P19,sym,G5QUISQ1,Quisqueya 1 TV,,8.892000198364258,0.0,1.0,constv,1,0,0
P19,sym,G3PCATA1,Punta Catalina 1,WPCA1K,339.989990234375,0.0,1.0,constq,1,0,1
P19,sym,G3PCATA2,Punta Catalina 2,WPCA2K,359.989990234375,0.0,1.0,constq,1,0,0
P19,sym,G4SESTE3,Sultana del Este Grupo 3,WSES3K,1.000000013351432e-10,6.00007751816456e-11,1.0,constv,3,1,0
P19,sym,G4SESTE1,Sultana del Este Grupo 1,WSES1K,14.5,0.0,1.0,constv,3,0,0
P19,sym,G4SESTE2,Sultana del Este Grupo 2,WSES2K,1.000000013351432e-10,0.0,1.0,constv,4,1,0
P19,sym,G3CESPM3,CESPM 3,WCES3K,87.30000305175781,0.0,1.0199999809265137,constv,1,0,0
P19,sym,G3CESPM2,CESPM 2,WCES2K,87.30000305175781,0.0,1.0199999809265137,constv,1,0,0
P19,sym,G3CESPM1,CESPM 1,WCES1K,87.30000305175781,0.0,1.0199999809265137,constv,1,0,0
P19,sym,G3ENE4TG,ENERGAS 4 TG,WXEN4K,40.0,0.0,1.0199999809265137,constv,1,0,0
P19,sym,G3ENE4TV,ENERGAS 4 TV,WXEV4K,1.000000013351432e-10,0.0,1.0199999809265137,constv,1,1,0
P19,sym,G3BERSAL,Bersal,,1.909999966621399,0.0,1.0,constq,4,0,0
P19,sym,G4LOPPL1,Los Orígenes Power Plant Grupo 1,WLORIK,2.130000114440918,0.0,1.0,constq,3,0,0
P19,sym,G4LOPPL2,Los Orígenes Power Plant Grupo 2,WLORIK,17.18000030517578,0.0,1.0490000247955322,constv,2,0,0
P19,sym,G3SPBIOE,San Pedro Bio-Energy,,30.0,0.0,1.0,constq,1,0,0
P19,sym,G3CEMON2,Contra Embalse Monción 2,WCEMOK,0.75,0.36324170231819153,1.0,constq,1,0,0
P19,sym,G3CEMON1,Contra Embalse Monción 1,WCEMOK,0.75,0.36324170231819153,1.0,constq,1,0,0
P19,sym,G3MONCI2,Monción 2,WMONCK,22.309999465942383,0.0,1.0,constv,1,0,0
P19,sym,G3MONCI1,Monción 1,WMONCK,1.000000013351432e-10,0.0,1.0,constq,1,1,0
P19,sym,G3PIMEN3,Pimentel 3,WPIM3K,8.526670455932617,0.0,1.0,constq,3,0,0
P19,sym,G3PIMEN2,Pimentel 2,,3.944999933242798,0.0,1.0,constv,4,0,0
P19,sym,G3PIMEN1,Pimentel 1,,3.055000066757202,0.0,1.0,constv,4,0,0
P19,sym,G3LANGOS,López Angostura,WLANGK,4.0,0.0,1.0,constv,1,0,0
P19,sym,G3BAIGU2,Baiguaque 2,WBAI1K,1.000000013351432e-10,3.2868412852549156e-11,1.0,constq,1,1,0
P19,sym,G3BAIGU1,Baiguaque 1,WBAI1K,0.10000000149011612,0.04843222349882126,1.0,constq,1,0,0
P19,sym,G3TAVER2,Tavera 2,WTAV2K,45.130001068115234,0.0,1.0,constq,1,0,0
P19,sym,G3TAVER1,Tavera 1,WTAV1K,1.000000013351432e-10,0.0,1.0,constv,1,1,0
P19,sym,G3SFELIG,San Felipe TG,,1.000000013351432e-10,0.0,1.0,constv,1,1,0
P19,sym,G3SFV,San Felipe Vapor,WSFEVK,1.000000013351432e-10,0.0,1.0,constv,1,1,0
P19,sym,G3PIMEN4,Pimentel 4,WXPI4K,17.55500030517578,0.0,1.0,constv,2,0,0
P19,sym,G3LTORO1,Los Toros 1,WLTO1K,1.000000013351432e-10,6.00007751816456e-11,1.0,constq,1,1,0
P19,sym,G3LTORO2,Los Toros 2,WLTO1K,1.000000013351432e-10,3.2868412852549156e-11,1.0,constq,1,1,0
P19,sym,G3NNAJAY,Nizao Najayo,WXNNAK,1.000000013351432e-10,4.843220963168804e-11,1.0,constq,1,1,0
P19,sym,G3LANONE,Los Anones,WXLANK,1.000000013351432e-10,4.843220963168804e-11,1.0,constq,1,1,0
P19,sym,G3SYEGUA,Sabana Yegua,WSYEGK,1.000000013351432e-10,0.0,1.0,constv,1,1,0
P19,sym,G3SABANE,Sabaneta,WSABAK,1.000000013351432e-10,0.0,1.0,constv,1,1,0
P19,sym,G3MAGUE2,Magueyal 2,WMAGUK,1.000000013351432e-10,4.843220963168804e-11,1.0,constq,1,1,0
P19,sym,G3MAGUE1,Magueyal 1,WMAGUK,1.000000013351432e-10,4.843220963168804e-11,1.0,constq,1,1,0
P19,sym,G3LDAMAS,Las Damas,,1.840000033378601,0.8911530375480652,1.0529999732971191,constv,1,0,0
P19,sym,G3DRODR2,Domingo Rodríguez 2,WDRODL,1.000000013351432e-10,3.2868412852549156e-11,1.0,constq,1,1,0
P19,sym,G3DRODR1,Domingo Rodríguez 1,WDRODL,1.000000013351432e-10,3.2868412852549156e-11,1.0,constq,1,1,0
P19,sym,G3HTG,Haina TG,WHAIGK,1.000000013351432e-10,0.0,1.0,constq,1,1,0
P19,sym,G3VALDE2,Valdesia 2,WVAL2K,1.000000013351432e-10,0.0,1.0,constq,1,1,0
P19,sym,G3VALDE1,Valdesia 1,WVAL1K,1.000000013351432e-10,0.0,1.0,constv,1,1,0
P19,sym,G3LBARIA,Las Barías,WLBARK,1.000000013351432e-10,4.843220963168804e-11,1.0,constq,1,1,0
P19,sym,G3BCARBO,Barahona Carbón,WBCARK,50.0,0.0,1.0,constv,1,0,0
P19,sym,G3JIGUE2,Jigüey 2,WJIG2K,37.83000183105469,0.0,1.0,constv,1,0,0
P19,sym,G3JIGUE1,Jigüey 1,WJIG1K,1.000000013351432e-10,0.0,1.0,constv,1,1,0
P19,sym,G3AGUAC2,Aguacate 2,WAGU2K,27.15999984741211,0.0,1.0,constq,1,0,0
P19,sym,G3AGUAC1,Aguacate 1,WAGU1K,1.000000013351432e-10,0.0,1.0,constq,1,1,0
P19,sym,G4MRIO3,Monte Río Grupo 2,WMRI3K,5.764510154724121,0.0,1.0199999809265137,constv,7,0,0
P19,sym,G4MRIO1,Monte Río Grupo 1,WMRI1K,7.806399822235107,0.0,1.0199999809265137,constv,6,0,0
P19,sym,G3ITABO2,Itabo 2,WITA2K,1.000000013351432e-10,0.0,1.0,constv,1,1,0
P19,sym,G3ITABO1,Itabo 1,WITA1K,120.0,0.0,1.0,constv,1,0,0
P19,sym,G3SLORE1,San Lorenzo 1,,1.000000013351432e-10,0.0,1.0,constv,1,1,0
P19,sym,G3PALOM2,Palomino 2,WPLM1K,35.27000045776367,0.0,1.0199999809265137,constv,1,0,0
P19,sym,G3PALOM1,Palomino 1,WPLM2K,1.000000013351432e-10,0.0,1.0199999809265137,constv,1,1,0
P19,sym,G4PAK262,POWERSHIP AZUA KPS26 2,WXPA2K,16.75527000427246,8.114946365356445,1.0,constv,3,0,0
P19,sym,G4PAK261,POWERSHIP AZUA KPS26 1,WXPA1K,18.164730072021484,8.797582626342773,1.0,constv,3,0,0
P19,sym,G4PAK601,POWERSHIP AZUA KPS60,WXPA3K,18.464550018310547,8.942789077758789,1.0,constv,4,0,0
P19,sym,G5PAK6TV,POWERSHIP AZUA TV,WXPA3K,1.4817999601364136,0.7176684737205505,1.0,constv,1,0,0
P19,sym,G3PALENQ,Palenque,WPAQ2K,1.000000013351432e-10,0.0,1.0,constq,4,1,0
P19,sym,G4PAK561,POWERSHIP AZUA KPS56,WXPA4K,8.125,3.93511700630188,1.0,constv,8,0,0
P19,sym,G3LMINA6,Los Mina 6,WLMI6K,101.09124755859375,0.0,1.0,constv,1,0,0
P19,sym,G5AANDRV,AES Andrés TV,WAANVK,100.80999755859375,0.0,1.0,constv,1,0,0
P19,sym,G5AANDRG,AES Andrés TG,WAANGK,195.69000244140625,0.0,1.0,constv,1,0,0
P19,sym,G3METALD,METALDOM,WMETAK,9.729999542236328,0.0,0.9900000095367432,constv,4,0,0
P19,sym,G3LMINA5,Los Mina 5,WLMI5K,101.09124755859375,0.0,1.0,constv,1,0,0
P19,sym,G4EMAR21,EDM2 Grupo 1,,18.14324951171875,0.0,1.0,constq,3,0,0
P19,sym,G4EMAR22,EDM2 Grupo 2,,16.813419342041016,0.0,1.0,constq,3,0,0
P19,sym,G4EMAR23,EDM2 TV,,1.000000013351432e-10,0.0,1.0,constq,1,1,0
P19,sym,G3LMINA7,Los Mina 7,WLMI7K,108.86750030517578,52.72693634033203,1.0,constv,1,0,0
P19,sym,G4SIBA1,SIBA Grupo 1,WXSI1K,0.5699999928474426,0.27606356143951416,1.0,constv,2,0,0
P19,sym,G4SIBA2,SIBA Grupo 2,WXSI2K,16.700000762939453,8.08818244934082,1.0,constv,2,0,0
P19,sym,G4SIBA3,SIBA Grupo 3,WXSI3K,1.000000013351432e-10,0.0,1.0,constv,2,1,0
P19,sym,G4SIBA4,SIBA Grupo 4,WXSI4K,16.700000762939453,8.08818244934082,1.0,constv,2,0,0
P19,sym,G4SIBA6,SIBA Grupo 6,WXSI6K,25.0,12.108054161071777,1.0,constv,2,0,0
P19,sym,G4SIBA5,SIBA Grupo 5,WXSI5K,16.700000762939453,8.08818244934082,1.0,constv,2,0,0
P19,sym,G3PINAL2,Pinalito 2,WPIN2K,24.25,14.550185203552246,1.0490000247955322,constv,1,0,0
P19,sym,G3PINAL1,Pinalito 1,WPIN1K,1.000000013351432e-10,5.933650792933065e-11,1.0490000247955322,constv,1,1,0
P19,sym,G3RBLAN2,Río Blanco 2,WRBLCK,12.130000114440918,7.278094291687012,1.0490000247955322,constv,1,0,0
P19,sym,G3RBLAN1,Río Blanco 1,WRBLAK,1.000000013351432e-10,5.933650792933065e-11,1.0490000247955322,constv,1,1,0
P19,sym,G3RINCON,Rincón,WRINCK,1.000000013351432e-10,6.00007751816456e-11,1.0,constv,1,1,0
P19,sym,G3RJCRUZ,Rosa Julia De La Cruz,WRJCRK,1.000000013351432e-10,3.2868412852549156e-11,1.0,constq,1,1,0
P19,sym,G3ESALTO,El Salto,WESALK,1.000000013351432e-10,4.843220963168804e-11,1.0,constq,1,1,0
P19,sym,G4LVEGA1,La Vega Grupo 1,,18.42799949645996,0.0,1.0,constq,3,0,0
P19,sym,G4LVEGA2,La Vega Grupo 2,,6.478000164031982,0.0,1.0,constv,2,0,0
P19,sym,G3AVARG1,Aniana Vargas 1,WAVA1K,1.000000013351432e-10,3.2868412852549156e-11,1.0,constq,1,1,0
P19,sym,G3AVARG2,Aniana Vargas 2,WAVA1K,0.10000000149011612,0.0328684076666832,1.0,constq,1,0,0
P19,sym,G3JIMENO,Jimenoa,WJIMEK,5.820000171661377,0.0,1.0,constv,1,0,0
P19,sym,G3HATILL,Hatillo 1,WHATIK,7.760000228881836,2.5505905151367188,1.0,constv,1,0,0
P19,sym,G3HATIL2,Hatillo 2,,1.000000013351432e-10,6.00007751816456e-11,1.0,constq,1,1,0
P19,sym,G3BDEREC,Brazo Derecho,WBDERK,1.000000013351432e-10,4.843220963168804e-11,1.0,constv,1,1,0
P19,genstat,G3MPSOLA,Monte Plata Solar,,0.25999999046325684,0.0,1.0,constq,1,0,0
P19,genstat,G7EMAR31,SA 1 EDM3,WEM31K,1.000000013351432e-10,0.0,1.0,constq,1,1,0
P19,genstat,G7EMAR32,SA 2 EDM3,WEM32K,1.000000013351432e-10,0.0,1.0,constq,1,1,0
P19,genstat,G3PFMPAL,Mata de Palma Solar,WMPALK,0.0,0.0,1.0,constq,21,1,0
P19,genstat,G3PFMART,PF Martí,WMARTK,0.04374999925494194,0.0,1.0,constq,8,0,0
P19,genstat,G3PFMARA,PF Maranatha,WMARAK,0.04500000178813934,0.0,1.0,constq,2,0,0
P19,genstat,G4PFCUM4,PF Cumayasa 4,WXCU4K,0.13124999403953552,0.0,1.0,constq,8,0,0
P19,genstat,G3PFCUM2,PF Cumayasa 2,WXCU2K,0.0560000017285347,0.0,1.0,constq,5,0,0
P19,genstat,G3PFCUM1,PF Cumayasa 1,WXCU1K,0.05222000181674957,0.0,1.0,constq,9,0,0
P19,genstat,G3ESOCO,El Soco,WXESOK,0.0,0.0,1.0,constq,11,1,0
P19,genstat,G3PFCOT1,PF Cotoperí 1,WCSO1K,0.02500000037252903,0.0,1.0,constq,8,0,0
P19,genstat,G3PFCOT2,PF Cotoperí 2,WCSO2K,0.023749999701976776,0.0,1.0,constq,8,0,0
P19,genstat,G3PFCOT3,PF Cotoperí 3,WCSO3K,0.02500000037252903,0.0,1.0,constq,8,0,0
P19,genstat,G4PFCOA2,PF Coastal G2,WCOA2K,0.04667000100016594,0.0,1.0,constq,6,0,0
P19,genstat,G4PFCOA1,PF Coastal G1,WCOA1K,0.03999999910593033,0.0,1.0,constq,7,0,0
P19,genstat,G3PFSAJO,Parque Fotovoltaico SAJOMA,WXPFSK,0.03889000043272972,0.0,1.0,constq,9,0,0
P19,genstat,G4PFMSO2,Monte Cristi Solar Grupo 2,,0.01906999945640564,0.0,1.0,constq,12,0,0
P19,genstat,G4PFMSO1,Monte Cristi Solar Grupo 1,,0.019200000911951065,0.0,1.0,constq,11,0,0
P19,genstat,G3PEACLA,Agua Clara,WACLAK,0.23440000414848328,0.0,1.0,constq,25,0,0
P19,genstat,G3PEGUAN,Guanillo,WGNLLK,0.4880000054836273,0.0,1.0,constq,25,0,0
P19,genstat,G3PELGUZ,Los Guzmancito,WLGUZK,0.19352999329566956,0.0,1.0,constq,17,0,0
P19,genstat,G3PELGU2,Los Guzmancito 2,WLGU2K,0.29462000727653503,0.0,1.0,constq,13,0,0
P19,genstat,G3PFMATR,Parque Fotovoltaico MATRISOL,WXMATK,0.02181999944150448,0.0,1.0,constq,11,0,0
P19,genstat,G3PSESPE,PS Esperanza,WXPS1K,0.054999999701976776,0.0,1.0,constq,18,0,0
P19,genstat,,SBX_20260708_161425_e01931_PV,,0.0,0.0,1.0,constq,1,1,0
P19,genstat,,BESS,,2.5,0.0,1.0,constq,1,0,0
P19,genstat,G3SCANOA,Solar Canoa,WSCANK,0.029999999329447746,0.0,1.0,constq,8,0,0
P19,genstat,G3PFLUCI,PF Lucila,WXLUCK,0.03500000014901161,0.0,1.0,constq,2,0,0
P19,genstat,G3LCOCO2,Los Cocos 2,,0.024620000272989273,3.7975775302179215e-11,1.0,constq,26,0,0
P19,genstat,G3QCABRE,Quilvio Cabrera,,0.07599999755620956,5.007656442290731e-11,1.0,constq,5,0,0
P19,genstat,G3JCOCO1,Juancho Los Cocos 1,,0.013849999755620956,7.080901143208251e-11,1.0,constq,26,0,0
P19,genstat,G3PELARI,Larimar,,0.18533000349998474,3.7975775302179215e-11,1.0,constq,15,0,0
P19,genstat,G3PELAR2,Larimar 2,,0.1185699999332428,3.7975775302179215e-11,1.0,constq,14,0,0
P19,genstat,G3PFLNEG,Parque Fotovoltaico Los Negros,WMRI2K,0.05999999865889549,0.0,1.0,constq,3,0,0
P19,genstat,G3PFBAYA,Bayasol,WBAYAK,0.018459999933838844,0.0,1.0,constq,13,0,0
P19,genstat,G4PSGIR1,Girasol Grupo 1,,0.028310000896453857,0.0,1.0,constq,12,0,0
P19,genstat,G4PSGIR2,Girasol Grupo 2,,0.028139999136328697,0.0,1.0,constq,16,0,0
P19,genstat,G3SANTAS,Santanasol,WSANTK,0.021330000832676888,0.0,1.0,constq,15,0,0
P19,genstat,G3PFCALA,PF Calabaza 1,WXCA1K,0.02175999991595745,0.0,1.0,constq,17,0,0
P19,genstat,G3PEMAT2,PE Matafongo 2,WMTFNK,0.11760000139474869,0.0,1.0,constq,3,0,0
P19,genstat,G3PEMATA,PE Matafongo,WMTFNK,0.04512999951839447,0.0,1.0,constq,17,0,0
P19,genstat,G3PFPER1,PF Peravia I,WPES1K,0.054999999701976776,0.0,1.0,constq,12,0,0
P19,genstat,G3PFPER2,PF Peravia II,WPES2K,0.05417000129818916,0.0,1.0,constq,12,0,0
P19,genstat,G6PEMINA,SA PE Los Mina,WXSALMK,1.000000013351432e-10,0.0,1.0,constq,1,0,0
P19,genstat,G6AANDRE,Sistema Almacenamiento AES Andrés,WXBAAK,1.000000013351432e-10,0.0,1.0,constq,1,0,0
P19,genstat,G3PFWCA2,PF Washington Capital 2,WXWC2K,0.03125,0.0,1.0,constq,8,0,0
P19,genstat,G3PFWCA3,PF Washington Capital 3,WXWC3K,0.0,0.0,1.0,constq,8,1,0
P19,genstat,G3PFVICT,PF La Victoria,WLVICK,0.03500000014901161,0.0,1.0,constq,8,0,0
P19,genstat,G3PFMIRA,Mirasol,WMIRAK,0.03999999910593033,0.0,1.0,constq,17,0,0
P20,sym,G4PALAM3,Palamara Grupo 3,,1.8279000520706177,0.0,0.9900000095367432,constv,4,0,0
P20,sym,G4PALAM2,Palamara Grupo 2,,10.766400337219238,0.0,1.0,constv,2,0,0
P20,sym,G4PALAM1,Palamara Grupo 1,,10.766400337219238,0.0,0.9900000095367432,constv,4,0,0
P20,sym,G4IKM22,INCA km 22 Grupo 1,,4.331200122833252,0.0,1.0,constq,2,0,0
P20,sym,G5IKM22,INCA km 22 Grupo 2,,5.737599849700928,0.0,1.0,constq,1,0,0
P20,sym,G5EMA3G1,EDM3 TG1,WEM31K,48.0,0.0,0.9480000138282776,constv,1,0,0
P20,sym,G5EMA3G2,EDM3 TG2,WEM32K,48.0,0.0,0.9480000138282776,constv,1,0,0
P20,sym,G5EMAR3V,EDM3 TV,WEM33K,48.0,0.0,1.0,constv,1,0,0
P20,sym,G4Q1SPED,Quisqueya 1 San Pedro,,16.487499237060547,0.0,1.0,constv,4,0,0
P20,sym,G4QUIS12,Quisqueya 1 Grupo 2,,17.076000213623047,0.0,1.0,constv,4,0,0
P20,sym,G4QUIS21,Quisqueya 2 Grupo 1,,17.076000213623047,0.0,1.0,constv,4,0,0
P20,sym,G4QUIS22,Quisqueya 2 Grupo 2,,17.076000213623047,0.0,1.0,constv,4,0,0
P20,sym,G4QUIS23,Quisqueya 2 Grupo 3,,11.267999649047852,0.0,1.0,constv,4,0,0
P20,sym,G5QUISQ2,Quisqueya 2 TV,,1.000000013351432e-10,0.0,1.0,constq,1,1,0
P20,sym,G4QUIS13,Quisqueya 1 Grupo 3,,17.076000213623047,0.0,1.0,constv,4,0,0
P20,sym,G5QUISQ1,Quisqueya 1 TV,,8.892000198364258,0.0,1.0,constv,1,0,0
P20,sym,G3PCATA1,Punta Catalina 1,WPCA1K,339.989990234375,164.66468811035156,1.0499999523162842,constv,1,0,1
P20,sym,G3PCATA2,Punta Catalina 2,WPCA2K,359.989990234375,174.3511199951172,1.0499999523162842,constv,1,0,0
P20,sym,G4SESTE3,Sultana del Este Grupo 3,WSES3K,1.000000013351432e-10,6.00007751816456e-11,1.0,constv,3,1,0
P20,sym,G4SESTE1,Sultana del Este Grupo 1,WSES1K,14.5,0.0,1.0,constv,3,0,0
P20,sym,G4SESTE2,Sultana del Este Grupo 2,WSES2K,1.000000013351432e-10,0.0,1.0,constv,4,1,0
P20,sym,G3CESPM3,CESPM 3,WCES3K,87.30000305175781,0.0,1.0,constv,1,0,0
P20,sym,G3CESPM2,CESPM 2,WCES2K,87.30000305175781,0.0,1.0199999809265137,constv,1,0,0
P20,sym,G3CESPM1,CESPM 1,WCES1K,87.30000305175781,0.0,1.0199999809265137,constv,1,0,0
P20,sym,G3ENE4TG,ENERGAS 4 TG,WXEN4K,40.0,0.0,1.0199999809265137,constv,1,0,0
P20,sym,G3ENE4TV,ENERGAS 4 TV,WXEV4K,1.000000013351432e-10,0.0,1.0199999809265137,constv,1,1,0
P20,sym,G3BERSAL,Bersal,,1.909999966621399,0.0,1.0,constq,4,0,0
P20,sym,G4LOPPL1,Los Orígenes Power Plant Grupo 1,WLORIK,2.130000114440918,0.0,1.0,constq,3,0,0
P20,sym,G4LOPPL2,Los Orígenes Power Plant Grupo 2,WLORIK,17.18000030517578,0.0,1.0490000247955322,constv,2,0,0
P20,sym,G3SPBIOE,San Pedro Bio-Energy,,30.0,14.529670715332031,1.0499999523162842,constv,1,0,0
P20,sym,G3CEMON2,Contra Embalse Monción 2,WCEMOK,0.75,0.36324170231819153,1.0,constq,1,0,0
P20,sym,G3CEMON1,Contra Embalse Monción 1,WCEMOK,0.75,0.36324170231819153,1.0,constq,1,0,0
P20,sym,G3MONCI2,Monción 2,WMONCK,22.309999465942383,0.0,1.0,constv,1,0,0
P20,sym,G3MONCI1,Monción 1,WMONCK,19.399999618530273,0.0,1.0,constq,1,0,0
P20,sym,G3PIMEN3,Pimentel 3,WPIM3K,8.526670455932617,0.0,1.0,constq,3,0,0
P20,sym,G3PIMEN2,Pimentel 2,,3.944999933242798,0.0,1.0,constv,4,0,0
P20,sym,G3PIMEN1,Pimentel 1,,3.055000066757202,0.0,1.0,constv,4,0,0
P20,sym,G3LANGOS,López Angostura,WLANGK,4.0,0.0,1.0,constv,1,0,0
P20,sym,G3BAIGU2,Baiguaque 2,WBAI1K,1.000000013351432e-10,3.2868412852549156e-11,1.0,constq,1,1,0
P20,sym,G3BAIGU1,Baiguaque 1,WBAI1K,0.10000000149011612,0.04843222349882126,1.0,constq,1,0,0
P20,sym,G3TAVER2,Tavera 2,WTAV2K,45.099998474121094,0.0,1.0,constq,1,0,0
P20,sym,G3TAVER1,Tavera 1,WTAV1K,1.000000013351432e-10,0.0,1.0,constv,1,1,0
P20,sym,G3SFELIG,San Felipe TG,,1.000000013351432e-10,0.0,1.0,constv,1,1,0
P20,sym,G3SFV,San Felipe Vapor,WSFEVK,1.000000013351432e-10,0.0,1.0,constv,1,1,0
P20,sym,G3PIMEN4,Pimentel 4,WXPI4K,17.55500030517578,0.0,1.0,constv,2,0,0
P20,sym,G3LTORO1,Los Toros 1,WLTO1K,1.000000013351432e-10,6.00007751816456e-11,1.0,constq,1,1,0
P20,sym,G3LTORO2,Los Toros 2,WLTO1K,1.000000013351432e-10,3.2868412852549156e-11,1.0,constq,1,1,0
P20,sym,G3NNAJAY,Nizao Najayo,WXNNAK,1.000000013351432e-10,4.843220963168804e-11,1.0,constq,1,1,0
P20,sym,G3LANONE,Los Anones,WXLANK,1.000000013351432e-10,4.843220963168804e-11,1.0,constq,1,1,0
P20,sym,G3SYEGUA,Sabana Yegua,WSYEGK,1.000000013351432e-10,0.0,1.0,constv,1,1,0
P20,sym,G3SABANE,Sabaneta,WSABAK,1.000000013351432e-10,0.0,1.0,constv,1,1,0
P20,sym,G3MAGUE2,Magueyal 2,WMAGUK,1.000000013351432e-10,4.843220963168804e-11,1.0,constq,1,1,0
P20,sym,G3MAGUE1,Magueyal 1,WMAGUK,1.000000013351432e-10,4.843220963168804e-11,1.0,constq,1,1,0
P20,sym,G3LDAMAS,Las Damas,,1.840000033378601,0.8911530375480652,1.0,constv,1,0,0
P20,sym,G3DRODR2,Domingo Rodríguez 2,WDRODL,1.000000013351432e-10,3.2868412852549156e-11,1.0,constq,1,1,0
P20,sym,G3DRODR1,Domingo Rodríguez 1,WDRODL,1.000000013351432e-10,3.2868412852549156e-11,1.0,constq,1,1,0
P20,sym,G3HTG,Haina TG,WHAIGK,1.000000013351432e-10,0.0,1.0,constq,1,1,0
P20,sym,G3VALDE2,Valdesia 2,WVAL2K,1.000000013351432e-10,0.0,1.0,constq,1,1,0
P20,sym,G3VALDE1,Valdesia 1,WVAL1K,1.000000013351432e-10,0.0,1.0,constv,1,1,0
P20,sym,G3LBARIA,Las Barías,WLBARK,1.000000013351432e-10,4.843220963168804e-11,1.0,constq,1,1,0
P20,sym,G3BCARBO,Barahona Carbón,WBCARK,50.0,0.0,1.0,constv,1,0,0
P20,sym,G3JIGUE2,Jigüey 2,WJIG2K,37.349998474121094,0.0,1.0,constv,1,0,0
P20,sym,G3JIGUE1,Jigüey 1,WJIG1K,1.000000013351432e-10,0.0,1.0,constv,1,1,0
P20,sym,G3AGUAC2,Aguacate 2,WAGU2K,27.15999984741211,0.0,1.0,constq,1,0,0
P20,sym,G3AGUAC1,Aguacate 1,WAGU1K,25.0,0.0,1.0,constq,1,0,0
P20,sym,G4MRIO3,Monte Río Grupo 2,WMRI3K,5.764510154724121,0.0,1.0199999809265137,constv,7,0,0
P20,sym,G4MRIO1,Monte Río Grupo 1,WMRI1K,7.806399822235107,0.0,1.0199999809265137,constv,6,0,0
P20,sym,G3ITABO2,Itabo 2,WITA2K,1.000000013351432e-10,0.0,1.0,constv,1,1,0
P20,sym,G3ITABO1,Itabo 1,WITA1K,120.0,0.0,1.0,constv,1,0,0
P20,sym,G3SLORE1,San Lorenzo 1,,1.000000013351432e-10,0.0,1.0,constv,1,1,0
P20,sym,G3PALOM2,Palomino 2,WPLM1K,35.0,0.0,1.0199999809265137,constv,1,0,0
P20,sym,G3PALOM1,Palomino 1,WPLM2K,1.000000013351432e-10,0.0,1.0199999809265137,constv,1,1,0
P20,sym,G4PAK262,POWERSHIP AZUA KPS26 2,WXPA2K,16.75527000427246,8.114946365356445,1.0,constv,3,0,0
P20,sym,G4PAK261,POWERSHIP AZUA KPS26 1,WXPA1K,18.164730072021484,8.797582626342773,1.0,constv,3,0,0
P20,sym,G4PAK601,POWERSHIP AZUA KPS60,WXPA3K,18.464550018310547,8.942789077758789,1.0,constv,4,0,0
P20,sym,G5PAK6TV,POWERSHIP AZUA TV,WXPA3K,1.4817999601364136,0.7176684737205505,1.0,constv,1,0,0
P20,sym,G3PALENQ,Palenque,WPAQ2K,6.0,2.9059336185455322,1.0499999523162842,constv,4,0,0
P20,sym,G4PAK561,POWERSHIP AZUA KPS56,WXPA4K,8.125,3.93511700630188,1.0,constv,8,0,0
P20,sym,G3LMINA6,Los Mina 6,WLMI6K,101.09124755859375,0.0,1.0,constv,1,0,0
P20,sym,G5AANDRV,AES Andrés TV,WAANVK,100.80999755859375,0.0,1.0,constv,1,0,0
P20,sym,G5AANDRG,AES Andrés TG,WAANGK,195.69000244140625,0.0,1.0,constv,1,0,0
P20,sym,G3METALD,METALDOM,WMETAK,9.729999542236328,0.0,0.9900000095367432,constv,4,0,0
P20,sym,G3LMINA5,Los Mina 5,WLMI5K,101.09124755859375,0.0,1.0,constv,1,0,0
P20,sym,G4EMAR21,EDM2 Grupo 1,,18.14324951171875,0.0,1.0,constq,3,0,0
P20,sym,G4EMAR22,EDM2 Grupo 2,,16.35342025756836,0.0,1.0,constq,3,0,0
P20,sym,G4EMAR23,EDM2 TV,,1.000000013351432e-10,0.0,1.0,constq,1,1,0
P20,sym,G3LMINA7,Los Mina 7,WLMI7K,108.86750030517578,52.72693634033203,1.0,constv,1,0,0
P20,sym,G4SIBA1,SIBA Grupo 1,WXSI1K,0.5699999928474426,0.27606356143951416,1.0,constv,2,0,0
P20,sym,G4SIBA2,SIBA Grupo 2,WXSI2K,16.700000762939453,8.08818244934082,1.0,constv,2,0,0
P20,sym,G4SIBA3,SIBA Grupo 3,WXSI3K,1.000000013351432e-10,0.0,1.0,constv,2,1,0
P20,sym,G4SIBA4,SIBA Grupo 4,WXSI4K,16.700000762939453,8.08818244934082,1.0,constv,2,0,0
P20,sym,G4SIBA6,SIBA Grupo 6,WXSI6K,25.0,12.108054161071777,1.0,constv,2,0,0
P20,sym,G4SIBA5,SIBA Grupo 5,WXSI5K,16.700000762939453,8.08818244934082,1.0,constv,2,0,0
P20,sym,G3PINAL2,Pinalito 2,WPIN2K,24.25,14.550185203552246,1.0490000247955322,constv,1,0,0
P20,sym,G3PINAL1,Pinalito 1,WPIN1K,1.000000013351432e-10,5.933650792933065e-11,1.0490000247955322,constv,1,1,0
P20,sym,G3RBLAN2,Río Blanco 2,WRBLCK,12.130000114440918,7.278094291687012,1.0490000247955322,constv,1,0,0
P20,sym,G3RBLAN1,Río Blanco 1,WRBLAK,1.000000013351432e-10,5.933650792933065e-11,1.0490000247955322,constv,1,1,0
P20,sym,G3RINCON,Rincón,WRINCK,1.000000013351432e-10,6.00007751816456e-11,1.0,constv,1,1,0
P20,sym,G3RJCRUZ,Rosa Julia De La Cruz,WRJCRK,1.000000013351432e-10,3.2868412852549156e-11,1.0,constq,1,1,0
P20,sym,G3ESALTO,El Salto,WESALK,1.000000013351432e-10,4.843220963168804e-11,1.0,constq,1,1,0
P20,sym,G4LVEGA1,La Vega Grupo 1,,18.42799949645996,1.4306477308273315,1.0,constq,3,0,0
P20,sym,G4LVEGA2,La Vega Grupo 2,,6.478000164031982,0.0,1.0499999523162842,constv,2,0,0
P20,sym,G3AVARG1,Aniana Vargas 1,WAVA1K,1.000000013351432e-10,3.2868412852549156e-11,1.0,constq,1,1,0
P20,sym,G3AVARG2,Aniana Vargas 2,WAVA1K,0.10000000149011612,0.0328684076666832,1.0,constq,1,0,0
P20,sym,G3JIMENO,Jimenoa,WJIMEK,5.820000171661377,0.0,1.0,constv,1,0,0
P20,sym,G3HATILL,Hatillo 1,WHATIK,7.760000228881836,2.5505905151367188,1.0,constv,1,0,0
P20,sym,G3HATIL2,Hatillo 2,,1.000000013351432e-10,6.00007751816456e-11,1.0,constq,1,1,0
P20,sym,G3BDEREC,Brazo Derecho,WBDERK,1.000000013351432e-10,4.843220963168804e-11,1.0,constv,1,1,0
P20,genstat,G3MPSOLA,Monte Plata Solar,,0.0,0.0,1.0499999523162842,constv,1,1,0
P20,genstat,G7EMAR31,SA 1 EDM3,WEM31K,1.000000013351432e-10,0.0,1.0,constq,1,1,0
P20,genstat,G7EMAR32,SA 2 EDM3,WEM32K,1.000000013351432e-10,0.0,1.0,constq,1,1,0
P20,genstat,G3PFMPAL,Mata de Palma Solar,WMPALK,0.0,0.0,1.0,constq,21,1,0
P20,genstat,G3PFMART,PF Martí,WMARTK,0.0,0.0,1.0,constq,8,1,0
P20,genstat,G3PFMARA,PF Maranatha,WMARAK,0.0,0.0,1.0,constq,2,1,0
P20,genstat,G4PFCUM4,PF Cumayasa 4,WXCU4K,0.0,0.0,1.0,constq,8,1,0
P20,genstat,G3PFCUM2,PF Cumayasa 2,WXCU2K,0.0,0.0,1.0,constq,5,1,0
P20,genstat,G3PFCUM1,PF Cumayasa 1,WXCU1K,0.0,0.0,1.0,constq,9,1,0
P20,genstat,G3ESOCO,El Soco,WXESOK,0.0,0.0,1.0,constq,11,1,0
P20,genstat,G3PFCOT1,PF Cotoperí 1,WCSO1K,0.0,0.0,1.0,constq,8,1,0
P20,genstat,G3PFCOT2,PF Cotoperí 2,WCSO2K,0.0,0.0,1.0,constq,8,1,0
P20,genstat,G3PFCOT3,PF Cotoperí 3,WCSO3K,0.0,0.0,1.0,constq,8,1,0
P20,genstat,G4PFCOA2,PF Coastal G2,WCOA2K,0.0,0.0,1.0,constq,6,1,0
P20,genstat,G4PFCOA1,PF Coastal G1,WCOA1K,0.0,0.0,1.0,constq,7,1,0
P20,genstat,G3PFSAJO,Parque Fotovoltaico SAJOMA,WXPFSK,0.0,0.0,1.0,constq,9,1,0
P20,genstat,G4PFMSO2,Monte Cristi Solar Grupo 2,,0.0,0.0,1.0,constq,12,1,0
P20,genstat,G4PFMSO1,Monte Cristi Solar Grupo 1,,0.0,0.0,1.0,constq,11,1,0
P20,genstat,G3PEACLA,Agua Clara,WACLAK,0.12399999797344208,0.0,1.0,constq,25,0,0
P20,genstat,G3PEGUAN,Guanillo,WGNLLK,0.35679998993873596,0.0,1.0,constq,25,0,0
P20,genstat,G3PELGUZ,Los Guzmancito,WLGUZK,0.11059000343084335,0.0,1.0,constq,17,0,0
P20,genstat,G3PELGU2,Los Guzmancito 2,WLGU2K,0.18614999949932098,0.0,1.0,constq,13,0,0
P20,genstat,G3PFMATR,Parque Fotovoltaico MATRISOL,WXMATK,0.0,0.0,1.0,constq,11,1,0
P20,genstat,G3PSESPE,PS Esperanza,WXPS1K,0.0,0.0,1.0,constq,18,1,0
P20,genstat,,SBX_20260708_161425_e01931_PV,,0.0,0.0,1.0,constq,1,1,0
P20,genstat,,BESS,,2.5,0.0,1.0,constq,1,0,0
P20,genstat,G3SCANOA,Solar Canoa,WSCANK,0.0,0.0,1.0,constq,8,1,0
P20,genstat,G3PFLUCI,PF Lucila,WXLUCK,0.0,0.0,1.0,constq,2,1,0
P20,genstat,G3LCOCO2,Los Cocos 2,,0.02346000075340271,3.7975775302179215e-11,1.0,constq,26,0,0
P20,genstat,G3QCABRE,Quilvio Cabrera,,0.06599999964237213,5.007656442290731e-11,1.0,constq,5,0,0
P20,genstat,G3JCOCO1,Juancho Los Cocos 1,,0.010379999876022339,7.080901143208251e-11,1.0,constq,26,0,0
P20,genstat,G3PELARI,Larimar,,0.17399999499320984,3.7975775302179215e-11,1.0,constq,15,0,0
P20,genstat,G3PELAR2,Larimar 2,,0.11714000254869461,3.7975775302179215e-11,1.0,constq,14,0,0
P20,genstat,G3PFLNEG,Parque Fotovoltaico Los Negros,WMRI2K,0.0,0.0,1.0,constq,3,1,0
P20,genstat,G3PFBAYA,Bayasol,WBAYAK,0.0,0.0,1.0,constq,13,1,0
P20,genstat,G4PSGIR1,Girasol Grupo 1,,0.0,0.0,1.0,constq,12,1,0
P20,genstat,G4PSGIR2,Girasol Grupo 2,,0.0,0.0,1.0,constq,16,1,0
P20,genstat,G3SANTAS,Santanasol,WSANTK,0.0,0.0,1.0,constq,15,1,0
P20,genstat,G3PFCALA,PF Calabaza 1,WXCA1K,0.0,0.0,1.0,constq,17,1,0
P20,genstat,G3PEMAT2,PE Matafongo 2,WMTFNK,0.07244999706745148,0.0,1.0,constq,3,0,0
P20,genstat,G3PEMATA,PE Matafongo,WMTFNK,0.027799999341368675,0.0,1.0,constq,17,0,0
P20,genstat,G3PFPER1,PF Peravia I,WPES1K,0.0,0.0,1.0,constq,12,1,0
P20,genstat,G3PFPER2,PF Peravia II,WPES2K,0.0,0.0,1.0,constq,12,1,0
P20,genstat,G6PEMINA,SA PE Los Mina,WXSALMK,1.000000013351432e-10,0.0,1.0,constq,1,0,0
P20,genstat,G6AANDRE,Sistema Almacenamiento AES Andrés,WXBAAK,1.000000013351432e-10,0.0,1.0,constq,1,0,0
P20,genstat,G3PFWCA2,PF Washington Capital 2,WXWC2K,0.0,0.0,1.0,constq,8,1,0
P20,genstat,G3PFWCA3,PF Washington Capital 3,WXWC3K,0.0,0.0,1.0,constq,8,1,0
P20,genstat,G3PFVICT,PF La Victoria,WLVICK,0.0,0.0,1.0,constq,8,1,0
P20,genstat,G3PFMIRA,Mirasol,WMIRAK,0.0,0.0,1.0,constq,17,1,0
P21,sym,G4PALAM3,Palamara Grupo 3,,1.8279000520706177,0.0,0.9900000095367432,constv,4,0,0
P21,sym,G4PALAM2,Palamara Grupo 2,,10.766400337219238,0.0,1.0,constv,2,0,0
P21,sym,G4PALAM1,Palamara Grupo 1,,10.766400337219238,0.0,0.9900000095367432,constv,4,0,0
P21,sym,G4IKM22,INCA km 22 Grupo 1,,4.331200122833252,0.0,1.0,constq,2,0,0
P21,sym,G5IKM22,INCA km 22 Grupo 2,,5.737599849700928,0.0,1.0,constq,1,0,0
P21,sym,G5EMA3G1,EDM3 TG1,WEM31K,48.0,0.0,0.9480000138282776,constv,1,0,0
P21,sym,G5EMA3G2,EDM3 TG2,WEM32K,48.0,0.0,0.9480000138282776,constv,1,0,0
P21,sym,G5EMAR3V,EDM3 TV,WEM33K,48.0,0.0,1.0,constv,1,0,0
P21,sym,G4Q1SPED,Quisqueya 1 San Pedro,,16.487499237060547,0.0,1.0,constv,4,0,0
P21,sym,G4QUIS12,Quisqueya 1 Grupo 2,,17.076000213623047,0.0,1.0,constv,4,0,0
P21,sym,G4QUIS21,Quisqueya 2 Grupo 1,,17.076000213623047,0.0,1.0,constv,4,0,0
P21,sym,G4QUIS22,Quisqueya 2 Grupo 2,,17.076000213623047,0.0,1.0,constv,4,0,0
P21,sym,G4QUIS23,Quisqueya 2 Grupo 3,,11.267999649047852,0.0,1.0,constv,4,0,0
P21,sym,G5QUISQ2,Quisqueya 2 TV,,1.000000013351432e-10,0.0,1.0,constq,1,1,0
P21,sym,G4QUIS13,Quisqueya 1 Grupo 3,,17.076000213623047,0.0,1.0,constv,4,0,0
P21,sym,G5QUISQ1,Quisqueya 1 TV,,8.892000198364258,0.0,1.0,constv,1,0,0
P21,sym,G3PCATA1,Punta Catalina 1,WPCA1K,339.989990234375,164.66468811035156,1.0499999523162842,constv,1,0,1
P21,sym,G3PCATA2,Punta Catalina 2,WPCA2K,359.989990234375,174.3511199951172,1.0499999523162842,constv,1,0,0
P21,sym,G4SESTE3,Sultana del Este Grupo 3,WSES3K,1.000000013351432e-10,6.00007751816456e-11,1.0,constv,3,1,0
P21,sym,G4SESTE1,Sultana del Este Grupo 1,WSES1K,14.5,0.0,1.0,constv,3,0,0
P21,sym,G4SESTE2,Sultana del Este Grupo 2,WSES2K,1.000000013351432e-10,0.0,1.0,constv,4,1,0
P21,sym,G3CESPM3,CESPM 3,WCES3K,87.30000305175781,0.0,1.0199999809265137,constv,1,0,0
P21,sym,G3CESPM2,CESPM 2,WCES2K,87.30000305175781,0.0,1.0199999809265137,constv,1,0,0
P21,sym,G3CESPM1,CESPM 1,WCES1K,87.30000305175781,0.0,1.0199999809265137,constv,1,0,0
P21,sym,G3ENE4TG,ENERGAS 4 TG,WXEN4K,40.0,0.0,1.0199999809265137,constv,1,0,0
P21,sym,G3ENE4TV,ENERGAS 4 TV,WXEV4K,1.000000013351432e-10,0.0,1.0199999809265137,constv,1,1,0
P21,sym,G3BERSAL,Bersal,,1.909999966621399,0.0,1.0,constq,4,0,0
P21,sym,G4LOPPL1,Los Orígenes Power Plant Grupo 1,WLORIK,2.130000114440918,0.0,1.0,constq,3,0,0
P21,sym,G4LOPPL2,Los Orígenes Power Plant Grupo 2,WLORIK,17.18000030517578,0.0,1.0490000247955322,constv,2,0,0
P21,sym,G3SPBIOE,San Pedro Bio-Energy,,30.0,14.529670715332031,1.0499999523162842,constv,1,0,0
P21,sym,G3CEMON2,Contra Embalse Monción 2,WCEMOK,0.75,0.36324170231819153,1.0,constq,1,0,0
P21,sym,G3CEMON1,Contra Embalse Monción 1,WCEMOK,0.75,0.36324170231819153,1.0,constq,1,0,0
P21,sym,G3MONCI2,Monción 2,WMONCK,22.309999465942383,0.0,1.0,constv,1,0,0
P21,sym,G3MONCI1,Monción 1,WMONCK,19.399999618530273,0.0,1.0,constq,1,0,0
P21,sym,G3PIMEN3,Pimentel 3,WPIM3K,8.526670455932617,0.0,1.0,constq,3,0,0
P21,sym,G3PIMEN2,Pimentel 2,,3.944999933242798,0.0,1.0,constv,4,0,0
P21,sym,G3PIMEN1,Pimentel 1,,3.055000066757202,0.0,1.0,constv,4,0,0
P21,sym,G3LANGOS,López Angostura,WLANGK,4.0,0.0,1.0,constv,1,0,0
P21,sym,G3BAIGU2,Baiguaque 2,WBAI1K,1.000000013351432e-10,3.2868412852549156e-11,1.0,constq,1,1,0
P21,sym,G3BAIGU1,Baiguaque 1,WBAI1K,0.10000000149011612,0.04843222349882126,1.0,constq,1,0,0
P21,sym,G3TAVER2,Tavera 2,WTAV2K,45.380001068115234,0.0,1.0,constq,1,0,0
P21,sym,G3TAVER1,Tavera 1,WTAV1K,1.000000013351432e-10,0.0,1.0,constv,1,1,0
P21,sym,G3SFELIG,San Felipe TG,,1.000000013351432e-10,0.0,1.0,constv,1,1,0
P21,sym,G3SFV,San Felipe Vapor,WSFEVK,1.000000013351432e-10,0.0,1.0,constv,1,1,0
P21,sym,G3PIMEN4,Pimentel 4,WXPI4K,17.55500030517578,0.0,1.0,constv,2,0,0
P21,sym,G3LTORO1,Los Toros 1,WLTO1K,1.000000013351432e-10,6.00007751816456e-11,1.0,constq,1,1,0
P21,sym,G3LTORO2,Los Toros 2,WLTO1K,1.000000013351432e-10,3.2868412852549156e-11,1.0,constq,1,1,0
P21,sym,G3NNAJAY,Nizao Najayo,WXNNAK,1.000000013351432e-10,4.843220963168804e-11,1.0,constq,1,1,0
P21,sym,G3LANONE,Los Anones,WXLANK,1.000000013351432e-10,4.843220963168804e-11,1.0,constq,1,1,0
P21,sym,G3SYEGUA,Sabana Yegua,WSYEGK,1.000000013351432e-10,0.0,1.0,constv,1,1,0
P21,sym,G3SABANE,Sabaneta,WSABAK,1.000000013351432e-10,0.0,1.0,constv,1,1,0
P21,sym,G3MAGUE2,Magueyal 2,WMAGUK,1.000000013351432e-10,4.843220963168804e-11,1.0,constq,1,1,0
P21,sym,G3MAGUE1,Magueyal 1,WMAGUK,1.000000013351432e-10,4.843220963168804e-11,1.0,constq,1,1,0
P21,sym,G3LDAMAS,Las Damas,,1.840000033378601,0.8911530375480652,1.0,constv,1,0,0
P21,sym,G3DRODR2,Domingo Rodríguez 2,WDRODL,1.000000013351432e-10,3.2868412852549156e-11,1.0,constq,1,1,0
P21,sym,G3DRODR1,Domingo Rodríguez 1,WDRODL,1.000000013351432e-10,3.2868412852549156e-11,1.0,constq,1,1,0
P21,sym,G3HTG,Haina TG,WHAIGK,1.000000013351432e-10,0.0,1.0,constq,1,1,0
P21,sym,G3VALDE2,Valdesia 2,WVAL2K,1.000000013351432e-10,0.0,1.0,constq,1,1,0
P21,sym,G3VALDE1,Valdesia 1,WVAL1K,1.000000013351432e-10,0.0,1.0,constv,1,1,0
P21,sym,G3LBARIA,Las Barías,WLBARK,1.000000013351432e-10,4.843220963168804e-11,1.0,constq,1,1,0
P21,sym,G3BCARBO,Barahona Carbón,WBCARK,50.0,0.0,1.0,constv,1,0,0
P21,sym,G3JIGUE2,Jigüey 2,WJIG2K,37.349998474121094,0.0,1.0,constv,1,0,0
P21,sym,G3JIGUE1,Jigüey 1,WJIG1K,32.0099983215332,0.0,1.0,constv,1,0,0
P21,sym,G3AGUAC2,Aguacate 2,WAGU2K,27.15999984741211,0.0,1.0,constq,1,0,0
P21,sym,G3AGUAC1,Aguacate 1,WAGU1K,25.0,0.0,1.0,constq,1,0,0
P21,sym,G4MRIO3,Monte Río Grupo 2,WMRI3K,5.764510154724121,0.0,1.0199999809265137,constv,7,0,0
P21,sym,G4MRIO1,Monte Río Grupo 1,WMRI1K,7.806399822235107,0.0,1.0199999809265137,constv,6,0,0
P21,sym,G3ITABO2,Itabo 2,WITA2K,1.000000013351432e-10,0.0,1.0,constv,1,1,0
P21,sym,G3ITABO1,Itabo 1,WITA1K,120.0,0.0,1.0,constv,1,0,0
P21,sym,G3SLORE1,San Lorenzo 1,,1.000000013351432e-10,0.0,1.0,constv,1,1,0
P21,sym,G3PALOM2,Palomino 2,WPLM1K,35.0,0.0,1.0199999809265137,constv,1,0,0
P21,sym,G3PALOM1,Palomino 1,WPLM2K,1.000000013351432e-10,0.0,1.0199999809265137,constv,1,1,0
P21,sym,G4PAK262,POWERSHIP AZUA KPS26 2,WXPA2K,16.75527000427246,8.114946365356445,1.0,constv,3,0,0
P21,sym,G4PAK261,POWERSHIP AZUA KPS26 1,WXPA1K,18.164730072021484,8.797582626342773,1.0,constv,3,0,0
P21,sym,G4PAK601,POWERSHIP AZUA KPS60,WXPA3K,18.464550018310547,8.942789077758789,1.0,constv,4,0,0
P21,sym,G5PAK6TV,POWERSHIP AZUA TV,WXPA3K,1.4817999601364136,0.7176684737205505,1.0,constv,1,0,0
P21,sym,G3PALENQ,Palenque,WPAQ2K,6.0,2.9059336185455322,1.0499999523162842,constv,4,0,0
P21,sym,G4PAK561,POWERSHIP AZUA KPS56,WXPA4K,8.125,3.93511700630188,1.0,constv,8,0,0
P21,sym,G3LMINA6,Los Mina 6,WLMI6K,101.09124755859375,0.0,1.0,constv,1,0,0
P21,sym,G5AANDRV,AES Andrés TV,WAANVK,100.80999755859375,0.0,1.0,constv,1,0,0
P21,sym,G5AANDRG,AES Andrés TG,WAANGK,195.69000244140625,0.0,1.0,constv,1,0,0
P21,sym,G3METALD,METALDOM,WMETAK,9.729999542236328,0.0,0.9900000095367432,constv,4,0,0
P21,sym,G3LMINA5,Los Mina 5,WLMI5K,101.09124755859375,0.0,1.0,constv,1,0,0
P21,sym,G4EMAR21,EDM2 Grupo 1,,18.14324951171875,0.0,1.0,constq,3,0,0
P21,sym,G4EMAR22,EDM2 Grupo 2,,16.116750717163086,0.0,1.0,constq,3,0,0
P21,sym,G4EMAR23,EDM2 TV,,1.000000013351432e-10,0.0,1.0,constq,1,1,0
P21,sym,G3LMINA7,Los Mina 7,WLMI7K,108.86750030517578,52.72693634033203,1.0,constv,1,0,0
P21,sym,G4SIBA1,SIBA Grupo 1,WXSI1K,0.5699999928474426,0.27606356143951416,1.0,constv,2,0,0
P21,sym,G4SIBA2,SIBA Grupo 2,WXSI2K,16.700000762939453,8.08818244934082,1.0,constv,2,0,0
P21,sym,G4SIBA3,SIBA Grupo 3,WXSI3K,1.000000013351432e-10,0.0,1.0,constv,2,1,0
P21,sym,G4SIBA4,SIBA Grupo 4,WXSI4K,16.700000762939453,8.08818244934082,1.0,constv,2,0,0
P21,sym,G4SIBA6,SIBA Grupo 6,WXSI6K,25.0,12.108054161071777,1.0,constv,2,0,0
P21,sym,G4SIBA5,SIBA Grupo 5,WXSI5K,16.700000762939453,8.08818244934082,1.0,constv,2,0,0
P21,sym,G3PINAL2,Pinalito 2,WPIN2K,24.25,14.550185203552246,1.0490000247955322,constv,1,0,0
P21,sym,G3PINAL1,Pinalito 1,WPIN1K,1.000000013351432e-10,5.933650792933065e-11,1.0490000247955322,constv,1,1,0
P21,sym,G3RBLAN2,Río Blanco 2,WRBLCK,12.130000114440918,7.278094291687012,1.0490000247955322,constv,1,0,0
P21,sym,G3RBLAN1,Río Blanco 1,WRBLAK,1.000000013351432e-10,5.933650792933065e-11,1.0490000247955322,constv,1,1,0
P21,sym,G3RINCON,Rincón,WRINCK,1.000000013351432e-10,6.00007751816456e-11,1.0,constv,1,1,0
P21,sym,G3RJCRUZ,Rosa Julia De La Cruz,WRJCRK,1.000000013351432e-10,3.2868412852549156e-11,1.0,constq,1,1,0
P21,sym,G3ESALTO,El Salto,WESALK,1.000000013351432e-10,4.843220963168804e-11,1.0,constq,1,1,0
P21,sym,G4LVEGA1,La Vega Grupo 1,,18.42799949645996,0.0,1.0,constq,3,0,0
P21,sym,G4LVEGA2,La Vega Grupo 2,,6.478000164031982,3.0636675357818604,1.0,constq,2,0,0
P21,sym,G3AVARG1,Aniana Vargas 1,WAVA1K,1.000000013351432e-10,3.2868412852549156e-11,1.0,constq,1,1,0
P21,sym,G3AVARG2,Aniana Vargas 2,WAVA1K,0.10000000149011612,0.0328684076666832,1.0,constq,1,0,0
P21,sym,G3JIMENO,Jimenoa,WJIMEK,5.820000171661377,0.0,1.0,constv,1,0,0
P21,sym,G3HATILL,Hatillo 1,WHATIK,7.760000228881836,0.0,1.0,constv,1,0,0
P21,sym,G3HATIL2,Hatillo 2,,1.000000013351432e-10,6.00007751816456e-11,1.0,constq,1,1,0
P21,sym,G3BDEREC,Brazo Derecho,WBDERK,1.000000013351432e-10,4.843220963168804e-11,1.0,constv,1,1,0
P21,genstat,G3MPSOLA,Monte Plata Solar,,0.0,0.0,1.0499999523162842,constv,1,1,0
P21,genstat,G7EMAR31,SA 1 EDM3,WEM31K,1.000000013351432e-10,0.0,1.0,constq,1,1,0
P21,genstat,G7EMAR32,SA 2 EDM3,WEM32K,1.000000013351432e-10,0.0,1.0,constq,1,1,0
P21,genstat,G3PFMPAL,Mata de Palma Solar,WMPALK,0.0,0.0,1.0,constq,21,1,0
P21,genstat,G3PFMART,PF Martí,WMARTK,0.0,0.0,1.0,constq,8,1,0
P21,genstat,G3PFMARA,PF Maranatha,WMARAK,0.0,0.0,1.0,constq,2,1,0
P21,genstat,G4PFCUM4,PF Cumayasa 4,WXCU4K,0.0,0.0,1.0,constq,8,1,0
P21,genstat,G3PFCUM2,PF Cumayasa 2,WXCU2K,0.0,0.0,1.0,constq,5,1,0
P21,genstat,G3PFCUM1,PF Cumayasa 1,WXCU1K,0.0,0.0,1.0,constq,9,1,0
P21,genstat,G3ESOCO,El Soco,WXESOK,0.0,0.0,1.0,constq,11,1,0
P21,genstat,G3PFCOT1,PF Cotoperí 1,WCSO1K,0.0,0.0,1.0,constq,8,1,0
P21,genstat,G3PFCOT2,PF Cotoperí 2,WCSO2K,0.0,0.0,1.0,constq,8,1,0
P21,genstat,G3PFCOT3,PF Cotoperí 3,WCSO3K,0.0,0.0,1.0,constq,8,1,0
P21,genstat,G4PFCOA2,PF Coastal G2,WCOA2K,0.0,0.0,1.0,constq,6,1,0
P21,genstat,G4PFCOA1,PF Coastal G1,WCOA1K,0.0,0.0,1.0,constq,7,1,0
P21,genstat,G3PFSAJO,Parque Fotovoltaico SAJOMA,WXPFSK,0.0,0.0,1.0,constq,9,1,0
P21,genstat,G4PFMSO2,Monte Cristi Solar Grupo 2,,0.0,0.0,1.0,constq,12,1,0
P21,genstat,G4PFMSO1,Monte Cristi Solar Grupo 1,,0.0,0.0,1.0,constq,11,1,0
P21,genstat,G3PEACLA,Agua Clara,WACLAK,0.04320000112056732,0.0,1.0,constq,25,0,0
P21,genstat,G3PEGUAN,Guanillo,WGNLLK,0.20239999890327454,0.0,1.0,constq,25,0,0
P21,genstat,G3PELGUZ,Los Guzmancito,WLGUZK,0.05764999985694885,0.0,1.0,constq,17,0,0
P21,genstat,G3PELGU2,Los Guzmancito 2,WLGU2K,0.07846000045537949,0.0,1.0,constq,13,0,0
P21,genstat,G3PFMATR,Parque Fotovoltaico MATRISOL,WXMATK,0.0,0.0,1.0,constq,11,1,0
P21,genstat,G3PSESPE,PS Esperanza,WXPS1K,0.0,0.0,1.0,constq,18,1,0
P21,genstat,,SBX_20260708_161425_e01931_PV,,0.0,0.0,1.0,constq,1,1,0
P21,genstat,,BESS,,2.5,0.0,1.0,constq,1,0,0
P21,genstat,G3SCANOA,Solar Canoa,WSCANK,0.0,0.0,1.0,constq,8,1,0
P21,genstat,G3PFLUCI,PF Lucila,WXLUCK,0.0,0.0,1.0,constq,2,1,0
P21,genstat,G3LCOCO2,Los Cocos 2,,0.02653999999165535,3.7975775302179215e-11,1.0,constq,26,0,0
P21,genstat,G3QCABRE,Quilvio Cabrera,,0.06400000303983688,5.007656442290731e-11,1.0,constq,5,0,0
P21,genstat,G3JCOCO1,Juancho Los Cocos 1,,0.009999999776482582,7.080901143208251e-11,1.0,constq,26,0,0
P21,genstat,G3PELARI,Larimar,,0.19467000663280487,3.7975775302179215e-11,1.0,constq,15,0,0
P21,genstat,G3PELAR2,Larimar 2,,0.13642999529838562,3.7975775302179215e-11,1.0,constq,14,0,0
P21,genstat,G3PFLNEG,Parque Fotovoltaico Los Negros,WMRI2K,0.0,0.0,1.0,constq,3,1,0
P21,genstat,G3PFBAYA,Bayasol,WBAYAK,0.0,0.0,1.0,constq,13,1,0
P21,genstat,G4PSGIR1,Girasol Grupo 1,,0.0,0.0,1.0,constq,12,1,0
P21,genstat,G4PSGIR2,Girasol Grupo 2,,0.0,0.0,1.0,constq,16,1,0
P21,genstat,G3SANTAS,Santanasol,WSANTK,0.0,0.0,1.0,constq,15,1,0
P21,genstat,G3PFCALA,PF Calabaza 1,WXCA1K,0.0,0.0,1.0,constq,17,1,0
P21,genstat,G3PEMAT2,PE Matafongo 2,WMTFNK,0.0357000008225441,0.0,1.0,constq,3,0,0
P21,genstat,G3PEMATA,PE Matafongo,WMTFNK,0.013700000010430813,0.0,1.0,constq,17,0,0
P21,genstat,G3PFPER1,PF Peravia I,WPES1K,0.0,0.0,1.0,constq,12,1,0
P21,genstat,G3PFPER2,PF Peravia II,WPES2K,0.0,0.0,1.0,constq,12,1,0
P21,genstat,G6PEMINA,SA PE Los Mina,WXSALMK,1.000000013351432e-10,0.0,1.0,constq,1,0,0
P21,genstat,G6AANDRE,Sistema Almacenamiento AES Andrés,WXBAAK,1.000000013351432e-10,0.0,1.0,constq,1,0,0
P21,genstat,G3PFWCA2,PF Washington Capital 2,WXWC2K,0.0,0.0,1.0,constq,8,1,0
P21,genstat,G3PFWCA3,PF Washington Capital 3,WXWC3K,0.0,0.0,1.0,constq,8,1,0
P21,genstat,G3PFVICT,PF La Victoria,WLVICK,0.0,0.0,1.0,constq,8,1,0
P21,genstat,G3PFMIRA,Mirasol,WMIRAK,0.0,0.0,1.0,constq,17,1,0
P22,sym,G4PALAM3,Palamara Grupo 3,,1.8279000520706177,0.0,0.9900000095367432,constv,4,0,0
P22,sym,G4PALAM2,Palamara Grupo 2,,10.766400337219238,0.0,1.0,constv,2,0,0
P22,sym,G4PALAM1,Palamara Grupo 1,,10.766400337219238,0.0,0.9900000095367432,constv,4,0,0
P22,sym,G4IKM22,INCA km 22 Grupo 1,,4.331200122833252,0.0,1.0,constq,2,0,0
P22,sym,G5IKM22,INCA km 22 Grupo 2,,5.737599849700928,0.0,1.0,constq,1,0,0
P22,sym,G5EMA3G1,EDM3 TG1,WEM31K,48.66667175292969,0.0,0.9480000138282776,constv,1,0,0
P22,sym,G5EMA3G2,EDM3 TG2,WEM32K,48.66667175292969,0.0,0.9480000138282776,constv,1,0,0
P22,sym,G5EMAR3V,EDM3 TV,WEM33K,48.66667175292969,0.0,1.0,constv,1,0,0
P22,sym,G4Q1SPED,Quisqueya 1 San Pedro,,16.487499237060547,0.0,1.0,constv,4,0,0
P22,sym,G4QUIS12,Quisqueya 1 Grupo 2,,17.076000213623047,0.0,1.0,constv,4,0,0
P22,sym,G4QUIS21,Quisqueya 2 Grupo 1,,17.076000213623047,0.0,1.0,constv,4,0,0
P22,sym,G4QUIS22,Quisqueya 2 Grupo 2,,17.076000213623047,0.0,1.0,constv,4,0,0
P22,sym,G4QUIS23,Quisqueya 2 Grupo 3,,11.267999649047852,0.0,1.0,constv,4,0,0
P22,sym,G5QUISQ2,Quisqueya 2 TV,,1.000000013351432e-10,0.0,1.0,constq,1,1,0
P22,sym,G4QUIS13,Quisqueya 1 Grupo 3,,17.076000213623047,0.0,1.0,constv,4,0,0
P22,sym,G5QUISQ1,Quisqueya 1 TV,,8.892000198364258,0.0,1.0,constv,1,0,0
P22,sym,G3PCATA1,Punta Catalina 1,WPCA1K,339.989990234375,164.66468811035156,1.0499999523162842,constv,1,0,1
P22,sym,G3PCATA2,Punta Catalina 2,WPCA2K,359.989990234375,174.3511199951172,1.0499999523162842,constv,1,0,0
P22,sym,G4SESTE3,Sultana del Este Grupo 3,WSES3K,1.000000013351432e-10,6.00007751816456e-11,1.0,constv,3,1,0
P22,sym,G4SESTE1,Sultana del Este Grupo 1,WSES1K,14.5,0.0,1.0,constv,3,0,0
P22,sym,G4SESTE2,Sultana del Este Grupo 2,WSES2K,1.000000013351432e-10,0.0,1.0,constv,4,1,0
P22,sym,G3CESPM3,CESPM 3,WCES3K,87.30000305175781,0.0,1.0199999809265137,constv,1,0,0
P22,sym,G3CESPM2,CESPM 2,WCES2K,87.30000305175781,0.0,1.0199999809265137,constv,1,0,0
P22,sym,G3CESPM1,CESPM 1,WCES1K,87.30000305175781,0.0,1.0199999809265137,constv,1,0,0
P22,sym,G3ENE4TG,ENERGAS 4 TG,WXEN4K,40.0,0.0,1.0199999809265137,constv,1,0,0
P22,sym,G3ENE4TV,ENERGAS 4 TV,WXEV4K,1.000000013351432e-10,0.0,1.0199999809265137,constv,1,1,0
P22,sym,G3BERSAL,Bersal,,1.909999966621399,0.0,1.0,constq,4,0,0
P22,sym,G4LOPPL1,Los Orígenes Power Plant Grupo 1,WLORIK,2.130000114440918,0.0,1.0,constq,3,0,0
P22,sym,G4LOPPL2,Los Orígenes Power Plant Grupo 2,WLORIK,17.18000030517578,0.0,1.0490000247955322,constv,2,0,0
P22,sym,G3SPBIOE,San Pedro Bio-Energy,,30.0,14.529670715332031,1.0499999523162842,constv,1,0,0
P22,sym,G3CEMON2,Contra Embalse Monción 2,WCEMOK,0.75,0.36324170231819153,1.0,constq,1,0,0
P22,sym,G3CEMON1,Contra Embalse Monción 1,WCEMOK,0.75,0.36324170231819153,1.0,constq,1,0,0
P22,sym,G3MONCI2,Monción 2,WMONCK,22.309999465942383,0.0,1.0,constv,1,0,0
P22,sym,G3MONCI1,Monción 1,WMONCK,19.399999618530273,0.0,1.0,constq,1,0,0
P22,sym,G3PIMEN3,Pimentel 3,WPIM3K,8.526670455932617,0.0,1.0,constq,3,0,0
P22,sym,G3PIMEN2,Pimentel 2,,3.944999933242798,0.0,1.0,constv,4,0,0
P22,sym,G3PIMEN1,Pimentel 1,,3.055000066757202,0.0,1.0,constv,4,0,0
P22,sym,G3LANGOS,López Angostura,WLANGK,4.0,0.0,1.0,constv,1,0,0
P22,sym,G3BAIGU2,Baiguaque 2,WBAI1K,1.000000013351432e-10,3.2868412852549156e-11,1.0,constq,1,1,0
P22,sym,G3BAIGU1,Baiguaque 1,WBAI1K,0.10000000149011612,0.04843222349882126,1.0,constq,1,0,0
P22,sym,G3TAVER2,Tavera 2,WTAV2K,46.04999923706055,0.0,1.0,constq,1,0,0
P22,sym,G3TAVER1,Tavera 1,WTAV1K,1.000000013351432e-10,0.0,1.0,constv,1,1,0
P22,sym,G3SFELIG,San Felipe TG,,1.000000013351432e-10,0.0,1.0,constv,1,1,0
P22,sym,G3SFV,San Felipe Vapor,WSFEVK,1.000000013351432e-10,0.0,1.0,constv,1,1,0
P22,sym,G3PIMEN4,Pimentel 4,WXPI4K,17.55500030517578,0.0,1.0,constv,2,0,0
P22,sym,G3LTORO1,Los Toros 1,WLTO1K,1.000000013351432e-10,6.00007751816456e-11,1.0,constq,1,1,0
P22,sym,G3LTORO2,Los Toros 2,WLTO1K,1.000000013351432e-10,3.2868412852549156e-11,1.0,constq,1,1,0
P22,sym,G3NNAJAY,Nizao Najayo,WXNNAK,1.000000013351432e-10,4.843220963168804e-11,1.0,constq,1,1,0
P22,sym,G3LANONE,Los Anones,WXLANK,1.000000013351432e-10,4.843220963168804e-11,1.0,constq,1,1,0
P22,sym,G3SYEGUA,Sabana Yegua,WSYEGK,1.000000013351432e-10,0.0,1.0,constv,1,1,0
P22,sym,G3SABANE,Sabaneta,WSABAK,1.000000013351432e-10,0.0,1.0,constv,1,1,0
P22,sym,G3MAGUE2,Magueyal 2,WMAGUK,1.000000013351432e-10,4.843220963168804e-11,1.0,constq,1,1,0
P22,sym,G3MAGUE1,Magueyal 1,WMAGUK,1.000000013351432e-10,4.843220963168804e-11,1.0,constq,1,1,0
P22,sym,G3LDAMAS,Las Damas,,1.840000033378601,0.8911530375480652,1.0,constv,1,0,0
P22,sym,G3DRODR2,Domingo Rodríguez 2,WDRODL,1.000000013351432e-10,3.2868412852549156e-11,1.0,constq,1,1,0
P22,sym,G3DRODR1,Domingo Rodríguez 1,WDRODL,1.000000013351432e-10,3.2868412852549156e-11,1.0,constq,1,1,0
P22,sym,G3HTG,Haina TG,WHAIGK,1.000000013351432e-10,0.0,1.0,constq,1,1,0
P22,sym,G3VALDE2,Valdesia 2,WVAL2K,1.000000013351432e-10,0.0,1.0,constq,1,1,0
P22,sym,G3VALDE1,Valdesia 1,WVAL1K,1.000000013351432e-10,0.0,1.0,constv,1,1,0
P22,sym,G3LBARIA,Las Barías,WLBARK,1.000000013351432e-10,4.843220963168804e-11,1.0,constq,1,1,0
P22,sym,G3BCARBO,Barahona Carbón,WBCARK,50.0,0.0,1.0,constv,1,0,0
P22,sym,G3JIGUE2,Jigüey 2,WJIG2K,36.150001525878906,0.0,1.0,constv,1,0,0
P22,sym,G3JIGUE1,Jigüey 1,WJIG1K,32.0099983215332,0.0,1.0,constv,1,0,0
P22,sym,G3AGUAC2,Aguacate 2,WAGU2K,27.15999984741211,0.0,1.0,constq,1,0,0
P22,sym,G3AGUAC1,Aguacate 1,WAGU1K,25.0,0.0,1.0,constq,1,0,0
P22,sym,G4MRIO3,Monte Río Grupo 2,WMRI3K,5.764510154724121,0.0,1.0199999809265137,constv,7,0,0
P22,sym,G4MRIO1,Monte Río Grupo 1,WMRI1K,7.806399822235107,0.0,1.0199999809265137,constv,6,0,0
P22,sym,G3ITABO2,Itabo 2,WITA2K,1.000000013351432e-10,0.0,1.0,constv,1,1,0
P22,sym,G3ITABO1,Itabo 1,WITA1K,120.0,0.0,1.0,constv,1,0,0
P22,sym,G3SLORE1,San Lorenzo 1,,1.000000013351432e-10,0.0,1.0,constv,1,1,0
P22,sym,G3PALOM2,Palomino 2,WPLM1K,35.0,0.0,1.0199999809265137,constv,1,0,0
P22,sym,G3PALOM1,Palomino 1,WPLM2K,20.0,0.0,1.0199999809265137,constv,1,0,0
P22,sym,G4PAK262,POWERSHIP AZUA KPS26 2,WXPA2K,16.75527000427246,8.114946365356445,1.0,constv,3,0,0
P22,sym,G4PAK261,POWERSHIP AZUA KPS26 1,WXPA1K,18.164730072021484,8.797582626342773,1.0,constv,3,0,0
P22,sym,G4PAK601,POWERSHIP AZUA KPS60,WXPA3K,18.464550018310547,8.942789077758789,1.0,constv,4,0,0
P22,sym,G5PAK6TV,POWERSHIP AZUA TV,WXPA3K,1.4817999601364136,0.7176684737205505,1.0,constv,1,0,0
P22,sym,G3PALENQ,Palenque,WPAQ2K,6.0,2.9059336185455322,1.0499999523162842,constv,4,0,0
P22,sym,G4PAK561,POWERSHIP AZUA KPS56,WXPA4K,8.125,3.93511700630188,1.0,constv,8,0,0
P22,sym,G3LMINA6,Los Mina 6,WLMI6K,101.09124755859375,0.0,1.0,constv,1,0,0
P22,sym,G5AANDRV,AES Andrés TV,WAANVK,100.80999755859375,0.0,1.0,constv,1,0,0
P22,sym,G5AANDRG,AES Andrés TG,WAANGK,195.69000244140625,0.0,1.0,constv,1,0,0
P22,sym,G3METALD,METALDOM,WMETAK,9.729999542236328,0.0,0.9900000095367432,constv,4,0,0
P22,sym,G3LMINA5,Los Mina 5,WLMI5K,101.09124755859375,0.0,1.0,constv,1,0,0
P22,sym,G4EMAR21,EDM2 Grupo 1,,18.14324951171875,0.0,1.0,constq,3,0,0
P22,sym,G4EMAR22,EDM2 Grupo 2,,15.93008041381836,0.0,1.0,constq,3,0,0
P22,sym,G4EMAR23,EDM2 TV,,1.000000013351432e-10,0.0,1.0,constq,1,1,0
P22,sym,G3LMINA7,Los Mina 7,WLMI7K,108.86750030517578,52.72693634033203,1.0,constv,1,0,0
P22,sym,G4SIBA1,SIBA Grupo 1,WXSI1K,0.5699999928474426,0.27606356143951416,1.0,constv,2,0,0
P22,sym,G4SIBA2,SIBA Grupo 2,WXSI2K,16.700000762939453,8.08818244934082,1.0,constv,2,0,0
P22,sym,G4SIBA3,SIBA Grupo 3,WXSI3K,1.000000013351432e-10,0.0,1.0,constv,2,1,0
P22,sym,G4SIBA4,SIBA Grupo 4,WXSI4K,16.700000762939453,8.08818244934082,1.0,constv,2,0,0
P22,sym,G4SIBA6,SIBA Grupo 6,WXSI6K,25.0,12.108054161071777,1.0,constv,2,0,0
P22,sym,G4SIBA5,SIBA Grupo 5,WXSI5K,16.700000762939453,8.08818244934082,1.0,constv,2,0,0
P22,sym,G3PINAL2,Pinalito 2,WPIN2K,24.25,14.550185203552246,1.0490000247955322,constv,1,0,0
P22,sym,G3PINAL1,Pinalito 1,WPIN1K,1.000000013351432e-10,5.933650792933065e-11,1.0490000247955322,constv,1,1,0
P22,sym,G3RBLAN2,Río Blanco 2,WRBLCK,12.130000114440918,7.278094291687012,1.0490000247955322,constv,1,0,0
P22,sym,G3RBLAN1,Río Blanco 1,WRBLAK,1.000000013351432e-10,5.933650792933065e-11,1.0490000247955322,constv,1,1,0
P22,sym,G3RINCON,Rincón,WRINCK,1.000000013351432e-10,6.00007751816456e-11,1.0,constv,1,1,0
P22,sym,G3RJCRUZ,Rosa Julia De La Cruz,WRJCRK,1.000000013351432e-10,3.2868412852549156e-11,1.0,constq,1,1,0
P22,sym,G3ESALTO,El Salto,WESALK,1.000000013351432e-10,4.843220963168804e-11,1.0,constq,1,1,0
P22,sym,G4LVEGA1,La Vega Grupo 1,,18.42799949645996,0.0,1.0,constq,3,0,0
P22,sym,G4LVEGA2,La Vega Grupo 2,,6.478000164031982,0.0,1.0,constv,2,0,0
P22,sym,G3AVARG1,Aniana Vargas 1,WAVA1K,1.000000013351432e-10,3.2868412852549156e-11,1.0,constq,1,1,0
P22,sym,G3AVARG2,Aniana Vargas 2,WAVA1K,0.10000000149011612,0.0328684076666832,1.0,constq,1,0,0
P22,sym,G3JIMENO,Jimenoa,WJIMEK,5.820000171661377,0.0,1.0,constv,1,0,0
P22,sym,G3HATILL,Hatillo 1,WHATIK,7.760000228881836,3.30574631690979,1.0,constv,1,0,0
P22,sym,G3HATIL2,Hatillo 2,,1.000000013351432e-10,6.00007751816456e-11,1.0,constq,1,1,0
P22,sym,G3BDEREC,Brazo Derecho,WBDERK,1.000000013351432e-10,4.843220963168804e-11,1.0,constv,1,1,0
P22,genstat,G3MPSOLA,Monte Plata Solar,,0.0,0.0,1.0499999523162842,constv,1,1,0
P22,genstat,G7EMAR31,SA 1 EDM3,WEM31K,1.000000013351432e-10,0.0,1.0,constq,1,1,0
P22,genstat,G7EMAR32,SA 2 EDM3,WEM32K,1.000000013351432e-10,0.0,1.0,constq,1,1,0
P22,genstat,G3PFMPAL,Mata de Palma Solar,WMPALK,0.0,0.0,1.0,constq,21,1,0
P22,genstat,G3PFMART,PF Martí,WMARTK,0.0,0.0,1.0,constq,8,1,0
P22,genstat,G3PFMARA,PF Maranatha,WMARAK,0.0,0.0,1.0,constq,2,1,0
P22,genstat,G4PFCUM4,PF Cumayasa 4,WXCU4K,0.0,0.0,1.0,constq,8,1,0
P22,genstat,G3PFCUM2,PF Cumayasa 2,WXCU2K,0.0,0.0,1.0,constq,5,1,0
P22,genstat,G3PFCUM1,PF Cumayasa 1,WXCU1K,0.0,0.0,1.0,constq,9,1,0
P22,genstat,G3ESOCO,El Soco,WXESOK,0.0,0.0,1.0,constq,11,1,0
P22,genstat,G3PFCOT1,PF Cotoperí 1,WCSO1K,0.0,0.0,1.0,constq,8,1,0
P22,genstat,G3PFCOT2,PF Cotoperí 2,WCSO2K,0.0,0.0,1.0,constq,8,1,0
P22,genstat,G3PFCOT3,PF Cotoperí 3,WCSO3K,0.0,0.0,1.0,constq,8,1,0
P22,genstat,G4PFCOA2,PF Coastal G2,WCOA2K,0.0,0.0,1.0,constq,6,1,0
P22,genstat,G4PFCOA1,PF Coastal G1,WCOA1K,0.0,0.0,1.0,constq,7,1,0
P22,genstat,G3PFSAJO,Parque Fotovoltaico SAJOMA,WXPFSK,0.0,0.0,1.0,constq,9,1,0
P22,genstat,G4PFMSO2,Monte Cristi Solar Grupo 2,,0.0,0.0,1.0,constq,12,1,0
P22,genstat,G4PFMSO1,Monte Cristi Solar Grupo 1,,0.0,0.0,1.0,constq,11,1,0
P22,genstat,G3PEACLA,Agua Clara,WACLAK,0.026000000536441803,0.0,1.0,constq,25,0,0
P22,genstat,G3PEGUAN,Guanillo,WGNLLK,0.08320000022649765,0.0,1.0,constq,25,0,0
P22,genstat,G3PELGUZ,Los Guzmancito,WLGUZK,0.06235000118613243,0.0,1.0,constq,17,0,0
P22,genstat,G3PELGU2,Los Guzmancito 2,WLGU2K,0.04307999834418297,0.0,1.0,constq,13,0,0
P22,genstat,G3PFMATR,Parque Fotovoltaico MATRISOL,WXMATK,0.0,0.0,1.0,constq,11,1,0
P22,genstat,G3PSESPE,PS Esperanza,WXPS1K,0.0,0.0,1.0,constq,18,1,0
P22,genstat,,SBX_20260708_161425_e01931_PV,,0.0,0.0,1.0,constq,1,1,0
P22,genstat,,BESS,,2.5,0.0,1.0,constq,1,0,0
P22,genstat,G3SCANOA,Solar Canoa,WSCANK,0.0,0.0,1.0,constq,8,1,0
P22,genstat,G3PFLUCI,PF Lucila,WXLUCK,0.0,0.0,1.0,constq,2,1,0
P22,genstat,G3LCOCO2,Los Cocos 2,,0.029999999329447746,3.7975775302179215e-11,1.0,constq,26,0,0
P22,genstat,G3QCABRE,Quilvio Cabrera,,0.07400000095367432,5.007656442290731e-11,1.0,constq,5,0,0
P22,genstat,G3JCOCO1,Juancho Los Cocos 1,,0.012310000136494637,7.080901143208251e-11,1.0,constq,26,0,0
P22,genstat,G3PELARI,Larimar,,0.2460000067949295,3.7975775302179215e-11,1.0,constq,15,0,0
P22,genstat,G3PELAR2,Larimar 2,,0.16357000172138214,3.7975775302179215e-11,1.0,constq,14,0,0
P22,genstat,G3PFLNEG,Parque Fotovoltaico Los Negros,WMRI2K,0.0,0.0,1.0,constq,3,1,0
P22,genstat,G3PFBAYA,Bayasol,WBAYAK,0.0,0.0,1.0,constq,13,1,0
P22,genstat,G4PSGIR1,Girasol Grupo 1,,0.0,0.0,1.0,constq,12,1,0
P22,genstat,G4PSGIR2,Girasol Grupo 2,,0.0,0.0,1.0,constq,16,1,0
P22,genstat,G3SANTAS,Santanasol,WSANTK,0.0,0.0,1.0,constq,15,1,0
P22,genstat,G3PFCALA,PF Calabaza 1,WXCA1K,0.0,0.0,1.0,constq,17,1,0
P22,genstat,G3PEMAT2,PE Matafongo 2,WMTFNK,0.03884999826550484,0.0,1.0,constq,3,0,0
P22,genstat,G3PEMATA,PE Matafongo,WMTFNK,0.014910000376403332,0.0,1.0,constq,17,0,0
P22,genstat,G3PFPER1,PF Peravia I,WPES1K,0.0,0.0,1.0,constq,12,1,0
P22,genstat,G3PFPER2,PF Peravia II,WPES2K,0.0,0.0,1.0,constq,12,1,0
P22,genstat,G6PEMINA,SA PE Los Mina,WXSALMK,1.000000013351432e-10,0.0,1.0,constq,1,0,0
P22,genstat,G6AANDRE,Sistema Almacenamiento AES Andrés,WXBAAK,1.000000013351432e-10,0.0,1.0,constq,1,0,0
P22,genstat,G3PFWCA2,PF Washington Capital 2,WXWC2K,0.0,0.0,1.0,constq,8,1,0
P22,genstat,G3PFWCA3,PF Washington Capital 3,WXWC3K,0.0,0.0,1.0,constq,8,1,0
P22,genstat,G3PFVICT,PF La Victoria,WLVICK,0.0,0.0,1.0,constq,8,1,0
P22,genstat,G3PFMIRA,Mirasol,WMIRAK,0.0,0.0,1.0,constq,17,1,0
P23,sym,G4PALAM3,Palamara Grupo 3,,1.8279000520706177,0.0,0.9900000095367432,constv,4,0,0
P23,sym,G4PALAM2,Palamara Grupo 2,,10.766400337219238,0.0,1.0,constv,2,0,0
P23,sym,G4PALAM1,Palamara Grupo 1,,10.766400337219238,0.0,0.9900000095367432,constv,4,0,0
P23,sym,G4IKM22,INCA km 22 Grupo 1,,4.331200122833252,0.0,1.0,constq,2,0,0
P23,sym,G5IKM22,INCA km 22 Grupo 2,,5.737599849700928,0.0,1.0,constq,1,0,0
P23,sym,G5EMA3G1,EDM3 TG1,WEM31K,48.66667175292969,0.0,0.9480000138282776,constv,1,0,0
P23,sym,G5EMA3G2,EDM3 TG2,WEM32K,48.66667175292969,0.0,0.9480000138282776,constv,1,0,0
P23,sym,G5EMAR3V,EDM3 TV,WEM33K,48.66667175292969,0.0,1.0,constv,1,0,0
P23,sym,G4Q1SPED,Quisqueya 1 San Pedro,,16.487499237060547,0.0,1.0,constv,4,0,0
P23,sym,G4QUIS12,Quisqueya 1 Grupo 2,,17.076000213623047,0.0,1.0,constv,4,0,0
P23,sym,G4QUIS21,Quisqueya 2 Grupo 1,,17.076000213623047,0.0,1.0,constv,4,0,0
P23,sym,G4QUIS22,Quisqueya 2 Grupo 2,,17.076000213623047,0.0,1.0,constv,4,0,0
P23,sym,G4QUIS23,Quisqueya 2 Grupo 3,,11.267999649047852,0.0,1.0,constv,4,0,0
P23,sym,G5QUISQ2,Quisqueya 2 TV,,1.000000013351432e-10,0.0,1.0,constq,1,1,0
P23,sym,G4QUIS13,Quisqueya 1 Grupo 3,,17.076000213623047,0.0,1.0,constv,4,0,0
P23,sym,G5QUISQ1,Quisqueya 1 TV,,8.892000198364258,0.0,1.0,constv,1,0,0
P23,sym,G3PCATA1,Punta Catalina 1,WPCA1K,339.989990234375,164.66468811035156,1.0499999523162842,constv,1,0,1
P23,sym,G3PCATA2,Punta Catalina 2,WPCA2K,359.989990234375,174.3511199951172,1.0499999523162842,constv,1,0,0
P23,sym,G4SESTE3,Sultana del Este Grupo 3,WSES3K,1.000000013351432e-10,6.00007751816456e-11,1.0,constv,3,1,0
P23,sym,G4SESTE1,Sultana del Este Grupo 1,WSES1K,14.5,0.0,1.0,constv,3,0,0
P23,sym,G4SESTE2,Sultana del Este Grupo 2,WSES2K,1.000000013351432e-10,0.0,1.0,constv,4,1,0
P23,sym,G3CESPM3,CESPM 3,WCES3K,87.30000305175781,0.0,1.0199999809265137,constv,1,0,0
P23,sym,G3CESPM2,CESPM 2,WCES2K,87.30000305175781,0.0,1.0199999809265137,constv,1,0,0
P23,sym,G3CESPM1,CESPM 1,WCES1K,87.30000305175781,0.0,1.0199999809265137,constv,1,0,0
P23,sym,G3ENE4TG,ENERGAS 4 TG,WXEN4K,40.0,0.0,1.0199999809265137,constv,1,0,0
P23,sym,G3ENE4TV,ENERGAS 4 TV,WXEV4K,1.000000013351432e-10,0.0,1.0199999809265137,constv,1,1,0
P23,sym,G3BERSAL,Bersal,,1.909999966621399,0.0,1.0,constq,4,0,0
P23,sym,G4LOPPL1,Los Orígenes Power Plant Grupo 1,WLORIK,2.130000114440918,0.0,1.0,constq,3,0,0
P23,sym,G4LOPPL2,Los Orígenes Power Plant Grupo 2,WLORIK,17.18000030517578,0.0,1.0490000247955322,constv,2,0,0
P23,sym,G3SPBIOE,San Pedro Bio-Energy,,30.0,14.529670715332031,1.0499999523162842,constv,1,0,0
P23,sym,G3CEMON2,Contra Embalse Monción 2,WCEMOK,0.75,0.36324170231819153,1.0,constq,1,0,0
P23,sym,G3CEMON1,Contra Embalse Monción 1,WCEMOK,0.75,0.36324170231819153,1.0,constq,1,0,0
P23,sym,G3MONCI2,Monción 2,WMONCK,22.309999465942383,0.0,1.0,constv,1,0,0
P23,sym,G3MONCI1,Monción 1,WMONCK,19.399999618530273,0.0,1.0,constq,1,0,0
P23,sym,G3PIMEN3,Pimentel 3,WPIM3K,8.526670455932617,0.0,1.0,constq,3,0,0
P23,sym,G3PIMEN2,Pimentel 2,,3.944999933242798,0.0,1.0,constv,4,0,0
P23,sym,G3PIMEN1,Pimentel 1,,3.055000066757202,0.0,1.0,constv,4,0,0
P23,sym,G3LANGOS,López Angostura,WLANGK,4.0,0.0,1.0,constv,1,0,0
P23,sym,G3BAIGU2,Baiguaque 2,WBAI1K,1.000000013351432e-10,3.2868412852549156e-11,1.0,constq,1,1,0
P23,sym,G3BAIGU1,Baiguaque 1,WBAI1K,0.10000000149011612,0.04843222349882126,1.0,constq,1,0,0
P23,sym,G3TAVER2,Tavera 2,WTAV2K,46.0099983215332,0.0,1.0,constq,1,0,0
P23,sym,G3TAVER1,Tavera 1,WTAV1K,1.000000013351432e-10,0.0,1.0,constv,1,1,0
P23,sym,G3SFELIG,San Felipe TG,,1.000000013351432e-10,0.0,1.0,constv,1,1,0
P23,sym,G3SFV,San Felipe Vapor,WSFEVK,1.000000013351432e-10,0.0,1.0,constv,1,1,0
P23,sym,G3PIMEN4,Pimentel 4,WXPI4K,17.55500030517578,0.0,1.0,constv,2,0,0
P23,sym,G3LTORO1,Los Toros 1,WLTO1K,1.000000013351432e-10,6.00007751816456e-11,1.0,constq,1,1,0
P23,sym,G3LTORO2,Los Toros 2,WLTO1K,1.000000013351432e-10,3.2868412852549156e-11,1.0,constq,1,1,0
P23,sym,G3NNAJAY,Nizao Najayo,WXNNAK,1.000000013351432e-10,4.843220963168804e-11,1.0,constq,1,1,0
P23,sym,G3LANONE,Los Anones,WXLANK,1.000000013351432e-10,4.843220963168804e-11,1.0,constq,1,1,0
P23,sym,G3SYEGUA,Sabana Yegua,WSYEGK,1.000000013351432e-10,0.0,1.0,constv,1,1,0
P23,sym,G3SABANE,Sabaneta,WSABAK,1.000000013351432e-10,0.0,1.0,constv,1,1,0
P23,sym,G3MAGUE2,Magueyal 2,WMAGUK,1.000000013351432e-10,4.843220963168804e-11,1.0,constq,1,1,0
P23,sym,G3MAGUE1,Magueyal 1,WMAGUK,1.000000013351432e-10,4.843220963168804e-11,1.0,constq,1,1,0
P23,sym,G3LDAMAS,Las Damas,,1.840000033378601,0.8911530375480652,1.0,constv,1,0,0
P23,sym,G3DRODR2,Domingo Rodríguez 2,WDRODL,1.000000013351432e-10,3.2868412852549156e-11,1.0,constq,1,1,0
P23,sym,G3DRODR1,Domingo Rodríguez 1,WDRODL,1.000000013351432e-10,3.2868412852549156e-11,1.0,constq,1,1,0
P23,sym,G3HTG,Haina TG,WHAIGK,1.000000013351432e-10,0.0,1.0,constq,1,1,0
P23,sym,G3VALDE2,Valdesia 2,WVAL2K,1.000000013351432e-10,0.0,1.0,constq,1,1,0
P23,sym,G3VALDE1,Valdesia 1,WVAL1K,1.000000013351432e-10,0.0,1.0,constv,1,1,0
P23,sym,G3LBARIA,Las Barías,WLBARK,1.000000013351432e-10,4.843220963168804e-11,1.0,constq,1,1,0
P23,sym,G3BCARBO,Barahona Carbón,WBCARK,50.0,0.0,1.0,constv,1,0,0
P23,sym,G3JIGUE2,Jigüey 2,WJIG2K,36.150001525878906,0.0,1.0,constv,1,0,0
P23,sym,G3JIGUE1,Jigüey 1,WJIG1K,32.0099983215332,0.0,1.0,constv,1,0,0
P23,sym,G3AGUAC2,Aguacate 2,WAGU2K,27.15999984741211,0.0,1.0,constq,1,0,0
P23,sym,G3AGUAC1,Aguacate 1,WAGU1K,25.0,0.0,1.0,constq,1,0,0
P23,sym,G4MRIO3,Monte Río Grupo 2,WMRI3K,5.764510154724121,0.0,1.0199999809265137,constv,7,0,0
P23,sym,G4MRIO1,Monte Río Grupo 1,WMRI1K,7.806399822235107,0.0,1.0199999809265137,constv,6,0,0
P23,sym,G3ITABO2,Itabo 2,WITA2K,1.000000013351432e-10,0.0,1.0,constv,1,1,0
P23,sym,G3ITABO1,Itabo 1,WITA1K,120.0,0.0,1.0,constv,1,0,0
P23,sym,G3SLORE1,San Lorenzo 1,,1.000000013351432e-10,0.0,1.0,constv,1,1,0
P23,sym,G3PALOM2,Palomino 2,WPLM1K,35.0,0.0,1.0199999809265137,constv,1,0,0
P23,sym,G3PALOM1,Palomino 1,WPLM2K,20.0,0.0,1.0199999809265137,constv,1,0,0
P23,sym,G4PAK262,POWERSHIP AZUA KPS26 2,WXPA2K,16.75527000427246,8.114946365356445,1.0,constv,3,0,0
P23,sym,G4PAK261,POWERSHIP AZUA KPS26 1,WXPA1K,18.164730072021484,8.797582626342773,1.0,constv,3,0,0
P23,sym,G4PAK601,POWERSHIP AZUA KPS60,WXPA3K,18.464550018310547,8.942789077758789,1.0,constv,4,0,0
P23,sym,G5PAK6TV,POWERSHIP AZUA TV,WXPA3K,1.4817999601364136,0.7176684737205505,1.0,constv,1,0,0
P23,sym,G3PALENQ,Palenque,WPAQ2K,6.0,2.9059336185455322,1.0499999523162842,constv,4,0,0
P23,sym,G4PAK561,POWERSHIP AZUA KPS56,WXPA4K,8.125,3.93511700630188,1.0,constv,8,0,0
P23,sym,G3LMINA6,Los Mina 6,WLMI6K,101.09124755859375,0.0,1.0,constv,1,0,0
P23,sym,G5AANDRV,AES Andrés TV,WAANVK,100.80999755859375,0.0,1.0,constv,1,0,0
P23,sym,G5AANDRG,AES Andrés TG,WAANGK,195.69000244140625,0.0,1.0,constv,1,0,0
P23,sym,G3METALD,METALDOM,WMETAK,9.729999542236328,0.0,0.9900000095367432,constv,4,0,0
P23,sym,G3LMINA5,Los Mina 5,WLMI5K,101.09124755859375,0.0,1.0,constv,1,0,0
P23,sym,G4EMAR21,EDM2 Grupo 1,,18.14324951171875,0.0,1.0,constq,3,0,0
P23,sym,G4EMAR22,EDM2 Grupo 2,,15.920080184936523,0.0,1.0,constq,3,0,0
P23,sym,G4EMAR23,EDM2 TV,,1.000000013351432e-10,0.0,1.0,constq,1,1,0
P23,sym,G3LMINA7,Los Mina 7,WLMI7K,108.86750030517578,52.72693634033203,1.0,constv,1,0,0
P23,sym,G4SIBA1,SIBA Grupo 1,WXSI1K,0.5699999928474426,0.27606356143951416,1.0,constv,2,0,0
P23,sym,G4SIBA2,SIBA Grupo 2,WXSI2K,16.700000762939453,8.08818244934082,1.0,constv,2,0,0
P23,sym,G4SIBA3,SIBA Grupo 3,WXSI3K,1.000000013351432e-10,0.0,1.0,constv,2,1,0
P23,sym,G4SIBA4,SIBA Grupo 4,WXSI4K,16.700000762939453,8.08818244934082,1.0,constv,2,0,0
P23,sym,G4SIBA6,SIBA Grupo 6,WXSI6K,25.0,12.108054161071777,1.0,constv,2,0,0
P23,sym,G4SIBA5,SIBA Grupo 5,WXSI5K,16.700000762939453,8.08818244934082,1.0,constv,2,0,0
P23,sym,G3PINAL2,Pinalito 2,WPIN2K,24.25,14.550185203552246,1.0490000247955322,constv,1,0,0
P23,sym,G3PINAL1,Pinalito 1,WPIN1K,1.000000013351432e-10,5.933650792933065e-11,1.0490000247955322,constv,1,1,0
P23,sym,G3RBLAN2,Río Blanco 2,WRBLCK,12.130000114440918,7.278094291687012,1.0490000247955322,constv,1,0,0
P23,sym,G3RBLAN1,Río Blanco 1,WRBLAK,1.000000013351432e-10,5.933650792933065e-11,1.0490000247955322,constv,1,1,0
P23,sym,G3RINCON,Rincón,WRINCK,1.000000013351432e-10,6.00007751816456e-11,1.0,constv,1,1,0
P23,sym,G3RJCRUZ,Rosa Julia De La Cruz,WRJCRK,1.000000013351432e-10,3.2868412852549156e-11,1.0,constq,1,1,0
P23,sym,G3ESALTO,El Salto,WESALK,1.000000013351432e-10,4.843220963168804e-11,1.0,constq,1,1,0
P23,sym,G4LVEGA1,La Vega Grupo 1,,18.42799949645996,0.0,1.0,constq,3,0,0
P23,sym,G4LVEGA2,La Vega Grupo 2,,6.478000164031982,0.0,1.0,constv,2,0,0
P23,sym,G3AVARG1,Aniana Vargas 1,WAVA1K,1.000000013351432e-10,3.2868412852549156e-11,1.0,constq,1,1,0
P23,sym,G3AVARG2,Aniana Vargas 2,WAVA1K,0.10000000149011612,0.0328684076666832,1.0,constq,1,0,0
P23,sym,G3JIMENO,Jimenoa,WJIMEK,5.820000171661377,0.0,1.0,constv,1,0,0
P23,sym,G3HATILL,Hatillo 1,WHATIK,7.760000228881836,4.809216022491455,1.0,constv,1,0,0
P23,sym,G3HATIL2,Hatillo 2,,1.000000013351432e-10,6.00007751816456e-11,1.0,constq,1,1,0
P23,sym,G3BDEREC,Brazo Derecho,WBDERK,1.000000013351432e-10,4.843220963168804e-11,1.0,constv,1,1,0
P23,genstat,G3MPSOLA,Monte Plata Solar,,0.0,0.0,1.0499999523162842,constv,1,1,0
P23,genstat,G7EMAR31,SA 1 EDM3,WEM31K,1.000000013351432e-10,0.0,1.0,constq,1,1,0
P23,genstat,G7EMAR32,SA 2 EDM3,WEM32K,1.000000013351432e-10,0.0,1.0,constq,1,1,0
P23,genstat,G3PFMPAL,Mata de Palma Solar,WMPALK,0.0,0.0,1.0,constq,21,1,0
P23,genstat,G3PFMART,PF Martí,WMARTK,0.0,0.0,1.0,constq,8,1,0
P23,genstat,G3PFMARA,PF Maranatha,WMARAK,0.0,0.0,1.0,constq,2,1,0
P23,genstat,G4PFCUM4,PF Cumayasa 4,WXCU4K,0.0,0.0,1.0,constq,8,1,0
P23,genstat,G3PFCUM2,PF Cumayasa 2,WXCU2K,0.0,0.0,1.0,constq,5,1,0
P23,genstat,G3PFCUM1,PF Cumayasa 1,WXCU1K,0.0,0.0,1.0,constq,9,1,0
P23,genstat,G3ESOCO,El Soco,WXESOK,0.0,0.0,1.0,constq,11,1,0
P23,genstat,G3PFCOT1,PF Cotoperí 1,WCSO1K,0.0,0.0,1.0,constq,8,1,0
P23,genstat,G3PFCOT2,PF Cotoperí 2,WCSO2K,0.0,0.0,1.0,constq,8,1,0
P23,genstat,G3PFCOT3,PF Cotoperí 3,WCSO3K,0.0,0.0,1.0,constq,8,1,0
P23,genstat,G4PFCOA2,PF Coastal G2,WCOA2K,0.0,0.0,1.0,constq,6,1,0
P23,genstat,G4PFCOA1,PF Coastal G1,WCOA1K,0.0,0.0,1.0,constq,7,1,0
P23,genstat,G3PFSAJO,Parque Fotovoltaico SAJOMA,WXPFSK,0.0,0.0,1.0,constq,9,1,0
P23,genstat,G4PFMSO2,Monte Cristi Solar Grupo 2,,0.0,0.0,1.0,constq,12,1,0
P23,genstat,G4PFMSO1,Monte Cristi Solar Grupo 1,,0.0,0.0,1.0,constq,11,1,0
P23,genstat,G3PEACLA,Agua Clara,WACLAK,0.0560000017285347,0.0,1.0,constq,25,0,0
P23,genstat,G3PEGUAN,Guanillo,WGNLLK,0.06080000102519989,0.0,1.0,constq,25,0,0
P23,genstat,G3PELGUZ,Los Guzmancito,WLGUZK,0.060589998960494995,0.0,1.0,constq,17,0,0
P23,genstat,G3PELGU2,Los Guzmancito 2,WLGU2K,0.04385000094771385,0.0,1.0,constq,13,0,0
P23,genstat,G3PFMATR,Parque Fotovoltaico MATRISOL,WXMATK,0.0,0.0,1.0,constq,11,1,0
P23,genstat,G3PSESPE,PS Esperanza,WXPS1K,0.0,0.0,1.0,constq,18,1,0
P23,genstat,,SBX_20260708_161425_e01931_PV,,0.0,0.0,1.0,constq,1,1,0
P23,genstat,,BESS,,2.5,0.0,1.0,constq,1,0,0
P23,genstat,G3SCANOA,Solar Canoa,WSCANK,0.0,0.0,1.0,constq,8,1,0
P23,genstat,G3PFLUCI,PF Lucila,WXLUCK,0.0,0.0,1.0,constq,2,1,0
P23,genstat,G3LCOCO2,Los Cocos 2,,0.030379999428987503,3.7975775302179215e-11,1.0,constq,26,0,0
P23,genstat,G3QCABRE,Quilvio Cabrera,,0.0820000022649765,5.007656442290731e-11,1.0,constq,5,0,0
P23,genstat,G3JCOCO1,Juancho Los Cocos 1,,0.01768999919295311,7.080901143208251e-11,1.0,constq,26,0,0
P23,genstat,G3PELARI,Larimar,,0.29267001152038574,3.7975775302179215e-11,1.0,constq,15,0,0
P23,genstat,G3PELAR2,Larimar 2,,0.1771399974822998,3.7975775302179215e-11,1.0,constq,14,0,0
P23,genstat,G3PFLNEG,Parque Fotovoltaico Los Negros,WMRI2K,0.0,0.0,1.0,constq,3,1,0
P23,genstat,G3PFBAYA,Bayasol,WBAYAK,0.0,0.0,1.0,constq,13,1,0
P23,genstat,G4PSGIR1,Girasol Grupo 1,,0.0,0.0,1.0,constq,12,1,0
P23,genstat,G4PSGIR2,Girasol Grupo 2,,0.0,0.0,1.0,constq,16,1,0
P23,genstat,G3SANTAS,Santanasol,WSANTK,0.0,0.0,1.0,constq,15,1,0
P23,genstat,G3PFCALA,PF Calabaza 1,WXCA1K,0.0,0.0,1.0,constq,17,1,0
P23,genstat,G3PEMAT2,PE Matafongo 2,WMTFNK,0.03779999911785126,0.0,1.0,constq,3,0,0
P23,genstat,G3PEMATA,PE Matafongo,WMTFNK,0.014510000124573708,0.0,1.0,constq,17,0,0
P23,genstat,G3PFPER1,PF Peravia I,WPES1K,0.0,0.0,1.0,constq,12,1,0
P23,genstat,G3PFPER2,PF Peravia II,WPES2K,0.0,0.0,1.0,constq,12,1,0
P23,genstat,G6PEMINA,SA PE Los Mina,WXSALMK,1.000000013351432e-10,0.0,1.0,constq,1,0,0
P23,genstat,G6AANDRE,Sistema Almacenamiento AES Andrés,WXBAAK,1.000000013351432e-10,0.0,1.0,constq,1,0,0
P23,genstat,G3PFWCA2,PF Washington Capital 2,WXWC2K,0.0,0.0,1.0,constq,8,1,0
P23,genstat,G3PFWCA3,PF Washington Capital 3,WXWC3K,0.0,0.0,1.0,constq,8,1,0
P23,genstat,G3PFVICT,PF La Victoria,WLVICK,0.0,0.0,1.0,constq,8,1,0
P23,genstat,G3PFMIRA,Mirasol,WMIRAK,0.0,0.0,1.0,constq,17,1,0
P24,sym,G4PALAM3,Palamara Grupo 3,,1.8279000520706177,0.0,0.9900000095367432,constv,4,0,0
P24,sym,G4PALAM2,Palamara Grupo 2,,10.766400337219238,0.0,1.0,constv,2,0,0
P24,sym,G4PALAM1,Palamara Grupo 1,,10.766400337219238,0.0,0.9900000095367432,constv,4,0,0
P24,sym,G4IKM22,INCA km 22 Grupo 1,,4.331200122833252,0.0,1.0,constq,2,0,0
P24,sym,G5IKM22,INCA km 22 Grupo 2,,5.737599849700928,0.0,1.0,constq,1,0,0
P24,sym,G5EMA3G1,EDM3 TG1,WEM31K,48.66667175292969,0.0,1.0,constv,1,0,0
P24,sym,G5EMA3G2,EDM3 TG2,WEM32K,48.66667175292969,0.0,1.0,constv,1,0,0
P24,sym,G5EMAR3V,EDM3 TV,WEM33K,48.66667175292969,0.0,0.9490000009536743,constv,1,0,0
P24,sym,G4Q1SPED,Quisqueya 1 San Pedro,,16.487499237060547,0.0,1.0,constv,4,0,0
P24,sym,G4QUIS12,Quisqueya 1 Grupo 2,,17.076000213623047,0.0,1.0,constv,4,0,0
P24,sym,G4QUIS21,Quisqueya 2 Grupo 1,,17.076000213623047,0.0,1.0,constv,4,0,0
P24,sym,G4QUIS22,Quisqueya 2 Grupo 2,,17.076000213623047,0.0,1.0,constv,4,0,0
P24,sym,G4QUIS23,Quisqueya 2 Grupo 3,,11.267999649047852,0.0,1.0,constv,4,0,0
P24,sym,G5QUISQ2,Quisqueya 2 TV,,1.000000013351432e-10,0.0,1.0,constq,1,1,0
P24,sym,G4QUIS13,Quisqueya 1 Grupo 3,,17.076000213623047,0.0,1.0,constv,4,0,0
P24,sym,G5QUISQ1,Quisqueya 1 TV,,8.892000198364258,0.0,1.0,constv,1,0,0
P24,sym,G3PCATA1,Punta Catalina 1,WPCA1K,339.989990234375,164.66468811035156,1.0499999523162842,constv,1,0,1
P24,sym,G3PCATA2,Punta Catalina 2,WPCA2K,359.989990234375,174.3511199951172,1.0499999523162842,constv,1,0,0
P24,sym,G4SESTE3,Sultana del Este Grupo 3,WSES3K,1.000000013351432e-10,6.00007751816456e-11,1.0,constv,3,1,0
P24,sym,G4SESTE1,Sultana del Este Grupo 1,WSES1K,14.5,0.0,1.0,constv,3,0,0
P24,sym,G4SESTE2,Sultana del Este Grupo 2,WSES2K,1.000000013351432e-10,0.0,1.0,constv,4,1,0
P24,sym,G3CESPM3,CESPM 3,WCES3K,87.30000305175781,0.0,1.0199999809265137,constv,1,0,0
P24,sym,G3CESPM2,CESPM 2,WCES2K,87.30000305175781,0.0,1.0199999809265137,constv,1,0,0
P24,sym,G3CESPM1,CESPM 1,WCES1K,87.30000305175781,0.0,1.0199999809265137,constv,1,0,0
P24,sym,G3ENE4TG,ENERGAS 4 TG,WXEN4K,40.0,0.0,1.0199999809265137,constv,1,0,0
P24,sym,G3ENE4TV,ENERGAS 4 TV,WXEV4K,1.000000013351432e-10,0.0,1.0199999809265137,constv,1,1,0
P24,sym,G3BERSAL,Bersal,,1.909999966621399,0.0,1.0,constq,4,0,0
P24,sym,G4LOPPL1,Los Orígenes Power Plant Grupo 1,WLORIK,2.130000114440918,0.0,1.0,constq,3,0,0
P24,sym,G4LOPPL2,Los Orígenes Power Plant Grupo 2,WLORIK,17.18000030517578,0.0,1.0490000247955322,constv,2,0,0
P24,sym,G3SPBIOE,San Pedro Bio-Energy,,30.0,14.529670715332031,1.0499999523162842,constv,1,0,0
P24,sym,G3CEMON2,Contra Embalse Monción 2,WCEMOK,0.75,0.36324170231819153,1.0,constq,1,0,0
P24,sym,G3CEMON1,Contra Embalse Monción 1,WCEMOK,0.75,0.0,1.0,constq,1,0,0
P24,sym,G3MONCI2,Monción 2,WMONCK,22.309999465942383,0.0,1.0,constv,1,0,0
P24,sym,G3MONCI1,Monción 1,WMONCK,19.399999618530273,0.0,1.0,constq,1,0,0
P24,sym,G3PIMEN3,Pimentel 3,WPIM3K,8.526670455932617,0.0,1.0,constq,3,0,0
P24,sym,G3PIMEN2,Pimentel 2,,3.944999933242798,0.0,1.0,constv,4,0,0
P24,sym,G3PIMEN1,Pimentel 1,,3.055000066757202,0.0,1.0,constv,4,0,0
P24,sym,G3LANGOS,López Angostura,WLANGK,4.0,0.0,1.0,constv,1,0,0
P24,sym,G3BAIGU2,Baiguaque 2,WBAI1K,1.000000013351432e-10,3.2868412852549156e-11,1.0,constq,1,1,0
P24,sym,G3BAIGU1,Baiguaque 1,WBAI1K,0.10000000149011612,0.04843222349882126,1.0,constq,1,0,0
P24,sym,G3TAVER2,Tavera 2,WTAV2K,45.20000076293945,0.0,1.0,constq,1,0,0
P24,sym,G3TAVER1,Tavera 1,WTAV1K,1.000000013351432e-10,0.0,1.0,constv,1,1,0
P24,sym,G3SFELIG,San Felipe TG,,1.000000013351432e-10,0.0,1.0,constv,1,1,0
P24,sym,G3SFV,San Felipe Vapor,WSFEVK,1.000000013351432e-10,0.0,1.0,constv,1,1,0
P24,sym,G3PIMEN4,Pimentel 4,WXPI4K,17.55500030517578,0.0,1.0,constv,2,0,0
P24,sym,G3LTORO1,Los Toros 1,WLTO1K,1.000000013351432e-10,6.00007751816456e-11,1.0,constq,1,1,0
P24,sym,G3LTORO2,Los Toros 2,WLTO1K,1.000000013351432e-10,3.2868412852549156e-11,1.0,constq,1,1,0
P24,sym,G3NNAJAY,Nizao Najayo,WXNNAK,1.000000013351432e-10,4.843220963168804e-11,1.0,constq,1,1,0
P24,sym,G3LANONE,Los Anones,WXLANK,1.000000013351432e-10,4.843220963168804e-11,1.0,constq,1,1,0
P24,sym,G3SYEGUA,Sabana Yegua,WSYEGK,1.000000013351432e-10,0.0,1.0,constv,1,1,0
P24,sym,G3SABANE,Sabaneta,WSABAK,1.000000013351432e-10,0.0,1.0,constv,1,1,0
P24,sym,G3MAGUE2,Magueyal 2,WMAGUK,1.000000013351432e-10,4.843220963168804e-11,1.0,constq,1,1,0
P24,sym,G3MAGUE1,Magueyal 1,WMAGUK,1.000000013351432e-10,4.843220963168804e-11,1.0,constq,1,1,0
P24,sym,G3LDAMAS,Las Damas,,1.840000033378601,0.8911530375480652,1.0,constv,1,0,0
P24,sym,G3DRODR2,Domingo Rodríguez 2,WDRODL,1.000000013351432e-10,3.2868412852549156e-11,1.0,constq,1,1,0
P24,sym,G3DRODR1,Domingo Rodríguez 1,WDRODL,1.000000013351432e-10,3.2868412852549156e-11,1.0,constq,1,1,0
P24,sym,G3HTG,Haina TG,WHAIGK,1.000000013351432e-10,0.0,1.0,constq,1,1,0
P24,sym,G3VALDE2,Valdesia 2,WVAL2K,1.000000013351432e-10,0.0,1.0,constq,1,1,0
P24,sym,G3VALDE1,Valdesia 1,WVAL1K,1.000000013351432e-10,0.0,1.0,constv,1,1,0
P24,sym,G3LBARIA,Las Barías,WLBARK,1.000000013351432e-10,4.843220963168804e-11,1.0,constq,1,1,0
P24,sym,G3BCARBO,Barahona Carbón,WBCARK,50.0,0.0,1.0,constv,1,0,0
P24,sym,G3JIGUE2,Jigüey 2,WJIG2K,37.349998474121094,0.0,1.0,constv,1,0,0
P24,sym,G3JIGUE1,Jigüey 1,WJIG1K,1.000000013351432e-10,0.0,1.0,constv,1,1,0
P24,sym,G3AGUAC2,Aguacate 2,WAGU2K,27.15999984741211,0.0,1.0,constq,1,0,0
P24,sym,G3AGUAC1,Aguacate 1,WAGU1K,25.0,0.0,1.0,constq,1,0,0
P24,sym,G4MRIO3,Monte Río Grupo 2,WMRI3K,5.764510154724121,0.0,1.0199999809265137,constv,7,0,0
P24,sym,G4MRIO1,Monte Río Grupo 1,WMRI1K,7.806399822235107,0.0,1.0199999809265137,constv,6,0,0
P24,sym,G3ITABO2,Itabo 2,WITA2K,1.000000013351432e-10,0.0,1.0,constv,1,1,0
P24,sym,G3ITABO1,Itabo 1,WITA1K,120.0,0.0,1.0,constv,1,0,0
P24,sym,G3SLORE1,San Lorenzo 1,,1.000000013351432e-10,0.0,1.0,constv,1,1,0
P24,sym,G3PALOM2,Palomino 2,WPLM1K,35.0,0.0,1.0199999809265137,constv,1,0,0
P24,sym,G3PALOM1,Palomino 1,WPLM2K,1.000000013351432e-10,0.0,1.0199999809265137,constv,1,1,0
P24,sym,G4PAK262,POWERSHIP AZUA KPS26 2,WXPA2K,16.75527000427246,8.114946365356445,1.0,constv,3,0,0
P24,sym,G4PAK261,POWERSHIP AZUA KPS26 1,WXPA1K,18.164730072021484,8.797582626342773,1.0,constv,3,0,0
P24,sym,G4PAK601,POWERSHIP AZUA KPS60,WXPA3K,18.464550018310547,8.942789077758789,1.0,constv,4,0,0
P24,sym,G5PAK6TV,POWERSHIP AZUA TV,WXPA3K,1.4817999601364136,0.7176684737205505,1.0,constv,1,0,0
P24,sym,G3PALENQ,Palenque,WPAQ2K,6.0,2.9059336185455322,1.0499999523162842,constv,4,0,0
P24,sym,G4PAK561,POWERSHIP AZUA KPS56,WXPA4K,8.125,3.93511700630188,1.0,constv,8,0,0
P24,sym,G3LMINA6,Los Mina 6,WLMI6K,101.09124755859375,0.0,1.0,constv,1,0,0
P24,sym,G5AANDRV,AES Andrés TV,WAANVK,100.80999755859375,0.0,1.0,constv,1,0,0
P24,sym,G5AANDRG,AES Andrés TG,WAANGK,195.69000244140625,0.0,1.0,constv,1,0,0
P24,sym,G3METALD,METALDOM,WMETAK,9.729999542236328,0.0,0.9900000095367432,constv,4,0,0
P24,sym,G3LMINA5,Los Mina 5,WLMI5K,101.09124755859375,0.0,1.0,constv,1,0,0
P24,sym,G4EMAR21,EDM2 Grupo 1,,18.14324951171875,0.0,1.0,constq,3,0,0
P24,sym,G4EMAR22,EDM2 Grupo 2,,16.386749267578125,0.0,1.0,constq,3,0,0
P24,sym,G4EMAR23,EDM2 TV,,1.000000013351432e-10,0.0,1.0,constq,1,1,0
P24,sym,G3LMINA7,Los Mina 7,WLMI7K,108.86750030517578,52.72693634033203,1.0,constv,1,0,0
P24,sym,G4SIBA1,SIBA Grupo 1,WXSI1K,0.5699999928474426,0.27606356143951416,1.0,constv,2,0,0
P24,sym,G4SIBA2,SIBA Grupo 2,WXSI2K,16.700000762939453,8.08818244934082,1.0,constv,2,0,0
P24,sym,G4SIBA3,SIBA Grupo 3,WXSI3K,1.000000013351432e-10,0.0,1.0,constv,2,1,0
P24,sym,G4SIBA4,SIBA Grupo 4,WXSI4K,16.700000762939453,8.08818244934082,1.0,constv,2,0,0
P24,sym,G4SIBA6,SIBA Grupo 6,WXSI6K,25.0,12.108054161071777,1.0,constv,2,0,0
P24,sym,G4SIBA5,SIBA Grupo 5,WXSI5K,16.700000762939453,8.08818244934082,1.0,constv,2,0,0
P24,sym,G3PINAL2,Pinalito 2,WPIN2K,24.25,14.550185203552246,1.0490000247955322,constv,1,0,0
P24,sym,G3PINAL1,Pinalito 1,WPIN1K,1.000000013351432e-10,5.933650792933065e-11,1.0490000247955322,constv,1,1,0
P24,sym,G3RBLAN2,Río Blanco 2,WRBLCK,12.130000114440918,7.278094291687012,1.0490000247955322,constv,1,0,0
P24,sym,G3RBLAN1,Río Blanco 1,WRBLAK,1.000000013351432e-10,5.933650792933065e-11,1.0490000247955322,constv,1,1,0
P24,sym,G3RINCON,Rincón,WRINCK,1.000000013351432e-10,6.00007751816456e-11,1.0,constv,1,1,0
P24,sym,G3RJCRUZ,Rosa Julia De La Cruz,WRJCRK,1.000000013351432e-10,3.2868412852549156e-11,1.0,constq,1,1,0
P24,sym,G3ESALTO,El Salto,WESALK,1.000000013351432e-10,4.843220963168804e-11,1.0,constq,1,1,0
P24,sym,G4LVEGA1,La Vega Grupo 1,,18.42799949645996,0.0,1.0,constq,3,0,0
P24,sym,G4LVEGA2,La Vega Grupo 2,,6.478000164031982,0.0,1.0,constv,2,0,0
P24,sym,G3AVARG1,Aniana Vargas 1,WAVA1K,1.000000013351432e-10,3.2868412852549156e-11,1.0,constq,1,1,0
P24,sym,G3AVARG2,Aniana Vargas 2,WAVA1K,0.10000000149011612,0.0328684076666832,1.0,constq,1,0,0
P24,sym,G3JIMENO,Jimenoa,WJIMEK,5.820000171661377,0.0,1.0,constv,1,0,0
P24,sym,G3HATILL,Hatillo 1,WHATIK,7.760000228881836,3.758340835571289,1.0,constv,1,0,0
P24,sym,G3HATIL2,Hatillo 2,,1.000000013351432e-10,6.00007751816456e-11,1.0,constq,1,1,0
P24,sym,G3BDEREC,Brazo Derecho,WBDERK,1.000000013351432e-10,4.843220963168804e-11,1.0,constv,1,1,0
P24,genstat,G3MPSOLA,Monte Plata Solar,,0.0,0.0,1.0499999523162842,constv,1,1,0
P24,genstat,G7EMAR31,SA 1 EDM3,WEM31K,1.000000013351432e-10,0.0,1.0,constq,1,1,0
P24,genstat,G7EMAR32,SA 2 EDM3,WEM32K,1.000000013351432e-10,0.0,1.0,constq,1,1,0
P24,genstat,G3PFMPAL,Mata de Palma Solar,WMPALK,0.0,0.0,1.0,constq,21,1,0
P24,genstat,G3PFMART,PF Martí,WMARTK,0.0,0.0,1.0,constq,8,1,0
P24,genstat,G3PFMARA,PF Maranatha,WMARAK,0.0,0.0,1.0,constq,2,1,0
P24,genstat,G4PFCUM4,PF Cumayasa 4,WXCU4K,0.0,0.0,1.0,constq,8,1,0
P24,genstat,G3PFCUM2,PF Cumayasa 2,WXCU2K,0.0,0.0,1.0,constq,5,1,0
P24,genstat,G3PFCUM1,PF Cumayasa 1,WXCU1K,0.0,0.0,1.0,constq,9,1,0
P24,genstat,G3ESOCO,El Soco,WXESOK,0.0,0.0,1.0,constq,11,1,0
P24,genstat,G3PFCOT1,PF Cotoperí 1,WCSO1K,0.0,0.0,1.0,constq,8,1,0
P24,genstat,G3PFCOT2,PF Cotoperí 2,WCSO2K,0.0,0.0,1.0,constq,8,1,0
P24,genstat,G3PFCOT3,PF Cotoperí 3,WCSO3K,0.0,0.0,1.0,constq,8,1,0
P24,genstat,G4PFCOA2,PF Coastal G2,WCOA2K,0.0,0.0,1.0,constq,6,1,0
P24,genstat,G4PFCOA1,PF Coastal G1,WCOA1K,0.0,0.0,1.0,constq,7,1,0
P24,genstat,G3PFSAJO,Parque Fotovoltaico SAJOMA,WXPFSK,0.0,0.0,1.0,constq,9,1,0
P24,genstat,G4PFMSO2,Monte Cristi Solar Grupo 2,,0.0,0.0,1.0,constq,12,1,0
P24,genstat,G4PFMSO1,Monte Cristi Solar Grupo 1,,0.0,0.0,1.0,constq,11,1,0
P24,genstat,G3PEACLA,Agua Clara,WACLAK,0.10840000212192535,0.0,1.0,constq,25,0,0
P24,genstat,G3PEGUAN,Guanillo,WGNLLK,0.12319999933242798,0.0,1.0,constq,25,0,0
P24,genstat,G3PELGUZ,Los Guzmancito,WLGUZK,0.07705999910831451,0.0,1.0,constq,17,0,0
P24,genstat,G3PELGU2,Los Guzmancito 2,WLGU2K,0.0715399980545044,0.0,1.0,constq,13,0,0
P24,genstat,G3PFMATR,Parque Fotovoltaico MATRISOL,WXMATK,0.0,0.0,1.0,constq,11,1,0
P24,genstat,G3PSESPE,PS Esperanza,WXPS1K,0.0,0.0,1.0,constq,18,1,0
P24,genstat,,SBX_20260708_161425_e01931_PV,,0.0,0.0,1.0,constq,1,1,0
P24,genstat,,BESS,,2.5,0.0,1.0,constq,1,0,0
P24,genstat,G3SCANOA,Solar Canoa,WSCANK,0.0,0.0,1.0,constq,8,1,0
P24,genstat,G3PFLUCI,PF Lucila,WXLUCK,0.0,0.0,1.0,constq,2,1,0
P24,genstat,G3LCOCO2,Los Cocos 2,,0.028850000351667404,3.7975775302179215e-11,1.0,constq,26,0,0
P24,genstat,G3QCABRE,Quilvio Cabrera,,0.08399999886751175,5.007656442290731e-11,1.0,constq,5,0,0
P24,genstat,G3JCOCO1,Juancho Los Cocos 1,,0.01923000067472458,7.080901143208251e-11,1.0,constq,26,0,0
P24,genstat,G3PELARI,Larimar,,0.29600000381469727,3.7975775302179215e-11,1.0,constq,15,0,0
P24,genstat,G3PELAR2,Larimar 2,,0.17570999264717102,3.7975775302179215e-11,1.0,constq,14,0,0
P24,genstat,G3PFLNEG,Parque Fotovoltaico Los Negros,WMRI2K,0.0,0.0,1.0,constq,3,1,0
P24,genstat,G3PFBAYA,Bayasol,WBAYAK,0.0,0.0,1.0,constq,13,1,0
P24,genstat,G4PSGIR1,Girasol Grupo 1,,0.0,0.0,1.0,constq,12,1,0
P24,genstat,G4PSGIR2,Girasol Grupo 2,,0.0,0.0,1.0,constq,16,1,0
P24,genstat,G3SANTAS,Santanasol,WSANTK,0.0,0.0,1.0,constq,15,1,0
P24,genstat,G3PFCALA,PF Calabaza 1,WXCA1K,0.0,0.0,1.0,constq,17,1,0
P24,genstat,G3PEMAT2,PE Matafongo 2,WMTFNK,0.03044999949634075,0.0,1.0,constq,3,0,0
P24,genstat,G3PEMATA,PE Matafongo,WMTFNK,0.01169000007212162,0.0,1.0,constq,17,0,0
P24,genstat,G3PFPER1,PF Peravia I,WPES1K,0.0,0.0,1.0,constq,12,1,0
P24,genstat,G3PFPER2,PF Peravia II,WPES2K,0.0,0.0,1.0,constq,12,1,0
P24,genstat,G6PEMINA,SA PE Los Mina,WXSALMK,1.000000013351432e-10,0.0,1.0,constq,1,0,0
P24,genstat,G6AANDRE,Sistema Almacenamiento AES Andrés,WXBAAK,1.000000013351432e-10,0.0,1.0,constq,1,0,0
P24,genstat,G3PFWCA2,PF Washington Capital 2,WXWC2K,0.0,0.0,1.0,constq,8,1,0
P24,genstat,G3PFWCA3,PF Washington Capital 3,WXWC3K,0.0,0.0,1.0,constq,8,1,0
P24,genstat,G3PFVICT,PF La Victoria,WLVICK,0.0,0.0,1.0,constq,8,1,0
P24,genstat,G3PFMIRA,Mirasol,WMIRAK,0.0,0.0,1.0,constq,17,1,0
