escenario,for_name,loc_name,clase,tap_actual,tap_hv,tap_mv,tap_lv,outserv
P01,WMPSOF_WMPSOK-T1,69/20 kV Transformador Monte Plata Solar,ElmTr2,0,,,,0
P01,WGPALF_WPAL3K-T1,69/13.8 kV Transformador Palamara Grupo3,ElmTr2,0,,,,0
P01,WGPALF_WPAL2K-T1,69/13.8 kV Transformador Palamara Grupo2,ElmTr2,0,,,,0
P01,WGPALF_WPAL1K-T1,69/13.8 kV Transformador Palamara Grupo1,ElmTr2,0,,,,0
P01,WINCAF-WINCAK-T2,69/12.5 kV INCA km 22 T2,ElmTr2,-1,,,,0
P01,WEMA3F_WEMB3K-T1,66/13.8 kV Transformador EDM3,ElmTr2,0,,,,0
P01,WMPALF_WMPALK-T1,69/34.5 kV Transformador Mata de Palma,ElmTr2,8,,,,0
P01,WMARTF_WMARTK-T1,69/34.5 kV Transformador Martí,ElmTr2,3,,,,0
P01,WHNS1F_WMARAK-T1,69/13.8 kV Transformador Maranatha,ElmTr2,0,,,,0
P01,WINCAF-WINCAK-T1,69/12.5 kV INCA km 22 T1,ElmTr2,0,,,,0
P01,WJSAUD_WJSAUE-T1,345/138 kV Transformador 1 Julio Sauri,ElmTr2,9,,,,0
P01,WJSAUD_WJSAUE-T2,345/138 kV Transformador 2 Julio Sauri,ElmTr2,9,,,,0
P01,WNARAD_WNARAE-T2,345/138 kV Transformador 2 El Naranjo,ElmTr2,6,,,,0
P01,WNARAD_WNARAE-T1,345/138 kV Transformador 1 El Naranjo,ElmTr2,6,,,,0
P01,WQU11D_WQU21K-T1,230/13.8 kV Transformador Quisqueya 2 G1,ElmTr2,0,,,,0
P01,WQU11D_WQU22K-T2,230/13.8 kV Transformador Quisqueya 2 G2,ElmTr2,0,,,,0
P01,WQU11D_WQU23K-T3,230/13.8 kV Transformador Quisqueya 2 G3,ElmTr2,0,,,,0
P01,WQUISD_WQ1SPK-T1,230/13.8 kV Transformador Q1 San Pedro,ElmTr2,0,,,,0
P01,WQU21D_WQU12K-T2,230/13.8 kV Transformador Quisqueya 1 G2,ElmTr2,0,,,,0
P01,WQU21D_WQU13K-T3,230/13.8 kV Transformador Quisqueya 1 G3,ElmTr2,0,,,,0
P01,WPVDCD_WPVD1K-T1,230/34.5 kV Transformador 1 PVDC,ElmTr2,0,,,,0
P01,WPVDCD_WPVD2K-T1,230/34.5 kV Transformador 2 PVDC,ElmTr2,0,,,,0
P01,WPCA2D_WPCA1K-T1,345/22 kV Transformador Punta Catalina 1,ElmTr2,3,,,,0
P01,WPCA2D_WPCA2K-T1,345/22 kV Transformador Punta Catalina 2,ElmTr2,3,,,,0
P01,WBON3D_WBON3C-T1,345/230 kV Transformador 2 Bonao 3,ElmTr2,21,,,,0
P01,WBON3C_WBON3E-T2,230/138 kV Transformador 2 Bonao 3,ElmTr2,13,,,,0
P01,WGUERD_WGUERE-T1,345/138 kV Transformador 1 Guerra,ElmTr2,6,,,,0
P01,WGUERD_WGUERE-T2,345/138 kV Transformador 2 Guerra,ElmTr2,6,,,,0
P01,WSESTE_WSES1K-T1,138/13.8 kV Transformador Sultana Este 1,ElmTr2,0,,,,0
P01,WSESTE_WSES2K-T1,138/13.8 kV Transformador Sultana Este 2,ElmTr2,-2,,,,1
P01,WSESTE_WSES3K-T1,138/13.8 kV Transformador Sultana Este 3,ElmTr2,-10,,,,1
P01,WLROME_WLROMF-T1,138/69 kV Transformador La Romana,ElmTr2,13,,,,0
P01,WSPM2E_WCES3K-T1,138/13.8 kV Transformador CESPM 3,ElmTr2,0,,,,0
P01,WSPM2E_WCES2K-T1,138/13.8 kV Transformador CESPM 2,ElmTr2,0,,,,0
P01,WSPM2E_WCES1K-T1,138/13.8 kV Transformador CESPM 1,ElmTr2,0,,,,0
P01,WENE4E_WXEN4K-T1,138/13.8 kV Transformador ENERGAS 4 TG,ElmTr2,0,,,,0
P01,WENE4E_WXEV4K-T1,138/13.8 kV Transformador ENERGAS 4 TV,ElmTr2,0,,,,0
P01,WCEMEE_WCEMEK-T1,138/13.8 kV Transformador CEMEX,ElmTr2,0,,,,0
P01,WCEMEE_WCEMEK-T2,138/13.8 kV Trafo 2 CEMEX 40 MVA,ElmTr2,3,,,,0
P01,WCUMAE_WXCU1K-T1,138/34.5 kV Transformador PF Cumayasa 1,ElmTr2,0,,,,0
P01,WCUMBE_WXCU2K-T1,138/34.5 kV Transformador PF Cumayasa 2,ElmTr2,0,,,,0
P01,WCUMBE_WXCU4K-T1,138/34.5 kV Transformador PF Cumayasa 4,ElmTr2,1,,,,0
P01,WLORIE_WLORIK-T1,138/12.47 kV Transformador Los Orígenes,ElmTr2,1,,,,0
P01,WSPBEE_WSPB1K-T1,138/13.8 kV Transformador SP Bio-Energy,ElmTr2,5,,,,0
P01,WSPMAE_WSPMAF-T1,138/69 kV Transformador SPM,ElmTr2,10,,,,0
P01,WHMA2E_WHMA2F-T1,138/69 kV Transformador Hato Mayor 2,ElmTr2,11,,,,0
P01,WESOCE_WESOCK-T1,138/34.5 kV Transformador PS El Soco,ElmTr2,0,,,,0
P01,WCOTOE_WCSO1K-T1,138/34.5 kV Cotoperí T1,ElmTr2,0,,,,0
P01,WCOTOE_WCSO2K-T1,138/34.5 kV Cotoperí T2,ElmTr2,0,,,,0
P01,WCOTOE_WCSO3K-T1,138/34.5 kV Cotoperí T3,ElmTr2,0,,,,0
P01,WCOAPE_WCOA1K-T1,138/34.5 kV Transformador PF Coastal T1,ElmTr2,0,,,,0
P01,WCOAPE_WCOA2K-T1,138/34.5 kV Transformador PF Coastal T2,ElmTr2,0,,,,0
P01,WZSANE_WZSANF-T1,138/69 kV Transformador ZF Santiago,ElmTr2,9,,,,0
P01,WBON2E_WBON2F-T1,138/69 kV Transformador Bonao 2,ElmTr2,12,,,,0
P01,WZMONK_WCEMOK-T1,13.8/4.16 kV Transformador CE Monción,ElmTr2,0,,,,0
P01,WMONCE_WMONCK-T2,138/13.8 kV Transformador Monción 2,ElmTr2,2,,,,0
P01,WMONCE_WMONCK-T1,138/13.8 kV Transformador Monción 1,ElmTr2,2,,,,0
P01,WMONCK_WZMONK-T1,13.8/4.16 kV Transformador Zona Monción,ElmTr2,0,,,,0
P01,WPIMEE_WPIM3K-T1,138/13.8 kV Trafo Pimentel Grupo 3,ElmTr2,1,,,,0
P01,WPIMEE_WPIM2K-T1,138/13.8 kV Trafo Pimentel Grupo 2,ElmTr2,1,,,,0
P01,WPIMEE_WPIM1K-T1,138/13.8 kV Trafo Pimentel Grupo 1,ElmTr2,1,,,,0
P01,WCANAE_WCANBF-T2,138/69 kV Transformador 2 Canabacoa,ElmTr2,12,,,,0
P01,WCANAE_WCANBF-T1,138/69 kV Transformador Canabacoa,ElmTr2,16,,,,0
P01,WPPL2E_WPPL2F-T1,138/69 kV Trafo Puerto Plata 2,ElmTr2,12,,,,0
P01,WNAG2E_WNAG2F-T1,138/69 kV Transformador Nagua 2,ElmTr2,14,,,,0
P01,WLANGE_WLANGK-T1,138/13.8 Transformador López Angostura,ElmTr2,0,,,,0
P01,WFALCE_WFALCK-T1,138/34.5 kV Transformador FALCONDO,ElmTr2,5,,,,1
P01,WTAVBE_WBAI1K-T1,12.47/0.44 kV Transfomador 1 Baiguaque,ElmTr2,-3,,,,0
P01,WTAVBE_WBAI2K-T1,34.5/12.47 kV Trafo Jánico,ElmTr2,-3,,,,0
P01,WTAVBE_WTAV2K-T1,138/13.8 kV Transformador Tavera 2,ElmTr2,2,,,,0
P01,WTAVEE_WTAV1K-T1,138/13.8 kV Transformador Tavera 1,ElmTr2,2,,,,0
P01,WFALCF_WFALCK-T1,69/34.5 kV Transformador FALCONDO,ElmTr2,3,,,,1
P01,WSAJ1E_WSAJOK-T1,138/34.5 kV Transformador PF SAJOMA,ElmTr2,0,,,,0
P01,WGUAYE_WPFM1K-T1,138/20 kV Trafo Monte Cristi Solar G1,ElmTr2,3,,,,0
P01,WGUAYE_WPFM2K-T1,138/20 kV Trafo Monte Cristi Solar G2,ElmTr2,3,,,,0
P01,WACLAE_WACLAK-T1,138/34.5 kV Transformador Agua Clara,ElmTr2,2,,,,0
P01,WGNLLE_WGNLLK-T1,138/34.5 kV Transformador Guanillo,ElmTr2,0,,,,0
P01,WSFMAE_WSFMAF-T1,138/69 kV Transformador SFM,ElmTr2,16,,,,0
P01,WLGUZE_WLGUZK-T1,138/34.5 kV Trafo Los Guzmancito,ElmTr2,0,,,,0
P01,WLGUZE_WLGU2K-T1,138/34.5 kV Trafo 2 Guzmancito,ElmTr2,0,,,,0
P01,WMAT1E_WXMATK-T1,138/34.5 kV Transformador MATRISOL,ElmTr2,10,,,,0
P01,WESP1E_WXPS1K-T1,138/34.5 kV Transformador PS Esperanza,ElmTr2,-2,,,,0
P01,WPIMEE_WXPI4K-T1,138/13.8 kV Pimentel 4 T1,ElmTr2,0,,,,0
P01,WTAV2E_WTAVEK-T1,138/34.5 kV Tavera T1,ElmTr2,0,,,,0
P01,WLTOBF_WLTO1K-T1,69/6.9 kV Transformador Los Toros,ElmTr2,0,,,,0
P01,WSYEGF_WSYEGK-T1,69/13.8 kV Transformador Sabana Yegua,ElmTr2,1,,,,0
P01,WSABAF_WSABAK-T1,69/12.5 kV Transformador Sabaneta,ElmTr2,1,,,,0
P01,WMAGUF_WMAGUK-T1,69/22 kV Transformador Magueyal,ElmTr2,0,,,,0
P01,WLDAMF_WLDAMK-T1,69/12.5 kV Transformador Las Damas,ElmTr2,-1,,,,0
P01,WDRODK_WDRODL-T1,12.47/4.16 kV Trafo Domingo Rodríguez,ElmTr2,0,,,,0
P01,WDRODF_WDRODK-T1,69/12.47 kV Trafo Domingo Rodríguez,ElmTr2,0,,,,0
P01,WSCANF_WSCANK-T1,69/34.5 kV Transformador Canoa Solar,ElmTr2,-1,,,,0
P01,WYAGUF_WXNNAK-T1,69/12.47 kV Nizao-Najayo T1,ElmTr2,0,,,,0
P01,WPIZDF_WXLANK-T1,69/12.47 kV Pizarrete Distribución T1,ElmTr2,0,,,,0
P01,WLUCIF_WXLUCK-T1,69/34.5 kV PF Lucila T1,ElmTr2,2,,,,0
P01,WKQAZE_WKQAZF-T1,138/69 kV Transformador km 15 de Azua,ElmTr2,11,,,,0
P01,WHAINE_WHAIGK-T1,138/13.8 kV Transformador Haina TG,ElmTr2,-1,,,,0
P01,WHAINE_WHAINF-T1,138/69 kV Transformador Haina,ElmTr2,8,,,,0
P01,WVALDE_WVAL2K-T1,138/13.8 kV Transformador Valdesia 2,ElmTr2,1,,,,0
P01,WVALDE_WVAL1K-T1,138/13.8 kV Transformador Valdesia 1,ElmTr2,1,,,,0
P01,WVALDE_WLBARK-T1,138/13.8 kV Transformador Las Barias,ElmTr2,7,,,,0
P01,WBCARE_WBARCK-T1,138/13.8 kV Transformado Barahona Carbón,ElmTr2,-2,,,,0
P01,WBCARE_WBCARF-T1,138/69 kV Transformador Barahona Carbón,ElmTr2,2,,,,0
P01,WJIGUE_WJIG2K-T1,138/13.8 kV Transformador Jigüey 2,ElmTr2,0,,,,0
P01,WJIGBE_WJIG1K-T1,138/13.8 kV Transformador Jigüey 1,ElmTr2,0,,,,0
P01,WAGUBE_WAGU2K-T1,138/13.8 kV Transformador Aguacate 2,ElmTr2,2,,,,0
P01,WAGUAE_WAGU1K-T1,138/13.8 kV Transformador Aguacate 1,ElmTr2,2,,,,0
P01,WMRIOE_WMRI3K-T1,138/13.8 kV Transformador Monte Río G3,ElmTr2,-2,,,,0
P01,WMRIOE_WMRI2K-T1,138/13.8 kV Transformador Monte Río G2,ElmTr2,-2,,,,0
P01,WMRIOE_WMRI1K-T1,138/13.8 kV Transformador Monte Río G1,ElmTr2,-2,,,,0
P01,WITABE_WITA1K-T1,138/13.8 kV Transformador Itabo 1,ElmTr2,-2,,,,0
P01,WITABE_WITA2K-T1,138/13.8 kV Transformador Itabo 2,ElmTr2,-2,,,,0
P01,WITAGE_WSLORK-T1,138/13.8 kV Transformador San Lorenzo,ElmTr2,-2,,,,0
P01,WLCOCE_WLCOCK-T1,138/34.5 kV Transformador 1 Los Cocos,ElmTr2,0,,,,0
P01,WLCOCE_WLCOCK-T2,138/34.5 kV Transformador 2 Los Cocos,ElmTr2,0,,,,0
P01,WLCOCE_WLCOCK-T3,138/34.5 kV Transformador 3 Los Cocos,ElmTr2,0,,,,0
P01,WLCOCE_WLCOCK-T4,138/34.5 kV Transformador 4 Los Cocos,ElmTr2,0,,,,0
P01,WPLM1E_WPLM1K-T1,138/13.8 kV Transformador Palomino 1,ElmTr2,0,,,,0
P01,WPLM2E_WPLM2K-T1,138/13.8 kV Transformador Palomino 2,ElmTr2,0,,,,0
P01,WPAK2E_WXPA1K-T1,154/11 kV Transformador 1 Powership Azua,ElmTr2,-8,,,,0
P01,WPAK2E_WXPA2K-T1,154/11 kV Transformador 2 Powership Azua,ElmTr2,-8,,,,0
P01,WPAK6E_WXPA3K-T1,154/15 kV Transformador 1 Powership Azua,ElmTr2,-6,,,,0
P01,WPALBE_WPAQ2K-T1,138/4.16 kV Transformador 1 Palenque,ElmTr2,-1,,,,0
P01,WPALBE_WPAQ2K-T2,138/4.16 kV Transformador 2 Palenque,ElmTr2,0,,,,0
P01,WCC21E_WCCA2F-T1,138/69 kV Transformado Cruce de Cabral 2,ElmTr2,7,,,,0
P01,WSJU2E_WSJU2F-T1,138/69 kV Transformador San Juan 2,ElmTr2,10,,,,0
P01,WPIZAE_WPIZAF-T1,138/69 kV Transformador 1 Pizarrete,ElmTr2,7,,,,0
P01,WMTFNE_WMTFNK-T1,138/34.5 kV Transformador Matafongo,ElmTr2,0,,,,0
P01,WBAYAE_WBAYAK-T1,138/34.5 kV Transformador Bayasol,ElmTr2,0,,,,0
P01,WGIRAE_WGIRAK-T1,138/34.5 kV Transformador 1 Girasol,ElmTr2,0,,,,0
P01,WGIRAE_WGIRAK-T2,138/34.5 kV Transformador 2 Girasol,ElmTr2,0,,,,0
P01,WSANTE_WSANTK-T1,138/34.5 kV Transformador Santanasol,ElmTr2,0,,,,0
P01,WCALAE_WXCA1K-T1,138/34.5 kV Transformador PF Calabaza 1,ElmTr2,-8,,,,0
P01,WKQA1E_WPES1K-T1,138/34.5 kV Transformador Peravia Solar,ElmTr2,11,,,,0
P01,WKQA1E_WPES2K-T1,138/34.5 kV Transformador Peravia Sola2,ElmTr2,11,,,,0
P01,WMETEE_WMETEF-T1,138/69 kV S/E Móvil ETED,ElmTr2,14,,,,0
P01,WPAK5E_WXPA4K-T1,154/11 kV Powership Azua KPS56 T1,ElmTr2,10,,,,0
P01,WAHO1E_WAHONF-T1,138/69 kV Transformador Arroyo Hondo,ElmTr2,11,,,,0
P01,WHERRE_WHNVAF-T1,138/69 kV Transformador Herrera,ElmTr2,16,,,,0
P01,WDJAOE_WDJAOF-T1,138/69 kV Transformador Dajao,ElmTr2,1,,,,0
P01,WBCHIE_WBCHIF-T1,138/69 kV Transformador Boca Chica,ElmTr2,8,,,,0
P01,WHNSAE_WHNSAF-T1,138/69 kV Transformador Hainamosa,ElmTr2,10,,,,0
P01,WVDUAE_WVDUAF-T1,138/69 kV Transformador Villa Duarte,ElmTr2,5,,,,0
P01,WLMI6E_WLMI6K-T1,138/13.8 kV Transformador Los Mina 6,ElmTr2,2,,,,0
P01,WAANDE_WAANVK-T1,138/13.8 kV Transformador AES Andrés TV,ElmTr2,2,,,,0
P01,WAANDE_WAANGK-T1,138/19 kV Transformador AES Andrés TG,ElmTr2,2,,,,0
P01,WAANDE_WXBAAK-T1,138/4.16 kV BESS AES Andrés T1,ElmTr2,0,,,,0
P01,WMETAE_WMETAK-T1,138/13.2 kV Transformador METALDOM,ElmTr2,0,,,,0
P01,WTIM2E_WTIM2F-T1,138/69 kV Transformador Timbeque 2,ElmTr2,16,,,,0
P01,WLMI5E_WLMI5K-T1,138/13.8 kV Transformador Los Mina 5,ElmTr2,2,,,,0
P01,WPALAE_WPALBF-T1,138/69 kV Transformador 1 Palamara,ElmTr2,10,,,,0
P01,WPALAE_WPALAF-T1,138/69 kV Transformador 2 Palamara,ElmTr2,6,,,,0
P01,WEMA2E_WEMA2K-T1,138/13.8 kV Transformador EDM2,ElmTr2,0,,,,0
P01,WMP2AE_WXWC2K-T1,138/34.5 kV Transformador WCSP 2,ElmTr2,0,,,,0
P01,WMP2BE_WXWC3K-T1,138/34.5 kV Transformador WCSP 3,ElmTr2,0,,,,0
P01,WLMI7E_WLMI7K-T1,138/13.8 kV Transformador Los Mina 7,ElmTr2,2,,,,0
P01,WMETRE_WMETRF-T2,138/69 kV Transformador Metropolitano 2,ElmTr2,8,,,,0
P01,WHNS1E_WLVICK-T1,138/34.5 kV Transformador La Victoria,ElmTr2,0,,,,0
P01,WMIRAE_WMIRAK-T1,138/34.5 kV Transformador Mirasol,ElmTr2,0,,,,0
P01,WSIBAE_WXSI1K-T1,138/13.8 kV Trafo SIBA Grupo 1,ElmTr2,-2,,,,0
P01,WSIBAE_WXSI2K-T1,138/13.8 kV Trafo SIBA Grupo 2,ElmTr2,-2,,,,0
P01,WSIBAE_WXSI3K-T1,138/13.8 kV Trafo SIBA Grupo 3,ElmTr2,-2,,,,0
P01,WSIBAE_WXSI4K-T1,138/13.8 kV Trafo SIBA Grupo 4,ElmTr2,-2,,,,0
P01,WSIBBE_WXSI5K-T1,138/13.8 kV Trafo SIBA Grupo 5,ElmTr2,-2,,,,0
P01,WSIBAE_WXSI6K-T1,138/13.8 kV Trafo SIBA Grupo 6,ElmTr2,-2,,,,0
P01,WLMI6E_WXSALMK-T1,138/4.16 kV SA Parque Energ. Los Mina,ElmTr2,0,,,,0
P01,WPINAF_WPIN2K-T1,69/13.8 kV Transformador Pinalito 2,ElmTr2,0,,,,0
P01,WPINAF_WPIN1K-T1,69/13.8 kV Transformador Pinalito 1,ElmTr2,0,,,,0
P01,WRBLAF_WRBL2K-T1,69/13.8 kV Transformador Río Blanco 2,ElmTr2,1,,,,0
P01,WRBLAF_WRBL1K-T1,69/13.8 kV Transformador Río Blanco 1,ElmTr2,1,,,,0
P01,WRINCF_WRINCK-T1,69/12.5 kV Transformador Rincón,ElmTr2,0,,,,0
P01,WNAGUF_WRJCRK-T1,69/4.16 kV Transformador Rosa Julia Cruz,ElmTr2,0,,,,0
P01,WCONSF_WESALK-T1,69/12.5 kV Transformador El Salto,ElmTr2,0,,,,0
P01,WGVEBF_WLVE1K-T1,69/13.8 kV Transformador La Vega Grupo 1,ElmTr2,4,,,,0
P01,WGVEGF_WLVE2K-T1,69/13.8 kV Transformador La Vega Grupo 2,ElmTr2,4,,,,0
P01,WBPERF_WAVA1K-T1,69/12.5 kV Transformador Aniana Vargas,ElmTr2,0,,,,0
P01,WJIMEF_WJIMEK-T1,69/12.5 kV Transformador Jimenoa,ElmTr2,0,,,,0
P01,WHATIF_WHATIK-T1,69/12.5 kV Transformador Hatillo 1,ElmTr2,2,,,,0
P01,WHATIF_WHAT2K-T1,69/12.5 kV Transformador Hatillo 2,ElmTr2,0,,,,0
P01,WBDERF_WBDERK-T1,69/13.8 kV Transformador Brazo Derecho,ElmTr2,0,,,,0
P01,WPDORE_WPDORF-T1,138/69 kV Trafo Playa Dorada,ElmTr2,12,,,,0
P01,WEMA3F_WEMA3K-T1,66/13.8/13.8 kV Transformador EDM3,ElmTr3,,0,0,0,0
P01,WSFELE_WSFEGK-T1,138/13.8 kV Transformador San Felipe,ElmTr3,,-1,0,0,1
P01,WMETRE_WMETRF-T1,138/69 kV Transformador Metropolitano,ElmTr3,,0,0,0,1
P02,WMPSOF_WMPSOK-T1,69/20 kV Transformador Monte Plata Solar,ElmTr2,0,,,,0
P02,WGPALF_WPAL3K-T1,69/13.8 kV Transformador Palamara Grupo3,ElmTr2,0,,,,0
P02,WGPALF_WPAL2K-T1,69/13.8 kV Transformador Palamara Grupo2,ElmTr2,0,,,,0
P02,WGPALF_WPAL1K-T1,69/13.8 kV Transformador Palamara Grupo1,ElmTr2,0,,,,0
P02,WINCAF-WINCAK-T2,69/12.5 kV INCA km 22 T2,ElmTr2,-1,,,,0
P02,WEMA3F_WEMB3K-T1,66/13.8 kV Transformador EDM3,ElmTr2,0,,,,0
P02,WMPALF_WMPALK-T1,69/34.5 kV Transformador Mata de Palma,ElmTr2,8,,,,0
P02,WMARTF_WMARTK-T1,69/34.5 kV Transformador Martí,ElmTr2,3,,,,0
P02,WHNS1F_WMARAK-T1,69/13.8 kV Transformador Maranatha,ElmTr2,0,,,,0
P02,WINCAF-WINCAK-T1,69/12.5 kV INCA km 22 T1,ElmTr2,0,,,,0
P02,WJSAUD_WJSAUE-T1,345/138 kV Transformador 1 Julio Sauri,ElmTr2,9,,,,0
P02,WJSAUD_WJSAUE-T2,345/138 kV Transformador 2 Julio Sauri,ElmTr2,9,,,,0
P02,WNARAD_WNARAE-T2,345/138 kV Transformador 2 El Naranjo,ElmTr2,5,,,,0
P02,WNARAD_WNARAE-T1,345/138 kV Transformador 1 El Naranjo,ElmTr2,5,,,,0
P02,WQU11D_WQU21K-T1,230/13.8 kV Transformador Quisqueya 2 G1,ElmTr2,0,,,,0
P02,WQU11D_WQU22K-T2,230/13.8 kV Transformador Quisqueya 2 G2,ElmTr2,0,,,,0
P02,WQU11D_WQU23K-T3,230/13.8 kV Transformador Quisqueya 2 G3,ElmTr2,0,,,,0
P02,WQUISD_WQ1SPK-T1,230/13.8 kV Transformador Q1 San Pedro,ElmTr2,0,,,,0
P02,WQU21D_WQU12K-T2,230/13.8 kV Transformador Quisqueya 1 G2,ElmTr2,0,,,,0
P02,WQU21D_WQU13K-T3,230/13.8 kV Transformador Quisqueya 1 G3,ElmTr2,0,,,,0
P02,WPVDCD_WPVD1K-T1,230/34.5 kV Transformador 1 PVDC,ElmTr2,0,,,,0
P02,WPVDCD_WPVD2K-T1,230/34.5 kV Transformador 2 PVDC,ElmTr2,0,,,,0
P02,WPCA2D_WPCA1K-T1,345/22 kV Transformador Punta Catalina 1,ElmTr2,3,,,,0
P02,WPCA2D_WPCA2K-T1,345/22 kV Transformador Punta Catalina 2,ElmTr2,3,,,,0
P02,WBON3D_WBON3C-T1,345/230 kV Transformador 2 Bonao 3,ElmTr2,22,,,,0
P02,WBON3C_WBON3E-T2,230/138 kV Transformador 2 Bonao 3,ElmTr2,10,,,,0
P02,WGUERD_WGUERE-T1,345/138 kV Transformador 1 Guerra,ElmTr2,6,,,,0
P02,WGUERD_WGUERE-T2,345/138 kV Transformador 2 Guerra,ElmTr2,6,,,,0
P02,WSESTE_WSES1K-T1,138/13.8 kV Transformador Sultana Este 1,ElmTr2,0,,,,0
P02,WSESTE_WSES2K-T1,138/13.8 kV Transformador Sultana Este 2,ElmTr2,-2,,,,1
P02,WSESTE_WSES3K-T1,138/13.8 kV Transformador Sultana Este 3,ElmTr2,-10,,,,1
P02,WLROME_WLROMF-T1,138/69 kV Transformador La Romana,ElmTr2,13,,,,0
P02,WSPM2E_WCES3K-T1,138/13.8 kV Transformador CESPM 3,ElmTr2,0,,,,0
P02,WSPM2E_WCES2K-T1,138/13.8 kV Transformador CESPM 2,ElmTr2,0,,,,0
P02,WSPM2E_WCES1K-T1,138/13.8 kV Transformador CESPM 1,ElmTr2,0,,,,0
P02,WENE4E_WXEN4K-T1,138/13.8 kV Transformador ENERGAS 4 TG,ElmTr2,0,,,,0
P02,WENE4E_WXEV4K-T1,138/13.8 kV Transformador ENERGAS 4 TV,ElmTr2,0,,,,0
P02,WCEMEE_WCEMEK-T1,138/13.8 kV Transformador CEMEX,ElmTr2,0,,,,0
P02,WCEMEE_WCEMEK-T2,138/13.8 kV Trafo 2 CEMEX 40 MVA,ElmTr2,3,,,,0
P02,WCUMAE_WXCU1K-T1,138/34.5 kV Transformador PF Cumayasa 1,ElmTr2,0,,,,0
P02,WCUMBE_WXCU2K-T1,138/34.5 kV Transformador PF Cumayasa 2,ElmTr2,0,,,,0
P02,WCUMBE_WXCU4K-T1,138/34.5 kV Transformador PF Cumayasa 4,ElmTr2,1,,,,0
P02,WLORIE_WLORIK-T1,138/12.47 kV Transformador Los Orígenes,ElmTr2,1,,,,0
P02,WSPBEE_WSPB1K-T1,138/13.8 kV Transformador SP Bio-Energy,ElmTr2,5,,,,0
P02,WSPMAE_WSPMAF-T1,138/69 kV Transformador SPM,ElmTr2,9,,,,0
P02,WHMA2E_WHMA2F-T1,138/69 kV Transformador Hato Mayor 2,ElmTr2,11,,,,0
P02,WESOCE_WESOCK-T1,138/34.5 kV Transformador PS El Soco,ElmTr2,0,,,,0
P02,WCOTOE_WCSO1K-T1,138/34.5 kV Cotoperí T1,ElmTr2,0,,,,0
P02,WCOTOE_WCSO2K-T1,138/34.5 kV Cotoperí T2,ElmTr2,0,,,,0
P02,WCOTOE_WCSO3K-T1,138/34.5 kV Cotoperí T3,ElmTr2,0,,,,0
P02,WCOAPE_WCOA1K-T1,138/34.5 kV Transformador PF Coastal T1,ElmTr2,0,,,,0
P02,WCOAPE_WCOA2K-T1,138/34.5 kV Transformador PF Coastal T2,ElmTr2,0,,,,0
P02,WZSANE_WZSANF-T1,138/69 kV Transformador ZF Santiago,ElmTr2,9,,,,0
P02,WBON2E_WBON2F-T1,138/69 kV Transformador Bonao 2,ElmTr2,12,,,,0
P02,WZMONK_WCEMOK-T1,13.8/4.16 kV Transformador CE Monción,ElmTr2,0,,,,0
P02,WMONCE_WMONCK-T2,138/13.8 kV Transformador Monción 2,ElmTr2,2,,,,0
P02,WMONCE_WMONCK-T1,138/13.8 kV Transformador Monción 1,ElmTr2,2,,,,0
P02,WMONCK_WZMONK-T1,13.8/4.16 kV Transformador Zona Monción,ElmTr2,0,,,,0
P02,WPIMEE_WPIM3K-T1,138/13.8 kV Trafo Pimentel Grupo 3,ElmTr2,1,,,,0
P02,WPIMEE_WPIM2K-T1,138/13.8 kV Trafo Pimentel Grupo 2,ElmTr2,1,,,,0
P02,WPIMEE_WPIM1K-T1,138/13.8 kV Trafo Pimentel Grupo 1,ElmTr2,1,,,,0
P02,WCANAE_WCANBF-T2,138/69 kV Transformador 2 Canabacoa,ElmTr2,15,,,,0
P02,WCANAE_WCANBF-T1,138/69 kV Transformador Canabacoa,ElmTr2,16,,,,0
P02,WPPL2E_WPPL2F-T1,138/69 kV Trafo Puerto Plata 2,ElmTr2,16,,,,0
P02,WNAG2E_WNAG2F-T1,138/69 kV Transformador Nagua 2,ElmTr2,14,,,,0
P02,WLANGE_WLANGK-T1,138/13.8 Transformador López Angostura,ElmTr2,0,,,,0
P02,WFALCE_WFALCK-T1,138/34.5 kV Transformador FALCONDO,ElmTr2,5,,,,1
P02,WTAVBE_WBAI1K-T1,12.47/0.44 kV Transfomador 1 Baiguaque,ElmTr2,-3,,,,0
P02,WTAVBE_WBAI2K-T1,34.5/12.47 kV Trafo Jánico,ElmTr2,-3,,,,0
P02,WTAVBE_WTAV2K-T1,138/13.8 kV Transformador Tavera 2,ElmTr2,2,,,,0
P02,WTAVEE_WTAV1K-T1,138/13.8 kV Transformador Tavera 1,ElmTr2,2,,,,0
P02,WFALCF_WFALCK-T1,69/34.5 kV Transformador FALCONDO,ElmTr2,3,,,,1
P02,WSAJ1E_WSAJOK-T1,138/34.5 kV Transformador PF SAJOMA,ElmTr2,0,,,,0
P02,WGUAYE_WPFM1K-T1,138/20 kV Trafo Monte Cristi Solar G1,ElmTr2,3,,,,0
P02,WGUAYE_WPFM2K-T1,138/20 kV Trafo Monte Cristi Solar G2,ElmTr2,3,,,,0
P02,WACLAE_WACLAK-T1,138/34.5 kV Transformador Agua Clara,ElmTr2,2,,,,0
P02,WGNLLE_WGNLLK-T1,138/34.5 kV Transformador Guanillo,ElmTr2,0,,,,0
P02,WSFMAE_WSFMAF-T1,138/69 kV Transformador SFM,ElmTr2,15,,,,0
P02,WLGUZE_WLGUZK-T1,138/34.5 kV Trafo Los Guzmancito,ElmTr2,0,,,,0
P02,WLGUZE_WLGU2K-T1,138/34.5 kV Trafo 2 Guzmancito,ElmTr2,0,,,,0
P02,WMAT1E_WXMATK-T1,138/34.5 kV Transformador MATRISOL,ElmTr2,10,,,,0
P02,WESP1E_WXPS1K-T1,138/34.5 kV Transformador PS Esperanza,ElmTr2,-2,,,,0
P02,WPIMEE_WXPI4K-T1,138/13.8 kV Pimentel 4 T1,ElmTr2,0,,,,0
P02,WTAV2E_WTAVEK-T1,138/34.5 kV Tavera T1,ElmTr2,0,,,,0
P02,WLTOBF_WLTO1K-T1,69/6.9 kV Transformador Los Toros,ElmTr2,0,,,,0
P02,WSYEGF_WSYEGK-T1,69/13.8 kV Transformador Sabana Yegua,ElmTr2,1,,,,0
P02,WSABAF_WSABAK-T1,69/12.5 kV Transformador Sabaneta,ElmTr2,1,,,,0
P02,WMAGUF_WMAGUK-T1,69/22 kV Transformador Magueyal,ElmTr2,0,,,,0
P02,WLDAMF_WLDAMK-T1,69/12.5 kV Transformador Las Damas,ElmTr2,-1,,,,0
P02,WDRODK_WDRODL-T1,12.47/4.16 kV Trafo Domingo Rodríguez,ElmTr2,0,,,,0
P02,WDRODF_WDRODK-T1,69/12.47 kV Trafo Domingo Rodríguez,ElmTr2,0,,,,0
P02,WSCANF_WSCANK-T1,69/34.5 kV Transformador Canoa Solar,ElmTr2,-1,,,,0
P02,WYAGUF_WXNNAK-T1,69/12.47 kV Nizao-Najayo T1,ElmTr2,0,,,,0
P02,WPIZDF_WXLANK-T1,69/12.47 kV Pizarrete Distribución T1,ElmTr2,0,,,,0
P02,WLUCIF_WXLUCK-T1,69/34.5 kV PF Lucila T1,ElmTr2,2,,,,0
P02,WKQAZE_WKQAZF-T1,138/69 kV Transformador km 15 de Azua,ElmTr2,8,,,,0
P02,WHAINE_WHAIGK-T1,138/13.8 kV Transformador Haina TG,ElmTr2,-1,,,,0
P02,WHAINE_WHAINF-T1,138/69 kV Transformador Haina,ElmTr2,8,,,,0
P02,WVALDE_WVAL2K-T1,138/13.8 kV Transformador Valdesia 2,ElmTr2,1,,,,0
P02,WVALDE_WVAL1K-T1,138/13.8 kV Transformador Valdesia 1,ElmTr2,1,,,,0
P02,WVALDE_WLBARK-T1,138/13.8 kV Transformador Las Barias,ElmTr2,7,,,,0
P02,WBCARE_WBARCK-T1,138/13.8 kV Transformado Barahona Carbón,ElmTr2,-2,,,,0
P02,WBCARE_WBCARF-T1,138/69 kV Transformador Barahona Carbón,ElmTr2,2,,,,0
P02,WJIGUE_WJIG2K-T1,138/13.8 kV Transformador Jigüey 2,ElmTr2,0,,,,0
P02,WJIGBE_WJIG1K-T1,138/13.8 kV Transformador Jigüey 1,ElmTr2,0,,,,0
P02,WAGUBE_WAGU2K-T1,138/13.8 kV Transformador Aguacate 2,ElmTr2,2,,,,0
P02,WAGUAE_WAGU1K-T1,138/13.8 kV Transformador Aguacate 1,ElmTr2,2,,,,0
P02,WMRIOE_WMRI3K-T1,138/13.8 kV Transformador Monte Río G3,ElmTr2,-2,,,,0
P02,WMRIOE_WMRI2K-T1,138/13.8 kV Transformador Monte Río G2,ElmTr2,-2,,,,0
P02,WMRIOE_WMRI1K-T1,138/13.8 kV Transformador Monte Río G1,ElmTr2,-2,,,,0
P02,WITABE_WITA1K-T1,138/13.8 kV Transformador Itabo 1,ElmTr2,-2,,,,0
P02,WITABE_WITA2K-T1,138/13.8 kV Transformador Itabo 2,ElmTr2,-2,,,,0
P02,WITAGE_WSLORK-T1,138/13.8 kV Transformador San Lorenzo,ElmTr2,-2,,,,0
P02,WLCOCE_WLCOCK-T1,138/34.5 kV Transformador 1 Los Cocos,ElmTr2,0,,,,0
P02,WLCOCE_WLCOCK-T2,138/34.5 kV Transformador 2 Los Cocos,ElmTr2,0,,,,0
P02,WLCOCE_WLCOCK-T3,138/34.5 kV Transformador 3 Los Cocos,ElmTr2,0,,,,0
P02,WLCOCE_WLCOCK-T4,138/34.5 kV Transformador 4 Los Cocos,ElmTr2,0,,,,0
P02,WPLM1E_WPLM1K-T1,138/13.8 kV Transformador Palomino 1,ElmTr2,0,,,,0
P02,WPLM2E_WPLM2K-T1,138/13.8 kV Transformador Palomino 2,ElmTr2,0,,,,0
P02,WPAK2E_WXPA1K-T1,154/11 kV Transformador 1 Powership Azua,ElmTr2,-8,,,,0
P02,WPAK2E_WXPA2K-T1,154/11 kV Transformador 2 Powership Azua,ElmTr2,-8,,,,0
P02,WPAK6E_WXPA3K-T1,154/15 kV Transformador 1 Powership Azua,ElmTr2,-6,,,,0
P02,WPALBE_WPAQ2K-T1,138/4.16 kV Transformador 1 Palenque,ElmTr2,-1,,,,0
P02,WPALBE_WPAQ2K-T2,138/4.16 kV Transformador 2 Palenque,ElmTr2,0,,,,0
P02,WCC21E_WCCA2F-T1,138/69 kV Transformado Cruce de Cabral 2,ElmTr2,7,,,,0
P02,WSJU2E_WSJU2F-T1,138/69 kV Transformador San Juan 2,ElmTr2,10,,,,0
P02,WPIZAE_WPIZAF-T1,138/69 kV Transformador 1 Pizarrete,ElmTr2,9,,,,0
P02,WMTFNE_WMTFNK-T1,138/34.5 kV Transformador Matafongo,ElmTr2,0,,,,0
P02,WBAYAE_WBAYAK-T1,138/34.5 kV Transformador Bayasol,ElmTr2,0,,,,0
P02,WGIRAE_WGIRAK-T1,138/34.5 kV Transformador 1 Girasol,ElmTr2,0,,,,0
P02,WGIRAE_WGIRAK-T2,138/34.5 kV Transformador 2 Girasol,ElmTr2,0,,,,0
P02,WSANTE_WSANTK-T1,138/34.5 kV Transformador Santanasol,ElmTr2,0,,,,0
P02,WCALAE_WXCA1K-T1,138/34.5 kV Transformador PF Calabaza 1,ElmTr2,-8,,,,0
P02,WKQA1E_WPES1K-T1,138/34.5 kV Transformador Peravia Solar,ElmTr2,11,,,,0
P02,WKQA1E_WPES2K-T1,138/34.5 kV Transformador Peravia Sola2,ElmTr2,11,,,,0
P02,WMETEE_WMETEF-T1,138/69 kV S/E Móvil ETED,ElmTr2,14,,,,0
P02,WPAK5E_WXPA4K-T1,154/11 kV Powership Azua KPS56 T1,ElmTr2,10,,,,0
P02,WAHO1E_WAHONF-T1,138/69 kV Transformador Arroyo Hondo,ElmTr2,11,,,,0
P02,WHERRE_WHNVAF-T1,138/69 kV Transformador Herrera,ElmTr2,16,,,,0
P02,WDJAOE_WDJAOF-T1,138/69 kV Transformador Dajao,ElmTr2,1,,,,0
P02,WBCHIE_WBCHIF-T1,138/69 kV Transformador Boca Chica,ElmTr2,8,,,,0
P02,WHNSAE_WHNSAF-T1,138/69 kV Transformador Hainamosa,ElmTr2,11,,,,0
P02,WVDUAE_WVDUAF-T1,138/69 kV Transformador Villa Duarte,ElmTr2,3,,,,0
P02,WLMI6E_WLMI6K-T1,138/13.8 kV Transformador Los Mina 6,ElmTr2,2,,,,0
P02,WAANDE_WAANVK-T1,138/13.8 kV Transformador AES Andrés TV,ElmTr2,2,,,,0
P02,WAANDE_WAANGK-T1,138/19 kV Transformador AES Andrés TG,ElmTr2,2,,,,0
P02,WAANDE_WXBAAK-T1,138/4.16 kV BESS AES Andrés T1,ElmTr2,0,,,,0
P02,WMETAE_WMETAK-T1,138/13.2 kV Transformador METALDOM,ElmTr2,0,,,,0
P02,WTIM2E_WTIM2F-T1,138/69 kV Transformador Timbeque 2,ElmTr2,19,,,,0
P02,WLMI5E_WLMI5K-T1,138/13.8 kV Transformador Los Mina 5,ElmTr2,2,,,,0
P02,WPALAE_WPALBF-T1,138/69 kV Transformador 1 Palamara,ElmTr2,11,,,,0
P02,WPALAE_WPALAF-T1,138/69 kV Transformador 2 Palamara,ElmTr2,6,,,,0
P02,WEMA2E_WEMA2K-T1,138/13.8 kV Transformador EDM2,ElmTr2,0,,,,0
P02,WMP2AE_WXWC2K-T1,138/34.5 kV Transformador WCSP 2,ElmTr2,0,,,,0
P02,WMP2BE_WXWC3K-T1,138/34.5 kV Transformador WCSP 3,ElmTr2,0,,,,0
P02,WLMI7E_WLMI7K-T1,138/13.8 kV Transformador Los Mina 7,ElmTr2,2,,,,0
P02,WMETRE_WMETRF-T2,138/69 kV Transformador Metropolitano 2,ElmTr2,8,,,,0
P02,WHNS1E_WLVICK-T1,138/34.5 kV Transformador La Victoria,ElmTr2,0,,,,0
P02,WMIRAE_WMIRAK-T1,138/34.5 kV Transformador Mirasol,ElmTr2,0,,,,0
P02,WSIBAE_WXSI1K-T1,138/13.8 kV Trafo SIBA Grupo 1,ElmTr2,-2,,,,0
P02,WSIBAE_WXSI2K-T1,138/13.8 kV Trafo SIBA Grupo 2,ElmTr2,-2,,,,0
P02,WSIBAE_WXSI3K-T1,138/13.8 kV Trafo SIBA Grupo 3,ElmTr2,-2,,,,0
P02,WSIBAE_WXSI4K-T1,138/13.8 kV Trafo SIBA Grupo 4,ElmTr2,-2,,,,0
P02,WSIBBE_WXSI5K-T1,138/13.8 kV Trafo SIBA Grupo 5,ElmTr2,-2,,,,0
P02,WSIBAE_WXSI6K-T1,138/13.8 kV Trafo SIBA Grupo 6,ElmTr2,-2,,,,0
P02,WLMI6E_WXSALMK-T1,138/4.16 kV SA Parque Energ. Los Mina,ElmTr2,0,,,,0
P02,WPINAF_WPIN2K-T1,69/13.8 kV Transformador Pinalito 2,ElmTr2,0,,,,0
P02,WPINAF_WPIN1K-T1,69/13.8 kV Transformador Pinalito 1,ElmTr2,0,,,,0
P02,WRBLAF_WRBL2K-T1,69/13.8 kV Transformador Río Blanco 2,ElmTr2,1,,,,0
P02,WRBLAF_WRBL1K-T1,69/13.8 kV Transformador Río Blanco 1,ElmTr2,1,,,,0
P02,WRINCF_WRINCK-T1,69/12.5 kV Transformador Rincón,ElmTr2,0,,,,0
P02,WNAGUF_WRJCRK-T1,69/4.16 kV Transformador Rosa Julia Cruz,ElmTr2,0,,,,0
P02,WCONSF_WESALK-T1,69/12.5 kV Transformador El Salto,ElmTr2,0,,,,0
P02,WGVEBF_WLVE1K-T1,69/13.8 kV Transformador La Vega Grupo 1,ElmTr2,4,,,,0
P02,WGVEGF_WLVE2K-T1,69/13.8 kV Transformador La Vega Grupo 2,ElmTr2,4,,,,0
P02,WBPERF_WAVA1K-T1,69/12.5 kV Transformador Aniana Vargas,ElmTr2,0,,,,0
P02,WJIMEF_WJIMEK-T1,69/12.5 kV Transformador Jimenoa,ElmTr2,0,,,,0
P02,WHATIF_WHATIK-T1,69/12.5 kV Transformador Hatillo 1,ElmTr2,2,,,,0
P02,WHATIF_WHAT2K-T1,69/12.5 kV Transformador Hatillo 2,ElmTr2,0,,,,0
P02,WBDERF_WBDERK-T1,69/13.8 kV Transformador Brazo Derecho,ElmTr2,0,,,,0
P02,WPDORE_WPDORF-T1,138/69 kV Trafo Playa Dorada,ElmTr2,12,,,,0
P02,WEMA3F_WEMA3K-T1,66/13.8/13.8 kV Transformador EDM3,ElmTr3,,0,0,0,0
P02,WSFELE_WSFEGK-T1,138/13.8 kV Transformador San Felipe,ElmTr3,,-1,0,0,1
P02,WMETRE_WMETRF-T1,138/69 kV Transformador Metropolitano,ElmTr3,,0,0,0,1
P03,WMPSOF_WMPSOK-T1,69/20 kV Transformador Monte Plata Solar,ElmTr2,0,,,,0
P03,WGPALF_WPAL3K-T1,69/13.8 kV Transformador Palamara Grupo3,ElmTr2,0,,,,0
P03,WGPALF_WPAL2K-T1,69/13.8 kV Transformador Palamara Grupo2,ElmTr2,0,,,,0
P03,WGPALF_WPAL1K-T1,69/13.8 kV Transformador Palamara Grupo1,ElmTr2,0,,,,0
P03,WINCAF-WINCAK-T2,69/12.5 kV INCA km 22 T2,ElmTr2,-1,,,,0
P03,WEMA3F_WEMB3K-T1,66/13.8 kV Transformador EDM3,ElmTr2,0,,,,0
P03,WMPALF_WMPALK-T1,69/34.5 kV Transformador Mata de Palma,ElmTr2,8,,,,0
P03,WMARTF_WMARTK-T1,69/34.5 kV Transformador Martí,ElmTr2,3,,,,0
P03,WHNS1F_WMARAK-T1,69/13.8 kV Transformador Maranatha,ElmTr2,0,,,,0
P03,WINCAF-WINCAK-T1,69/12.5 kV INCA km 22 T1,ElmTr2,0,,,,0
P03,WJSAUD_WJSAUE-T1,345/138 kV Transformador 1 Julio Sauri,ElmTr2,10,,,,0
P03,WJSAUD_WJSAUE-T2,345/138 kV Transformador 2 Julio Sauri,ElmTr2,10,,,,0
P03,WNARAD_WNARAE-T2,345/138 kV Transformador 2 El Naranjo,ElmTr2,7,,,,0
P03,WNARAD_WNARAE-T1,345/138 kV Transformador 1 El Naranjo,ElmTr2,7,,,,0
P03,WQU11D_WQU21K-T1,230/13.8 kV Transformador Quisqueya 2 G1,ElmTr2,0,,,,0
P03,WQU11D_WQU22K-T2,230/13.8 kV Transformador Quisqueya 2 G2,ElmTr2,0,,,,0
P03,WQU11D_WQU23K-T3,230/13.8 kV Transformador Quisqueya 2 G3,ElmTr2,0,,,,0
P03,WQUISD_WQ1SPK-T1,230/13.8 kV Transformador Q1 San Pedro,ElmTr2,0,,,,0
P03,WQU21D_WQU12K-T2,230/13.8 kV Transformador Quisqueya 1 G2,ElmTr2,0,,,,0
P03,WQU21D_WQU13K-T3,230/13.8 kV Transformador Quisqueya 1 G3,ElmTr2,0,,,,0
P03,WPVDCD_WPVD1K-T1,230/34.5 kV Transformador 1 PVDC,ElmTr2,0,,,,0
P03,WPVDCD_WPVD2K-T1,230/34.5 kV Transformador 2 PVDC,ElmTr2,0,,,,0
P03,WPCA2D_WPCA1K-T1,345/22 kV Transformador Punta Catalina 1,ElmTr2,3,,,,0
P03,WPCA2D_WPCA2K-T1,345/22 kV Transformador Punta Catalina 2,ElmTr2,3,,,,0
P03,WBON3D_WBON3C-T1,345/230 kV Transformador 2 Bonao 3,ElmTr2,19,,,,0
P03,WBON3C_WBON3E-T2,230/138 kV Transformador 2 Bonao 3,ElmTr2,10,,,,0
P03,WGUERD_WGUERE-T1,345/138 kV Transformador 1 Guerra,ElmTr2,10,,,,0
P03,WGUERD_WGUERE-T2,345/138 kV Transformador 2 Guerra,ElmTr2,10,,,,0
P03,WSESTE_WSES1K-T1,138/13.8 kV Transformador Sultana Este 1,ElmTr2,0,,,,0
P03,WSESTE_WSES2K-T1,138/13.8 kV Transformador Sultana Este 2,ElmTr2,-2,,,,1
P03,WSESTE_WSES3K-T1,138/13.8 kV Transformador Sultana Este 3,ElmTr2,-10,,,,1
P03,WLROME_WLROMF-T1,138/69 kV Transformador La Romana,ElmTr2,13,,,,0
P03,WSPM2E_WCES3K-T1,138/13.8 kV Transformador CESPM 3,ElmTr2,0,,,,0
P03,WSPM2E_WCES2K-T1,138/13.8 kV Transformador CESPM 2,ElmTr2,0,,,,0
P03,WSPM2E_WCES1K-T1,138/13.8 kV Transformador CESPM 1,ElmTr2,0,,,,0
P03,WENE4E_WXEN4K-T1,138/13.8 kV Transformador ENERGAS 4 TG,ElmTr2,0,,,,0
P03,WENE4E_WXEV4K-T1,138/13.8 kV Transformador ENERGAS 4 TV,ElmTr2,0,,,,0
P03,WCEMEE_WCEMEK-T1,138/13.8 kV Transformador CEMEX,ElmTr2,0,,,,0
P03,WCEMEE_WCEMEK-T2,138/13.8 kV Trafo 2 CEMEX 40 MVA,ElmTr2,3,,,,0
P03,WCUMAE_WXCU1K-T1,138/34.5 kV Transformador PF Cumayasa 1,ElmTr2,0,,,,0
P03,WCUMBE_WXCU2K-T1,138/34.5 kV Transformador PF Cumayasa 2,ElmTr2,0,,,,0
P03,WCUMBE_WXCU4K-T1,138/34.5 kV Transformador PF Cumayasa 4,ElmTr2,1,,,,0
P03,WLORIE_WLORIK-T1,138/12.47 kV Transformador Los Orígenes,ElmTr2,1,,,,0
P03,WSPBEE_WSPB1K-T1,138/13.8 kV Transformador SP Bio-Energy,ElmTr2,5,,,,0
P03,WSPMAE_WSPMAF-T1,138/69 kV Transformador SPM,ElmTr2,10,,,,0
P03,WHMA2E_WHMA2F-T1,138/69 kV Transformador Hato Mayor 2,ElmTr2,11,,,,0
P03,WESOCE_WESOCK-T1,138/34.5 kV Transformador PS El Soco,ElmTr2,0,,,,0
P03,WCOTOE_WCSO1K-T1,138/34.5 kV Cotoperí T1,ElmTr2,0,,,,0
P03,WCOTOE_WCSO2K-T1,138/34.5 kV Cotoperí T2,ElmTr2,0,,,,0
P03,WCOTOE_WCSO3K-T1,138/34.5 kV Cotoperí T3,ElmTr2,0,,,,0
P03,WCOAPE_WCOA1K-T1,138/34.5 kV Transformador PF Coastal T1,ElmTr2,0,,,,0
P03,WCOAPE_WCOA2K-T1,138/34.5 kV Transformador PF Coastal T2,ElmTr2,0,,,,0
P03,WZSANE_WZSANF-T1,138/69 kV Transformador ZF Santiago,ElmTr2,9,,,,0
P03,WBON2E_WBON2F-T1,138/69 kV Transformador Bonao 2,ElmTr2,12,,,,0
P03,WZMONK_WCEMOK-T1,13.8/4.16 kV Transformador CE Monción,ElmTr2,0,,,,0
P03,WMONCE_WMONCK-T2,138/13.8 kV Transformador Monción 2,ElmTr2,2,,,,0
P03,WMONCE_WMONCK-T1,138/13.8 kV Transformador Monción 1,ElmTr2,2,,,,0
P03,WMONCK_WZMONK-T1,13.8/4.16 kV Transformador Zona Monción,ElmTr2,0,,,,0
P03,WPIMEE_WPIM3K-T1,138/13.8 kV Trafo Pimentel Grupo 3,ElmTr2,1,,,,0
P03,WPIMEE_WPIM2K-T1,138/13.8 kV Trafo Pimentel Grupo 2,ElmTr2,1,,,,0
P03,WPIMEE_WPIM1K-T1,138/13.8 kV Trafo Pimentel Grupo 1,ElmTr2,1,,,,0
P03,WCANAE_WCANBF-T2,138/69 kV Transformador 2 Canabacoa,ElmTr2,14,,,,0
P03,WCANAE_WCANBF-T1,138/69 kV Transformador Canabacoa,ElmTr2,16,,,,0
P03,WPPL2E_WPPL2F-T1,138/69 kV Trafo Puerto Plata 2,ElmTr2,16,,,,0
P03,WNAG2E_WNAG2F-T1,138/69 kV Transformador Nagua 2,ElmTr2,14,,,,0
P03,WLANGE_WLANGK-T1,138/13.8 Transformador López Angostura,ElmTr2,0,,,,0
P03,WFALCE_WFALCK-T1,138/34.5 kV Transformador FALCONDO,ElmTr2,5,,,,1
P03,WTAVBE_WBAI1K-T1,12.47/0.44 kV Transfomador 1 Baiguaque,ElmTr2,-3,,,,0
P03,WTAVBE_WBAI2K-T1,34.5/12.47 kV Trafo Jánico,ElmTr2,-3,,,,0
P03,WTAVBE_WTAV2K-T1,138/13.8 kV Transformador Tavera 2,ElmTr2,2,,,,0
P03,WTAVEE_WTAV1K-T1,138/13.8 kV Transformador Tavera 1,ElmTr2,2,,,,0
P03,WFALCF_WFALCK-T1,69/34.5 kV Transformador FALCONDO,ElmTr2,3,,,,1
P03,WSAJ1E_WSAJOK-T1,138/34.5 kV Transformador PF SAJOMA,ElmTr2,0,,,,0
P03,WGUAYE_WPFM1K-T1,138/20 kV Trafo Monte Cristi Solar G1,ElmTr2,3,,,,0
P03,WGUAYE_WPFM2K-T1,138/20 kV Trafo Monte Cristi Solar G2,ElmTr2,3,,,,0
P03,WACLAE_WACLAK-T1,138/34.5 kV Transformador Agua Clara,ElmTr2,2,,,,0
P03,WGNLLE_WGNLLK-T1,138/34.5 kV Transformador Guanillo,ElmTr2,0,,,,0
P03,WSFMAE_WSFMAF-T1,138/69 kV Transformador SFM,ElmTr2,17,,,,0
P03,WLGUZE_WLGUZK-T1,138/34.5 kV Trafo Los Guzmancito,ElmTr2,0,,,,0
P03,WLGUZE_WLGU2K-T1,138/34.5 kV Trafo 2 Guzmancito,ElmTr2,0,,,,0
P03,WMAT1E_WXMATK-T1,138/34.5 kV Transformador MATRISOL,ElmTr2,10,,,,0
P03,WESP1E_WXPS1K-T1,138/34.5 kV Transformador PS Esperanza,ElmTr2,-2,,,,0
P03,WPIMEE_WXPI4K-T1,138/13.8 kV Pimentel 4 T1,ElmTr2,0,,,,0
P03,WTAV2E_WTAVEK-T1,138/34.5 kV Tavera T1,ElmTr2,0,,,,0
P03,WLTOBF_WLTO1K-T1,69/6.9 kV Transformador Los Toros,ElmTr2,0,,,,0
P03,WSYEGF_WSYEGK-T1,69/13.8 kV Transformador Sabana Yegua,ElmTr2,1,,,,0
P03,WSABAF_WSABAK-T1,69/12.5 kV Transformador Sabaneta,ElmTr2,1,,,,0
P03,WMAGUF_WMAGUK-T1,69/22 kV Transformador Magueyal,ElmTr2,0,,,,0
P03,WLDAMF_WLDAMK-T1,69/12.5 kV Transformador Las Damas,ElmTr2,-1,,,,0
P03,WDRODK_WDRODL-T1,12.47/4.16 kV Trafo Domingo Rodríguez,ElmTr2,0,,,,0
P03,WDRODF_WDRODK-T1,69/12.47 kV Trafo Domingo Rodríguez,ElmTr2,0,,,,0
P03,WSCANF_WSCANK-T1,69/34.5 kV Transformador Canoa Solar,ElmTr2,-1,,,,0
P03,WYAGUF_WXNNAK-T1,69/12.47 kV Nizao-Najayo T1,ElmTr2,0,,,,0
P03,WPIZDF_WXLANK-T1,69/12.47 kV Pizarrete Distribución T1,ElmTr2,0,,,,0
P03,WLUCIF_WXLUCK-T1,69/34.5 kV PF Lucila T1,ElmTr2,2,,,,0
P03,WKQAZE_WKQAZF-T1,138/69 kV Transformador km 15 de Azua,ElmTr2,11,,,,0
P03,WHAINE_WHAIGK-T1,138/13.8 kV Transformador Haina TG,ElmTr2,-1,,,,0
P03,WHAINE_WHAINF-T1,138/69 kV Transformador Haina,ElmTr2,8,,,,0
P03,WVALDE_WVAL2K-T1,138/13.8 kV Transformador Valdesia 2,ElmTr2,1,,,,0
P03,WVALDE_WVAL1K-T1,138/13.8 kV Transformador Valdesia 1,ElmTr2,1,,,,0
P03,WVALDE_WLBARK-T1,138/13.8 kV Transformador Las Barias,ElmTr2,7,,,,0
P03,WBCARE_WBARCK-T1,138/13.8 kV Transformado Barahona Carbón,ElmTr2,-2,,,,0
P03,WBCARE_WBCARF-T1,138/69 kV Transformador Barahona Carbón,ElmTr2,2,,,,0
P03,WJIGUE_WJIG2K-T1,138/13.8 kV Transformador Jigüey 2,ElmTr2,0,,,,0
P03,WJIGBE_WJIG1K-T1,138/13.8 kV Transformador Jigüey 1,ElmTr2,0,,,,0
P03,WAGUBE_WAGU2K-T1,138/13.8 kV Transformador Aguacate 2,ElmTr2,2,,,,0
P03,WAGUAE_WAGU1K-T1,138/13.8 kV Transformador Aguacate 1,ElmTr2,2,,,,0
P03,WMRIOE_WMRI3K-T1,138/13.8 kV Transformador Monte Río G3,ElmTr2,-2,,,,0
P03,WMRIOE_WMRI2K-T1,138/13.8 kV Transformador Monte Río G2,ElmTr2,-2,,,,0
P03,WMRIOE_WMRI1K-T1,138/13.8 kV Transformador Monte Río G1,ElmTr2,-2,,,,0
P03,WITABE_WITA1K-T1,138/13.8 kV Transformador Itabo 1,ElmTr2,-2,,,,0
P03,WITABE_WITA2K-T1,138/13.8 kV Transformador Itabo 2,ElmTr2,-2,,,,0
P03,WITAGE_WSLORK-T1,138/13.8 kV Transformador San Lorenzo,ElmTr2,-2,,,,0
P03,WLCOCE_WLCOCK-T1,138/34.5 kV Transformador 1 Los Cocos,ElmTr2,0,,,,0
P03,WLCOCE_WLCOCK-T2,138/34.5 kV Transformador 2 Los Cocos,ElmTr2,0,,,,0
P03,WLCOCE_WLCOCK-T3,138/34.5 kV Transformador 3 Los Cocos,ElmTr2,0,,,,0
P03,WLCOCE_WLCOCK-T4,138/34.5 kV Transformador 4 Los Cocos,ElmTr2,0,,,,0
P03,WPLM1E_WPLM1K-T1,138/13.8 kV Transformador Palomino 1,ElmTr2,0,,,,0
P03,WPLM2E_WPLM2K-T1,138/13.8 kV Transformador Palomino 2,ElmTr2,0,,,,0
P03,WPAK2E_WXPA1K-T1,154/11 kV Transformador 1 Powership Azua,ElmTr2,-8,,,,0
P03,WPAK2E_WXPA2K-T1,154/11 kV Transformador 2 Powership Azua,ElmTr2,-8,,,,0
P03,WPAK6E_WXPA3K-T1,154/15 kV Transformador 1 Powership Azua,ElmTr2,-6,,,,0
P03,WPALBE_WPAQ2K-T1,138/4.16 kV Transformador 1 Palenque,ElmTr2,-1,,,,0
P03,WPALBE_WPAQ2K-T2,138/4.16 kV Transformador 2 Palenque,ElmTr2,0,,,,0
P03,WCC21E_WCCA2F-T1,138/69 kV Transformado Cruce de Cabral 2,ElmTr2,7,,,,0
P03,WSJU2E_WSJU2F-T1,138/69 kV Transformador San Juan 2,ElmTr2,9,,,,0
P03,WPIZAE_WPIZAF-T1,138/69 kV Transformador 1 Pizarrete,ElmTr2,8,,,,0
P03,WMTFNE_WMTFNK-T1,138/34.5 kV Transformador Matafongo,ElmTr2,0,,,,0
P03,WBAYAE_WBAYAK-T1,138/34.5 kV Transformador Bayasol,ElmTr2,0,,,,0
P03,WGIRAE_WGIRAK-T1,138/34.5 kV Transformador 1 Girasol,ElmTr2,0,,,,0
P03,WGIRAE_WGIRAK-T2,138/34.5 kV Transformador 2 Girasol,ElmTr2,0,,,,0
P03,WSANTE_WSANTK-T1,138/34.5 kV Transformador Santanasol,ElmTr2,0,,,,0
P03,WCALAE_WXCA1K-T1,138/34.5 kV Transformador PF Calabaza 1,ElmTr2,-8,,,,0
P03,WKQA1E_WPES1K-T1,138/34.5 kV Transformador Peravia Solar,ElmTr2,11,,,,0
P03,WKQA1E_WPES2K-T1,138/34.5 kV Transformador Peravia Sola2,ElmTr2,11,,,,0
P03,WMETEE_WMETEF-T1,138/69 kV S/E Móvil ETED,ElmTr2,14,,,,0
P03,WPAK5E_WXPA4K-T1,154/11 kV Powership Azua KPS56 T1,ElmTr2,10,,,,0
P03,WAHO1E_WAHONF-T1,138/69 kV Transformador Arroyo Hondo,ElmTr2,11,,,,0
P03,WHERRE_WHNVAF-T1,138/69 kV Transformador Herrera,ElmTr2,16,,,,0
P03,WDJAOE_WDJAOF-T1,138/69 kV Transformador Dajao,ElmTr2,1,,,,0
P03,WBCHIE_WBCHIF-T1,138/69 kV Transformador Boca Chica,ElmTr2,8,,,,0
P03,WHNSAE_WHNSAF-T1,138/69 kV Transformador Hainamosa,ElmTr2,10,,,,0
P03,WVDUAE_WVDUAF-T1,138/69 kV Transformador Villa Duarte,ElmTr2,5,,,,0
P03,WLMI6E_WLMI6K-T1,138/13.8 kV Transformador Los Mina 6,ElmTr2,2,,,,0
P03,WAANDE_WAANVK-T1,138/13.8 kV Transformador AES Andrés TV,ElmTr2,2,,,,0
P03,WAANDE_WAANGK-T1,138/19 kV Transformador AES Andrés TG,ElmTr2,2,,,,0
P03,WAANDE_WXBAAK-T1,138/4.16 kV BESS AES Andrés T1,ElmTr2,0,,,,0
P03,WMETAE_WMETAK-T1,138/13.2 kV Transformador METALDOM,ElmTr2,0,,,,0
P03,WTIM2E_WTIM2F-T1,138/69 kV Transformador Timbeque 2,ElmTr2,16,,,,0
P03,WLMI5E_WLMI5K-T1,138/13.8 kV Transformador Los Mina 5,ElmTr2,2,,,,0
P03,WPALAE_WPALBF-T1,138/69 kV Transformador 1 Palamara,ElmTr2,11,,,,0
P03,WPALAE_WPALAF-T1,138/69 kV Transformador 2 Palamara,ElmTr2,5,,,,0
P03,WEMA2E_WEMA2K-T1,138/13.8 kV Transformador EDM2,ElmTr2,0,,,,0
P03,WMP2AE_WXWC2K-T1,138/34.5 kV Transformador WCSP 2,ElmTr2,0,,,,0
P03,WMP2BE_WXWC3K-T1,138/34.5 kV Transformador WCSP 3,ElmTr2,0,,,,0
P03,WLMI7E_WLMI7K-T1,138/13.8 kV Transformador Los Mina 7,ElmTr2,2,,,,0
P03,WMETRE_WMETRF-T2,138/69 kV Transformador Metropolitano 2,ElmTr2,8,,,,0
P03,WHNS1E_WLVICK-T1,138/34.5 kV Transformador La Victoria,ElmTr2,0,,,,0
P03,WMIRAE_WMIRAK-T1,138/34.5 kV Transformador Mirasol,ElmTr2,0,,,,0
P03,WSIBAE_WXSI1K-T1,138/13.8 kV Trafo SIBA Grupo 1,ElmTr2,-2,,,,0
P03,WSIBAE_WXSI2K-T1,138/13.8 kV Trafo SIBA Grupo 2,ElmTr2,-2,,,,0
P03,WSIBAE_WXSI3K-T1,138/13.8 kV Trafo SIBA Grupo 3,ElmTr2,-2,,,,0
P03,WSIBAE_WXSI4K-T1,138/13.8 kV Trafo SIBA Grupo 4,ElmTr2,-2,,,,0
P03,WSIBBE_WXSI5K-T1,138/13.8 kV Trafo SIBA Grupo 5,ElmTr2,-2,,,,0
P03,WSIBAE_WXSI6K-T1,138/13.8 kV Trafo SIBA Grupo 6,ElmTr2,-2,,,,0
P03,WLMI6E_WXSALMK-T1,138/4.16 kV SA Parque Energ. Los Mina,ElmTr2,0,,,,0
P03,WPINAF_WPIN2K-T1,69/13.8 kV Transformador Pinalito 2,ElmTr2,0,,,,0
P03,WPINAF_WPIN1K-T1,69/13.8 kV Transformador Pinalito 1,ElmTr2,0,,,,0
P03,WRBLAF_WRBL2K-T1,69/13.8 kV Transformador Río Blanco 2,ElmTr2,1,,,,0
P03,WRBLAF_WRBL1K-T1,69/13.8 kV Transformador Río Blanco 1,ElmTr2,1,,,,0
P03,WRINCF_WRINCK-T1,69/12.5 kV Transformador Rincón,ElmTr2,0,,,,0
P03,WNAGUF_WRJCRK-T1,69/4.16 kV Transformador Rosa Julia Cruz,ElmTr2,0,,,,0
P03,WCONSF_WESALK-T1,69/12.5 kV Transformador El Salto,ElmTr2,0,,,,0
P03,WGVEBF_WLVE1K-T1,69/13.8 kV Transformador La Vega Grupo 1,ElmTr2,4,,,,0
P03,WGVEGF_WLVE2K-T1,69/13.8 kV Transformador La Vega Grupo 2,ElmTr2,4,,,,0
P03,WBPERF_WAVA1K-T1,69/12.5 kV Transformador Aniana Vargas,ElmTr2,0,,,,0
P03,WJIMEF_WJIMEK-T1,69/12.5 kV Transformador Jimenoa,ElmTr2,0,,,,0
P03,WHATIF_WHATIK-T1,69/12.5 kV Transformador Hatillo 1,ElmTr2,2,,,,0
P03,WHATIF_WHAT2K-T1,69/12.5 kV Transformador Hatillo 2,ElmTr2,0,,,,0
P03,WBDERF_WBDERK-T1,69/13.8 kV Transformador Brazo Derecho,ElmTr2,0,,,,0
P03,WPDORE_WPDORF-T1,138/69 kV Trafo Playa Dorada,ElmTr2,12,,,,0
P03,WEMA3F_WEMA3K-T1,66/13.8/13.8 kV Transformador EDM3,ElmTr3,,0,0,0,0
P03,WSFELE_WSFEGK-T1,138/13.8 kV Transformador San Felipe,ElmTr3,,-1,0,0,1
P03,WMETRE_WMETRF-T1,138/69 kV Transformador Metropolitano,ElmTr3,,0,0,0,1
P04,WMPSOF_WMPSOK-T1,69/20 kV Transformador Monte Plata Solar,ElmTr2,0,,,,0
P04,WGPALF_WPAL3K-T1,69/13.8 kV Transformador Palamara Grupo3,ElmTr2,0,,,,0
P04,WGPALF_WPAL2K-T1,69/13.8 kV Transformador Palamara Grupo2,ElmTr2,0,,,,0
P04,WGPALF_WPAL1K-T1,69/13.8 kV Transformador Palamara Grupo1,ElmTr2,0,,,,0
P04,WINCAF-WINCAK-T2,69/12.5 kV INCA km 22 T2,ElmTr2,-1,,,,0
P04,WEMA3F_WEMB3K-T1,66/13.8 kV Transformador EDM3,ElmTr2,0,,,,0
P04,WMPALF_WMPALK-T1,69/34.5 kV Transformador Mata de Palma,ElmTr2,8,,,,0
P04,WMARTF_WMARTK-T1,69/34.5 kV Transformador Martí,ElmTr2,3,,,,0
P04,WHNS1F_WMARAK-T1,69/13.8 kV Transformador Maranatha,ElmTr2,0,,,,0
P04,WINCAF-WINCAK-T1,69/12.5 kV INCA km 22 T1,ElmTr2,0,,,,0
P04,WJSAUD_WJSAUE-T1,345/138 kV Transformador 1 Julio Sauri,ElmTr2,10,,,,0
P04,WJSAUD_WJSAUE-T2,345/138 kV Transformador 2 Julio Sauri,ElmTr2,10,,,,0
P04,WNARAD_WNARAE-T2,345/138 kV Transformador 2 El Naranjo,ElmTr2,7,,,,0
P04,WNARAD_WNARAE-T1,345/138 kV Transformador 1 El Naranjo,ElmTr2,7,,,,0
P04,WQU11D_WQU21K-T1,230/13.8 kV Transformador Quisqueya 2 G1,ElmTr2,0,,,,0
P04,WQU11D_WQU22K-T2,230/13.8 kV Transformador Quisqueya 2 G2,ElmTr2,0,,,,0
P04,WQU11D_WQU23K-T3,230/13.8 kV Transformador Quisqueya 2 G3,ElmTr2,0,,,,0
P04,WQUISD_WQ1SPK-T1,230/13.8 kV Transformador Q1 San Pedro,ElmTr2,0,,,,0
P04,WQU21D_WQU12K-T2,230/13.8 kV Transformador Quisqueya 1 G2,ElmTr2,0,,,,0
P04,WQU21D_WQU13K-T3,230/13.8 kV Transformador Quisqueya 1 G3,ElmTr2,0,,,,0
P04,WPVDCD_WPVD1K-T1,230/34.5 kV Transformador 1 PVDC,ElmTr2,0,,,,0
P04,WPVDCD_WPVD2K-T1,230/34.5 kV Transformador 2 PVDC,ElmTr2,0,,,,0
P04,WPCA2D_WPCA1K-T1,345/22 kV Transformador Punta Catalina 1,ElmTr2,3,,,,0
P04,WPCA2D_WPCA2K-T1,345/22 kV Transformador Punta Catalina 2,ElmTr2,3,,,,0
P04,WBON3D_WBON3C-T1,345/230 kV Transformador 2 Bonao 3,ElmTr2,19,,,,0
P04,WBON3C_WBON3E-T2,230/138 kV Transformador 2 Bonao 3,ElmTr2,9,,,,0
P04,WGUERD_WGUERE-T1,345/138 kV Transformador 1 Guerra,ElmTr2,10,,,,0
P04,WGUERD_WGUERE-T2,345/138 kV Transformador 2 Guerra,ElmTr2,10,,,,0
P04,WSESTE_WSES1K-T1,138/13.8 kV Transformador Sultana Este 1,ElmTr2,0,,,,0
P04,WSESTE_WSES2K-T1,138/13.8 kV Transformador Sultana Este 2,ElmTr2,-2,,,,1
P04,WSESTE_WSES3K-T1,138/13.8 kV Transformador Sultana Este 3,ElmTr2,-10,,,,1
P04,WLROME_WLROMF-T1,138/69 kV Transformador La Romana,ElmTr2,13,,,,0
P04,WSPM2E_WCES3K-T1,138/13.8 kV Transformador CESPM 3,ElmTr2,0,,,,0
P04,WSPM2E_WCES2K-T1,138/13.8 kV Transformador CESPM 2,ElmTr2,0,,,,0
P04,WSPM2E_WCES1K-T1,138/13.8 kV Transformador CESPM 1,ElmTr2,0,,,,0
P04,WENE4E_WXEN4K-T1,138/13.8 kV Transformador ENERGAS 4 TG,ElmTr2,0,,,,0
P04,WENE4E_WXEV4K-T1,138/13.8 kV Transformador ENERGAS 4 TV,ElmTr2,0,,,,0
P04,WCEMEE_WCEMEK-T1,138/13.8 kV Transformador CEMEX,ElmTr2,0,,,,0
P04,WCEMEE_WCEMEK-T2,138/13.8 kV Trafo 2 CEMEX 40 MVA,ElmTr2,3,,,,0
P04,WCUMAE_WXCU1K-T1,138/34.5 kV Transformador PF Cumayasa 1,ElmTr2,0,,,,0
P04,WCUMBE_WXCU2K-T1,138/34.5 kV Transformador PF Cumayasa 2,ElmTr2,0,,,,0
P04,WCUMBE_WXCU4K-T1,138/34.5 kV Transformador PF Cumayasa 4,ElmTr2,1,,,,0
P04,WLORIE_WLORIK-T1,138/12.47 kV Transformador Los Orígenes,ElmTr2,1,,,,0
P04,WSPBEE_WSPB1K-T1,138/13.8 kV Transformador SP Bio-Energy,ElmTr2,5,,,,0
P04,WSPMAE_WSPMAF-T1,138/69 kV Transformador SPM,ElmTr2,9,,,,0
P04,WHMA2E_WHMA2F-T1,138/69 kV Transformador Hato Mayor 2,ElmTr2,11,,,,0
P04,WESOCE_WESOCK-T1,138/34.5 kV Transformador PS El Soco,ElmTr2,0,,,,0
P04,WCOTOE_WCSO1K-T1,138/34.5 kV Cotoperí T1,ElmTr2,0,,,,0
P04,WCOTOE_WCSO2K-T1,138/34.5 kV Cotoperí T2,ElmTr2,0,,,,0
P04,WCOTOE_WCSO3K-T1,138/34.5 kV Cotoperí T3,ElmTr2,0,,,,0
P04,WCOAPE_WCOA1K-T1,138/34.5 kV Transformador PF Coastal T1,ElmTr2,0,,,,0
P04,WCOAPE_WCOA2K-T1,138/34.5 kV Transformador PF Coastal T2,ElmTr2,0,,,,0
P04,WZSANE_WZSANF-T1,138/69 kV Transformador ZF Santiago,ElmTr2,9,,,,0
P04,WBON2E_WBON2F-T1,138/69 kV Transformador Bonao 2,ElmTr2,12,,,,0
P04,WZMONK_WCEMOK-T1,13.8/4.16 kV Transformador CE Monción,ElmTr2,0,,,,0
P04,WMONCE_WMONCK-T2,138/13.8 kV Transformador Monción 2,ElmTr2,2,,,,0
P04,WMONCE_WMONCK-T1,138/13.8 kV Transformador Monción 1,ElmTr2,2,,,,0
P04,WMONCK_WZMONK-T1,13.8/4.16 kV Transformador Zona Monción,ElmTr2,0,,,,0
P04,WPIMEE_WPIM3K-T1,138/13.8 kV Trafo Pimentel Grupo 3,ElmTr2,1,,,,0
P04,WPIMEE_WPIM2K-T1,138/13.8 kV Trafo Pimentel Grupo 2,ElmTr2,1,,,,0
P04,WPIMEE_WPIM1K-T1,138/13.8 kV Trafo Pimentel Grupo 1,ElmTr2,1,,,,0
P04,WCANAE_WCANBF-T2,138/69 kV Transformador 2 Canabacoa,ElmTr2,14,,,,0
P04,WCANAE_WCANBF-T1,138/69 kV Transformador Canabacoa,ElmTr2,16,,,,0
P04,WPPL2E_WPPL2F-T1,138/69 kV Trafo Puerto Plata 2,ElmTr2,15,,,,0
P04,WNAG2E_WNAG2F-T1,138/69 kV Transformador Nagua 2,ElmTr2,14,,,,0
P04,WLANGE_WLANGK-T1,138/13.8 Transformador López Angostura,ElmTr2,0,,,,0
P04,WFALCE_WFALCK-T1,138/34.5 kV Transformador FALCONDO,ElmTr2,5,,,,1
P04,WTAVBE_WBAI1K-T1,12.47/0.44 kV Transfomador 1 Baiguaque,ElmTr2,-3,,,,0
P04,WTAVBE_WBAI2K-T1,34.5/12.47 kV Trafo Jánico,ElmTr2,-3,,,,0
P04,WTAVBE_WTAV2K-T1,138/13.8 kV Transformador Tavera 2,ElmTr2,2,,,,0
P04,WTAVEE_WTAV1K-T1,138/13.8 kV Transformador Tavera 1,ElmTr2,2,,,,0
P04,WFALCF_WFALCK-T1,69/34.5 kV Transformador FALCONDO,ElmTr2,3,,,,1
P04,WSAJ1E_WSAJOK-T1,138/34.5 kV Transformador PF SAJOMA,ElmTr2,0,,,,0
P04,WGUAYE_WPFM1K-T1,138/20 kV Trafo Monte Cristi Solar G1,ElmTr2,3,,,,0
P04,WGUAYE_WPFM2K-T1,138/20 kV Trafo Monte Cristi Solar G2,ElmTr2,3,,,,0
P04,WACLAE_WACLAK-T1,138/34.5 kV Transformador Agua Clara,ElmTr2,2,,,,0
P04,WGNLLE_WGNLLK-T1,138/34.5 kV Transformador Guanillo,ElmTr2,0,,,,0
P04,WSFMAE_WSFMAF-T1,138/69 kV Transformador SFM,ElmTr2,17,,,,0
P04,WLGUZE_WLGUZK-T1,138/34.5 kV Trafo Los Guzmancito,ElmTr2,0,,,,0
P04,WLGUZE_WLGU2K-T1,138/34.5 kV Trafo 2 Guzmancito,ElmTr2,0,,,,0
P04,WMAT1E_WXMATK-T1,138/34.5 kV Transformador MATRISOL,ElmTr2,10,,,,0
P04,WESP1E_WXPS1K-T1,138/34.5 kV Transformador PS Esperanza,ElmTr2,-2,,,,0
P04,WPIMEE_WXPI4K-T1,138/13.8 kV Pimentel 4 T1,ElmTr2,0,,,,0
P04,WTAV2E_WTAVEK-T1,138/34.5 kV Tavera T1,ElmTr2,0,,,,0
P04,WLTOBF_WLTO1K-T1,69/6.9 kV Transformador Los Toros,ElmTr2,0,,,,0
P04,WSYEGF_WSYEGK-T1,69/13.8 kV Transformador Sabana Yegua,ElmTr2,1,,,,0
P04,WSABAF_WSABAK-T1,69/12.5 kV Transformador Sabaneta,ElmTr2,1,,,,0
P04,WMAGUF_WMAGUK-T1,69/22 kV Transformador Magueyal,ElmTr2,0,,,,0
P04,WLDAMF_WLDAMK-T1,69/12.5 kV Transformador Las Damas,ElmTr2,-1,,,,0
P04,WDRODK_WDRODL-T1,12.47/4.16 kV Trafo Domingo Rodríguez,ElmTr2,0,,,,0
P04,WDRODF_WDRODK-T1,69/12.47 kV Trafo Domingo Rodríguez,ElmTr2,0,,,,0
P04,WSCANF_WSCANK-T1,69/34.5 kV Transformador Canoa Solar,ElmTr2,-1,,,,0
P04,WYAGUF_WXNNAK-T1,69/12.47 kV Nizao-Najayo T1,ElmTr2,0,,,,0
P04,WPIZDF_WXLANK-T1,69/12.47 kV Pizarrete Distribución T1,ElmTr2,0,,,,0
P04,WLUCIF_WXLUCK-T1,69/34.5 kV PF Lucila T1,ElmTr2,2,,,,0
P04,WKQAZE_WKQAZF-T1,138/69 kV Transformador km 15 de Azua,ElmTr2,10,,,,0
P04,WHAINE_WHAIGK-T1,138/13.8 kV Transformador Haina TG,ElmTr2,-1,,,,0
P04,WHAINE_WHAINF-T1,138/69 kV Transformador Haina,ElmTr2,8,,,,0
P04,WVALDE_WVAL2K-T1,138/13.8 kV Transformador Valdesia 2,ElmTr2,1,,,,0
P04,WVALDE_WVAL1K-T1,138/13.8 kV Transformador Valdesia 1,ElmTr2,1,,,,0
P04,WVALDE_WLBARK-T1,138/13.8 kV Transformador Las Barias,ElmTr2,7,,,,0
P04,WBCARE_WBARCK-T1,138/13.8 kV Transformado Barahona Carbón,ElmTr2,-2,,,,0
P04,WBCARE_WBCARF-T1,138/69 kV Transformador Barahona Carbón,ElmTr2,2,,,,0
P04,WJIGUE_WJIG2K-T1,138/13.8 kV Transformador Jigüey 2,ElmTr2,0,,,,0
P04,WJIGBE_WJIG1K-T1,138/13.8 kV Transformador Jigüey 1,ElmTr2,0,,,,0
P04,WAGUBE_WAGU2K-T1,138/13.8 kV Transformador Aguacate 2,ElmTr2,2,,,,0
P04,WAGUAE_WAGU1K-T1,138/13.8 kV Transformador Aguacate 1,ElmTr2,2,,,,0
P04,WMRIOE_WMRI3K-T1,138/13.8 kV Transformador Monte Río G3,ElmTr2,-2,,,,0
P04,WMRIOE_WMRI2K-T1,138/13.8 kV Transformador Monte Río G2,ElmTr2,-2,,,,0
P04,WMRIOE_WMRI1K-T1,138/13.8 kV Transformador Monte Río G1,ElmTr2,-2,,,,0
P04,WITABE_WITA1K-T1,138/13.8 kV Transformador Itabo 1,ElmTr2,-2,,,,0
P04,WITABE_WITA2K-T1,138/13.8 kV Transformador Itabo 2,ElmTr2,-2,,,,0
P04,WITAGE_WSLORK-T1,138/13.8 kV Transformador San Lorenzo,ElmTr2,-2,,,,0
P04,WLCOCE_WLCOCK-T1,138/34.5 kV Transformador 1 Los Cocos,ElmTr2,0,,,,0
P04,WLCOCE_WLCOCK-T2,138/34.5 kV Transformador 2 Los Cocos,ElmTr2,0,,,,0
P04,WLCOCE_WLCOCK-T3,138/34.5 kV Transformador 3 Los Cocos,ElmTr2,0,,,,0
P04,WLCOCE_WLCOCK-T4,138/34.5 kV Transformador 4 Los Cocos,ElmTr2,0,,,,0
P04,WPLM1E_WPLM1K-T1,138/13.8 kV Transformador Palomino 1,ElmTr2,0,,,,0
P04,WPLM2E_WPLM2K-T1,138/13.8 kV Transformador Palomino 2,ElmTr2,0,,,,0
P04,WPAK2E_WXPA1K-T1,154/11 kV Transformador 1 Powership Azua,ElmTr2,-8,,,,0
P04,WPAK2E_WXPA2K-T1,154/11 kV Transformador 2 Powership Azua,ElmTr2,-8,,,,0
P04,WPAK6E_WXPA3K-T1,154/15 kV Transformador 1 Powership Azua,ElmTr2,-6,,,,0
P04,WPALBE_WPAQ2K-T1,138/4.16 kV Transformador 1 Palenque,ElmTr2,-1,,,,0
P04,WPALBE_WPAQ2K-T2,138/4.16 kV Transformador 2 Palenque,ElmTr2,0,,,,0
P04,WCC21E_WCCA2F-T1,138/69 kV Transformado Cruce de Cabral 2,ElmTr2,7,,,,0
P04,WSJU2E_WSJU2F-T1,138/69 kV Transformador San Juan 2,ElmTr2,8,,,,0
P04,WPIZAE_WPIZAF-T1,138/69 kV Transformador 1 Pizarrete,ElmTr2,9,,,,0
P04,WMTFNE_WMTFNK-T1,138/34.5 kV Transformador Matafongo,ElmTr2,0,,,,0
P04,WBAYAE_WBAYAK-T1,138/34.5 kV Transformador Bayasol,ElmTr2,0,,,,0
P04,WGIRAE_WGIRAK-T1,138/34.5 kV Transformador 1 Girasol,ElmTr2,0,,,,0
P04,WGIRAE_WGIRAK-T2,138/34.5 kV Transformador 2 Girasol,ElmTr2,0,,,,0
P04,WSANTE_WSANTK-T1,138/34.5 kV Transformador Santanasol,ElmTr2,0,,,,0
P04,WCALAE_WXCA1K-T1,138/34.5 kV Transformador PF Calabaza 1,ElmTr2,-8,,,,0
P04,WKQA1E_WPES1K-T1,138/34.5 kV Transformador Peravia Solar,ElmTr2,11,,,,0
P04,WKQA1E_WPES2K-T1,138/34.5 kV Transformador Peravia Sola2,ElmTr2,11,,,,0
P04,WMETEE_WMETEF-T1,138/69 kV S/E Móvil ETED,ElmTr2,14,,,,0
P04,WPAK5E_WXPA4K-T1,154/11 kV Powership Azua KPS56 T1,ElmTr2,10,,,,0
P04,WAHO1E_WAHONF-T1,138/69 kV Transformador Arroyo Hondo,ElmTr2,11,,,,0
P04,WHERRE_WHNVAF-T1,138/69 kV Transformador Herrera,ElmTr2,16,,,,0
P04,WDJAOE_WDJAOF-T1,138/69 kV Transformador Dajao,ElmTr2,1,,,,0
P04,WBCHIE_WBCHIF-T1,138/69 kV Transformador Boca Chica,ElmTr2,8,,,,0
P04,WHNSAE_WHNSAF-T1,138/69 kV Transformador Hainamosa,ElmTr2,10,,,,0
P04,WVDUAE_WVDUAF-T1,138/69 kV Transformador Villa Duarte,ElmTr2,4,,,,0
P04,WLMI6E_WLMI6K-T1,138/13.8 kV Transformador Los Mina 6,ElmTr2,2,,,,0
P04,WAANDE_WAANVK-T1,138/13.8 kV Transformador AES Andrés TV,ElmTr2,2,,,,0
P04,WAANDE_WAANGK-T1,138/19 kV Transformador AES Andrés TG,ElmTr2,2,,,,0
P04,WAANDE_WXBAAK-T1,138/4.16 kV BESS AES Andrés T1,ElmTr2,0,,,,0
P04,WMETAE_WMETAK-T1,138/13.2 kV Transformador METALDOM,ElmTr2,0,,,,0
P04,WTIM2E_WTIM2F-T1,138/69 kV Transformador Timbeque 2,ElmTr2,17,,,,0
P04,WLMI5E_WLMI5K-T1,138/13.8 kV Transformador Los Mina 5,ElmTr2,2,,,,0
P04,WPALAE_WPALBF-T1,138/69 kV Transformador 1 Palamara,ElmTr2,11,,,,0
P04,WPALAE_WPALAF-T1,138/69 kV Transformador 2 Palamara,ElmTr2,5,,,,0
P04,WEMA2E_WEMA2K-T1,138/13.8 kV Transformador EDM2,ElmTr2,0,,,,0
P04,WMP2AE_WXWC2K-T1,138/34.5 kV Transformador WCSP 2,ElmTr2,0,,,,0
P04,WMP2BE_WXWC3K-T1,138/34.5 kV Transformador WCSP 3,ElmTr2,0,,,,0
P04,WLMI7E_WLMI7K-T1,138/13.8 kV Transformador Los Mina 7,ElmTr2,2,,,,0
P04,WMETRE_WMETRF-T2,138/69 kV Transformador Metropolitano 2,ElmTr2,8,,,,0
P04,WHNS1E_WLVICK-T1,138/34.5 kV Transformador La Victoria,ElmTr2,0,,,,0
P04,WMIRAE_WMIRAK-T1,138/34.5 kV Transformador Mirasol,ElmTr2,0,,,,0
P04,WSIBAE_WXSI1K-T1,138/13.8 kV Trafo SIBA Grupo 1,ElmTr2,-2,,,,0
P04,WSIBAE_WXSI2K-T1,138/13.8 kV Trafo SIBA Grupo 2,ElmTr2,-2,,,,0
P04,WSIBAE_WXSI3K-T1,138/13.8 kV Trafo SIBA Grupo 3,ElmTr2,-2,,,,0
P04,WSIBAE_WXSI4K-T1,138/13.8 kV Trafo SIBA Grupo 4,ElmTr2,-2,,,,0
P04,WSIBBE_WXSI5K-T1,138/13.8 kV Trafo SIBA Grupo 5,ElmTr2,-2,,,,0
P04,WSIBAE_WXSI6K-T1,138/13.8 kV Trafo SIBA Grupo 6,ElmTr2,-2,,,,0
P04,WLMI6E_WXSALMK-T1,138/4.16 kV SA Parque Energ. Los Mina,ElmTr2,0,,,,0
P04,WPINAF_WPIN2K-T1,69/13.8 kV Transformador Pinalito 2,ElmTr2,0,,,,0
P04,WPINAF_WPIN1K-T1,69/13.8 kV Transformador Pinalito 1,ElmTr2,0,,,,0
P04,WRBLAF_WRBL2K-T1,69/13.8 kV Transformador Río Blanco 2,ElmTr2,1,,,,0
P04,WRBLAF_WRBL1K-T1,69/13.8 kV Transformador Río Blanco 1,ElmTr2,1,,,,0
P04,WRINCF_WRINCK-T1,69/12.5 kV Transformador Rincón,ElmTr2,0,,,,0
P04,WNAGUF_WRJCRK-T1,69/4.16 kV Transformador Rosa Julia Cruz,ElmTr2,0,,,,0
P04,WCONSF_WESALK-T1,69/12.5 kV Transformador El Salto,ElmTr2,0,,,,0
P04,WGVEBF_WLVE1K-T1,69/13.8 kV Transformador La Vega Grupo 1,ElmTr2,4,,,,0
P04,WGVEGF_WLVE2K-T1,69/13.8 kV Transformador La Vega Grupo 2,ElmTr2,4,,,,0
P04,WBPERF_WAVA1K-T1,69/12.5 kV Transformador Aniana Vargas,ElmTr2,0,,,,0
P04,WJIMEF_WJIMEK-T1,69/12.5 kV Transformador Jimenoa,ElmTr2,0,,,,0
P04,WHATIF_WHATIK-T1,69/12.5 kV Transformador Hatillo 1,ElmTr2,2,,,,0
P04,WHATIF_WHAT2K-T1,69/12.5 kV Transformador Hatillo 2,ElmTr2,0,,,,0
P04,WBDERF_WBDERK-T1,69/13.8 kV Transformador Brazo Derecho,ElmTr2,0,,,,0
P04,WPDORE_WPDORF-T1,138/69 kV Trafo Playa Dorada,ElmTr2,12,,,,0
P04,WEMA3F_WEMA3K-T1,66/13.8/13.8 kV Transformador EDM3,ElmTr3,,0,0,0,0
P04,WSFELE_WSFEGK-T1,138/13.8 kV Transformador San Felipe,ElmTr3,,-1,0,0,1
P04,WMETRE_WMETRF-T1,138/69 kV Transformador Metropolitano,ElmTr3,,0,0,0,1
P05,WMPSOF_WMPSOK-T1,69/20 kV Transformador Monte Plata Solar,ElmTr2,0,,,,0
P05,WGPALF_WPAL3K-T1,69/13.8 kV Transformador Palamara Grupo3,ElmTr2,0,,,,0
P05,WGPALF_WPAL2K-T1,69/13.8 kV Transformador Palamara Grupo2,ElmTr2,0,,,,0
P05,WGPALF_WPAL1K-T1,69/13.8 kV Transformador Palamara Grupo1,ElmTr2,0,,,,0
P05,WINCAF-WINCAK-T2,69/12.5 kV INCA km 22 T2,ElmTr2,-1,,,,0
P05,WEMA3F_WEMB3K-T1,66/13.8 kV Transformador EDM3,ElmTr2,0,,,,0
P05,WMPALF_WMPALK-T1,69/34.5 kV Transformador Mata de Palma,ElmTr2,8,,,,0
P05,WMARTF_WMARTK-T1,69/34.5 kV Transformador Martí,ElmTr2,3,,,,0
P05,WHNS1F_WMARAK-T1,69/13.8 kV Transformador Maranatha,ElmTr2,0,,,,0
P05,WINCAF-WINCAK-T1,69/12.5 kV INCA km 22 T1,ElmTr2,0,,,,0
P05,WJSAUD_WJSAUE-T1,345/138 kV Transformador 1 Julio Sauri,ElmTr2,13,,,,0
P05,WJSAUD_WJSAUE-T2,345/138 kV Transformador 2 Julio Sauri,ElmTr2,13,,,,0
P05,WNARAD_WNARAE-T2,345/138 kV Transformador 2 El Naranjo,ElmTr2,7,,,,0
P05,WNARAD_WNARAE-T1,345/138 kV Transformador 1 El Naranjo,ElmTr2,7,,,,0
P05,WQU11D_WQU21K-T1,230/13.8 kV Transformador Quisqueya 2 G1,ElmTr2,0,,,,0
P05,WQU11D_WQU22K-T2,230/13.8 kV Transformador Quisqueya 2 G2,ElmTr2,0,,,,0
P05,WQU11D_WQU23K-T3,230/13.8 kV Transformador Quisqueya 2 G3,ElmTr2,0,,,,0
P05,WQUISD_WQ1SPK-T1,230/13.8 kV Transformador Q1 San Pedro,ElmTr2,0,,,,0
P05,WQU21D_WQU12K-T2,230/13.8 kV Transformador Quisqueya 1 G2,ElmTr2,0,,,,0
P05,WQU21D_WQU13K-T3,230/13.8 kV Transformador Quisqueya 1 G3,ElmTr2,0,,,,0
P05,WPVDCD_WPVD1K-T1,230/34.5 kV Transformador 1 PVDC,ElmTr2,0,,,,0
P05,WPVDCD_WPVD2K-T1,230/34.5 kV Transformador 2 PVDC,ElmTr2,0,,,,0
P05,WPCA2D_WPCA1K-T1,345/22 kV Transformador Punta Catalina 1,ElmTr2,3,,,,0
P05,WPCA2D_WPCA2K-T1,345/22 kV Transformador Punta Catalina 2,ElmTr2,3,,,,0
P05,WBON3D_WBON3C-T1,345/230 kV Transformador 2 Bonao 3,ElmTr2,18,,,,0
P05,WBON3C_WBON3E-T2,230/138 kV Transformador 2 Bonao 3,ElmTr2,10,,,,0
P05,WGUERD_WGUERE-T1,345/138 kV Transformador 1 Guerra,ElmTr2,5,,,,0
P05,WGUERD_WGUERE-T2,345/138 kV Transformador 2 Guerra,ElmTr2,5,,,,0
P05,WSESTE_WSES1K-T1,138/13.8 kV Transformador Sultana Este 1,ElmTr2,0,,,,0
P05,WSESTE_WSES2K-T1,138/13.8 kV Transformador Sultana Este 2,ElmTr2,-2,,,,1
P05,WSESTE_WSES3K-T1,138/13.8 kV Transformador Sultana Este 3,ElmTr2,-10,,,,1
P05,WLROME_WLROMF-T1,138/69 kV Transformador La Romana,ElmTr2,13,,,,0
P05,WSPM2E_WCES3K-T1,138/13.8 kV Transformador CESPM 3,ElmTr2,0,,,,0
P05,WSPM2E_WCES2K-T1,138/13.8 kV Transformador CESPM 2,ElmTr2,0,,,,0
P05,WSPM2E_WCES1K-T1,138/13.8 kV Transformador CESPM 1,ElmTr2,0,,,,0
P05,WENE4E_WXEN4K-T1,138/13.8 kV Transformador ENERGAS 4 TG,ElmTr2,0,,,,0
P05,WENE4E_WXEV4K-T1,138/13.8 kV Transformador ENERGAS 4 TV,ElmTr2,0,,,,0
P05,WCEMEE_WCEMEK-T1,138/13.8 kV Transformador CEMEX,ElmTr2,0,,,,0
P05,WCEMEE_WCEMEK-T2,138/13.8 kV Trafo 2 CEMEX 40 MVA,ElmTr2,3,,,,0
P05,WCUMAE_WXCU1K-T1,138/34.5 kV Transformador PF Cumayasa 1,ElmTr2,0,,,,0
P05,WCUMBE_WXCU2K-T1,138/34.5 kV Transformador PF Cumayasa 2,ElmTr2,0,,,,0
P05,WCUMBE_WXCU4K-T1,138/34.5 kV Transformador PF Cumayasa 4,ElmTr2,1,,,,0
P05,WLORIE_WLORIK-T1,138/12.47 kV Transformador Los Orígenes,ElmTr2,1,,,,0
P05,WSPBEE_WSPB1K-T1,138/13.8 kV Transformador SP Bio-Energy,ElmTr2,5,,,,0
P05,WSPMAE_WSPMAF-T1,138/69 kV Transformador SPM,ElmTr2,9,,,,0
P05,WHMA2E_WHMA2F-T1,138/69 kV Transformador Hato Mayor 2,ElmTr2,11,,,,0
P05,WESOCE_WESOCK-T1,138/34.5 kV Transformador PS El Soco,ElmTr2,0,,,,0
P05,WCOTOE_WCSO1K-T1,138/34.5 kV Cotoperí T1,ElmTr2,0,,,,0
P05,WCOTOE_WCSO2K-T1,138/34.5 kV Cotoperí T2,ElmTr2,0,,,,0
P05,WCOTOE_WCSO3K-T1,138/34.5 kV Cotoperí T3,ElmTr2,0,,,,0
P05,WCOAPE_WCOA1K-T1,138/34.5 kV Transformador PF Coastal T1,ElmTr2,0,,,,0
P05,WCOAPE_WCOA2K-T1,138/34.5 kV Transformador PF Coastal T2,ElmTr2,0,,,,0
P05,WZSANE_WZSANF-T1,138/69 kV Transformador ZF Santiago,ElmTr2,9,,,,0
P05,WBON2E_WBON2F-T1,138/69 kV Transformador Bonao 2,ElmTr2,12,,,,0
P05,WZMONK_WCEMOK-T1,13.8/4.16 kV Transformador CE Monción,ElmTr2,0,,,,0
P05,WMONCE_WMONCK-T2,138/13.8 kV Transformador Monción 2,ElmTr2,2,,,,0
P05,WMONCE_WMONCK-T1,138/13.8 kV Transformador Monción 1,ElmTr2,2,,,,0
P05,WMONCK_WZMONK-T1,13.8/4.16 kV Transformador Zona Monción,ElmTr2,0,,,,0
P05,WPIMEE_WPIM3K-T1,138/13.8 kV Trafo Pimentel Grupo 3,ElmTr2,1,,,,0
P05,WPIMEE_WPIM2K-T1,138/13.8 kV Trafo Pimentel Grupo 2,ElmTr2,1,,,,0
P05,WPIMEE_WPIM1K-T1,138/13.8 kV Trafo Pimentel Grupo 1,ElmTr2,1,,,,0
P05,WCANAE_WCANBF-T2,138/69 kV Transformador 2 Canabacoa,ElmTr2,15,,,,0
P05,WCANAE_WCANBF-T1,138/69 kV Transformador Canabacoa,ElmTr2,16,,,,0
P05,WPPL2E_WPPL2F-T1,138/69 kV Trafo Puerto Plata 2,ElmTr2,16,,,,0
P05,WNAG2E_WNAG2F-T1,138/69 kV Transformador Nagua 2,ElmTr2,14,,,,0
P05,WLANGE_WLANGK-T1,138/13.8 Transformador López Angostura,ElmTr2,0,,,,0
P05,WFALCE_WFALCK-T1,138/34.5 kV Transformador FALCONDO,ElmTr2,5,,,,1
P05,WTAVBE_WBAI1K-T1,12.47/0.44 kV Transfomador 1 Baiguaque,ElmTr2,-3,,,,0
P05,WTAVBE_WBAI2K-T1,34.5/12.47 kV Trafo Jánico,ElmTr2,-3,,,,0
P05,WTAVBE_WTAV2K-T1,138/13.8 kV Transformador Tavera 2,ElmTr2,2,,,,0
P05,WTAVEE_WTAV1K-T1,138/13.8 kV Transformador Tavera 1,ElmTr2,2,,,,0
P05,WFALCF_WFALCK-T1,69/34.5 kV Transformador FALCONDO,ElmTr2,3,,,,1
P05,WSAJ1E_WSAJOK-T1,138/34.5 kV Transformador PF SAJOMA,ElmTr2,0,,,,0
P05,WGUAYE_WPFM1K-T1,138/20 kV Trafo Monte Cristi Solar G1,ElmTr2,3,,,,0
P05,WGUAYE_WPFM2K-T1,138/20 kV Trafo Monte Cristi Solar G2,ElmTr2,3,,,,0
P05,WACLAE_WACLAK-T1,138/34.5 kV Transformador Agua Clara,ElmTr2,2,,,,0
P05,WGNLLE_WGNLLK-T1,138/34.5 kV Transformador Guanillo,ElmTr2,0,,,,0
P05,WSFMAE_WSFMAF-T1,138/69 kV Transformador SFM,ElmTr2,16,,,,0
P05,WLGUZE_WLGUZK-T1,138/34.5 kV Trafo Los Guzmancito,ElmTr2,0,,,,0
P05,WLGUZE_WLGU2K-T1,138/34.5 kV Trafo 2 Guzmancito,ElmTr2,0,,,,0
P05,WMAT1E_WXMATK-T1,138/34.5 kV Transformador MATRISOL,ElmTr2,10,,,,0
P05,WESP1E_WXPS1K-T1,138/34.5 kV Transformador PS Esperanza,ElmTr2,-2,,,,0
P05,WPIMEE_WXPI4K-T1,138/13.8 kV Pimentel 4 T1,ElmTr2,0,,,,0
P05,WTAV2E_WTAVEK-T1,138/34.5 kV Tavera T1,ElmTr2,0,,,,0
P05,WLTOBF_WLTO1K-T1,69/6.9 kV Transformador Los Toros,ElmTr2,0,,,,0
P05,WSYEGF_WSYEGK-T1,69/13.8 kV Transformador Sabana Yegua,ElmTr2,1,,,,0
P05,WSABAF_WSABAK-T1,69/12.5 kV Transformador Sabaneta,ElmTr2,1,,,,0
P05,WMAGUF_WMAGUK-T1,69/22 kV Transformador Magueyal,ElmTr2,0,,,,0
P05,WLDAMF_WLDAMK-T1,69/12.5 kV Transformador Las Damas,ElmTr2,-1,,,,0
P05,WDRODK_WDRODL-T1,12.47/4.16 kV Trafo Domingo Rodríguez,ElmTr2,0,,,,0
P05,WDRODF_WDRODK-T1,69/12.47 kV Trafo Domingo Rodríguez,ElmTr2,0,,,,0
P05,WSCANF_WSCANK-T1,69/34.5 kV Transformador Canoa Solar,ElmTr2,-1,,,,0
P05,WYAGUF_WXNNAK-T1,69/12.47 kV Nizao-Najayo T1,ElmTr2,0,,,,0
P05,WPIZDF_WXLANK-T1,69/12.47 kV Pizarrete Distribución T1,ElmTr2,0,,,,0
P05,WLUCIF_WXLUCK-T1,69/34.5 kV PF Lucila T1,ElmTr2,2,,,,0
P05,WKQAZE_WKQAZF-T1,138/69 kV Transformador km 15 de Azua,ElmTr2,9,,,,0
P05,WHAINE_WHAIGK-T1,138/13.8 kV Transformador Haina TG,ElmTr2,-1,,,,0
P05,WHAINE_WHAINF-T1,138/69 kV Transformador Haina,ElmTr2,8,,,,0
P05,WVALDE_WVAL2K-T1,138/13.8 kV Transformador Valdesia 2,ElmTr2,1,,,,0
P05,WVALDE_WVAL1K-T1,138/13.8 kV Transformador Valdesia 1,ElmTr2,1,,,,0
P05,WVALDE_WLBARK-T1,138/13.8 kV Transformador Las Barias,ElmTr2,7,,,,0
P05,WBCARE_WBARCK-T1,138/13.8 kV Transformado Barahona Carbón,ElmTr2,-2,,,,0
P05,WBCARE_WBCARF-T1,138/69 kV Transformador Barahona Carbón,ElmTr2,2,,,,0
P05,WJIGUE_WJIG2K-T1,138/13.8 kV Transformador Jigüey 2,ElmTr2,0,,,,0
P05,WJIGBE_WJIG1K-T1,138/13.8 kV Transformador Jigüey 1,ElmTr2,0,,,,0
P05,WAGUBE_WAGU2K-T1,138/13.8 kV Transformador Aguacate 2,ElmTr2,2,,,,0
P05,WAGUAE_WAGU1K-T1,138/13.8 kV Transformador Aguacate 1,ElmTr2,2,,,,0
P05,WMRIOE_WMRI3K-T1,138/13.8 kV Transformador Monte Río G3,ElmTr2,-2,,,,0
P05,WMRIOE_WMRI2K-T1,138/13.8 kV Transformador Monte Río G2,ElmTr2,-2,,,,0
P05,WMRIOE_WMRI1K-T1,138/13.8 kV Transformador Monte Río G1,ElmTr2,-2,,,,0
P05,WITABE_WITA1K-T1,138/13.8 kV Transformador Itabo 1,ElmTr2,-2,,,,0
P05,WITABE_WITA2K-T1,138/13.8 kV Transformador Itabo 2,ElmTr2,-2,,,,0
P05,WITAGE_WSLORK-T1,138/13.8 kV Transformador San Lorenzo,ElmTr2,-2,,,,0
P05,WLCOCE_WLCOCK-T1,138/34.5 kV Transformador 1 Los Cocos,ElmTr2,0,,,,0
P05,WLCOCE_WLCOCK-T2,138/34.5 kV Transformador 2 Los Cocos,ElmTr2,0,,,,0
P05,WLCOCE_WLCOCK-T3,138/34.5 kV Transformador 3 Los Cocos,ElmTr2,0,,,,0
P05,WLCOCE_WLCOCK-T4,138/34.5 kV Transformador 4 Los Cocos,ElmTr2,0,,,,0
P05,WPLM1E_WPLM1K-T1,138/13.8 kV Transformador Palomino 1,ElmTr2,0,,,,0
P05,WPLM2E_WPLM2K-T1,138/13.8 kV Transformador Palomino 2,ElmTr2,0,,,,0
P05,WPAK2E_WXPA1K-T1,154/11 kV Transformador 1 Powership Azua,ElmTr2,-8,,,,0
P05,WPAK2E_WXPA2K-T1,154/11 kV Transformador 2 Powership Azua,ElmTr2,-8,,,,0
P05,WPAK6E_WXPA3K-T1,154/15 kV Transformador 1 Powership Azua,ElmTr2,-6,,,,0
P05,WPALBE_WPAQ2K-T1,138/4.16 kV Transformador 1 Palenque,ElmTr2,-1,,,,0
P05,WPALBE_WPAQ2K-T2,138/4.16 kV Transformador 2 Palenque,ElmTr2,0,,,,0
P05,WCC21E_WCCA2F-T1,138/69 kV Transformado Cruce de Cabral 2,ElmTr2,7,,,,0
P05,WSJU2E_WSJU2F-T1,138/69 kV Transformador San Juan 2,ElmTr2,7,,,,0
P05,WPIZAE_WPIZAF-T1,138/69 kV Transformador 1 Pizarrete,ElmTr2,7,,,,0
P05,WMTFNE_WMTFNK-T1,138/34.5 kV Transformador Matafongo,ElmTr2,0,,,,0
P05,WBAYAE_WBAYAK-T1,138/34.5 kV Transformador Bayasol,ElmTr2,0,,,,0
P05,WGIRAE_WGIRAK-T1,138/34.5 kV Transformador 1 Girasol,ElmTr2,0,,,,0
P05,WGIRAE_WGIRAK-T2,138/34.5 kV Transformador 2 Girasol,ElmTr2,0,,,,0
P05,WSANTE_WSANTK-T1,138/34.5 kV Transformador Santanasol,ElmTr2,0,,,,0
P05,WCALAE_WXCA1K-T1,138/34.5 kV Transformador PF Calabaza 1,ElmTr2,-8,,,,0
P05,WKQA1E_WPES1K-T1,138/34.5 kV Transformador Peravia Solar,ElmTr2,11,,,,0
P05,WKQA1E_WPES2K-T1,138/34.5 kV Transformador Peravia Sola2,ElmTr2,11,,,,0
P05,WMETEE_WMETEF-T1,138/69 kV S/E Móvil ETED,ElmTr2,14,,,,0
P05,WPAK5E_WXPA4K-T1,154/11 kV Powership Azua KPS56 T1,ElmTr2,10,,,,0
P05,WAHO1E_WAHONF-T1,138/69 kV Transformador Arroyo Hondo,ElmTr2,11,,,,0
P05,WHERRE_WHNVAF-T1,138/69 kV Transformador Herrera,ElmTr2,16,,,,0
P05,WDJAOE_WDJAOF-T1,138/69 kV Transformador Dajao,ElmTr2,2,,,,0
P05,WBCHIE_WBCHIF-T1,138/69 kV Transformador Boca Chica,ElmTr2,8,,,,0
P05,WHNSAE_WHNSAF-T1,138/69 kV Transformador Hainamosa,ElmTr2,10,,,,0
P05,WVDUAE_WVDUAF-T1,138/69 kV Transformador Villa Duarte,ElmTr2,4,,,,0
P05,WLMI6E_WLMI6K-T1,138/13.8 kV Transformador Los Mina 6,ElmTr2,2,,,,0
P05,WAANDE_WAANVK-T1,138/13.8 kV Transformador AES Andrés TV,ElmTr2,2,,,,0
P05,WAANDE_WAANGK-T1,138/19 kV Transformador AES Andrés TG,ElmTr2,2,,,,0
P05,WAANDE_WXBAAK-T1,138/4.16 kV BESS AES Andrés T1,ElmTr2,0,,,,0
P05,WMETAE_WMETAK-T1,138/13.2 kV Transformador METALDOM,ElmTr2,0,,,,0
P05,WTIM2E_WTIM2F-T1,138/69 kV Transformador Timbeque 2,ElmTr2,18,,,,0
P05,WLMI5E_WLMI5K-T1,138/13.8 kV Transformador Los Mina 5,ElmTr2,2,,,,0
P05,WPALAE_WPALBF-T1,138/69 kV Transformador 1 Palamara,ElmTr2,10,,,,0
P05,WPALAE_WPALAF-T1,138/69 kV Transformador 2 Palamara,ElmTr2,5,,,,0
P05,WEMA2E_WEMA2K-T1,138/13.8 kV Transformador EDM2,ElmTr2,0,,,,0
P05,WMP2AE_WXWC2K-T1,138/34.5 kV Transformador WCSP 2,ElmTr2,0,,,,0
P05,WMP2BE_WXWC3K-T1,138/34.5 kV Transformador WCSP 3,ElmTr2,0,,,,0
P05,WLMI7E_WLMI7K-T1,138/13.8 kV Transformador Los Mina 7,ElmTr2,2,,,,0
P05,WMETRE_WMETRF-T2,138/69 kV Transformador Metropolitano 2,ElmTr2,8,,,,0
P05,WHNS1E_WLVICK-T1,138/34.5 kV Transformador La Victoria,ElmTr2,0,,,,0
P05,WMIRAE_WMIRAK-T1,138/34.5 kV Transformador Mirasol,ElmTr2,0,,,,0
P05,WSIBAE_WXSI1K-T1,138/13.8 kV Trafo SIBA Grupo 1,ElmTr2,-2,,,,0
P05,WSIBAE_WXSI2K-T1,138/13.8 kV Trafo SIBA Grupo 2,ElmTr2,-2,,,,0
P05,WSIBAE_WXSI3K-T1,138/13.8 kV Trafo SIBA Grupo 3,ElmTr2,-2,,,,0
P05,WSIBAE_WXSI4K-T1,138/13.8 kV Trafo SIBA Grupo 4,ElmTr2,-2,,,,0
P05,WSIBBE_WXSI5K-T1,138/13.8 kV Trafo SIBA Grupo 5,ElmTr2,-2,,,,0
P05,WSIBAE_WXSI6K-T1,138/13.8 kV Trafo SIBA Grupo 6,ElmTr2,-2,,,,0
P05,WLMI6E_WXSALMK-T1,138/4.16 kV SA Parque Energ. Los Mina,ElmTr2,0,,,,0
P05,WPINAF_WPIN2K-T1,69/13.8 kV Transformador Pinalito 2,ElmTr2,0,,,,0
P05,WPINAF_WPIN1K-T1,69/13.8 kV Transformador Pinalito 1,ElmTr2,0,,,,0
P05,WRBLAF_WRBL2K-T1,69/13.8 kV Transformador Río Blanco 2,ElmTr2,1,,,,0
P05,WRBLAF_WRBL1K-T1,69/13.8 kV Transformador Río Blanco 1,ElmTr2,1,,,,0
P05,WRINCF_WRINCK-T1,69/12.5 kV Transformador Rincón,ElmTr2,0,,,,0
P05,WNAGUF_WRJCRK-T1,69/4.16 kV Transformador Rosa Julia Cruz,ElmTr2,0,,,,0
P05,WCONSF_WESALK-T1,69/12.5 kV Transformador El Salto,ElmTr2,0,,,,0
P05,WGVEBF_WLVE1K-T1,69/13.8 kV Transformador La Vega Grupo 1,ElmTr2,4,,,,0
P05,WGVEGF_WLVE2K-T1,69/13.8 kV Transformador La Vega Grupo 2,ElmTr2,4,,,,0
P05,WBPERF_WAVA1K-T1,69/12.5 kV Transformador Aniana Vargas,ElmTr2,0,,,,0
P05,WJIMEF_WJIMEK-T1,69/12.5 kV Transformador Jimenoa,ElmTr2,0,,,,0
P05,WHATIF_WHATIK-T1,69/12.5 kV Transformador Hatillo 1,ElmTr2,2,,,,0
P05,WHATIF_WHAT2K-T1,69/12.5 kV Transformador Hatillo 2,ElmTr2,0,,,,0
P05,WBDERF_WBDERK-T1,69/13.8 kV Transformador Brazo Derecho,ElmTr2,0,,,,0
P05,WPDORE_WPDORF-T1,138/69 kV Trafo Playa Dorada,ElmTr2,12,,,,0
P05,WEMA3F_WEMA3K-T1,66/13.8/13.8 kV Transformador EDM3,ElmTr3,,0,0,0,0
P05,WSFELE_WSFEGK-T1,138/13.8 kV Transformador San Felipe,ElmTr3,,-1,0,0,1
P05,WMETRE_WMETRF-T1,138/69 kV Transformador Metropolitano,ElmTr3,,0,0,0,1
P06,WMPSOF_WMPSOK-T1,69/20 kV Transformador Monte Plata Solar,ElmTr2,0,,,,0
P06,WGPALF_WPAL3K-T1,69/13.8 kV Transformador Palamara Grupo3,ElmTr2,0,,,,0
P06,WGPALF_WPAL2K-T1,69/13.8 kV Transformador Palamara Grupo2,ElmTr2,0,,,,0
P06,WGPALF_WPAL1K-T1,69/13.8 kV Transformador Palamara Grupo1,ElmTr2,0,,,,0
P06,WINCAF-WINCAK-T2,69/12.5 kV INCA km 22 T2,ElmTr2,-1,,,,0
P06,WEMA3F_WEMB3K-T1,66/13.8 kV Transformador EDM3,ElmTr2,0,,,,0
P06,WMPALF_WMPALK-T1,69/34.5 kV Transformador Mata de Palma,ElmTr2,8,,,,0
P06,WMARTF_WMARTK-T1,69/34.5 kV Transformador Martí,ElmTr2,3,,,,0
P06,WHNS1F_WMARAK-T1,69/13.8 kV Transformador Maranatha,ElmTr2,0,,,,0
P06,WINCAF-WINCAK-T1,69/12.5 kV INCA km 22 T1,ElmTr2,0,,,,0
P06,WJSAUD_WJSAUE-T1,345/138 kV Transformador 1 Julio Sauri,ElmTr2,15,,,,0
P06,WJSAUD_WJSAUE-T2,345/138 kV Transformador 2 Julio Sauri,ElmTr2,15,,,,0
P06,WNARAD_WNARAE-T2,345/138 kV Transformador 2 El Naranjo,ElmTr2,7,,,,0
P06,WNARAD_WNARAE-T1,345/138 kV Transformador 1 El Naranjo,ElmTr2,7,,,,0
P06,WQU11D_WQU21K-T1,230/13.8 kV Transformador Quisqueya 2 G1,ElmTr2,0,,,,0
P06,WQU11D_WQU22K-T2,230/13.8 kV Transformador Quisqueya 2 G2,ElmTr2,0,,,,0
P06,WQU11D_WQU23K-T3,230/13.8 kV Transformador Quisqueya 2 G3,ElmTr2,0,,,,0
P06,WQUISD_WQ1SPK-T1,230/13.8 kV Transformador Q1 San Pedro,ElmTr2,0,,,,0
P06,WQU21D_WQU12K-T2,230/13.8 kV Transformador Quisqueya 1 G2,ElmTr2,0,,,,0
P06,WQU21D_WQU13K-T3,230/13.8 kV Transformador Quisqueya 1 G3,ElmTr2,0,,,,0
P06,WPVDCD_WPVD1K-T1,230/34.5 kV Transformador 1 PVDC,ElmTr2,0,,,,0
P06,WPVDCD_WPVD2K-T1,230/34.5 kV Transformador 2 PVDC,ElmTr2,0,,,,0
P06,WPCA2D_WPCA1K-T1,345/22 kV Transformador Punta Catalina 1,ElmTr2,3,,,,0
P06,WPCA2D_WPCA2K-T1,345/22 kV Transformador Punta Catalina 2,ElmTr2,3,,,,0
P06,WBON3D_WBON3C-T1,345/230 kV Transformador 2 Bonao 3,ElmTr2,19,,,,0
P06,WBON3C_WBON3E-T2,230/138 kV Transformador 2 Bonao 3,ElmTr2,11,,,,0
P06,WGUERD_WGUERE-T1,345/138 kV Transformador 1 Guerra,ElmTr2,6,,,,0
P06,WGUERD_WGUERE-T2,345/138 kV Transformador 2 Guerra,ElmTr2,6,,,,0
P06,WSESTE_WSES1K-T1,138/13.8 kV Transformador Sultana Este 1,ElmTr2,0,,,,0
P06,WSESTE_WSES2K-T1,138/13.8 kV Transformador Sultana Este 2,ElmTr2,-2,,,,1
P06,WSESTE_WSES3K-T1,138/13.8 kV Transformador Sultana Este 3,ElmTr2,-10,,,,1
P06,WLROME_WLROMF-T1,138/69 kV Transformador La Romana,ElmTr2,13,,,,0
P06,WSPM2E_WCES3K-T1,138/13.8 kV Transformador CESPM 3,ElmTr2,0,,,,0
P06,WSPM2E_WCES2K-T1,138/13.8 kV Transformador CESPM 2,ElmTr2,0,,,,0
P06,WSPM2E_WCES1K-T1,138/13.8 kV Transformador CESPM 1,ElmTr2,0,,,,0
P06,WENE4E_WXEN4K-T1,138/13.8 kV Transformador ENERGAS 4 TG,ElmTr2,0,,,,0
P06,WENE4E_WXEV4K-T1,138/13.8 kV Transformador ENERGAS 4 TV,ElmTr2,0,,,,0
P06,WCEMEE_WCEMEK-T1,138/13.8 kV Transformador CEMEX,ElmTr2,0,,,,0
P06,WCEMEE_WCEMEK-T2,138/13.8 kV Trafo 2 CEMEX 40 MVA,ElmTr2,3,,,,0
P06,WCUMAE_WXCU1K-T1,138/34.5 kV Transformador PF Cumayasa 1,ElmTr2,0,,,,0
P06,WCUMBE_WXCU2K-T1,138/34.5 kV Transformador PF Cumayasa 2,ElmTr2,0,,,,0
P06,WCUMBE_WXCU4K-T1,138/34.5 kV Transformador PF Cumayasa 4,ElmTr2,1,,,,0
P06,WLORIE_WLORIK-T1,138/12.47 kV Transformador Los Orígenes,ElmTr2,1,,,,0
P06,WSPBEE_WSPB1K-T1,138/13.8 kV Transformador SP Bio-Energy,ElmTr2,5,,,,0
P06,WSPMAE_WSPMAF-T1,138/69 kV Transformador SPM,ElmTr2,9,,,,0
P06,WHMA2E_WHMA2F-T1,138/69 kV Transformador Hato Mayor 2,ElmTr2,11,,,,0
P06,WESOCE_WESOCK-T1,138/34.5 kV Transformador PS El Soco,ElmTr2,0,,,,0
P06,WCOTOE_WCSO1K-T1,138/34.5 kV Cotoperí T1,ElmTr2,0,,,,0
P06,WCOTOE_WCSO2K-T1,138/34.5 kV Cotoperí T2,ElmTr2,0,,,,0
P06,WCOTOE_WCSO3K-T1,138/34.5 kV Cotoperí T3,ElmTr2,0,,,,0
P06,WCOAPE_WCOA1K-T1,138/34.5 kV Transformador PF Coastal T1,ElmTr2,0,,,,0
P06,WCOAPE_WCOA2K-T1,138/34.5 kV Transformador PF Coastal T2,ElmTr2,0,,,,0
P06,WZSANE_WZSANF-T1,138/69 kV Transformador ZF Santiago,ElmTr2,9,,,,0
P06,WBON2E_WBON2F-T1,138/69 kV Transformador Bonao 2,ElmTr2,12,,,,0
P06,WZMONK_WCEMOK-T1,13.8/4.16 kV Transformador CE Monción,ElmTr2,0,,,,0
P06,WMONCE_WMONCK-T2,138/13.8 kV Transformador Monción 2,ElmTr2,2,,,,0
P06,WMONCE_WMONCK-T1,138/13.8 kV Transformador Monción 1,ElmTr2,2,,,,0
P06,WMONCK_WZMONK-T1,13.8/4.16 kV Transformador Zona Monción,ElmTr2,0,,,,0
P06,WPIMEE_WPIM3K-T1,138/13.8 kV Trafo Pimentel Grupo 3,ElmTr2,1,,,,0
P06,WPIMEE_WPIM2K-T1,138/13.8 kV Trafo Pimentel Grupo 2,ElmTr2,1,,,,0
P06,WPIMEE_WPIM1K-T1,138/13.8 kV Trafo Pimentel Grupo 1,ElmTr2,1,,,,0
P06,WCANAE_WCANBF-T2,138/69 kV Transformador 2 Canabacoa,ElmTr2,15,,,,0
P06,WCANAE_WCANBF-T1,138/69 kV Transformador Canabacoa,ElmTr2,16,,,,0
P06,WPPL2E_WPPL2F-T1,138/69 kV Trafo Puerto Plata 2,ElmTr2,18,,,,0
P06,WNAG2E_WNAG2F-T1,138/69 kV Transformador Nagua 2,ElmTr2,14,,,,0
P06,WLANGE_WLANGK-T1,138/13.8 Transformador López Angostura,ElmTr2,0,,,,0
P06,WFALCE_WFALCK-T1,138/34.5 kV Transformador FALCONDO,ElmTr2,5,,,,1
P06,WTAVBE_WBAI1K-T1,12.47/0.44 kV Transfomador 1 Baiguaque,ElmTr2,-3,,,,0
P06,WTAVBE_WBAI2K-T1,34.5/12.47 kV Trafo Jánico,ElmTr2,-3,,,,0
P06,WTAVBE_WTAV2K-T1,138/13.8 kV Transformador Tavera 2,ElmTr2,2,,,,0
P06,WTAVEE_WTAV1K-T1,138/13.8 kV Transformador Tavera 1,ElmTr2,2,,,,0
P06,WFALCF_WFALCK-T1,69/34.5 kV Transformador FALCONDO,ElmTr2,3,,,,1
P06,WSAJ1E_WSAJOK-T1,138/34.5 kV Transformador PF SAJOMA,ElmTr2,0,,,,0
P06,WGUAYE_WPFM1K-T1,138/20 kV Trafo Monte Cristi Solar G1,ElmTr2,3,,,,0
P06,WGUAYE_WPFM2K-T1,138/20 kV Trafo Monte Cristi Solar G2,ElmTr2,3,,,,0
P06,WACLAE_WACLAK-T1,138/34.5 kV Transformador Agua Clara,ElmTr2,2,,,,0
P06,WGNLLE_WGNLLK-T1,138/34.5 kV Transformador Guanillo,ElmTr2,0,,,,0
P06,WSFMAE_WSFMAF-T1,138/69 kV Transformador SFM,ElmTr2,17,,,,0
P06,WLGUZE_WLGUZK-T1,138/34.5 kV Trafo Los Guzmancito,ElmTr2,0,,,,0
P06,WLGUZE_WLGU2K-T1,138/34.5 kV Trafo 2 Guzmancito,ElmTr2,0,,,,0
P06,WMAT1E_WXMATK-T1,138/34.5 kV Transformador MATRISOL,ElmTr2,10,,,,0
P06,WESP1E_WXPS1K-T1,138/34.5 kV Transformador PS Esperanza,ElmTr2,-2,,,,0
P06,WPIMEE_WXPI4K-T1,138/13.8 kV Pimentel 4 T1,ElmTr2,0,,,,0
P06,WTAV2E_WTAVEK-T1,138/34.5 kV Tavera T1,ElmTr2,0,,,,0
P06,WLTOBF_WLTO1K-T1,69/6.9 kV Transformador Los Toros,ElmTr2,0,,,,0
P06,WSYEGF_WSYEGK-T1,69/13.8 kV Transformador Sabana Yegua,ElmTr2,1,,,,0
P06,WSABAF_WSABAK-T1,69/12.5 kV Transformador Sabaneta,ElmTr2,1,,,,0
P06,WMAGUF_WMAGUK-T1,69/22 kV Transformador Magueyal,ElmTr2,0,,,,0
P06,WLDAMF_WLDAMK-T1,69/12.5 kV Transformador Las Damas,ElmTr2,-1,,,,0
P06,WDRODK_WDRODL-T1,12.47/4.16 kV Trafo Domingo Rodríguez,ElmTr2,0,,,,0
P06,WDRODF_WDRODK-T1,69/12.47 kV Trafo Domingo Rodríguez,ElmTr2,0,,,,0
P06,WSCANF_WSCANK-T1,69/34.5 kV Transformador Canoa Solar,ElmTr2,-1,,,,0
P06,WYAGUF_WXNNAK-T1,69/12.47 kV Nizao-Najayo T1,ElmTr2,0,,,,0
P06,WPIZDF_WXLANK-T1,69/12.47 kV Pizarrete Distribución T1,ElmTr2,0,,,,0
P06,WLUCIF_WXLUCK-T1,69/34.5 kV PF Lucila T1,ElmTr2,2,,,,0
P06,WKQAZE_WKQAZF-T1,138/69 kV Transformador km 15 de Azua,ElmTr2,10,,,,0
P06,WHAINE_WHAIGK-T1,138/13.8 kV Transformador Haina TG,ElmTr2,-1,,,,0
P06,WHAINE_WHAINF-T1,138/69 kV Transformador Haina,ElmTr2,8,,,,0
P06,WVALDE_WVAL2K-T1,138/13.8 kV Transformador Valdesia 2,ElmTr2,1,,,,0
P06,WVALDE_WVAL1K-T1,138/13.8 kV Transformador Valdesia 1,ElmTr2,1,,,,0
P06,WVALDE_WLBARK-T1,138/13.8 kV Transformador Las Barias,ElmTr2,7,,,,0
P06,WBCARE_WBARCK-T1,138/13.8 kV Transformado Barahona Carbón,ElmTr2,-2,,,,0
P06,WBCARE_WBCARF-T1,138/69 kV Transformador Barahona Carbón,ElmTr2,2,,,,0
P06,WJIGUE_WJIG2K-T1,138/13.8 kV Transformador Jigüey 2,ElmTr2,0,,,,0
P06,WJIGBE_WJIG1K-T1,138/13.8 kV Transformador Jigüey 1,ElmTr2,0,,,,0
P06,WAGUBE_WAGU2K-T1,138/13.8 kV Transformador Aguacate 2,ElmTr2,2,,,,0
P06,WAGUAE_WAGU1K-T1,138/13.8 kV Transformador Aguacate 1,ElmTr2,2,,,,0
P06,WMRIOE_WMRI3K-T1,138/13.8 kV Transformador Monte Río G3,ElmTr2,-2,,,,0
P06,WMRIOE_WMRI2K-T1,138/13.8 kV Transformador Monte Río G2,ElmTr2,-2,,,,0
P06,WMRIOE_WMRI1K-T1,138/13.8 kV Transformador Monte Río G1,ElmTr2,-2,,,,0
P06,WITABE_WITA1K-T1,138/13.8 kV Transformador Itabo 1,ElmTr2,-2,,,,0
P06,WITABE_WITA2K-T1,138/13.8 kV Transformador Itabo 2,ElmTr2,-2,,,,0
P06,WITAGE_WSLORK-T1,138/13.8 kV Transformador San Lorenzo,ElmTr2,-2,,,,0
P06,WLCOCE_WLCOCK-T1,138/34.5 kV Transformador 1 Los Cocos,ElmTr2,0,,,,0
P06,WLCOCE_WLCOCK-T2,138/34.5 kV Transformador 2 Los Cocos,ElmTr2,0,,,,0
P06,WLCOCE_WLCOCK-T3,138/34.5 kV Transformador 3 Los Cocos,ElmTr2,0,,,,0
P06,WLCOCE_WLCOCK-T4,138/34.5 kV Transformador 4 Los Cocos,ElmTr2,0,,,,0
P06,WPLM1E_WPLM1K-T1,138/13.8 kV Transformador Palomino 1,ElmTr2,0,,,,0
P06,WPLM2E_WPLM2K-T1,138/13.8 kV Transformador Palomino 2,ElmTr2,0,,,,0
P06,WPAK2E_WXPA1K-T1,154/11 kV Transformador 1 Powership Azua,ElmTr2,-8,,,,0
P06,WPAK2E_WXPA2K-T1,154/11 kV Transformador 2 Powership Azua,ElmTr2,-8,,,,0
P06,WPAK6E_WXPA3K-T1,154/15 kV Transformador 1 Powership Azua,ElmTr2,-6,,,,0
P06,WPALBE_WPAQ2K-T1,138/4.16 kV Transformador 1 Palenque,ElmTr2,-1,,,,0
P06,WPALBE_WPAQ2K-T2,138/4.16 kV Transformador 2 Palenque,ElmTr2,0,,,,0
P06,WCC21E_WCCA2F-T1,138/69 kV Transformado Cruce de Cabral 2,ElmTr2,5,,,,0
P06,WSJU2E_WSJU2F-T1,138/69 kV Transformador San Juan 2,ElmTr2,6,,,,0
P06,WPIZAE_WPIZAF-T1,138/69 kV Transformador 1 Pizarrete,ElmTr2,7,,,,0
P06,WMTFNE_WMTFNK-T1,138/34.5 kV Transformador Matafongo,ElmTr2,0,,,,0
P06,WBAYAE_WBAYAK-T1,138/34.5 kV Transformador Bayasol,ElmTr2,0,,,,0
P06,WGIRAE_WGIRAK-T1,138/34.5 kV Transformador 1 Girasol,ElmTr2,0,,,,0
P06,WGIRAE_WGIRAK-T2,138/34.5 kV Transformador 2 Girasol,ElmTr2,0,,,,0
P06,WSANTE_WSANTK-T1,138/34.5 kV Transformador Santanasol,ElmTr2,0,,,,0
P06,WCALAE_WXCA1K-T1,138/34.5 kV Transformador PF Calabaza 1,ElmTr2,-8,,,,0
P06,WKQA1E_WPES1K-T1,138/34.5 kV Transformador Peravia Solar,ElmTr2,11,,,,0
P06,WKQA1E_WPES2K-T1,138/34.5 kV Transformador Peravia Sola2,ElmTr2,11,,,,0
P06,WMETEE_WMETEF-T1,138/69 kV S/E Móvil ETED,ElmTr2,14,,,,0
P06,WPAK5E_WXPA4K-T1,154/11 kV Powership Azua KPS56 T1,ElmTr2,10,,,,0
P06,WAHO1E_WAHONF-T1,138/69 kV Transformador Arroyo Hondo,ElmTr2,11,,,,0
P06,WHERRE_WHNVAF-T1,138/69 kV Transformador Herrera,ElmTr2,16,,,,0
P06,WDJAOE_WDJAOF-T1,138/69 kV Transformador Dajao,ElmTr2,2,,,,0
P06,WBCHIE_WBCHIF-T1,138/69 kV Transformador Boca Chica,ElmTr2,8,,,,0
P06,WHNSAE_WHNSAF-T1,138/69 kV Transformador Hainamosa,ElmTr2,10,,,,0
P06,WVDUAE_WVDUAF-T1,138/69 kV Transformador Villa Duarte,ElmTr2,5,,,,0
P06,WLMI6E_WLMI6K-T1,138/13.8 kV Transformador Los Mina 6,ElmTr2,2,,,,0
P06,WAANDE_WAANVK-T1,138/13.8 kV Transformador AES Andrés TV,ElmTr2,2,,,,0
P06,WAANDE_WAANGK-T1,138/19 kV Transformador AES Andrés TG,ElmTr2,2,,,,0
P06,WAANDE_WXBAAK-T1,138/4.16 kV BESS AES Andrés T1,ElmTr2,0,,,,0
P06,WMETAE_WMETAK-T1,138/13.2 kV Transformador METALDOM,ElmTr2,0,,,,0
P06,WTIM2E_WTIM2F-T1,138/69 kV Transformador Timbeque 2,ElmTr2,16,,,,0
P06,WLMI5E_WLMI5K-T1,138/13.8 kV Transformador Los Mina 5,ElmTr2,2,,,,0
P06,WPALAE_WPALBF-T1,138/69 kV Transformador 1 Palamara,ElmTr2,11,,,,0
P06,WPALAE_WPALAF-T1,138/69 kV Transformador 2 Palamara,ElmTr2,5,,,,0
P06,WEMA2E_WEMA2K-T1,138/13.8 kV Transformador EDM2,ElmTr2,0,,,,0
P06,WMP2AE_WXWC2K-T1,138/34.5 kV Transformador WCSP 2,ElmTr2,0,,,,0
P06,WMP2BE_WXWC3K-T1,138/34.5 kV Transformador WCSP 3,ElmTr2,0,,,,0
P06,WLMI7E_WLMI7K-T1,138/13.8 kV Transformador Los Mina 7,ElmTr2,2,,,,0
P06,WMETRE_WMETRF-T2,138/69 kV Transformador Metropolitano 2,ElmTr2,8,,,,0
P06,WHNS1E_WLVICK-T1,138/34.5 kV Transformador La Victoria,ElmTr2,0,,,,0
P06,WMIRAE_WMIRAK-T1,138/34.5 kV Transformador Mirasol,ElmTr2,0,,,,0
P06,WSIBAE_WXSI1K-T1,138/13.8 kV Trafo SIBA Grupo 1,ElmTr2,-2,,,,0
P06,WSIBAE_WXSI2K-T1,138/13.8 kV Trafo SIBA Grupo 2,ElmTr2,-2,,,,0
P06,WSIBAE_WXSI3K-T1,138/13.8 kV Trafo SIBA Grupo 3,ElmTr2,-2,,,,0
P06,WSIBAE_WXSI4K-T1,138/13.8 kV Trafo SIBA Grupo 4,ElmTr2,-2,,,,0
P06,WSIBBE_WXSI5K-T1,138/13.8 kV Trafo SIBA Grupo 5,ElmTr2,-2,,,,0
P06,WSIBAE_WXSI6K-T1,138/13.8 kV Trafo SIBA Grupo 6,ElmTr2,-2,,,,0
P06,WLMI6E_WXSALMK-T1,138/4.16 kV SA Parque Energ. Los Mina,ElmTr2,0,,,,0
P06,WPINAF_WPIN2K-T1,69/13.8 kV Transformador Pinalito 2,ElmTr2,0,,,,0
P06,WPINAF_WPIN1K-T1,69/13.8 kV Transformador Pinalito 1,ElmTr2,0,,,,0
P06,WRBLAF_WRBL2K-T1,69/13.8 kV Transformador Río Blanco 2,ElmTr2,1,,,,0
P06,WRBLAF_WRBL1K-T1,69/13.8 kV Transformador Río Blanco 1,ElmTr2,1,,,,0
P06,WRINCF_WRINCK-T1,69/12.5 kV Transformador Rincón,ElmTr2,0,,,,0
P06,WNAGUF_WRJCRK-T1,69/4.16 kV Transformador Rosa Julia Cruz,ElmTr2,0,,,,0
P06,WCONSF_WESALK-T1,69/12.5 kV Transformador El Salto,ElmTr2,0,,,,0
P06,WGVEBF_WLVE1K-T1,69/13.8 kV Transformador La Vega Grupo 1,ElmTr2,4,,,,0
P06,WGVEGF_WLVE2K-T1,69/13.8 kV Transformador La Vega Grupo 2,ElmTr2,4,,,,0
P06,WBPERF_WAVA1K-T1,69/12.5 kV Transformador Aniana Vargas,ElmTr2,0,,,,0
P06,WJIMEF_WJIMEK-T1,69/12.5 kV Transformador Jimenoa,ElmTr2,0,,,,0
P06,WHATIF_WHATIK-T1,69/12.5 kV Transformador Hatillo 1,ElmTr2,2,,,,0
P06,WHATIF_WHAT2K-T1,69/12.5 kV Transformador Hatillo 2,ElmTr2,0,,,,0
P06,WBDERF_WBDERK-T1,69/13.8 kV Transformador Brazo Derecho,ElmTr2,0,,,,0
P06,WPDORE_WPDORF-T1,138/69 kV Trafo Playa Dorada,ElmTr2,12,,,,0
P06,WEMA3F_WEMA3K-T1,66/13.8/13.8 kV Transformador EDM3,ElmTr3,,0,0,0,0
P06,WSFELE_WSFEGK-T1,138/13.8 kV Transformador San Felipe,ElmTr3,,-1,0,0,1
P06,WMETRE_WMETRF-T1,138/69 kV Transformador Metropolitano,ElmTr3,,0,0,0,1
P07,WMPSOF_WMPSOK-T1,69/20 kV Transformador Monte Plata Solar,ElmTr2,0,,,,0
P07,WGPALF_WPAL3K-T1,69/13.8 kV Transformador Palamara Grupo3,ElmTr2,0,,,,0
P07,WGPALF_WPAL2K-T1,69/13.8 kV Transformador Palamara Grupo2,ElmTr2,0,,,,0
P07,WGPALF_WPAL1K-T1,69/13.8 kV Transformador Palamara Grupo1,ElmTr2,0,,,,0
P07,WINCAF-WINCAK-T2,69/12.5 kV INCA km 22 T2,ElmTr2,-1,,,,0
P07,WEMA3F_WEMB3K-T1,66/13.8 kV Transformador EDM3,ElmTr2,0,,,,0
P07,WMPALF_WMPALK-T1,69/34.5 kV Transformador Mata de Palma,ElmTr2,8,,,,0
P07,WMARTF_WMARTK-T1,69/34.5 kV Transformador Martí,ElmTr2,3,,,,0
P07,WHNS1F_WMARAK-T1,69/13.8 kV Transformador Maranatha,ElmTr2,0,,,,0
P07,WINCAF-WINCAK-T1,69/12.5 kV INCA km 22 T1,ElmTr2,0,,,,0
P07,WJSAUD_WJSAUE-T1,345/138 kV Transformador 1 Julio Sauri,ElmTr2,14,,,,0
P07,WJSAUD_WJSAUE-T2,345/138 kV Transformador 2 Julio Sauri,ElmTr2,14,,,,0
P07,WNARAD_WNARAE-T2,345/138 kV Transformador 2 El Naranjo,ElmTr2,8,,,,0
P07,WNARAD_WNARAE-T1,345/138 kV Transformador 1 El Naranjo,ElmTr2,8,,,,0
P07,WQU11D_WQU21K-T1,230/13.8 kV Transformador Quisqueya 2 G1,ElmTr2,0,,,,0
P07,WQU11D_WQU22K-T2,230/13.8 kV Transformador Quisqueya 2 G2,ElmTr2,0,,,,0
P07,WQU11D_WQU23K-T3,230/13.8 kV Transformador Quisqueya 2 G3,ElmTr2,0,,,,0
P07,WQUISD_WQ1SPK-T1,230/13.8 kV Transformador Q1 San Pedro,ElmTr2,0,,,,0
P07,WQU21D_WQU12K-T2,230/13.8 kV Transformador Quisqueya 1 G2,ElmTr2,0,,,,0
P07,WQU21D_WQU13K-T3,230/13.8 kV Transformador Quisqueya 1 G3,ElmTr2,0,,,,0
P07,WPVDCD_WPVD1K-T1,230/34.5 kV Transformador 1 PVDC,ElmTr2,0,,,,0
P07,WPVDCD_WPVD2K-T1,230/34.5 kV Transformador 2 PVDC,ElmTr2,0,,,,0
P07,WPCA2D_WPCA1K-T1,345/22 kV Transformador Punta Catalina 1,ElmTr2,3,,,,0
P07,WPCA2D_WPCA2K-T1,345/22 kV Transformador Punta Catalina 2,ElmTr2,3,,,,0
P07,WBON3D_WBON3C-T1,345/230 kV Transformador 2 Bonao 3,ElmTr2,19,,,,0
P07,WBON3C_WBON3E-T2,230/138 kV Transformador 2 Bonao 3,ElmTr2,15,,,,0
P07,WGUERD_WGUERE-T1,345/138 kV Transformador 1 Guerra,ElmTr2,8,,,,0
P07,WGUERD_WGUERE-T2,345/138 kV Transformador 2 Guerra,ElmTr2,8,,,,0
P07,WSESTE_WSES1K-T1,138/13.8 kV Transformador Sultana Este 1,ElmTr2,0,,,,0
P07,WSESTE_WSES2K-T1,138/13.8 kV Transformador Sultana Este 2,ElmTr2,-2,,,,1
P07,WSESTE_WSES3K-T1,138/13.8 kV Transformador Sultana Este 3,ElmTr2,-10,,,,1
P07,WLROME_WLROMF-T1,138/69 kV Transformador La Romana,ElmTr2,13,,,,0
P07,WSPM2E_WCES3K-T1,138/13.8 kV Transformador CESPM 3,ElmTr2,0,,,,0
P07,WSPM2E_WCES2K-T1,138/13.8 kV Transformador CESPM 2,ElmTr2,0,,,,0
P07,WSPM2E_WCES1K-T1,138/13.8 kV Transformador CESPM 1,ElmTr2,0,,,,0
P07,WENE4E_WXEN4K-T1,138/13.8 kV Transformador ENERGAS 4 TG,ElmTr2,0,,,,0
P07,WENE4E_WXEV4K-T1,138/13.8 kV Transformador ENERGAS 4 TV,ElmTr2,0,,,,0
P07,WCEMEE_WCEMEK-T1,138/13.8 kV Transformador CEMEX,ElmTr2,0,,,,0
P07,WCEMEE_WCEMEK-T2,138/13.8 kV Trafo 2 CEMEX 40 MVA,ElmTr2,3,,,,0
P07,WCUMAE_WXCU1K-T1,138/34.5 kV Transformador PF Cumayasa 1,ElmTr2,0,,,,0
P07,WCUMBE_WXCU2K-T1,138/34.5 kV Transformador PF Cumayasa 2,ElmTr2,0,,,,0
P07,WCUMBE_WXCU4K-T1,138/34.5 kV Transformador PF Cumayasa 4,ElmTr2,1,,,,0
P07,WLORIE_WLORIK-T1,138/12.47 kV Transformador Los Orígenes,ElmTr2,1,,,,0
P07,WSPBEE_WSPB1K-T1,138/13.8 kV Transformador SP Bio-Energy,ElmTr2,5,,,,0
P07,WSPMAE_WSPMAF-T1,138/69 kV Transformador SPM,ElmTr2,9,,,,0
P07,WHMA2E_WHMA2F-T1,138/69 kV Transformador Hato Mayor 2,ElmTr2,11,,,,0
P07,WESOCE_WESOCK-T1,138/34.5 kV Transformador PS El Soco,ElmTr2,0,,,,0
P07,WCOTOE_WCSO1K-T1,138/34.5 kV Cotoperí T1,ElmTr2,0,,,,0
P07,WCOTOE_WCSO2K-T1,138/34.5 kV Cotoperí T2,ElmTr2,0,,,,0
P07,WCOTOE_WCSO3K-T1,138/34.5 kV Cotoperí T3,ElmTr2,0,,,,0
P07,WCOAPE_WCOA1K-T1,138/34.5 kV Transformador PF Coastal T1,ElmTr2,0,,,,0
P07,WCOAPE_WCOA2K-T1,138/34.5 kV Transformador PF Coastal T2,ElmTr2,0,,,,0
P07,WZSANE_WZSANF-T1,138/69 kV Transformador ZF Santiago,ElmTr2,9,,,,0
P07,WBON2E_WBON2F-T1,138/69 kV Transformador Bonao 2,ElmTr2,12,,,,0
P07,WZMONK_WCEMOK-T1,13.8/4.16 kV Transformador CE Monción,ElmTr2,0,,,,0
P07,WMONCE_WMONCK-T2,138/13.8 kV Transformador Monción 2,ElmTr2,2,,,,0
P07,WMONCE_WMONCK-T1,138/13.8 kV Transformador Monción 1,ElmTr2,2,,,,0
P07,WMONCK_WZMONK-T1,13.8/4.16 kV Transformador Zona Monción,ElmTr2,0,,,,0
P07,WPIMEE_WPIM3K-T1,138/13.8 kV Trafo Pimentel Grupo 3,ElmTr2,1,,,,0
P07,WPIMEE_WPIM2K-T1,138/13.8 kV Trafo Pimentel Grupo 2,ElmTr2,1,,,,0
P07,WPIMEE_WPIM1K-T1,138/13.8 kV Trafo Pimentel Grupo 1,ElmTr2,1,,,,0
P07,WCANAE_WCANBF-T2,138/69 kV Transformador 2 Canabacoa,ElmTr2,16,,,,0
P07,WCANAE_WCANBF-T1,138/69 kV Transformador Canabacoa,ElmTr2,16,,,,0
P07,WPPL2E_WPPL2F-T1,138/69 kV Trafo Puerto Plata 2,ElmTr2,14,,,,0
P07,WNAG2E_WNAG2F-T1,138/69 kV Transformador Nagua 2,ElmTr2,14,,,,0
P07,WLANGE_WLANGK-T1,138/13.8 Transformador López Angostura,ElmTr2,0,,,,0
P07,WFALCE_WFALCK-T1,138/34.5 kV Transformador FALCONDO,ElmTr2,5,,,,1
P07,WTAVBE_WBAI1K-T1,12.47/0.44 kV Transfomador 1 Baiguaque,ElmTr2,-3,,,,0
P07,WTAVBE_WBAI2K-T1,34.5/12.47 kV Trafo Jánico,ElmTr2,-3,,,,0
P07,WTAVBE_WTAV2K-T1,138/13.8 kV Transformador Tavera 2,ElmTr2,2,,,,0
P07,WTAVEE_WTAV1K-T1,138/13.8 kV Transformador Tavera 1,ElmTr2,2,,,,0
P07,WFALCF_WFALCK-T1,69/34.5 kV Transformador FALCONDO,ElmTr2,3,,,,1
P07,WSAJ1E_WSAJOK-T1,138/34.5 kV Transformador PF SAJOMA,ElmTr2,0,,,,0
P07,WGUAYE_WPFM1K-T1,138/20 kV Trafo Monte Cristi Solar G1,ElmTr2,3,,,,0
P07,WGUAYE_WPFM2K-T1,138/20 kV Trafo Monte Cristi Solar G2,ElmTr2,3,,,,0
P07,WACLAE_WACLAK-T1,138/34.5 kV Transformador Agua Clara,ElmTr2,2,,,,0
P07,WGNLLE_WGNLLK-T1,138/34.5 kV Transformador Guanillo,ElmTr2,0,,,,0
P07,WSFMAE_WSFMAF-T1,138/69 kV Transformador SFM,ElmTr2,15,,,,0
P07,WLGUZE_WLGUZK-T1,138/34.5 kV Trafo Los Guzmancito,ElmTr2,0,,,,0
P07,WLGUZE_WLGU2K-T1,138/34.5 kV Trafo 2 Guzmancito,ElmTr2,0,,,,0
P07,WMAT1E_WXMATK-T1,138/34.5 kV Transformador MATRISOL,ElmTr2,10,,,,0
P07,WESP1E_WXPS1K-T1,138/34.5 kV Transformador PS Esperanza,ElmTr2,-2,,,,0
P07,WPIMEE_WXPI4K-T1,138/13.8 kV Pimentel 4 T1,ElmTr2,0,,,,0
P07,WTAV2E_WTAVEK-T1,138/34.5 kV Tavera T1,ElmTr2,0,,,,0
P07,WLTOBF_WLTO1K-T1,69/6.9 kV Transformador Los Toros,ElmTr2,0,,,,0
P07,WSYEGF_WSYEGK-T1,69/13.8 kV Transformador Sabana Yegua,ElmTr2,1,,,,0
P07,WSABAF_WSABAK-T1,69/12.5 kV Transformador Sabaneta,ElmTr2,1,,,,0
P07,WMAGUF_WMAGUK-T1,69/22 kV Transformador Magueyal,ElmTr2,0,,,,0
P07,WLDAMF_WLDAMK-T1,69/12.5 kV Transformador Las Damas,ElmTr2,-1,,,,0
P07,WDRODK_WDRODL-T1,12.47/4.16 kV Trafo Domingo Rodríguez,ElmTr2,0,,,,0
P07,WDRODF_WDRODK-T1,69/12.47 kV Trafo Domingo Rodríguez,ElmTr2,0,,,,0
P07,WSCANF_WSCANK-T1,69/34.5 kV Transformador Canoa Solar,ElmTr2,-1,,,,0
P07,WYAGUF_WXNNAK-T1,69/12.47 kV Nizao-Najayo T1,ElmTr2,0,,,,0
P07,WPIZDF_WXLANK-T1,69/12.47 kV Pizarrete Distribución T1,ElmTr2,0,,,,0
P07,WLUCIF_WXLUCK-T1,69/34.5 kV PF Lucila T1,ElmTr2,2,,,,0
P07,WKQAZE_WKQAZF-T1,138/69 kV Transformador km 15 de Azua,ElmTr2,13,,,,0
P07,WHAINE_WHAIGK-T1,138/13.8 kV Transformador Haina TG,ElmTr2,-1,,,,0
P07,WHAINE_WHAINF-T1,138/69 kV Transformador Haina,ElmTr2,8,,,,0
P07,WVALDE_WVAL2K-T1,138/13.8 kV Transformador Valdesia 2,ElmTr2,1,,,,0
P07,WVALDE_WVAL1K-T1,138/13.8 kV Transformador Valdesia 1,ElmTr2,1,,,,0
P07,WVALDE_WLBARK-T1,138/13.8 kV Transformador Las Barias,ElmTr2,7,,,,0
P07,WBCARE_WBARCK-T1,138/13.8 kV Transformado Barahona Carbón,ElmTr2,-2,,,,0
P07,WBCARE_WBCARF-T1,138/69 kV Transformador Barahona Carbón,ElmTr2,2,,,,0
P07,WJIGUE_WJIG2K-T1,138/13.8 kV Transformador Jigüey 2,ElmTr2,0,,,,0
P07,WJIGBE_WJIG1K-T1,138/13.8 kV Transformador Jigüey 1,ElmTr2,0,,,,0
P07,WAGUBE_WAGU2K-T1,138/13.8 kV Transformador Aguacate 2,ElmTr2,2,,,,0
P07,WAGUAE_WAGU1K-T1,138/13.8 kV Transformador Aguacate 1,ElmTr2,2,,,,0
P07,WMRIOE_WMRI3K-T1,138/13.8 kV Transformador Monte Río G3,ElmTr2,-2,,,,0
P07,WMRIOE_WMRI2K-T1,138/13.8 kV Transformador Monte Río G2,ElmTr2,-2,,,,0
P07,WMRIOE_WMRI1K-T1,138/13.8 kV Transformador Monte Río G1,ElmTr2,-2,,,,0
P07,WITABE_WITA1K-T1,138/13.8 kV Transformador Itabo 1,ElmTr2,-2,,,,0
P07,WITABE_WITA2K-T1,138/13.8 kV Transformador Itabo 2,ElmTr2,-2,,,,0
P07,WITAGE_WSLORK-T1,138/13.8 kV Transformador San Lorenzo,ElmTr2,-2,,,,0
P07,WLCOCE_WLCOCK-T1,138/34.5 kV Transformador 1 Los Cocos,ElmTr2,0,,,,0
P07,WLCOCE_WLCOCK-T2,138/34.5 kV Transformador 2 Los Cocos,ElmTr2,0,,,,0
P07,WLCOCE_WLCOCK-T3,138/34.5 kV Transformador 3 Los Cocos,ElmTr2,0,,,,0
P07,WLCOCE_WLCOCK-T4,138/34.5 kV Transformador 4 Los Cocos,ElmTr2,0,,,,0
P07,WPLM1E_WPLM1K-T1,138/13.8 kV Transformador Palomino 1,ElmTr2,0,,,,0
P07,WPLM2E_WPLM2K-T1,138/13.8 kV Transformador Palomino 2,ElmTr2,0,,,,0
P07,WPAK2E_WXPA1K-T1,154/11 kV Transformador 1 Powership Azua,ElmTr2,-8,,,,0
P07,WPAK2E_WXPA2K-T1,154/11 kV Transformador 2 Powership Azua,ElmTr2,-8,,,,0
P07,WPAK6E_WXPA3K-T1,154/15 kV Transformador 1 Powership Azua,ElmTr2,-6,,,,0
P07,WPALBE_WPAQ2K-T1,138/4.16 kV Transformador 1 Palenque,ElmTr2,-1,,,,0
P07,WPALBE_WPAQ2K-T2,138/4.16 kV Transformador 2 Palenque,ElmTr2,0,,,,0
P07,WCC21E_WCCA2F-T1,138/69 kV Transformado Cruce de Cabral 2,ElmTr2,8,,,,0
P07,WSJU2E_WSJU2F-T1,138/69 kV Transformador San Juan 2,ElmTr2,8,,,,0
P07,WPIZAE_WPIZAF-T1,138/69 kV Transformador 1 Pizarrete,ElmTr2,7,,,,0
P07,WMTFNE_WMTFNK-T1,138/34.5 kV Transformador Matafongo,ElmTr2,0,,,,0
P07,WBAYAE_WBAYAK-T1,138/34.5 kV Transformador Bayasol,ElmTr2,0,,,,0
P07,WGIRAE_WGIRAK-T1,138/34.5 kV Transformador 1 Girasol,ElmTr2,0,,,,0
P07,WGIRAE_WGIRAK-T2,138/34.5 kV Transformador 2 Girasol,ElmTr2,0,,,,0
P07,WSANTE_WSANTK-T1,138/34.5 kV Transformador Santanasol,ElmTr2,0,,,,0
P07,WCALAE_WXCA1K-T1,138/34.5 kV Transformador PF Calabaza 1,ElmTr2,-8,,,,0
P07,WKQA1E_WPES1K-T1,138/34.5 kV Transformador Peravia Solar,ElmTr2,11,,,,0
P07,WKQA1E_WPES2K-T1,138/34.5 kV Transformador Peravia Sola2,ElmTr2,11,,,,0
P07,WMETEE_WMETEF-T1,138/69 kV S/E Móvil ETED,ElmTr2,14,,,,0
P07,WPAK5E_WXPA4K-T1,154/11 kV Powership Azua KPS56 T1,ElmTr2,10,,,,0
P07,WAHO1E_WAHONF-T1,138/69 kV Transformador Arroyo Hondo,ElmTr2,11,,,,0
P07,WHERRE_WHNVAF-T1,138/69 kV Transformador Herrera,ElmTr2,16,,,,0
P07,WDJAOE_WDJAOF-T1,138/69 kV Transformador Dajao,ElmTr2,2,,,,0
P07,WBCHIE_WBCHIF-T1,138/69 kV Transformador Boca Chica,ElmTr2,8,,,,0
P07,WHNSAE_WHNSAF-T1,138/69 kV Transformador Hainamosa,ElmTr2,10,,,,0
P07,WVDUAE_WVDUAF-T1,138/69 kV Transformador Villa Duarte,ElmTr2,4,,,,0
P07,WLMI6E_WLMI6K-T1,138/13.8 kV Transformador Los Mina 6,ElmTr2,2,,,,0
P07,WAANDE_WAANVK-T1,138/13.8 kV Transformador AES Andrés TV,ElmTr2,2,,,,0
P07,WAANDE_WAANGK-T1,138/19 kV Transformador AES Andrés TG,ElmTr2,2,,,,0
P07,WAANDE_WXBAAK-T1,138/4.16 kV BESS AES Andrés T1,ElmTr2,0,,,,0
P07,WMETAE_WMETAK-T1,138/13.2 kV Transformador METALDOM,ElmTr2,0,,,,0
P07,WTIM2E_WTIM2F-T1,138/69 kV Transformador Timbeque 2,ElmTr2,17,,,,0
P07,WLMI5E_WLMI5K-T1,138/13.8 kV Transformador Los Mina 5,ElmTr2,2,,,,0
P07,WPALAE_WPALBF-T1,138/69 kV Transformador 1 Palamara,ElmTr2,11,,,,0
P07,WPALAE_WPALAF-T1,138/69 kV Transformador 2 Palamara,ElmTr2,5,,,,0
P07,WEMA2E_WEMA2K-T1,138/13.8 kV Transformador EDM2,ElmTr2,0,,,,0
P07,WMP2AE_WXWC2K-T1,138/34.5 kV Transformador WCSP 2,ElmTr2,0,,,,0
P07,WMP2BE_WXWC3K-T1,138/34.5 kV Transformador WCSP 3,ElmTr2,0,,,,0
P07,WLMI7E_WLMI7K-T1,138/13.8 kV Transformador Los Mina 7,ElmTr2,2,,,,0
P07,WMETRE_WMETRF-T2,138/69 kV Transformador Metropolitano 2,ElmTr2,8,,,,0
P07,WHNS1E_WLVICK-T1,138/34.5 kV Transformador La Victoria,ElmTr2,0,,,,0
P07,WMIRAE_WMIRAK-T1,138/34.5 kV Transformador Mirasol,ElmTr2,0,,,,0
P07,WSIBAE_WXSI1K-T1,138/13.8 kV Trafo SIBA Grupo 1,ElmTr2,-2,,,,0
P07,WSIBAE_WXSI2K-T1,138/13.8 kV Trafo SIBA Grupo 2,ElmTr2,-2,,,,0
P07,WSIBAE_WXSI3K-T1,138/13.8 kV Trafo SIBA Grupo 3,ElmTr2,-2,,,,0
P07,WSIBAE_WXSI4K-T1,138/13.8 kV Trafo SIBA Grupo 4,ElmTr2,-2,,,,0
P07,WSIBBE_WXSI5K-T1,138/13.8 kV Trafo SIBA Grupo 5,ElmTr2,-2,,,,0
P07,WSIBAE_WXSI6K-T1,138/13.8 kV Trafo SIBA Grupo 6,ElmTr2,-2,,,,0
P07,WLMI6E_WXSALMK-T1,138/4.16 kV SA Parque Energ. Los Mina,ElmTr2,0,,,,0
P07,WPINAF_WPIN2K-T1,69/13.8 kV Transformador Pinalito 2,ElmTr2,0,,,,0
P07,WPINAF_WPIN1K-T1,69/13.8 kV Transformador Pinalito 1,ElmTr2,0,,,,0
P07,WRBLAF_WRBL2K-T1,69/13.8 kV Transformador Río Blanco 2,ElmTr2,1,,,,0
P07,WRBLAF_WRBL1K-T1,69/13.8 kV Transformador Río Blanco 1,ElmTr2,1,,,,0
P07,WRINCF_WRINCK-T1,69/12.5 kV Transformador Rincón,ElmTr2,0,,,,0
P07,WNAGUF_WRJCRK-T1,69/4.16 kV Transformador Rosa Julia Cruz,ElmTr2,0,,,,0
P07,WCONSF_WESALK-T1,69/12.5 kV Transformador El Salto,ElmTr2,0,,,,0
P07,WGVEBF_WLVE1K-T1,69/13.8 kV Transformador La Vega Grupo 1,ElmTr2,4,,,,0
P07,WGVEGF_WLVE2K-T1,69/13.8 kV Transformador La Vega Grupo 2,ElmTr2,4,,,,0
P07,WBPERF_WAVA1K-T1,69/12.5 kV Transformador Aniana Vargas,ElmTr2,0,,,,0
P07,WJIMEF_WJIMEK-T1,69/12.5 kV Transformador Jimenoa,ElmTr2,0,,,,0
P07,WHATIF_WHATIK-T1,69/12.5 kV Transformador Hatillo 1,ElmTr2,2,,,,0
P07,WHATIF_WHAT2K-T1,69/12.5 kV Transformador Hatillo 2,ElmTr2,0,,,,0
P07,WBDERF_WBDERK-T1,69/13.8 kV Transformador Brazo Derecho,ElmTr2,0,,,,0
P07,WPDORE_WPDORF-T1,138/69 kV Trafo Playa Dorada,ElmTr2,12,,,,0
P07,WEMA3F_WEMA3K-T1,66/13.8/13.8 kV Transformador EDM3,ElmTr3,,0,0,0,0
P07,WSFELE_WSFEGK-T1,138/13.8 kV Transformador San Felipe,ElmTr3,,-1,0,0,1
P07,WMETRE_WMETRF-T1,138/69 kV Transformador Metropolitano,ElmTr3,,0,0,0,1
P08,WMPSOF_WMPSOK-T1,69/20 kV Transformador Monte Plata Solar,ElmTr2,0,,,,0
P08,WGPALF_WPAL3K-T1,69/13.8 kV Transformador Palamara Grupo3,ElmTr2,0,,,,0
P08,WGPALF_WPAL2K-T1,69/13.8 kV Transformador Palamara Grupo2,ElmTr2,0,,,,0
P08,WGPALF_WPAL1K-T1,69/13.8 kV Transformador Palamara Grupo1,ElmTr2,0,,,,0
P08,WINCAF-WINCAK-T2,69/12.5 kV INCA km 22 T2,ElmTr2,-1,,,,0
P08,WEMA3F_WEMB3K-T1,66/13.8 kV Transformador EDM3,ElmTr2,0,,,,0
P08,WMPALF_WMPALK-T1,69/34.5 kV Transformador Mata de Palma,ElmTr2,8,,,,0
P08,WMARTF_WMARTK-T1,69/34.5 kV Transformador Martí,ElmTr2,3,,,,0
P08,WHNS1F_WMARAK-T1,69/13.8 kV Transformador Maranatha,ElmTr2,0,,,,0
P08,WINCAF-WINCAK-T1,69/12.5 kV INCA km 22 T1,ElmTr2,0,,,,0
P08,WJSAUD_WJSAUE-T1,345/138 kV Transformador 1 Julio Sauri,ElmTr2,11,,,,0
P08,WJSAUD_WJSAUE-T2,345/138 kV Transformador 2 Julio Sauri,ElmTr2,11,,,,0
P08,WNARAD_WNARAE-T2,345/138 kV Transformador 2 El Naranjo,ElmTr2,8,,,,0
P08,WNARAD_WNARAE-T1,345/138 kV Transformador 1 El Naranjo,ElmTr2,8,,,,0
P08,WQU11D_WQU21K-T1,230/13.8 kV Transformador Quisqueya 2 G1,ElmTr2,0,,,,0
P08,WQU11D_WQU22K-T2,230/13.8 kV Transformador Quisqueya 2 G2,ElmTr2,0,,,,0
P08,WQU11D_WQU23K-T3,230/13.8 kV Transformador Quisqueya 2 G3,ElmTr2,0,,,,0
P08,WQUISD_WQ1SPK-T1,230/13.8 kV Transformador Q1 San Pedro,ElmTr2,0,,,,0
P08,WQU21D_WQU12K-T2,230/13.8 kV Transformador Quisqueya 1 G2,ElmTr2,0,,,,0
P08,WQU21D_WQU13K-T3,230/13.8 kV Transformador Quisqueya 1 G3,ElmTr2,0,,,,0
P08,WPVDCD_WPVD1K-T1,230/34.5 kV Transformador 1 PVDC,ElmTr2,0,,,,0
P08,WPVDCD_WPVD2K-T1,230/34.5 kV Transformador 2 PVDC,ElmTr2,0,,,,0
P08,WPCA2D_WPCA1K-T1,345/22 kV Transformador Punta Catalina 1,ElmTr2,3,,,,0
P08,WPCA2D_WPCA2K-T1,345/22 kV Transformador Punta Catalina 2,ElmTr2,3,,,,0
P08,WBON3D_WBON3C-T1,345/230 kV Transformador 2 Bonao 3,ElmTr2,19,,,,0
P08,WBON3C_WBON3E-T2,230/138 kV Transformador 2 Bonao 3,ElmTr2,14,,,,0
P08,WGUERD_WGUERE-T1,345/138 kV Transformador 1 Guerra,ElmTr2,11,,,,0
P08,WGUERD_WGUERE-T2,345/138 kV Transformador 2 Guerra,ElmTr2,11,,,,0
P08,WSESTE_WSES1K-T1,138/13.8 kV Transformador Sultana Este 1,ElmTr2,0,,,,0
P08,WSESTE_WSES2K-T1,138/13.8 kV Transformador Sultana Este 2,ElmTr2,-2,,,,1
P08,WSESTE_WSES3K-T1,138/13.8 kV Transformador Sultana Este 3,ElmTr2,-10,,,,1
P08,WLROME_WLROMF-T1,138/69 kV Transformador La Romana,ElmTr2,13,,,,0
P08,WSPM2E_WCES3K-T1,138/13.8 kV Transformador CESPM 3,ElmTr2,0,,,,0
P08,WSPM2E_WCES2K-T1,138/13.8 kV Transformador CESPM 2,ElmTr2,0,,,,0
P08,WSPM2E_WCES1K-T1,138/13.8 kV Transformador CESPM 1,ElmTr2,0,,,,0
P08,WENE4E_WXEN4K-T1,138/13.8 kV Transformador ENERGAS 4 TG,ElmTr2,0,,,,0
P08,WENE4E_WXEV4K-T1,138/13.8 kV Transformador ENERGAS 4 TV,ElmTr2,0,,,,0
P08,WCEMEE_WCEMEK-T1,138/13.8 kV Transformador CEMEX,ElmTr2,0,,,,0
P08,WCEMEE_WCEMEK-T2,138/13.8 kV Trafo 2 CEMEX 40 MVA,ElmTr2,3,,,,0
P08,WCUMAE_WXCU1K-T1,138/34.5 kV Transformador PF Cumayasa 1,ElmTr2,0,,,,0
P08,WCUMBE_WXCU2K-T1,138/34.5 kV Transformador PF Cumayasa 2,ElmTr2,0,,,,0
P08,WCUMBE_WXCU4K-T1,138/34.5 kV Transformador PF Cumayasa 4,ElmTr2,1,,,,0
P08,WLORIE_WLORIK-T1,138/12.47 kV Transformador Los Orígenes,ElmTr2,1,,,,0
P08,WSPBEE_WSPB1K-T1,138/13.8 kV Transformador SP Bio-Energy,ElmTr2,5,,,,0
P08,WSPMAE_WSPMAF-T1,138/69 kV Transformador SPM,ElmTr2,9,,,,0
P08,WHMA2E_WHMA2F-T1,138/69 kV Transformador Hato Mayor 2,ElmTr2,11,,,,0
P08,WESOCE_WESOCK-T1,138/34.5 kV Transformador PS El Soco,ElmTr2,0,,,,0
P08,WCOTOE_WCSO1K-T1,138/34.5 kV Cotoperí T1,ElmTr2,0,,,,0
P08,WCOTOE_WCSO2K-T1,138/34.5 kV Cotoperí T2,ElmTr2,0,,,,0
P08,WCOTOE_WCSO3K-T1,138/34.5 kV Cotoperí T3,ElmTr2,0,,,,0
P08,WCOAPE_WCOA1K-T1,138/34.5 kV Transformador PF Coastal T1,ElmTr2,0,,,,0
P08,WCOAPE_WCOA2K-T1,138/34.5 kV Transformador PF Coastal T2,ElmTr2,0,,,,0
P08,WZSANE_WZSANF-T1,138/69 kV Transformador ZF Santiago,ElmTr2,9,,,,0
P08,WBON2E_WBON2F-T1,138/69 kV Transformador Bonao 2,ElmTr2,12,,,,0
P08,WZMONK_WCEMOK-T1,13.8/4.16 kV Transformador CE Monción,ElmTr2,0,,,,0
P08,WMONCE_WMONCK-T2,138/13.8 kV Transformador Monción 2,ElmTr2,2,,,,0
P08,WMONCE_WMONCK-T1,138/13.8 kV Transformador Monción 1,ElmTr2,2,,,,0
P08,WMONCK_WZMONK-T1,13.8/4.16 kV Transformador Zona Monción,ElmTr2,0,,,,0
P08,WPIMEE_WPIM3K-T1,138/13.8 kV Trafo Pimentel Grupo 3,ElmTr2,1,,,,0
P08,WPIMEE_WPIM2K-T1,138/13.8 kV Trafo Pimentel Grupo 2,ElmTr2,1,,,,0
P08,WPIMEE_WPIM1K-T1,138/13.8 kV Trafo Pimentel Grupo 1,ElmTr2,1,,,,0
P08,WCANAE_WCANBF-T2,138/69 kV Transformador 2 Canabacoa,ElmTr2,14,,,,0
P08,WCANAE_WCANBF-T1,138/69 kV Transformador Canabacoa,ElmTr2,16,,,,0
P08,WPPL2E_WPPL2F-T1,138/69 kV Trafo Puerto Plata 2,ElmTr2,18,,,,0
P08,WNAG2E_WNAG2F-T1,138/69 kV Transformador Nagua 2,ElmTr2,14,,,,0
P08,WLANGE_WLANGK-T1,138/13.8 Transformador López Angostura,ElmTr2,0,,,,0
P08,WFALCE_WFALCK-T1,138/34.5 kV Transformador FALCONDO,ElmTr2,5,,,,1
P08,WTAVBE_WBAI1K-T1,12.47/0.44 kV Transfomador 1 Baiguaque,ElmTr2,-3,,,,0
P08,WTAVBE_WBAI2K-T1,34.5/12.47 kV Trafo Jánico,ElmTr2,-3,,,,0
P08,WTAVBE_WTAV2K-T1,138/13.8 kV Transformador Tavera 2,ElmTr2,2,,,,0
P08,WTAVEE_WTAV1K-T1,138/13.8 kV Transformador Tavera 1,ElmTr2,2,,,,0
P08,WFALCF_WFALCK-T1,69/34.5 kV Transformador FALCONDO,ElmTr2,3,,,,1
P08,WSAJ1E_WSAJOK-T1,138/34.5 kV Transformador PF SAJOMA,ElmTr2,0,,,,0
P08,WGUAYE_WPFM1K-T1,138/20 kV Trafo Monte Cristi Solar G1,ElmTr2,3,,,,0
P08,WGUAYE_WPFM2K-T1,138/20 kV Trafo Monte Cristi Solar G2,ElmTr2,3,,,,0
P08,WACLAE_WACLAK-T1,138/34.5 kV Transformador Agua Clara,ElmTr2,2,,,,0
P08,WGNLLE_WGNLLK-T1,138/34.5 kV Transformador Guanillo,ElmTr2,0,,,,0
P08,WSFMAE_WSFMAF-T1,138/69 kV Transformador SFM,ElmTr2,13,,,,0
P08,WLGUZE_WLGUZK-T1,138/34.5 kV Trafo Los Guzmancito,ElmTr2,0,,,,0
P08,WLGUZE_WLGU2K-T1,138/34.5 kV Trafo 2 Guzmancito,ElmTr2,0,,,,0
P08,WMAT1E_WXMATK-T1,138/34.5 kV Transformador MATRISOL,ElmTr2,10,,,,0
P08,WESP1E_WXPS1K-T1,138/34.5 kV Transformador PS Esperanza,ElmTr2,-2,,,,0
P08,WPIMEE_WXPI4K-T1,138/13.8 kV Pimentel 4 T1,ElmTr2,0,,,,0
P08,WTAV2E_WTAVEK-T1,138/34.5 kV Tavera T1,ElmTr2,0,,,,0
P08,WLTOBF_WLTO1K-T1,69/6.9 kV Transformador Los Toros,ElmTr2,0,,,,0
P08,WSYEGF_WSYEGK-T1,69/13.8 kV Transformador Sabana Yegua,ElmTr2,1,,,,0
P08,WSABAF_WSABAK-T1,69/12.5 kV Transformador Sabaneta,ElmTr2,1,,,,0
P08,WMAGUF_WMAGUK-T1,69/22 kV Transformador Magueyal,ElmTr2,0,,,,0
P08,WLDAMF_WLDAMK-T1,69/12.5 kV Transformador Las Damas,ElmTr2,-1,,,,0
P08,WDRODK_WDRODL-T1,12.47/4.16 kV Trafo Domingo Rodríguez,ElmTr2,0,,,,0
P08,WDRODF_WDRODK-T1,69/12.47 kV Trafo Domingo Rodríguez,ElmTr2,0,,,,0
P08,WSCANF_WSCANK-T1,69/34.5 kV Transformador Canoa Solar,ElmTr2,-1,,,,0
P08,WYAGUF_WXNNAK-T1,69/12.47 kV Nizao-Najayo T1,ElmTr2,0,,,,0
P08,WPIZDF_WXLANK-T1,69/12.47 kV Pizarrete Distribución T1,ElmTr2,0,,,,0
P08,WLUCIF_WXLUCK-T1,69/34.5 kV PF Lucila T1,ElmTr2,2,,,,0
P08,WKQAZE_WKQAZF-T1,138/69 kV Transformador km 15 de Azua,ElmTr2,12,,,,0
P08,WHAINE_WHAIGK-T1,138/13.8 kV Transformador Haina TG,ElmTr2,-1,,,,0
P08,WHAINE_WHAINF-T1,138/69 kV Transformador Haina,ElmTr2,8,,,,0
P08,WVALDE_WVAL2K-T1,138/13.8 kV Transformador Valdesia 2,ElmTr2,1,,,,0
P08,WVALDE_WVAL1K-T1,138/13.8 kV Transformador Valdesia 1,ElmTr2,1,,,,0
P08,WVALDE_WLBARK-T1,138/13.8 kV Transformador Las Barias,ElmTr2,7,,,,0
P08,WBCARE_WBARCK-T1,138/13.8 kV Transformado Barahona Carbón,ElmTr2,-2,,,,0
P08,WBCARE_WBCARF-T1,138/69 kV Transformador Barahona Carbón,ElmTr2,2,,,,0
P08,WJIGUE_WJIG2K-T1,138/13.8 kV Transformador Jigüey 2,ElmTr2,0,,,,0
P08,WJIGBE_WJIG1K-T1,138/13.8 kV Transformador Jigüey 1,ElmTr2,0,,,,0
P08,WAGUBE_WAGU2K-T1,138/13.8 kV Transformador Aguacate 2,ElmTr2,2,,,,0
P08,WAGUAE_WAGU1K-T1,138/13.8 kV Transformador Aguacate 1,ElmTr2,2,,,,0
P08,WMRIOE_WMRI3K-T1,138/13.8 kV Transformador Monte Río G3,ElmTr2,-2,,,,0
P08,WMRIOE_WMRI2K-T1,138/13.8 kV Transformador Monte Río G2,ElmTr2,-2,,,,0
P08,WMRIOE_WMRI1K-T1,138/13.8 kV Transformador Monte Río G1,ElmTr2,-2,,,,0
P08,WITABE_WITA1K-T1,138/13.8 kV Transformador Itabo 1,ElmTr2,-2,,,,0
P08,WITABE_WITA2K-T1,138/13.8 kV Transformador Itabo 2,ElmTr2,-2,,,,0
P08,WITAGE_WSLORK-T1,138/13.8 kV Transformador San Lorenzo,ElmTr2,-2,,,,0
P08,WLCOCE_WLCOCK-T1,138/34.5 kV Transformador 1 Los Cocos,ElmTr2,0,,,,0
P08,WLCOCE_WLCOCK-T2,138/34.5 kV Transformador 2 Los Cocos,ElmTr2,0,,,,0
P08,WLCOCE_WLCOCK-T3,138/34.5 kV Transformador 3 Los Cocos,ElmTr2,0,,,,0
P08,WLCOCE_WLCOCK-T4,138/34.5 kV Transformador 4 Los Cocos,ElmTr2,0,,,,0
P08,WPLM1E_WPLM1K-T1,138/13.8 kV Transformador Palomino 1,ElmTr2,0,,,,0
P08,WPLM2E_WPLM2K-T1,138/13.8 kV Transformador Palomino 2,ElmTr2,0,,,,0
P08,WPAK2E_WXPA1K-T1,154/11 kV Transformador 1 Powership Azua,ElmTr2,-8,,,,0
P08,WPAK2E_WXPA2K-T1,154/11 kV Transformador 2 Powership Azua,ElmTr2,-8,,,,0
P08,WPAK6E_WXPA3K-T1,154/15 kV Transformador 1 Powership Azua,ElmTr2,-6,,,,0
P08,WPALBE_WPAQ2K-T1,138/4.16 kV Transformador 1 Palenque,ElmTr2,-1,,,,0
P08,WPALBE_WPAQ2K-T2,138/4.16 kV Transformador 2 Palenque,ElmTr2,0,,,,0
P08,WCC21E_WCCA2F-T1,138/69 kV Transformado Cruce de Cabral 2,ElmTr2,8,,,,0
P08,WSJU2E_WSJU2F-T1,138/69 kV Transformador San Juan 2,ElmTr2,9,,,,0
P08,WPIZAE_WPIZAF-T1,138/69 kV Transformador 1 Pizarrete,ElmTr2,9,,,,0
P08,WMTFNE_WMTFNK-T1,138/34.5 kV Transformador Matafongo,ElmTr2,0,,,,0
P08,WBAYAE_WBAYAK-T1,138/34.5 kV Transformador Bayasol,ElmTr2,0,,,,0
P08,WGIRAE_WGIRAK-T1,138/34.5 kV Transformador 1 Girasol,ElmTr2,0,,,,0
P08,WGIRAE_WGIRAK-T2,138/34.5 kV Transformador 2 Girasol,ElmTr2,0,,,,0
P08,WSANTE_WSANTK-T1,138/34.5 kV Transformador Santanasol,ElmTr2,0,,,,0
P08,WCALAE_WXCA1K-T1,138/34.5 kV Transformador PF Calabaza 1,ElmTr2,-8,,,,0
P08,WKQA1E_WPES1K-T1,138/34.5 kV Transformador Peravia Solar,ElmTr2,11,,,,0
P08,WKQA1E_WPES2K-T1,138/34.5 kV Transformador Peravia Sola2,ElmTr2,11,,,,0
P08,WMETEE_WMETEF-T1,138/69 kV S/E Móvil ETED,ElmTr2,14,,,,0
P08,WPAK5E_WXPA4K-T1,154/11 kV Powership Azua KPS56 T1,ElmTr2,10,,,,0
P08,WAHO1E_WAHONF-T1,138/69 kV Transformador Arroyo Hondo,ElmTr2,11,,,,0
P08,WHERRE_WHNVAF-T1,138/69 kV Transformador Herrera,ElmTr2,16,,,,0
P08,WDJAOE_WDJAOF-T1,138/69 kV Transformador Dajao,ElmTr2,3,,,,0
P08,WBCHIE_WBCHIF-T1,138/69 kV Transformador Boca Chica,ElmTr2,7,,,,0
P08,WHNSAE_WHNSAF-T1,138/69 kV Transformador Hainamosa,ElmTr2,10,,,,0
P08,WVDUAE_WVDUAF-T1,138/69 kV Transformador Villa Duarte,ElmTr2,4,,,,0
P08,WLMI6E_WLMI6K-T1,138/13.8 kV Transformador Los Mina 6,ElmTr2,2,,,,0
P08,WAANDE_WAANVK-T1,138/13.8 kV Transformador AES Andrés TV,ElmTr2,2,,,,0
P08,WAANDE_WAANGK-T1,138/19 kV Transformador AES Andrés TG,ElmTr2,2,,,,0
P08,WAANDE_WXBAAK-T1,138/4.16 kV BESS AES Andrés T1,ElmTr2,0,,,,0
P08,WMETAE_WMETAK-T1,138/13.2 kV Transformador METALDOM,ElmTr2,0,,,,0
P08,WTIM2E_WTIM2F-T1,138/69 kV Transformador Timbeque 2,ElmTr2,17,,,,0
P08,WLMI5E_WLMI5K-T1,138/13.8 kV Transformador Los Mina 5,ElmTr2,2,,,,0
P08,WPALAE_WPALBF-T1,138/69 kV Transformador 1 Palamara,ElmTr2,12,,,,0
P08,WPALAE_WPALAF-T1,138/69 kV Transformador 2 Palamara,ElmTr2,6,,,,0
P08,WEMA2E_WEMA2K-T1,138/13.8 kV Transformador EDM2,ElmTr2,0,,,,0
P08,WMP2AE_WXWC2K-T1,138/34.5 kV Transformador WCSP 2,ElmTr2,0,,,,0
P08,WMP2BE_WXWC3K-T1,138/34.5 kV Transformador WCSP 3,ElmTr2,0,,,,0
P08,WLMI7E_WLMI7K-T1,138/13.8 kV Transformador Los Mina 7,ElmTr2,2,,,,0
P08,WMETRE_WMETRF-T2,138/69 kV Transformador Metropolitano 2,ElmTr2,8,,,,0
P08,WHNS1E_WLVICK-T1,138/34.5 kV Transformador La Victoria,ElmTr2,0,,,,0
P08,WMIRAE_WMIRAK-T1,138/34.5 kV Transformador Mirasol,ElmTr2,0,,,,0
P08,WSIBAE_WXSI1K-T1,138/13.8 kV Trafo SIBA Grupo 1,ElmTr2,-2,,,,0
P08,WSIBAE_WXSI2K-T1,138/13.8 kV Trafo SIBA Grupo 2,ElmTr2,-2,,,,0
P08,WSIBAE_WXSI3K-T1,138/13.8 kV Trafo SIBA Grupo 3,ElmTr2,-2,,,,0
P08,WSIBAE_WXSI4K-T1,138/13.8 kV Trafo SIBA Grupo 4,ElmTr2,-2,,,,0
P08,WSIBBE_WXSI5K-T1,138/13.8 kV Trafo SIBA Grupo 5,ElmTr2,-2,,,,0
P08,WSIBAE_WXSI6K-T1,138/13.8 kV Trafo SIBA Grupo 6,ElmTr2,-2,,,,0
P08,WLMI6E_WXSALMK-T1,138/4.16 kV SA Parque Energ. Los Mina,ElmTr2,0,,,,0
P08,WPINAF_WPIN2K-T1,69/13.8 kV Transformador Pinalito 2,ElmTr2,0,,,,0
P08,WPINAF_WPIN1K-T1,69/13.8 kV Transformador Pinalito 1,ElmTr2,0,,,,0
P08,WRBLAF_WRBL2K-T1,69/13.8 kV Transformador Río Blanco 2,ElmTr2,1,,,,0
P08,WRBLAF_WRBL1K-T1,69/13.8 kV Transformador Río Blanco 1,ElmTr2,1,,,,0
P08,WRINCF_WRINCK-T1,69/12.5 kV Transformador Rincón,ElmTr2,0,,,,0
P08,WNAGUF_WRJCRK-T1,69/4.16 kV Transformador Rosa Julia Cruz,ElmTr2,0,,,,0
P08,WCONSF_WESALK-T1,69/12.5 kV Transformador El Salto,ElmTr2,0,,,,0
P08,WGVEBF_WLVE1K-T1,69/13.8 kV Transformador La Vega Grupo 1,ElmTr2,4,,,,0
P08,WGVEGF_WLVE2K-T1,69/13.8 kV Transformador La Vega Grupo 2,ElmTr2,4,,,,0
P08,WBPERF_WAVA1K-T1,69/12.5 kV Transformador Aniana Vargas,ElmTr2,0,,,,0
P08,WJIMEF_WJIMEK-T1,69/12.5 kV Transformador Jimenoa,ElmTr2,0,,,,0
P08,WHATIF_WHATIK-T1,69/12.5 kV Transformador Hatillo 1,ElmTr2,2,,,,0
P08,WHATIF_WHAT2K-T1,69/12.5 kV Transformador Hatillo 2,ElmTr2,0,,,,0
P08,WBDERF_WBDERK-T1,69/13.8 kV Transformador Brazo Derecho,ElmTr2,0,,,,0
P08,WPDORE_WPDORF-T1,138/69 kV Trafo Playa Dorada,ElmTr2,12,,,,0
P08,WEMA3F_WEMA3K-T1,66/13.8/13.8 kV Transformador EDM3,ElmTr3,,0,0,0,0
P08,WSFELE_WSFEGK-T1,138/13.8 kV Transformador San Felipe,ElmTr3,,-1,0,0,1
P08,WMETRE_WMETRF-T1,138/69 kV Transformador Metropolitano,ElmTr3,,0,0,0,1
P09,WMPSOF_WMPSOK-T1,69/20 kV Transformador Monte Plata Solar,ElmTr2,0,,,,0
P09,WGPALF_WPAL3K-T1,69/13.8 kV Transformador Palamara Grupo3,ElmTr2,0,,,,0
P09,WGPALF_WPAL2K-T1,69/13.8 kV Transformador Palamara Grupo2,ElmTr2,0,,,,0
P09,WGPALF_WPAL1K-T1,69/13.8 kV Transformador Palamara Grupo1,ElmTr2,0,,,,0
P09,WINCAF-WINCAK-T2,69/12.5 kV INCA km 22 T2,ElmTr2,-1,,,,0
P09,WEMA3F_WEMB3K-T1,66/13.8 kV Transformador EDM3,ElmTr2,0,,,,0
P09,WMPALF_WMPALK-T1,69/34.5 kV Transformador Mata de Palma,ElmTr2,8,,,,0
P09,WMARTF_WMARTK-T1,69/34.5 kV Transformador Martí,ElmTr2,3,,,,0
P09,WHNS1F_WMARAK-T1,69/13.8 kV Transformador Maranatha,ElmTr2,0,,,,0
P09,WINCAF-WINCAK-T1,69/12.5 kV INCA km 22 T1,ElmTr2,0,,,,0
P09,WJSAUD_WJSAUE-T1,345/138 kV Transformador 1 Julio Sauri,ElmTr2,10,,,,0
P09,WJSAUD_WJSAUE-T2,345/138 kV Transformador 2 Julio Sauri,ElmTr2,10,,,,0
P09,WNARAD_WNARAE-T2,345/138 kV Transformador 2 El Naranjo,ElmTr2,7,,,,0
P09,WNARAD_WNARAE-T1,345/138 kV Transformador 1 El Naranjo,ElmTr2,7,,,,0
P09,WQU11D_WQU21K-T1,230/13.8 kV Transformador Quisqueya 2 G1,ElmTr2,0,,,,0
P09,WQU11D_WQU22K-T2,230/13.8 kV Transformador Quisqueya 2 G2,ElmTr2,0,,,,0
P09,WQU11D_WQU23K-T3,230/13.8 kV Transformador Quisqueya 2 G3,ElmTr2,0,,,,0
P09,WQUISD_WQ1SPK-T1,230/13.8 kV Transformador Q1 San Pedro,ElmTr2,0,,,,0
P09,WQU21D_WQU12K-T2,230/13.8 kV Transformador Quisqueya 1 G2,ElmTr2,0,,,,0
P09,WQU21D_WQU13K-T3,230/13.8 kV Transformador Quisqueya 1 G3,ElmTr2,0,,,,0
P09,WPVDCD_WPVD1K-T1,230/34.5 kV Transformador 1 PVDC,ElmTr2,0,,,,0
P09,WPVDCD_WPVD2K-T1,230/34.5 kV Transformador 2 PVDC,ElmTr2,0,,,,0
P09,WPCA2D_WPCA1K-T1,345/22 kV Transformador Punta Catalina 1,ElmTr2,3,,,,0
P09,WPCA2D_WPCA2K-T1,345/22 kV Transformador Punta Catalina 2,ElmTr2,3,,,,0
P09,WBON3D_WBON3C-T1,345/230 kV Transformador 2 Bonao 3,ElmTr2,22,,,,0
P09,WBON3C_WBON3E-T2,230/138 kV Transformador 2 Bonao 3,ElmTr2,10,,,,0
P09,WGUERD_WGUERE-T1,345/138 kV Transformador 1 Guerra,ElmTr2,10,,,,0
P09,WGUERD_WGUERE-T2,345/138 kV Transformador 2 Guerra,ElmTr2,10,,,,0
P09,WSESTE_WSES1K-T1,138/13.8 kV Transformador Sultana Este 1,ElmTr2,0,,,,0
P09,WSESTE_WSES2K-T1,138/13.8 kV Transformador Sultana Este 2,ElmTr2,-2,,,,1
P09,WSESTE_WSES3K-T1,138/13.8 kV Transformador Sultana Este 3,ElmTr2,-10,,,,1
P09,WLROME_WLROMF-T1,138/69 kV Transformador La Romana,ElmTr2,13,,,,0
P09,WSPM2E_WCES3K-T1,138/13.8 kV Transformador CESPM 3,ElmTr2,0,,,,0
P09,WSPM2E_WCES2K-T1,138/13.8 kV Transformador CESPM 2,ElmTr2,0,,,,0
P09,WSPM2E_WCES1K-T1,138/13.8 kV Transformador CESPM 1,ElmTr2,0,,,,0
P09,WENE4E_WXEN4K-T1,138/13.8 kV Transformador ENERGAS 4 TG,ElmTr2,0,,,,0
P09,WENE4E_WXEV4K-T1,138/13.8 kV Transformador ENERGAS 4 TV,ElmTr2,0,,,,0
P09,WCEMEE_WCEMEK-T1,138/13.8 kV Transformador CEMEX,ElmTr2,0,,,,0
P09,WCEMEE_WCEMEK-T2,138/13.8 kV Trafo 2 CEMEX 40 MVA,ElmTr2,3,,,,0
P09,WCUMAE_WXCU1K-T1,138/34.5 kV Transformador PF Cumayasa 1,ElmTr2,0,,,,0
P09,WCUMBE_WXCU2K-T1,138/34.5 kV Transformador PF Cumayasa 2,ElmTr2,0,,,,0
P09,WCUMBE_WXCU4K-T1,138/34.5 kV Transformador PF Cumayasa 4,ElmTr2,1,,,,0
P09,WLORIE_WLORIK-T1,138/12.47 kV Transformador Los Orígenes,ElmTr2,1,,,,0
P09,WSPBEE_WSPB1K-T1,138/13.8 kV Transformador SP Bio-Energy,ElmTr2,5,,,,0
P09,WSPMAE_WSPMAF-T1,138/69 kV Transformador SPM,ElmTr2,9,,,,0
P09,WHMA2E_WHMA2F-T1,138/69 kV Transformador Hato Mayor 2,ElmTr2,11,,,,0
P09,WESOCE_WESOCK-T1,138/34.5 kV Transformador PS El Soco,ElmTr2,0,,,,0
P09,WCOTOE_WCSO1K-T1,138/34.5 kV Cotoperí T1,ElmTr2,0,,,,0
P09,WCOTOE_WCSO2K-T1,138/34.5 kV Cotoperí T2,ElmTr2,0,,,,0
P09,WCOTOE_WCSO3K-T1,138/34.5 kV Cotoperí T3,ElmTr2,0,,,,0
P09,WCOAPE_WCOA1K-T1,138/34.5 kV Transformador PF Coastal T1,ElmTr2,0,,,,0
P09,WCOAPE_WCOA2K-T1,138/34.5 kV Transformador PF Coastal T2,ElmTr2,0,,,,0
P09,WZSANE_WZSANF-T1,138/69 kV Transformador ZF Santiago,ElmTr2,9,,,,0
P09,WBON2E_WBON2F-T1,138/69 kV Transformador Bonao 2,ElmTr2,12,,,,0
P09,WZMONK_WCEMOK-T1,13.8/4.16 kV Transformador CE Monción,ElmTr2,0,,,,0
P09,WMONCE_WMONCK-T2,138/13.8 kV Transformador Monción 2,ElmTr2,2,,,,0
P09,WMONCE_WMONCK-T1,138/13.8 kV Transformador Monción 1,ElmTr2,2,,,,0
P09,WMONCK_WZMONK-T1,13.8/4.16 kV Transformador Zona Monción,ElmTr2,0,,,,0
P09,WPIMEE_WPIM3K-T1,138/13.8 kV Trafo Pimentel Grupo 3,ElmTr2,1,,,,0
P09,WPIMEE_WPIM2K-T1,138/13.8 kV Trafo Pimentel Grupo 2,ElmTr2,1,,,,0
P09,WPIMEE_WPIM1K-T1,138/13.8 kV Trafo Pimentel Grupo 1,ElmTr2,1,,,,0
P09,WCANAE_WCANBF-T2,138/69 kV Transformador 2 Canabacoa,ElmTr2,14,,,,0
P09,WCANAE_WCANBF-T1,138/69 kV Transformador Canabacoa,ElmTr2,16,,,,0
P09,WPPL2E_WPPL2F-T1,138/69 kV Trafo Puerto Plata 2,ElmTr2,16,,,,0
P09,WNAG2E_WNAG2F-T1,138/69 kV Transformador Nagua 2,ElmTr2,14,,,,0
P09,WLANGE_WLANGK-T1,138/13.8 Transformador López Angostura,ElmTr2,0,,,,0
P09,WFALCE_WFALCK-T1,138/34.5 kV Transformador FALCONDO,ElmTr2,5,,,,1
P09,WTAVBE_WBAI1K-T1,12.47/0.44 kV Transfomador 1 Baiguaque,ElmTr2,-3,,,,0
P09,WTAVBE_WBAI2K-T1,34.5/12.47 kV Trafo Jánico,ElmTr2,-3,,,,0
P09,WTAVBE_WTAV2K-T1,138/13.8 kV Transformador Tavera 2,ElmTr2,2,,,,0
P09,WTAVEE_WTAV1K-T1,138/13.8 kV Transformador Tavera 1,ElmTr2,2,,,,0
P09,WFALCF_WFALCK-T1,69/34.5 kV Transformador FALCONDO,ElmTr2,3,,,,1
P09,WSAJ1E_WSAJOK-T1,138/34.5 kV Transformador PF SAJOMA,ElmTr2,0,,,,0
P09,WGUAYE_WPFM1K-T1,138/20 kV Trafo Monte Cristi Solar G1,ElmTr2,3,,,,0
P09,WGUAYE_WPFM2K-T1,138/20 kV Trafo Monte Cristi Solar G2,ElmTr2,3,,,,0
P09,WACLAE_WACLAK-T1,138/34.5 kV Transformador Agua Clara,ElmTr2,2,,,,0
P09,WGNLLE_WGNLLK-T1,138/34.5 kV Transformador Guanillo,ElmTr2,0,,,,0
P09,WSFMAE_WSFMAF-T1,138/69 kV Transformador SFM,ElmTr2,15,,,,0
P09,WLGUZE_WLGUZK-T1,138/34.5 kV Trafo Los Guzmancito,ElmTr2,0,,,,0
P09,WLGUZE_WLGU2K-T1,138/34.5 kV Trafo 2 Guzmancito,ElmTr2,0,,,,0
P09,WMAT1E_WXMATK-T1,138/34.5 kV Transformador MATRISOL,ElmTr2,10,,,,0
P09,WESP1E_WXPS1K-T1,138/34.5 kV Transformador PS Esperanza,ElmTr2,-2,,,,0
P09,WPIMEE_WXPI4K-T1,138/13.8 kV Pimentel 4 T1,ElmTr2,0,,,,0
P09,WTAV2E_WTAVEK-T1,138/34.5 kV Tavera T1,ElmTr2,0,,,,0
P09,WLTOBF_WLTO1K-T1,69/6.9 kV Transformador Los Toros,ElmTr2,0,,,,0
P09,WSYEGF_WSYEGK-T1,69/13.8 kV Transformador Sabana Yegua,ElmTr2,1,,,,0
P09,WSABAF_WSABAK-T1,69/12.5 kV Transformador Sabaneta,ElmTr2,1,,,,0
P09,WMAGUF_WMAGUK-T1,69/22 kV Transformador Magueyal,ElmTr2,0,,,,0
P09,WLDAMF_WLDAMK-T1,69/12.5 kV Transformador Las Damas,ElmTr2,-1,,,,0
P09,WDRODK_WDRODL-T1,12.47/4.16 kV Trafo Domingo Rodríguez,ElmTr2,0,,,,0
P09,WDRODF_WDRODK-T1,69/12.47 kV Trafo Domingo Rodríguez,ElmTr2,0,,,,0
P09,WSCANF_WSCANK-T1,69/34.5 kV Transformador Canoa Solar,ElmTr2,-1,,,,0
P09,WYAGUF_WXNNAK-T1,69/12.47 kV Nizao-Najayo T1,ElmTr2,0,,,,0
P09,WPIZDF_WXLANK-T1,69/12.47 kV Pizarrete Distribución T1,ElmTr2,0,,,,0
P09,WLUCIF_WXLUCK-T1,69/34.5 kV PF Lucila T1,ElmTr2,2,,,,0
P09,WKQAZE_WKQAZF-T1,138/69 kV Transformador km 15 de Azua,ElmTr2,11,,,,0
P09,WHAINE_WHAIGK-T1,138/13.8 kV Transformador Haina TG,ElmTr2,-1,,,,0
P09,WHAINE_WHAINF-T1,138/69 kV Transformador Haina,ElmTr2,8,,,,0
P09,WVALDE_WVAL2K-T1,138/13.8 kV Transformador Valdesia 2,ElmTr2,1,,,,0
P09,WVALDE_WVAL1K-T1,138/13.8 kV Transformador Valdesia 1,ElmTr2,1,,,,0
P09,WVALDE_WLBARK-T1,138/13.8 kV Transformador Las Barias,ElmTr2,7,,,,0
P09,WBCARE_WBARCK-T1,138/13.8 kV Transformado Barahona Carbón,ElmTr2,-2,,,,0
P09,WBCARE_WBCARF-T1,138/69 kV Transformador Barahona Carbón,ElmTr2,2,,,,0
P09,WJIGUE_WJIG2K-T1,138/13.8 kV Transformador Jigüey 2,ElmTr2,0,,,,0
P09,WJIGBE_WJIG1K-T1,138/13.8 kV Transformador Jigüey 1,ElmTr2,0,,,,0
P09,WAGUBE_WAGU2K-T1,138/13.8 kV Transformador Aguacate 2,ElmTr2,2,,,,0
P09,WAGUAE_WAGU1K-T1,138/13.8 kV Transformador Aguacate 1,ElmTr2,2,,,,0
P09,WMRIOE_WMRI3K-T1,138/13.8 kV Transformador Monte Río G3,ElmTr2,-2,,,,0
P09,WMRIOE_WMRI2K-T1,138/13.8 kV Transformador Monte Río G2,ElmTr2,-2,,,,0
P09,WMRIOE_WMRI1K-T1,138/13.8 kV Transformador Monte Río G1,ElmTr2,-2,,,,0
P09,WITABE_WITA1K-T1,138/13.8 kV Transformador Itabo 1,ElmTr2,-2,,,,0
P09,WITABE_WITA2K-T1,138/13.8 kV Transformador Itabo 2,ElmTr2,-2,,,,0
P09,WITAGE_WSLORK-T1,138/13.8 kV Transformador San Lorenzo,ElmTr2,-2,,,,0
P09,WLCOCE_WLCOCK-T1,138/34.5 kV Transformador 1 Los Cocos,ElmTr2,0,,,,0
P09,WLCOCE_WLCOCK-T2,138/34.5 kV Transformador 2 Los Cocos,ElmTr2,0,,,,0
P09,WLCOCE_WLCOCK-T3,138/34.5 kV Transformador 3 Los Cocos,ElmTr2,0,,,,0
P09,WLCOCE_WLCOCK-T4,138/34.5 kV Transformador 4 Los Cocos,ElmTr2,0,,,,0
P09,WPLM1E_WPLM1K-T1,138/13.8 kV Transformador Palomino 1,ElmTr2,0,,,,0
P09,WPLM2E_WPLM2K-T1,138/13.8 kV Transformador Palomino 2,ElmTr2,0,,,,0
P09,WPAK2E_WXPA1K-T1,154/11 kV Transformador 1 Powership Azua,ElmTr2,-8,,,,0
P09,WPAK2E_WXPA2K-T1,154/11 kV Transformador 2 Powership Azua,ElmTr2,-8,,,,0
P09,WPAK6E_WXPA3K-T1,154/15 kV Transformador 1 Powership Azua,ElmTr2,-6,,,,0
P09,WPALBE_WPAQ2K-T1,138/4.16 kV Transformador 1 Palenque,ElmTr2,-1,,,,0
P09,WPALBE_WPAQ2K-T2,138/4.16 kV Transformador 2 Palenque,ElmTr2,0,,,,0
P09,WCC21E_WCCA2F-T1,138/69 kV Transformado Cruce de Cabral 2,ElmTr2,7,,,,0
P09,WSJU2E_WSJU2F-T1,138/69 kV Transformador San Juan 2,ElmTr2,10,,,,0
P09,WPIZAE_WPIZAF-T1,138/69 kV Transformador 1 Pizarrete,ElmTr2,9,,,,0
P09,WMTFNE_WMTFNK-T1,138/34.5 kV Transformador Matafongo,ElmTr2,0,,,,0
P09,WBAYAE_WBAYAK-T1,138/34.5 kV Transformador Bayasol,ElmTr2,0,,,,0
P09,WGIRAE_WGIRAK-T1,138/34.5 kV Transformador 1 Girasol,ElmTr2,0,,,,0
P09,WGIRAE_WGIRAK-T2,138/34.5 kV Transformador 2 Girasol,ElmTr2,0,,,,0
P09,WSANTE_WSANTK-T1,138/34.5 kV Transformador Santanasol,ElmTr2,0,,,,0
P09,WCALAE_WXCA1K-T1,138/34.5 kV Transformador PF Calabaza 1,ElmTr2,-8,,,,0
P09,WKQA1E_WPES1K-T1,138/34.5 kV Transformador Peravia Solar,ElmTr2,11,,,,0
P09,WKQA1E_WPES2K-T1,138/34.5 kV Transformador Peravia Sola2,ElmTr2,11,,,,0
P09,WMETEE_WMETEF-T1,138/69 kV S/E Móvil ETED,ElmTr2,14,,,,0
P09,WPAK5E_WXPA4K-T1,154/11 kV Powership Azua KPS56 T1,ElmTr2,10,,,,0
P09,WAHO1E_WAHONF-T1,138/69 kV Transformador Arroyo Hondo,ElmTr2,11,,,,0
P09,WHERRE_WHNVAF-T1,138/69 kV Transformador Herrera,ElmTr2,16,,,,0
P09,WDJAOE_WDJAOF-T1,138/69 kV Transformador Dajao,ElmTr2,3,,,,0
P09,WBCHIE_WBCHIF-T1,138/69 kV Transformador Boca Chica,ElmTr2,8,,,,0
P09,WHNSAE_WHNSAF-T1,138/69 kV Transformador Hainamosa,ElmTr2,10,,,,0
P09,WVDUAE_WVDUAF-T1,138/69 kV Transformador Villa Duarte,ElmTr2,4,,,,0
P09,WLMI6E_WLMI6K-T1,138/13.8 kV Transformador Los Mina 6,ElmTr2,2,,,,0
P09,WAANDE_WAANVK-T1,138/13.8 kV Transformador AES Andrés TV,ElmTr2,2,,,,0
P09,WAANDE_WAANGK-T1,138/19 kV Transformador AES Andrés TG,ElmTr2,2,,,,0
P09,WAANDE_WXBAAK-T1,138/4.16 kV BESS AES Andrés T1,ElmTr2,0,,,,0
P09,WMETAE_WMETAK-T1,138/13.2 kV Transformador METALDOM,ElmTr2,0,,,,0
P09,WTIM2E_WTIM2F-T1,138/69 kV Transformador Timbeque 2,ElmTr2,17,,,,0
P09,WLMI5E_WLMI5K-T1,138/13.8 kV Transformador Los Mina 5,ElmTr2,2,,,,0
P09,WPALAE_WPALBF-T1,138/69 kV Transformador 1 Palamara,ElmTr2,11,,,,0
P09,WPALAE_WPALAF-T1,138/69 kV Transformador 2 Palamara,ElmTr2,7,,,,0
P09,WEMA2E_WEMA2K-T1,138/13.8 kV Transformador EDM2,ElmTr2,0,,,,0
P09,WMP2AE_WXWC2K-T1,138/34.5 kV Transformador WCSP 2,ElmTr2,0,,,,0
P09,WMP2BE_WXWC3K-T1,138/34.5 kV Transformador WCSP 3,ElmTr2,0,,,,0
P09,WLMI7E_WLMI7K-T1,138/13.8 kV Transformador Los Mina 7,ElmTr2,2,,,,0
P09,WMETRE_WMETRF-T2,138/69 kV Transformador Metropolitano 2,ElmTr2,8,,,,0
P09,WHNS1E_WLVICK-T1,138/34.5 kV Transformador La Victoria,ElmTr2,0,,,,0
P09,WMIRAE_WMIRAK-T1,138/34.5 kV Transformador Mirasol,ElmTr2,0,,,,0
P09,WSIBAE_WXSI1K-T1,138/13.8 kV Trafo SIBA Grupo 1,ElmTr2,-2,,,,0
P09,WSIBAE_WXSI2K-T1,138/13.8 kV Trafo SIBA Grupo 2,ElmTr2,-2,,,,0
P09,WSIBAE_WXSI3K-T1,138/13.8 kV Trafo SIBA Grupo 3,ElmTr2,-2,,,,0
P09,WSIBAE_WXSI4K-T1,138/13.8 kV Trafo SIBA Grupo 4,ElmTr2,-2,,,,0
P09,WSIBBE_WXSI5K-T1,138/13.8 kV Trafo SIBA Grupo 5,ElmTr2,-2,,,,0
P09,WSIBAE_WXSI6K-T1,138/13.8 kV Trafo SIBA Grupo 6,ElmTr2,-2,,,,0
P09,WLMI6E_WXSALMK-T1,138/4.16 kV SA Parque Energ. Los Mina,ElmTr2,0,,,,0
P09,WPINAF_WPIN2K-T1,69/13.8 kV Transformador Pinalito 2,ElmTr2,0,,,,0
P09,WPINAF_WPIN1K-T1,69/13.8 kV Transformador Pinalito 1,ElmTr2,0,,,,0
P09,WRBLAF_WRBL2K-T1,69/13.8 kV Transformador Río Blanco 2,ElmTr2,1,,,,0
P09,WRBLAF_WRBL1K-T1,69/13.8 kV Transformador Río Blanco 1,ElmTr2,1,,,,0
P09,WRINCF_WRINCK-T1,69/12.5 kV Transformador Rincón,ElmTr2,0,,,,0
P09,WNAGUF_WRJCRK-T1,69/4.16 kV Transformador Rosa Julia Cruz,ElmTr2,0,,,,0
P09,WCONSF_WESALK-T1,69/12.5 kV Transformador El Salto,ElmTr2,0,,,,0
P09,WGVEBF_WLVE1K-T1,69/13.8 kV Transformador La Vega Grupo 1,ElmTr2,4,,,,0
P09,WGVEGF_WLVE2K-T1,69/13.8 kV Transformador La Vega Grupo 2,ElmTr2,4,,,,0
P09,WBPERF_WAVA1K-T1,69/12.5 kV Transformador Aniana Vargas,ElmTr2,0,,,,0
P09,WJIMEF_WJIMEK-T1,69/12.5 kV Transformador Jimenoa,ElmTr2,0,,,,0
P09,WHATIF_WHATIK-T1,69/12.5 kV Transformador Hatillo 1,ElmTr2,2,,,,0
P09,WHATIF_WHAT2K-T1,69/12.5 kV Transformador Hatillo 2,ElmTr2,0,,,,0
P09,WBDERF_WBDERK-T1,69/13.8 kV Transformador Brazo Derecho,ElmTr2,0,,,,0
P09,WPDORE_WPDORF-T1,138/69 kV Trafo Playa Dorada,ElmTr2,12,,,,0
P09,WEMA3F_WEMA3K-T1,66/13.8/13.8 kV Transformador EDM3,ElmTr3,,0,0,0,0
P09,WSFELE_WSFEGK-T1,138/13.8 kV Transformador San Felipe,ElmTr3,,-1,0,0,1
P09,WMETRE_WMETRF-T1,138/69 kV Transformador Metropolitano,ElmTr3,,0,0,0,1
P10,WMPSOF_WMPSOK-T1,69/20 kV Transformador Monte Plata Solar,ElmTr2,0,,,,0
P10,WGPALF_WPAL3K-T1,69/13.8 kV Transformador Palamara Grupo3,ElmTr2,0,,,,0
P10,WGPALF_WPAL2K-T1,69/13.8 kV Transformador Palamara Grupo2,ElmTr2,0,,,,0
P10,WGPALF_WPAL1K-T1,69/13.8 kV Transformador Palamara Grupo1,ElmTr2,0,,,,0
P10,WINCAF-WINCAK-T2,69/12.5 kV INCA km 22 T2,ElmTr2,-1,,,,0
P10,WEMA3F_WEMB3K-T1,66/13.8 kV Transformador EDM3,ElmTr2,0,,,,0
P10,WMPALF_WMPALK-T1,69/34.5 kV Transformador Mata de Palma,ElmTr2,8,,,,0
P10,WMARTF_WMARTK-T1,69/34.5 kV Transformador Martí,ElmTr2,3,,,,0
P10,WHNS1F_WMARAK-T1,69/13.8 kV Transformador Maranatha,ElmTr2,0,,,,0
P10,WINCAF-WINCAK-T1,69/12.5 kV INCA km 22 T1,ElmTr2,0,,,,0
P10,WJSAUD_WJSAUE-T1,345/138 kV Transformador 1 Julio Sauri,ElmTr2,12,,,,0
P10,WJSAUD_WJSAUE-T2,345/138 kV Transformador 2 Julio Sauri,ElmTr2,9,,,,0
P10,WNARAD_WNARAE-T2,345/138 kV Transformador 2 El Naranjo,ElmTr2,8,,,,0
P10,WNARAD_WNARAE-T1,345/138 kV Transformador 1 El Naranjo,ElmTr2,8,,,,0
P10,WQU11D_WQU21K-T1,230/13.8 kV Transformador Quisqueya 2 G1,ElmTr2,0,,,,0
P10,WQU11D_WQU22K-T2,230/13.8 kV Transformador Quisqueya 2 G2,ElmTr2,0,,,,0
P10,WQU11D_WQU23K-T3,230/13.8 kV Transformador Quisqueya 2 G3,ElmTr2,0,,,,0
P10,WQUISD_WQ1SPK-T1,230/13.8 kV Transformador Q1 San Pedro,ElmTr2,0,,,,0
P10,WQU21D_WQU12K-T2,230/13.8 kV Transformador Quisqueya 1 G2,ElmTr2,0,,,,0
P10,WQU21D_WQU13K-T3,230/13.8 kV Transformador Quisqueya 1 G3,ElmTr2,0,,,,0
P10,WPVDCD_WPVD1K-T1,230/34.5 kV Transformador 1 PVDC,ElmTr2,0,,,,0
P10,WPVDCD_WPVD2K-T1,230/34.5 kV Transformador 2 PVDC,ElmTr2,0,,,,0
P10,WPCA2D_WPCA1K-T1,345/22 kV Transformador Punta Catalina 1,ElmTr2,3,,,,0
P10,WPCA2D_WPCA2K-T1,345/22 kV Transformador Punta Catalina 2,ElmTr2,3,,,,0
P10,WBON3D_WBON3C-T1,345/230 kV Transformador 2 Bonao 3,ElmTr2,22,,,,0
P10,WBON3C_WBON3E-T2,230/138 kV Transformador 2 Bonao 3,ElmTr2,9,,,,0
P10,WGUERD_WGUERE-T1,345/138 kV Transformador 1 Guerra,ElmTr2,9,,,,0
P10,WGUERD_WGUERE-T2,345/138 kV Transformador 2 Guerra,ElmTr2,9,,,,0
P10,WSESTE_WSES1K-T1,138/13.8 kV Transformador Sultana Este 1,ElmTr2,0,,,,0
P10,WSESTE_WSES2K-T1,138/13.8 kV Transformador Sultana Este 2,ElmTr2,-2,,,,1
P10,WSESTE_WSES3K-T1,138/13.8 kV Transformador Sultana Este 3,ElmTr2,-10,,,,1
P10,WLROME_WLROMF-T1,138/69 kV Transformador La Romana,ElmTr2,13,,,,0
P10,WSPM2E_WCES3K-T1,138/13.8 kV Transformador CESPM 3,ElmTr2,0,,,,0
P10,WSPM2E_WCES2K-T1,138/13.8 kV Transformador CESPM 2,ElmTr2,0,,,,0
P10,WSPM2E_WCES1K-T1,138/13.8 kV Transformador CESPM 1,ElmTr2,0,,,,0
P10,WENE4E_WXEN4K-T1,138/13.8 kV Transformador ENERGAS 4 TG,ElmTr2,0,,,,0
P10,WENE4E_WXEV4K-T1,138/13.8 kV Transformador ENERGAS 4 TV,ElmTr2,0,,,,0
P10,WCEMEE_WCEMEK-T1,138/13.8 kV Transformador CEMEX,ElmTr2,0,,,,0
P10,WCEMEE_WCEMEK-T2,138/13.8 kV Trafo 2 CEMEX 40 MVA,ElmTr2,3,,,,0
P10,WCUMAE_WXCU1K-T1,138/34.5 kV Transformador PF Cumayasa 1,ElmTr2,0,,,,0
P10,WCUMBE_WXCU2K-T1,138/34.5 kV Transformador PF Cumayasa 2,ElmTr2,0,,,,0
P10,WCUMBE_WXCU4K-T1,138/34.5 kV Transformador PF Cumayasa 4,ElmTr2,1,,,,0
P10,WLORIE_WLORIK-T1,138/12.47 kV Transformador Los Orígenes,ElmTr2,1,,,,0
P10,WSPBEE_WSPB1K-T1,138/13.8 kV Transformador SP Bio-Energy,ElmTr2,5,,,,0
P10,WSPMAE_WSPMAF-T1,138/69 kV Transformador SPM,ElmTr2,9,,,,0
P10,WHMA2E_WHMA2F-T1,138/69 kV Transformador Hato Mayor 2,ElmTr2,11,,,,0
P10,WESOCE_WESOCK-T1,138/34.5 kV Transformador PS El Soco,ElmTr2,0,,,,0
P10,WCOTOE_WCSO1K-T1,138/34.5 kV Cotoperí T1,ElmTr2,0,,,,0
P10,WCOTOE_WCSO2K-T1,138/34.5 kV Cotoperí T2,ElmTr2,0,,,,0
P10,WCOTOE_WCSO3K-T1,138/34.5 kV Cotoperí T3,ElmTr2,0,,,,0
P10,WCOAPE_WCOA1K-T1,138/34.5 kV Transformador PF Coastal T1,ElmTr2,0,,,,0
P10,WCOAPE_WCOA2K-T1,138/34.5 kV Transformador PF Coastal T2,ElmTr2,0,,,,0
P10,WZSANE_WZSANF-T1,138/69 kV Transformador ZF Santiago,ElmTr2,9,,,,0
P10,WBON2E_WBON2F-T1,138/69 kV Transformador Bonao 2,ElmTr2,12,,,,0
P10,WZMONK_WCEMOK-T1,13.8/4.16 kV Transformador CE Monción,ElmTr2,0,,,,0
P10,WMONCE_WMONCK-T2,138/13.8 kV Transformador Monción 2,ElmTr2,2,,,,0
P10,WMONCE_WMONCK-T1,138/13.8 kV Transformador Monción 1,ElmTr2,2,,,,0
P10,WMONCK_WZMONK-T1,13.8/4.16 kV Transformador Zona Monción,ElmTr2,0,,,,0
P10,WPIMEE_WPIM3K-T1,138/13.8 kV Trafo Pimentel Grupo 3,ElmTr2,1,,,,0
P10,WPIMEE_WPIM2K-T1,138/13.8 kV Trafo Pimentel Grupo 2,ElmTr2,1,,,,0
P10,WPIMEE_WPIM1K-T1,138/13.8 kV Trafo Pimentel Grupo 1,ElmTr2,1,,,,0
P10,WCANAE_WCANBF-T2,138/69 kV Transformador 2 Canabacoa,ElmTr2,13,,,,0
P10,WCANAE_WCANBF-T1,138/69 kV Transformador Canabacoa,ElmTr2,16,,,,0
P10,WPPL2E_WPPL2F-T1,138/69 kV Trafo Puerto Plata 2,ElmTr2,15,,,,0
P10,WNAG2E_WNAG2F-T1,138/69 kV Transformador Nagua 2,ElmTr2,14,,,,0
P10,WLANGE_WLANGK-T1,138/13.8 Transformador López Angostura,ElmTr2,0,,,,0
P10,WFALCE_WFALCK-T1,138/34.5 kV Transformador FALCONDO,ElmTr2,5,,,,1
P10,WTAVBE_WBAI1K-T1,12.47/0.44 kV Transfomador 1 Baiguaque,ElmTr2,-3,,,,0
P10,WTAVBE_WBAI2K-T1,34.5/12.47 kV Trafo Jánico,ElmTr2,-3,,,,0
P10,WTAVBE_WTAV2K-T1,138/13.8 kV Transformador Tavera 2,ElmTr2,2,,,,0
P10,WTAVEE_WTAV1K-T1,138/13.8 kV Transformador Tavera 1,ElmTr2,2,,,,0
P10,WFALCF_WFALCK-T1,69/34.5 kV Transformador FALCONDO,ElmTr2,3,,,,1
P10,WSAJ1E_WSAJOK-T1,138/34.5 kV Transformador PF SAJOMA,ElmTr2,0,,,,0
P10,WGUAYE_WPFM1K-T1,138/20 kV Trafo Monte Cristi Solar G1,ElmTr2,3,,,,0
P10,WGUAYE_WPFM2K-T1,138/20 kV Trafo Monte Cristi Solar G2,ElmTr2,3,,,,0
P10,WACLAE_WACLAK-T1,138/34.5 kV Transformador Agua Clara,ElmTr2,2,,,,0
P10,WGNLLE_WGNLLK-T1,138/34.5 kV Transformador Guanillo,ElmTr2,0,,,,0
P10,WSFMAE_WSFMAF-T1,138/69 kV Transformador SFM,ElmTr2,17,,,,0
P10,WLGUZE_WLGUZK-T1,138/34.5 kV Trafo Los Guzmancito,ElmTr2,0,,,,0
P10,WLGUZE_WLGU2K-T1,138/34.5 kV Trafo 2 Guzmancito,ElmTr2,0,,,,0
P10,WMAT1E_WXMATK-T1,138/34.5 kV Transformador MATRISOL,ElmTr2,10,,,,0
P10,WESP1E_WXPS1K-T1,138/34.5 kV Transformador PS Esperanza,ElmTr2,-2,,,,0
P10,WPIMEE_WXPI4K-T1,138/13.8 kV Pimentel 4 T1,ElmTr2,0,,,,0
P10,WTAV2E_WTAVEK-T1,138/34.5 kV Tavera T1,ElmTr2,0,,,,0
P10,WLTOBF_WLTO1K-T1,69/6.9 kV Transformador Los Toros,ElmTr2,0,,,,0
P10,WSYEGF_WSYEGK-T1,69/13.8 kV Transformador Sabana Yegua,ElmTr2,1,,,,0
P10,WSABAF_WSABAK-T1,69/12.5 kV Transformador Sabaneta,ElmTr2,1,,,,0
P10,WMAGUF_WMAGUK-T1,69/22 kV Transformador Magueyal,ElmTr2,0,,,,0
P10,WLDAMF_WLDAMK-T1,69/12.5 kV Transformador Las Damas,ElmTr2,-1,,,,0
P10,WDRODK_WDRODL-T1,12.47/4.16 kV Trafo Domingo Rodríguez,ElmTr2,0,,,,0
P10,WDRODF_WDRODK-T1,69/12.47 kV Trafo Domingo Rodríguez,ElmTr2,0,,,,0
P10,WSCANF_WSCANK-T1,69/34.5 kV Transformador Canoa Solar,ElmTr2,-1,,,,0
P10,WYAGUF_WXNNAK-T1,69/12.47 kV Nizao-Najayo T1,ElmTr2,0,,,,0
P10,WPIZDF_WXLANK-T1,69/12.47 kV Pizarrete Distribución T1,ElmTr2,0,,,,0
P10,WLUCIF_WXLUCK-T1,69/34.5 kV PF Lucila T1,ElmTr2,2,,,,0
P10,WKQAZE_WKQAZF-T1,138/69 kV Transformador km 15 de Azua,ElmTr2,9,,,,0
P10,WHAINE_WHAIGK-T1,138/13.8 kV Transformador Haina TG,ElmTr2,-1,,,,0
P10,WHAINE_WHAINF-T1,138/69 kV Transformador Haina,ElmTr2,8,,,,0
P10,WVALDE_WVAL2K-T1,138/13.8 kV Transformador Valdesia 2,ElmTr2,1,,,,0
P10,WVALDE_WVAL1K-T1,138/13.8 kV Transformador Valdesia 1,ElmTr2,1,,,,0
P10,WVALDE_WLBARK-T1,138/13.8 kV Transformador Las Barias,ElmTr2,7,,,,0
P10,WBCARE_WBARCK-T1,138/13.8 kV Transformado Barahona Carbón,ElmTr2,-2,,,,0
P10,WBCARE_WBCARF-T1,138/69 kV Transformador Barahona Carbón,ElmTr2,2,,,,0
P10,WJIGUE_WJIG2K-T1,138/13.8 kV Transformador Jigüey 2,ElmTr2,0,,,,0
P10,WJIGBE_WJIG1K-T1,138/13.8 kV Transformador Jigüey 1,ElmTr2,0,,,,0
P10,WAGUBE_WAGU2K-T1,138/13.8 kV Transformador Aguacate 2,ElmTr2,2,,,,0
P10,WAGUAE_WAGU1K-T1,138/13.8 kV Transformador Aguacate 1,ElmTr2,2,,,,0
P10,WMRIOE_WMRI3K-T1,138/13.8 kV Transformador Monte Río G3,ElmTr2,-2,,,,0
P10,WMRIOE_WMRI2K-T1,138/13.8 kV Transformador Monte Río G2,ElmTr2,-2,,,,0
P10,WMRIOE_WMRI1K-T1,138/13.8 kV Transformador Monte Río G1,ElmTr2,-2,,,,0
P10,WITABE_WITA1K-T1,138/13.8 kV Transformador Itabo 1,ElmTr2,-2,,,,0
P10,WITABE_WITA2K-T1,138/13.8 kV Transformador Itabo 2,ElmTr2,-2,,,,0
P10,WITAGE_WSLORK-T1,138/13.8 kV Transformador San Lorenzo,ElmTr2,-2,,,,0
P10,WLCOCE_WLCOCK-T1,138/34.5 kV Transformador 1 Los Cocos,ElmTr2,0,,,,0
P10,WLCOCE_WLCOCK-T2,138/34.5 kV Transformador 2 Los Cocos,ElmTr2,0,,,,0
P10,WLCOCE_WLCOCK-T3,138/34.5 kV Transformador 3 Los Cocos,ElmTr2,0,,,,0
P10,WLCOCE_WLCOCK-T4,138/34.5 kV Transformador 4 Los Cocos,ElmTr2,0,,,,0
P10,WPLM1E_WPLM1K-T1,138/13.8 kV Transformador Palomino 1,ElmTr2,0,,,,0
P10,WPLM2E_WPLM2K-T1,138/13.8 kV Transformador Palomino 2,ElmTr2,0,,,,0
P10,WPAK2E_WXPA1K-T1,154/11 kV Transformador 1 Powership Azua,ElmTr2,-8,,,,0
P10,WPAK2E_WXPA2K-T1,154/11 kV Transformador 2 Powership Azua,ElmTr2,-8,,,,0
P10,WPAK6E_WXPA3K-T1,154/15 kV Transformador 1 Powership Azua,ElmTr2,-6,,,,0
P10,WPALBE_WPAQ2K-T1,138/4.16 kV Transformador 1 Palenque,ElmTr2,-1,,,,0
P10,WPALBE_WPAQ2K-T2,138/4.16 kV Transformador 2 Palenque,ElmTr2,0,,,,0
P10,WCC21E_WCCA2F-T1,138/69 kV Transformado Cruce de Cabral 2,ElmTr2,7,,,,0
P10,WSJU2E_WSJU2F-T1,138/69 kV Transformador San Juan 2,ElmTr2,8,,,,0
P10,WPIZAE_WPIZAF-T1,138/69 kV Transformador 1 Pizarrete,ElmTr2,9,,,,0
P10,WMTFNE_WMTFNK-T1,138/34.5 kV Transformador Matafongo,ElmTr2,0,,,,0
P10,WBAYAE_WBAYAK-T1,138/34.5 kV Transformador Bayasol,ElmTr2,0,,,,0
P10,WGIRAE_WGIRAK-T1,138/34.5 kV Transformador 1 Girasol,ElmTr2,0,,,,0
P10,WGIRAE_WGIRAK-T2,138/34.5 kV Transformador 2 Girasol,ElmTr2,0,,,,0
P10,WSANTE_WSANTK-T1,138/34.5 kV Transformador Santanasol,ElmTr2,0,,,,0
P10,WCALAE_WXCA1K-T1,138/34.5 kV Transformador PF Calabaza 1,ElmTr2,-8,,,,0
P10,WKQA1E_WPES1K-T1,138/34.5 kV Transformador Peravia Solar,ElmTr2,11,,,,0
P10,WKQA1E_WPES2K-T1,138/34.5 kV Transformador Peravia Sola2,ElmTr2,11,,,,0
P10,WMETEE_WMETEF-T1,138/69 kV S/E Móvil ETED,ElmTr2,14,,,,0
P10,WPAK5E_WXPA4K-T1,154/11 kV Powership Azua KPS56 T1,ElmTr2,10,,,,0
P10,WAHO1E_WAHONF-T1,138/69 kV Transformador Arroyo Hondo,ElmTr2,11,,,,0
P10,WHERRE_WHNVAF-T1,138/69 kV Transformador Herrera,ElmTr2,16,,,,0
P10,WDJAOE_WDJAOF-T1,138/69 kV Transformador Dajao,ElmTr2,5,,,,0
P10,WBCHIE_WBCHIF-T1,138/69 kV Transformador Boca Chica,ElmTr2,8,,,,0
P10,WHNSAE_WHNSAF-T1,138/69 kV Transformador Hainamosa,ElmTr2,10,,,,0
P10,WVDUAE_WVDUAF-T1,138/69 kV Transformador Villa Duarte,ElmTr2,5,,,,0
P10,WLMI6E_WLMI6K-T1,138/13.8 kV Transformador Los Mina 6,ElmTr2,2,,,,0
P10,WAANDE_WAANVK-T1,138/13.8 kV Transformador AES Andrés TV,ElmTr2,2,,,,0
P10,WAANDE_WAANGK-T1,138/19 kV Transformador AES Andrés TG,ElmTr2,2,,,,0
P10,WAANDE_WXBAAK-T1,138/4.16 kV BESS AES Andrés T1,ElmTr2,0,,,,0
P10,WMETAE_WMETAK-T1,138/13.2 kV Transformador METALDOM,ElmTr2,0,,,,0
P10,WTIM2E_WTIM2F-T1,138/69 kV Transformador Timbeque 2,ElmTr2,17,,,,0
P10,WLMI5E_WLMI5K-T1,138/13.8 kV Transformador Los Mina 5,ElmTr2,2,,,,0
P10,WPALAE_WPALBF-T1,138/69 kV Transformador 1 Palamara,ElmTr2,9,,,,0
P10,WPALAE_WPALAF-T1,138/69 kV Transformador 2 Palamara,ElmTr2,6,,,,0
P10,WEMA2E_WEMA2K-T1,138/13.8 kV Transformador EDM2,ElmTr2,0,,,,0
P10,WMP2AE_WXWC2K-T1,138/34.5 kV Transformador WCSP 2,ElmTr2,0,,,,0
P10,WMP2BE_WXWC3K-T1,138/34.5 kV Transformador WCSP 3,ElmTr2,0,,,,0
P10,WLMI7E_WLMI7K-T1,138/13.8 kV Transformador Los Mina 7,ElmTr2,2,,,,0
P10,WMETRE_WMETRF-T2,138/69 kV Transformador Metropolitano 2,ElmTr2,8,,,,0
P10,WHNS1E_WLVICK-T1,138/34.5 kV Transformador La Victoria,ElmTr2,0,,,,0
P10,WMIRAE_WMIRAK-T1,138/34.5 kV Transformador Mirasol,ElmTr2,0,,,,0
P10,WSIBAE_WXSI1K-T1,138/13.8 kV Trafo SIBA Grupo 1,ElmTr2,-2,,,,0
P10,WSIBAE_WXSI2K-T1,138/13.8 kV Trafo SIBA Grupo 2,ElmTr2,-2,,,,0
P10,WSIBAE_WXSI3K-T1,138/13.8 kV Trafo SIBA Grupo 3,ElmTr2,-2,,,,0
P10,WSIBAE_WXSI4K-T1,138/13.8 kV Trafo SIBA Grupo 4,ElmTr2,-2,,,,0
P10,WSIBBE_WXSI5K-T1,138/13.8 kV Trafo SIBA Grupo 5,ElmTr2,-2,,,,0
P10,WSIBAE_WXSI6K-T1,138/13.8 kV Trafo SIBA Grupo 6,ElmTr2,-2,,,,0
P10,WLMI6E_WXSALMK-T1,138/4.16 kV SA Parque Energ. Los Mina,ElmTr2,0,,,,0
P10,WPINAF_WPIN2K-T1,69/13.8 kV Transformador Pinalito 2,ElmTr2,0,,,,0
P10,WPINAF_WPIN1K-T1,69/13.8 kV Transformador Pinalito 1,ElmTr2,0,,,,0
P10,WRBLAF_WRBL2K-T1,69/13.8 kV Transformador Río Blanco 2,ElmTr2,1,,,,0
P10,WRBLAF_WRBL1K-T1,69/13.8 kV Transformador Río Blanco 1,ElmTr2,1,,,,0
P10,WRINCF_WRINCK-T1,69/12.5 kV Transformador Rincón,ElmTr2,0,,,,0
P10,WNAGUF_WRJCRK-T1,69/4.16 kV Transformador Rosa Julia Cruz,ElmTr2,0,,,,0
P10,WCONSF_WESALK-T1,69/12.5 kV Transformador El Salto,ElmTr2,0,,,,0
P10,WGVEBF_WLVE1K-T1,69/13.8 kV Transformador La Vega Grupo 1,ElmTr2,4,,,,0
P10,WGVEGF_WLVE2K-T1,69/13.8 kV Transformador La Vega Grupo 2,ElmTr2,4,,,,0
P10,WBPERF_WAVA1K-T1,69/12.5 kV Transformador Aniana Vargas,ElmTr2,0,,,,0
P10,WJIMEF_WJIMEK-T1,69/12.5 kV Transformador Jimenoa,ElmTr2,0,,,,0
P10,WHATIF_WHATIK-T1,69/12.5 kV Transformador Hatillo 1,ElmTr2,2,,,,0
P10,WHATIF_WHAT2K-T1,69/12.5 kV Transformador Hatillo 2,ElmTr2,0,,,,0
P10,WBDERF_WBDERK-T1,69/13.8 kV Transformador Brazo Derecho,ElmTr2,0,,,,0
P10,WPDORE_WPDORF-T1,138/69 kV Trafo Playa Dorada,ElmTr2,12,,,,0
P10,WEMA3F_WEMA3K-T1,66/13.8/13.8 kV Transformador EDM3,ElmTr3,,0,0,0,0
P10,WSFELE_WSFEGK-T1,138/13.8 kV Transformador San Felipe,ElmTr3,,-1,0,0,1
P10,WMETRE_WMETRF-T1,138/69 kV Transformador Metropolitano,ElmTr3,,0,0,0,1
P11,WMPSOF_WMPSOK-T1,69/20 kV Transformador Monte Plata Solar,ElmTr2,0,,,,0
P11,WGPALF_WPAL3K-T1,69/13.8 kV Transformador Palamara Grupo3,ElmTr2,0,,,,0
P11,WGPALF_WPAL2K-T1,69/13.8 kV Transformador Palamara Grupo2,ElmTr2,0,,,,0
P11,WGPALF_WPAL1K-T1,69/13.8 kV Transformador Palamara Grupo1,ElmTr2,0,,,,0
P11,WINCAF-WINCAK-T2,69/12.5 kV INCA km 22 T2,ElmTr2,-1,,,,0
P11,WEMA3F_WEMB3K-T1,66/13.8 kV Transformador EDM3,ElmTr2,0,,,,0
P11,WMPALF_WMPALK-T1,69/34.5 kV Transformador Mata de Palma,ElmTr2,8,,,,0
P11,WMARTF_WMARTK-T1,69/34.5 kV Transformador Martí,ElmTr2,3,,,,0
P11,WHNS1F_WMARAK-T1,69/13.8 kV Transformador Maranatha,ElmTr2,0,,,,0
P11,WINCAF-WINCAK-T1,69/12.5 kV INCA km 22 T1,ElmTr2,0,,,,0
P11,WJSAUD_WJSAUE-T1,345/138 kV Transformador 1 Julio Sauri,ElmTr2,14,,,,0
P11,WJSAUD_WJSAUE-T2,345/138 kV Transformador 2 Julio Sauri,ElmTr2,9,,,,0
P11,WNARAD_WNARAE-T2,345/138 kV Transformador 2 El Naranjo,ElmTr2,7,,,,0
P11,WNARAD_WNARAE-T1,345/138 kV Transformador 1 El Naranjo,ElmTr2,7,,,,0
P11,WQU11D_WQU21K-T1,230/13.8 kV Transformador Quisqueya 2 G1,ElmTr2,0,,,,0
P11,WQU11D_WQU22K-T2,230/13.8 kV Transformador Quisqueya 2 G2,ElmTr2,0,,,,0
P11,WQU11D_WQU23K-T3,230/13.8 kV Transformador Quisqueya 2 G3,ElmTr2,0,,,,0
P11,WQUISD_WQ1SPK-T1,230/13.8 kV Transformador Q1 San Pedro,ElmTr2,0,,,,0
P11,WQU21D_WQU12K-T2,230/13.8 kV Transformador Quisqueya 1 G2,ElmTr2,0,,,,0
P11,WQU21D_WQU13K-T3,230/13.8 kV Transformador Quisqueya 1 G3,ElmTr2,0,,,,0
P11,WPVDCD_WPVD1K-T1,230/34.5 kV Transformador 1 PVDC,ElmTr2,0,,,,0
P11,WPVDCD_WPVD2K-T1,230/34.5 kV Transformador 2 PVDC,ElmTr2,0,,,,0
P11,WPCA2D_WPCA1K-T1,345/22 kV Transformador Punta Catalina 1,ElmTr2,3,,,,0
P11,WPCA2D_WPCA2K-T1,345/22 kV Transformador Punta Catalina 2,ElmTr2,3,,,,0
P11,WBON3D_WBON3C-T1,345/230 kV Transformador 2 Bonao 3,ElmTr2,22,,,,0
P11,WBON3C_WBON3E-T2,230/138 kV Transformador 2 Bonao 3,ElmTr2,7,,,,0
P11,WGUERD_WGUERE-T1,345/138 kV Transformador 1 Guerra,ElmTr2,7,,,,0
P11,WGUERD_WGUERE-T2,345/138 kV Transformador 2 Guerra,ElmTr2,7,,,,0
P11,WSESTE_WSES1K-T1,138/13.8 kV Transformador Sultana Este 1,ElmTr2,0,,,,0
P11,WSESTE_WSES2K-T1,138/13.8 kV Transformador Sultana Este 2,ElmTr2,-2,,,,1
P11,WSESTE_WSES3K-T1,138/13.8 kV Transformador Sultana Este 3,ElmTr2,-10,,,,1
P11,WLROME_WLROMF-T1,138/69 kV Transformador La Romana,ElmTr2,13,,,,0
P11,WSPM2E_WCES3K-T1,138/13.8 kV Transformador CESPM 3,ElmTr2,0,,,,0
P11,WSPM2E_WCES2K-T1,138/13.8 kV Transformador CESPM 2,ElmTr2,0,,,,0
P11,WSPM2E_WCES1K-T1,138/13.8 kV Transformador CESPM 1,ElmTr2,0,,,,0
P11,WENE4E_WXEN4K-T1,138/13.8 kV Transformador ENERGAS 4 TG,ElmTr2,0,,,,0
P11,WENE4E_WXEV4K-T1,138/13.8 kV Transformador ENERGAS 4 TV,ElmTr2,0,,,,0
P11,WCEMEE_WCEMEK-T1,138/13.8 kV Transformador CEMEX,ElmTr2,0,,,,0
P11,WCEMEE_WCEMEK-T2,138/13.8 kV Trafo 2 CEMEX 40 MVA,ElmTr2,3,,,,0
P11,WCUMAE_WXCU1K-T1,138/34.5 kV Transformador PF Cumayasa 1,ElmTr2,0,,,,0
P11,WCUMBE_WXCU2K-T1,138/34.5 kV Transformador PF Cumayasa 2,ElmTr2,0,,,,0
P11,WCUMBE_WXCU4K-T1,138/34.5 kV Transformador PF Cumayasa 4,ElmTr2,1,,,,0
P11,WLORIE_WLORIK-T1,138/12.47 kV Transformador Los Orígenes,ElmTr2,1,,,,0
P11,WSPBEE_WSPB1K-T1,138/13.8 kV Transformador SP Bio-Energy,ElmTr2,5,,,,0
P11,WSPMAE_WSPMAF-T1,138/69 kV Transformador SPM,ElmTr2,14,,,,0
P11,WHMA2E_WHMA2F-T1,138/69 kV Transformador Hato Mayor 2,ElmTr2,11,,,,0
P11,WESOCE_WESOCK-T1,138/34.5 kV Transformador PS El Soco,ElmTr2,0,,,,0
P11,WCOTOE_WCSO1K-T1,138/34.5 kV Cotoperí T1,ElmTr2,0,,,,0
P11,WCOTOE_WCSO2K-T1,138/34.5 kV Cotoperí T2,ElmTr2,0,,,,0
P11,WCOTOE_WCSO3K-T1,138/34.5 kV Cotoperí T3,ElmTr2,0,,,,0
P11,WCOAPE_WCOA1K-T1,138/34.5 kV Transformador PF Coastal T1,ElmTr2,0,,,,0
P11,WCOAPE_WCOA2K-T1,138/34.5 kV Transformador PF Coastal T2,ElmTr2,0,,,,0
P11,WZSANE_WZSANF-T1,138/69 kV Transformador ZF Santiago,ElmTr2,9,,,,0
P11,WBON2E_WBON2F-T1,138/69 kV Transformador Bonao 2,ElmTr2,12,,,,0
P11,WZMONK_WCEMOK-T1,13.8/4.16 kV Transformador CE Monción,ElmTr2,0,,,,0
P11,WMONCE_WMONCK-T2,138/13.8 kV Transformador Monción 2,ElmTr2,2,,,,0
P11,WMONCE_WMONCK-T1,138/13.8 kV Transformador Monción 1,ElmTr2,2,,,,0
P11,WMONCK_WZMONK-T1,13.8/4.16 kV Transformador Zona Monción,ElmTr2,0,,,,0
P11,WPIMEE_WPIM3K-T1,138/13.8 kV Trafo Pimentel Grupo 3,ElmTr2,1,,,,0
P11,WPIMEE_WPIM2K-T1,138/13.8 kV Trafo Pimentel Grupo 2,ElmTr2,1,,,,0
P11,WPIMEE_WPIM1K-T1,138/13.8 kV Trafo Pimentel Grupo 1,ElmTr2,1,,,,0
P11,WCANAE_WCANBF-T2,138/69 kV Transformador 2 Canabacoa,ElmTr2,13,,,,0
P11,WCANAE_WCANBF-T1,138/69 kV Transformador Canabacoa,ElmTr2,16,,,,0
P11,WPPL2E_WPPL2F-T1,138/69 kV Trafo Puerto Plata 2,ElmTr2,16,,,,0
P11,WNAG2E_WNAG2F-T1,138/69 kV Transformador Nagua 2,ElmTr2,14,,,,0
P11,WLANGE_WLANGK-T1,138/13.8 Transformador López Angostura,ElmTr2,0,,,,0
P11,WFALCE_WFALCK-T1,138/34.5 kV Transformador FALCONDO,ElmTr2,5,,,,1
P11,WTAVBE_WBAI1K-T1,12.47/0.44 kV Transfomador 1 Baiguaque,ElmTr2,-3,,,,0
P11,WTAVBE_WBAI2K-T1,34.5/12.47 kV Trafo Jánico,ElmTr2,-3,,,,0
P11,WTAVBE_WTAV2K-T1,138/13.8 kV Transformador Tavera 2,ElmTr2,2,,,,0
P11,WTAVEE_WTAV1K-T1,138/13.8 kV Transformador Tavera 1,ElmTr2,2,,,,0
P11,WFALCF_WFALCK-T1,69/34.5 kV Transformador FALCONDO,ElmTr2,3,,,,1
P11,WSAJ1E_WSAJOK-T1,138/34.5 kV Transformador PF SAJOMA,ElmTr2,0,,,,0
P11,WGUAYE_WPFM1K-T1,138/20 kV Trafo Monte Cristi Solar G1,ElmTr2,3,,,,0
P11,WGUAYE_WPFM2K-T1,138/20 kV Trafo Monte Cristi Solar G2,ElmTr2,3,,,,0
P11,WACLAE_WACLAK-T1,138/34.5 kV Transformador Agua Clara,ElmTr2,2,,,,0
P11,WGNLLE_WGNLLK-T1,138/34.5 kV Transformador Guanillo,ElmTr2,0,,,,0
P11,WSFMAE_WSFMAF-T1,138/69 kV Transformador SFM,ElmTr2,16,,,,0
P11,WLGUZE_WLGUZK-T1,138/34.5 kV Trafo Los Guzmancito,ElmTr2,0,,,,0
P11,WLGUZE_WLGU2K-T1,138/34.5 kV Trafo 2 Guzmancito,ElmTr2,0,,,,0
P11,WMAT1E_WXMATK-T1,138/34.5 kV Transformador MATRISOL,ElmTr2,10,,,,0
P11,WESP1E_WXPS1K-T1,138/34.5 kV Transformador PS Esperanza,ElmTr2,-2,,,,0
P11,WPIMEE_WXPI4K-T1,138/13.8 kV Pimentel 4 T1,ElmTr2,0,,,,0
P11,WTAV2E_WTAVEK-T1,138/34.5 kV Tavera T1,ElmTr2,0,,,,0
P11,WLTOBF_WLTO1K-T1,69/6.9 kV Transformador Los Toros,ElmTr2,0,,,,0
P11,WSYEGF_WSYEGK-T1,69/13.8 kV Transformador Sabana Yegua,ElmTr2,1,,,,0
P11,WSABAF_WSABAK-T1,69/12.5 kV Transformador Sabaneta,ElmTr2,1,,,,0
P11,WMAGUF_WMAGUK-T1,69/22 kV Transformador Magueyal,ElmTr2,0,,,,0
P11,WLDAMF_WLDAMK-T1,69/12.5 kV Transformador Las Damas,ElmTr2,-1,,,,0
P11,WDRODK_WDRODL-T1,12.47/4.16 kV Trafo Domingo Rodríguez,ElmTr2,0,,,,0
P11,WDRODF_WDRODK-T1,69/12.47 kV Trafo Domingo Rodríguez,ElmTr2,0,,,,0
P11,WSCANF_WSCANK-T1,69/34.5 kV Transformador Canoa Solar,ElmTr2,-1,,,,0
P11,WYAGUF_WXNNAK-T1,69/12.47 kV Nizao-Najayo T1,ElmTr2,0,,,,0
P11,WPIZDF_WXLANK-T1,69/12.47 kV Pizarrete Distribución T1,ElmTr2,0,,,,0
P11,WLUCIF_WXLUCK-T1,69/34.5 kV PF Lucila T1,ElmTr2,2,,,,0
P11,WKQAZE_WKQAZF-T1,138/69 kV Transformador km 15 de Azua,ElmTr2,9,,,,0
P11,WHAINE_WHAIGK-T1,138/13.8 kV Transformador Haina TG,ElmTr2,-1,,,,0
P11,WHAINE_WHAINF-T1,138/69 kV Transformador Haina,ElmTr2,8,,,,0
P11,WVALDE_WVAL2K-T1,138/13.8 kV Transformador Valdesia 2,ElmTr2,1,,,,0
P11,WVALDE_WVAL1K-T1,138/13.8 kV Transformador Valdesia 1,ElmTr2,1,,,,0
P11,WVALDE_WLBARK-T1,138/13.8 kV Transformador Las Barias,ElmTr2,7,,,,0
P11,WBCARE_WBARCK-T1,138/13.8 kV Transformado Barahona Carbón,ElmTr2,-2,,,,0
P11,WBCARE_WBCARF-T1,138/69 kV Transformador Barahona Carbón,ElmTr2,2,,,,0
P11,WJIGUE_WJIG2K-T1,138/13.8 kV Transformador Jigüey 2,ElmTr2,0,,,,0
P11,WJIGBE_WJIG1K-T1,138/13.8 kV Transformador Jigüey 1,ElmTr2,0,,,,0
P11,WAGUBE_WAGU2K-T1,138/13.8 kV Transformador Aguacate 2,ElmTr2,2,,,,0
P11,WAGUAE_WAGU1K-T1,138/13.8 kV Transformador Aguacate 1,ElmTr2,2,,,,0
P11,WMRIOE_WMRI3K-T1,138/13.8 kV Transformador Monte Río G3,ElmTr2,-2,,,,0
P11,WMRIOE_WMRI2K-T1,138/13.8 kV Transformador Monte Río G2,ElmTr2,-2,,,,0
P11,WMRIOE_WMRI1K-T1,138/13.8 kV Transformador Monte Río G1,ElmTr2,-2,,,,0
P11,WITABE_WITA1K-T1,138/13.8 kV Transformador Itabo 1,ElmTr2,-1,,,,0
P11,WITABE_WITA2K-T1,138/13.8 kV Transformador Itabo 2,ElmTr2,-2,,,,0
P11,WITAGE_WSLORK-T1,138/13.8 kV Transformador San Lorenzo,ElmTr2,-2,,,,0
P11,WLCOCE_WLCOCK-T1,138/34.5 kV Transformador 1 Los Cocos,ElmTr2,0,,,,0
P11,WLCOCE_WLCOCK-T2,138/34.5 kV Transformador 2 Los Cocos,ElmTr2,0,,,,0
P11,WLCOCE_WLCOCK-T3,138/34.5 kV Transformador 3 Los Cocos,ElmTr2,0,,,,0
P11,WLCOCE_WLCOCK-T4,138/34.5 kV Transformador 4 Los Cocos,ElmTr2,0,,,,0
P11,WPLM1E_WPLM1K-T1,138/13.8 kV Transformador Palomino 1,ElmTr2,0,,,,0
P11,WPLM2E_WPLM2K-T1,138/13.8 kV Transformador Palomino 2,ElmTr2,0,,,,0
P11,WPAK2E_WXPA1K-T1,154/11 kV Transformador 1 Powership Azua,ElmTr2,-8,,,,0
P11,WPAK2E_WXPA2K-T1,154/11 kV Transformador 2 Powership Azua,ElmTr2,-8,,,,0
P11,WPAK6E_WXPA3K-T1,154/15 kV Transformador 1 Powership Azua,ElmTr2,-6,,,,0
P11,WPALBE_WPAQ2K-T1,138/4.16 kV Transformador 1 Palenque,ElmTr2,-1,,,,0
P11,WPALBE_WPAQ2K-T2,138/4.16 kV Transformador 2 Palenque,ElmTr2,0,,,,0
P11,WCC21E_WCCA2F-T1,138/69 kV Transformado Cruce de Cabral 2,ElmTr2,7,,,,0
P11,WSJU2E_WSJU2F-T1,138/69 kV Transformador San Juan 2,ElmTr2,7,,,,0
P11,WPIZAE_WPIZAF-T1,138/69 kV Transformador 1 Pizarrete,ElmTr2,8,,,,0
P11,WMTFNE_WMTFNK-T1,138/34.5 kV Transformador Matafongo,ElmTr2,0,,,,0
P11,WBAYAE_WBAYAK-T1,138/34.5 kV Transformador Bayasol,ElmTr2,0,,,,0
P11,WGIRAE_WGIRAK-T1,138/34.5 kV Transformador 1 Girasol,ElmTr2,0,,,,0
P11,WGIRAE_WGIRAK-T2,138/34.5 kV Transformador 2 Girasol,ElmTr2,0,,,,0
P11,WSANTE_WSANTK-T1,138/34.5 kV Transformador Santanasol,ElmTr2,0,,,,0
P11,WCALAE_WXCA1K-T1,138/34.5 kV Transformador PF Calabaza 1,ElmTr2,-8,,,,0
P11,WKQA1E_WPES1K-T1,138/34.5 kV Transformador Peravia Solar,ElmTr2,11,,,,0
P11,WKQA1E_WPES2K-T1,138/34.5 kV Transformador Peravia Sola2,ElmTr2,11,,,,0
P11,WMETEE_WMETEF-T1,138/69 kV S/E Móvil ETED,ElmTr2,14,,,,0
P11,WPAK5E_WXPA4K-T1,154/11 kV Powership Azua KPS56 T1,ElmTr2,10,,,,0
P11,WAHO1E_WAHONF-T1,138/69 kV Transformador Arroyo Hondo,ElmTr2,11,,,,0
P11,WHERRE_WHNVAF-T1,138/69 kV Transformador Herrera,ElmTr2,16,,,,0
P11,WDJAOE_WDJAOF-T1,138/69 kV Transformador Dajao,ElmTr2,6,,,,0
P11,WBCHIE_WBCHIF-T1,138/69 kV Transformador Boca Chica,ElmTr2,9,,,,0
P11,WHNSAE_WHNSAF-T1,138/69 kV Transformador Hainamosa,ElmTr2,11,,,,0
P11,WVDUAE_WVDUAF-T1,138/69 kV Transformador Villa Duarte,ElmTr2,8,,,,0
P11,WLMI6E_WLMI6K-T1,138/13.8 kV Transformador Los Mina 6,ElmTr2,2,,,,0
P11,WAANDE_WAANVK-T1,138/13.8 kV Transformador AES Andrés TV,ElmTr2,2,,,,0
P11,WAANDE_WAANGK-T1,138/19 kV Transformador AES Andrés TG,ElmTr2,2,,,,0
P11,WAANDE_WXBAAK-T1,138/4.16 kV BESS AES Andrés T1,ElmTr2,0,,,,0
P11,WMETAE_WMETAK-T1,138/13.2 kV Transformador METALDOM,ElmTr2,0,,,,0
P11,WTIM2E_WTIM2F-T1,138/69 kV Transformador Timbeque 2,ElmTr2,14,,,,0
P11,WLMI5E_WLMI5K-T1,138/13.8 kV Transformador Los Mina 5,ElmTr2,2,,,,0
P11,WPALAE_WPALBF-T1,138/69 kV Transformador 1 Palamara,ElmTr2,9,,,,0
P11,WPALAE_WPALAF-T1,138/69 kV Transformador 2 Palamara,ElmTr2,5,,,,0
P11,WEMA2E_WEMA2K-T1,138/13.8 kV Transformador EDM2,ElmTr2,0,,,,0
P11,WMP2AE_WXWC2K-T1,138/34.5 kV Transformador WCSP 2,ElmTr2,0,,,,0
P11,WMP2BE_WXWC3K-T1,138/34.5 kV Transformador WCSP 3,ElmTr2,0,,,,0
P11,WLMI7E_WLMI7K-T1,138/13.8 kV Transformador Los Mina 7,ElmTr2,2,,,,0
P11,WMETRE_WMETRF-T2,138/69 kV Transformador Metropolitano 2,ElmTr2,8,,,,0
P11,WHNS1E_WLVICK-T1,138/34.5 kV Transformador La Victoria,ElmTr2,0,,,,0
P11,WMIRAE_WMIRAK-T1,138/34.5 kV Transformador Mirasol,ElmTr2,0,,,,0
P11,WSIBAE_WXSI1K-T1,138/13.8 kV Trafo SIBA Grupo 1,ElmTr2,-2,,,,0
P11,WSIBAE_WXSI2K-T1,138/13.8 kV Trafo SIBA Grupo 2,ElmTr2,-2,,,,0
P11,WSIBAE_WXSI3K-T1,138/13.8 kV Trafo SIBA Grupo 3,ElmTr2,-2,,,,0
P11,WSIBAE_WXSI4K-T1,138/13.8 kV Trafo SIBA Grupo 4,ElmTr2,-2,,,,0
P11,WSIBBE_WXSI5K-T1,138/13.8 kV Trafo SIBA Grupo 5,ElmTr2,-2,,,,0
P11,WSIBAE_WXSI6K-T1,138/13.8 kV Trafo SIBA Grupo 6,ElmTr2,-2,,,,0
P11,WLMI6E_WXSALMK-T1,138/4.16 kV SA Parque Energ. Los Mina,ElmTr2,0,,,,0
P11,WPINAF_WPIN2K-T1,69/13.8 kV Transformador Pinalito 2,ElmTr2,0,,,,0
P11,WPINAF_WPIN1K-T1,69/13.8 kV Transformador Pinalito 1,ElmTr2,0,,,,0
P11,WRBLAF_WRBL2K-T1,69/13.8 kV Transformador Río Blanco 2,ElmTr2,1,,,,0
P11,WRBLAF_WRBL1K-T1,69/13.8 kV Transformador Río Blanco 1,ElmTr2,1,,,,0
P11,WRINCF_WRINCK-T1,69/12.5 kV Transformador Rincón,ElmTr2,0,,,,0
P11,WNAGUF_WRJCRK-T1,69/4.16 kV Transformador Rosa Julia Cruz,ElmTr2,0,,,,0
P11,WCONSF_WESALK-T1,69/12.5 kV Transformador El Salto,ElmTr2,0,,,,0
P11,WGVEBF_WLVE1K-T1,69/13.8 kV Transformador La Vega Grupo 1,ElmTr2,4,,,,0
P11,WGVEGF_WLVE2K-T1,69/13.8 kV Transformador La Vega Grupo 2,ElmTr2,4,,,,0
P11,WBPERF_WAVA1K-T1,69/12.5 kV Transformador Aniana Vargas,ElmTr2,0,,,,0
P11,WJIMEF_WJIMEK-T1,69/12.5 kV Transformador Jimenoa,ElmTr2,0,,,,0
P11,WHATIF_WHATIK-T1,69/12.5 kV Transformador Hatillo 1,ElmTr2,2,,,,0
P11,WHATIF_WHAT2K-T1,69/12.5 kV Transformador Hatillo 2,ElmTr2,0,,,,0
P11,WBDERF_WBDERK-T1,69/13.8 kV Transformador Brazo Derecho,ElmTr2,0,,,,0
P11,WPDORE_WPDORF-T1,138/69 kV Trafo Playa Dorada,ElmTr2,12,,,,0
P11,WEMA3F_WEMA3K-T1,66/13.8/13.8 kV Transformador EDM3,ElmTr3,,0,0,0,0
P11,WSFELE_WSFEGK-T1,138/13.8 kV Transformador San Felipe,ElmTr3,,-1,0,0,1
P11,WMETRE_WMETRF-T1,138/69 kV Transformador Metropolitano,ElmTr3,,0,0,0,1
P12,WMPSOF_WMPSOK-T1,69/20 kV Transformador Monte Plata Solar,ElmTr2,0,,,,0
P12,WGPALF_WPAL3K-T1,69/13.8 kV Transformador Palamara Grupo3,ElmTr2,0,,,,0
P12,WGPALF_WPAL2K-T1,69/13.8 kV Transformador Palamara Grupo2,ElmTr2,0,,,,0
P12,WGPALF_WPAL1K-T1,69/13.8 kV Transformador Palamara Grupo1,ElmTr2,0,,,,0
P12,WINCAF-WINCAK-T2,69/12.5 kV INCA km 22 T2,ElmTr2,-1,,,,0
P12,WEMA3F_WEMB3K-T1,66/13.8 kV Transformador EDM3,ElmTr2,0,,,,0
P12,WMPALF_WMPALK-T1,69/34.5 kV Transformador Mata de Palma,ElmTr2,8,,,,0
P12,WMARTF_WMARTK-T1,69/34.5 kV Transformador Martí,ElmTr2,3,,,,0
P12,WHNS1F_WMARAK-T1,69/13.8 kV Transformador Maranatha,ElmTr2,0,,,,0
P12,WINCAF-WINCAK-T1,69/12.5 kV INCA km 22 T1,ElmTr2,0,,,,0
P12,WJSAUD_WJSAUE-T1,345/138 kV Transformador 1 Julio Sauri,ElmTr2,11,,,,0
P12,WJSAUD_WJSAUE-T2,345/138 kV Transformador 2 Julio Sauri,ElmTr2,11,,,,0
P12,WNARAD_WNARAE-T2,345/138 kV Transformador 2 El Naranjo,ElmTr2,8,,,,0
P12,WNARAD_WNARAE-T1,345/138 kV Transformador 1 El Naranjo,ElmTr2,8,,,,0
P12,WQU11D_WQU21K-T1,230/13.8 kV Transformador Quisqueya 2 G1,ElmTr2,0,,,,0
P12,WQU11D_WQU22K-T2,230/13.8 kV Transformador Quisqueya 2 G2,ElmTr2,0,,,,0
P12,WQU11D_WQU23K-T3,230/13.8 kV Transformador Quisqueya 2 G3,ElmTr2,0,,,,0
P12,WQUISD_WQ1SPK-T1,230/13.8 kV Transformador Q1 San Pedro,ElmTr2,0,,,,0
P12,WQU21D_WQU12K-T2,230/13.8 kV Transformador Quisqueya 1 G2,ElmTr2,0,,,,0
P12,WQU21D_WQU13K-T3,230/13.8 kV Transformador Quisqueya 1 G3,ElmTr2,0,,,,0
P12,WPVDCD_WPVD1K-T1,230/34.5 kV Transformador 1 PVDC,ElmTr2,0,,,,0
P12,WPVDCD_WPVD2K-T1,230/34.5 kV Transformador 2 PVDC,ElmTr2,0,,,,0
P12,WPCA2D_WPCA1K-T1,345/22 kV Transformador Punta Catalina 1,ElmTr2,3,,,,0
P12,WPCA2D_WPCA2K-T1,345/22 kV Transformador Punta Catalina 2,ElmTr2,3,,,,0
P12,WBON3D_WBON3C-T1,345/230 kV Transformador 2 Bonao 3,ElmTr2,20,,,,0
P12,WBON3C_WBON3E-T2,230/138 kV Transformador 2 Bonao 3,ElmTr2,9,,,,0
P12,WGUERD_WGUERE-T1,345/138 kV Transformador 1 Guerra,ElmTr2,8,,,,0
P12,WGUERD_WGUERE-T2,345/138 kV Transformador 2 Guerra,ElmTr2,8,,,,0
P12,WSESTE_WSES1K-T1,138/13.8 kV Transformador Sultana Este 1,ElmTr2,0,,,,0
P12,WSESTE_WSES2K-T1,138/13.8 kV Transformador Sultana Este 2,ElmTr2,-2,,,,1
P12,WSESTE_WSES3K-T1,138/13.8 kV Transformador Sultana Este 3,ElmTr2,-10,,,,1
P12,WLROME_WLROMF-T1,138/69 kV Transformador La Romana,ElmTr2,13,,,,0
P12,WSPM2E_WCES3K-T1,138/13.8 kV Transformador CESPM 3,ElmTr2,0,,,,0
P12,WSPM2E_WCES2K-T1,138/13.8 kV Transformador CESPM 2,ElmTr2,0,,,,0
P12,WSPM2E_WCES1K-T1,138/13.8 kV Transformador CESPM 1,ElmTr2,0,,,,0
P12,WENE4E_WXEN4K-T1,138/13.8 kV Transformador ENERGAS 4 TG,ElmTr2,0,,,,0
P12,WENE4E_WXEV4K-T1,138/13.8 kV Transformador ENERGAS 4 TV,ElmTr2,0,,,,0
P12,WCEMEE_WCEMEK-T1,138/13.8 kV Transformador CEMEX,ElmTr2,0,,,,0
P12,WCEMEE_WCEMEK-T2,138/13.8 kV Trafo 2 CEMEX 40 MVA,ElmTr2,3,,,,0
P12,WCUMAE_WXCU1K-T1,138/34.5 kV Transformador PF Cumayasa 1,ElmTr2,0,,,,0
P12,WCUMBE_WXCU2K-T1,138/34.5 kV Transformador PF Cumayasa 2,ElmTr2,0,,,,0
P12,WCUMBE_WXCU4K-T1,138/34.5 kV Transformador PF Cumayasa 4,ElmTr2,1,,,,0
P12,WLORIE_WLORIK-T1,138/12.47 kV Transformador Los Orígenes,ElmTr2,1,,,,0
P12,WSPBEE_WSPB1K-T1,138/13.8 kV Transformador SP Bio-Energy,ElmTr2,5,,,,0
P12,WSPMAE_WSPMAF-T1,138/69 kV Transformador SPM,ElmTr2,11,,,,0
P12,WHMA2E_WHMA2F-T1,138/69 kV Transformador Hato Mayor 2,ElmTr2,11,,,,0
P12,WESOCE_WESOCK-T1,138/34.5 kV Transformador PS El Soco,ElmTr2,0,,,,0
P12,WCOTOE_WCSO1K-T1,138/34.5 kV Cotoperí T1,ElmTr2,0,,,,0
P12,WCOTOE_WCSO2K-T1,138/34.5 kV Cotoperí T2,ElmTr2,0,,,,0
P12,WCOTOE_WCSO3K-T1,138/34.5 kV Cotoperí T3,ElmTr2,0,,,,0
P12,WCOAPE_WCOA1K-T1,138/34.5 kV Transformador PF Coastal T1,ElmTr2,0,,,,0
P12,WCOAPE_WCOA2K-T1,138/34.5 kV Transformador PF Coastal T2,ElmTr2,0,,,,0
P12,WZSANE_WZSANF-T1,138/69 kV Transformador ZF Santiago,ElmTr2,9,,,,0
P12,WBON2E_WBON2F-T1,138/69 kV Transformador Bonao 2,ElmTr2,12,,,,0
P12,WZMONK_WCEMOK-T1,13.8/4.16 kV Transformador CE Monción,ElmTr2,0,,,,0
P12,WMONCE_WMONCK-T2,138/13.8 kV Transformador Monción 2,ElmTr2,2,,,,0
P12,WMONCE_WMONCK-T1,138/13.8 kV Transformador Monción 1,ElmTr2,2,,,,0
P12,WMONCK_WZMONK-T1,13.8/4.16 kV Transformador Zona Monción,ElmTr2,0,,,,0
P12,WPIMEE_WPIM3K-T1,138/13.8 kV Trafo Pimentel Grupo 3,ElmTr2,1,,,,0
P12,WPIMEE_WPIM2K-T1,138/13.8 kV Trafo Pimentel Grupo 2,ElmTr2,1,,,,0
P12,WPIMEE_WPIM1K-T1,138/13.8 kV Trafo Pimentel Grupo 1,ElmTr2,1,,,,0
P12,WCANAE_WCANBF-T2,138/69 kV Transformador 2 Canabacoa,ElmTr2,12,,,,0
P12,WCANAE_WCANBF-T1,138/69 kV Transformador Canabacoa,ElmTr2,16,,,,0
P12,WPPL2E_WPPL2F-T1,138/69 kV Trafo Puerto Plata 2,ElmTr2,16,,,,0
P12,WNAG2E_WNAG2F-T1,138/69 kV Transformador Nagua 2,ElmTr2,14,,,,0
P12,WLANGE_WLANGK-T1,138/13.8 Transformador López Angostura,ElmTr2,0,,,,0
P12,WFALCE_WFALCK-T1,138/34.5 kV Transformador FALCONDO,ElmTr2,5,,,,1
P12,WTAVBE_WBAI1K-T1,12.47/0.44 kV Transfomador 1 Baiguaque,ElmTr2,-3,,,,0
P12,WTAVBE_WBAI2K-T1,34.5/12.47 kV Trafo Jánico,ElmTr2,-3,,,,0
P12,WTAVBE_WTAV2K-T1,138/13.8 kV Transformador Tavera 2,ElmTr2,2,,,,0
P12,WTAVEE_WTAV1K-T1,138/13.8 kV Transformador Tavera 1,ElmTr2,2,,,,0
P12,WFALCF_WFALCK-T1,69/34.5 kV Transformador FALCONDO,ElmTr2,3,,,,1
P12,WSAJ1E_WSAJOK-T1,138/34.5 kV Transformador PF SAJOMA,ElmTr2,0,,,,0
P12,WGUAYE_WPFM1K-T1,138/20 kV Trafo Monte Cristi Solar G1,ElmTr2,3,,,,0
P12,WGUAYE_WPFM2K-T1,138/20 kV Trafo Monte Cristi Solar G2,ElmTr2,3,,,,0
P12,WACLAE_WACLAK-T1,138/34.5 kV Transformador Agua Clara,ElmTr2,2,,,,0
P12,WGNLLE_WGNLLK-T1,138/34.5 kV Transformador Guanillo,ElmTr2,0,,,,0
P12,WSFMAE_WSFMAF-T1,138/69 kV Transformador SFM,ElmTr2,17,,,,0
P12,WLGUZE_WLGUZK-T1,138/34.5 kV Trafo Los Guzmancito,ElmTr2,0,,,,0
P12,WLGUZE_WLGU2K-T1,138/34.5 kV Trafo 2 Guzmancito,ElmTr2,0,,,,0
P12,WMAT1E_WXMATK-T1,138/34.5 kV Transformador MATRISOL,ElmTr2,10,,,,0
P12,WESP1E_WXPS1K-T1,138/34.5 kV Transformador PS Esperanza,ElmTr2,-2,,,,0
P12,WPIMEE_WXPI4K-T1,138/13.8 kV Pimentel 4 T1,ElmTr2,0,,,,0
P12,WTAV2E_WTAVEK-T1,138/34.5 kV Tavera T1,ElmTr2,0,,,,0
P12,WLTOBF_WLTO1K-T1,69/6.9 kV Transformador Los Toros,ElmTr2,0,,,,0
P12,WSYEGF_WSYEGK-T1,69/13.8 kV Transformador Sabana Yegua,ElmTr2,1,,,,0
P12,WSABAF_WSABAK-T1,69/12.5 kV Transformador Sabaneta,ElmTr2,1,,,,0
P12,WMAGUF_WMAGUK-T1,69/22 kV Transformador Magueyal,ElmTr2,0,,,,0
P12,WLDAMF_WLDAMK-T1,69/12.5 kV Transformador Las Damas,ElmTr2,-1,,,,0
P12,WDRODK_WDRODL-T1,12.47/4.16 kV Trafo Domingo Rodríguez,ElmTr2,0,,,,0
P12,WDRODF_WDRODK-T1,69/12.47 kV Trafo Domingo Rodríguez,ElmTr2,0,,,,0
P12,WSCANF_WSCANK-T1,69/34.5 kV Transformador Canoa Solar,ElmTr2,-1,,,,0
P12,WYAGUF_WXNNAK-T1,69/12.47 kV Nizao-Najayo T1,ElmTr2,0,,,,0
P12,WPIZDF_WXLANK-T1,69/12.47 kV Pizarrete Distribución T1,ElmTr2,0,,,,0
P12,WLUCIF_WXLUCK-T1,69/34.5 kV PF Lucila T1,ElmTr2,2,,,,0
P12,WKQAZE_WKQAZF-T1,138/69 kV Transformador km 15 de Azua,ElmTr2,10,,,,0
P12,WHAINE_WHAIGK-T1,138/13.8 kV Transformador Haina TG,ElmTr2,-1,,,,0
P12,WHAINE_WHAINF-T1,138/69 kV Transformador Haina,ElmTr2,8,,,,0
P12,WVALDE_WVAL2K-T1,138/13.8 kV Transformador Valdesia 2,ElmTr2,1,,,,0
P12,WVALDE_WVAL1K-T1,138/13.8 kV Transformador Valdesia 1,ElmTr2,1,,,,0
P12,WVALDE_WLBARK-T1,138/13.8 kV Transformador Las Barias,ElmTr2,7,,,,0
P12,WBCARE_WBARCK-T1,138/13.8 kV Transformado Barahona Carbón,ElmTr2,-2,,,,0
P12,WBCARE_WBCARF-T1,138/69 kV Transformador Barahona Carbón,ElmTr2,2,,,,0
P12,WJIGUE_WJIG2K-T1,138/13.8 kV Transformador Jigüey 2,ElmTr2,0,,,,0
P12,WJIGBE_WJIG1K-T1,138/13.8 kV Transformador Jigüey 1,ElmTr2,0,,,,0
P12,WAGUBE_WAGU2K-T1,138/13.8 kV Transformador Aguacate 2,ElmTr2,2,,,,0
P12,WAGUAE_WAGU1K-T1,138/13.8 kV Transformador Aguacate 1,ElmTr2,2,,,,0
P12,WMRIOE_WMRI3K-T1,138/13.8 kV Transformador Monte Río G3,ElmTr2,-2,,,,0
P12,WMRIOE_WMRI2K-T1,138/13.8 kV Transformador Monte Río G2,ElmTr2,-2,,,,0
P12,WMRIOE_WMRI1K-T1,138/13.8 kV Transformador Monte Río G1,ElmTr2,-2,,,,0
P12,WITABE_WITA1K-T1,138/13.8 kV Transformador Itabo 1,ElmTr2,-2,,,,0
P12,WITABE_WITA2K-T1,138/13.8 kV Transformador Itabo 2,ElmTr2,-2,,,,0
P12,WITAGE_WSLORK-T1,138/13.8 kV Transformador San Lorenzo,ElmTr2,-2,,,,0
P12,WLCOCE_WLCOCK-T1,138/34.5 kV Transformador 1 Los Cocos,ElmTr2,0,,,,0
P12,WLCOCE_WLCOCK-T2,138/34.5 kV Transformador 2 Los Cocos,ElmTr2,0,,,,0
P12,WLCOCE_WLCOCK-T3,138/34.5 kV Transformador 3 Los Cocos,ElmTr2,0,,,,0
P12,WLCOCE_WLCOCK-T4,138/34.5 kV Transformador 4 Los Cocos,ElmTr2,0,,,,0
P12,WPLM1E_WPLM1K-T1,138/13.8 kV Transformador Palomino 1,ElmTr2,0,,,,0
P12,WPLM2E_WPLM2K-T1,138/13.8 kV Transformador Palomino 2,ElmTr2,0,,,,0
P12,WPAK2E_WXPA1K-T1,154/11 kV Transformador 1 Powership Azua,ElmTr2,-8,,,,0
P12,WPAK2E_WXPA2K-T1,154/11 kV Transformador 2 Powership Azua,ElmTr2,-8,,,,0
P12,WPAK6E_WXPA3K-T1,154/15 kV Transformador 1 Powership Azua,ElmTr2,-6,,,,0
P12,WPALBE_WPAQ2K-T1,138/4.16 kV Transformador 1 Palenque,ElmTr2,-1,,,,0
P12,WPALBE_WPAQ2K-T2,138/4.16 kV Transformador 2 Palenque,ElmTr2,0,,,,0
P12,WCC21E_WCCA2F-T1,138/69 kV Transformado Cruce de Cabral 2,ElmTr2,7,,,,0
P12,WSJU2E_WSJU2F-T1,138/69 kV Transformador San Juan 2,ElmTr2,7,,,,0
P12,WPIZAE_WPIZAF-T1,138/69 kV Transformador 1 Pizarrete,ElmTr2,8,,,,0
P12,WMTFNE_WMTFNK-T1,138/34.5 kV Transformador Matafongo,ElmTr2,0,,,,0
P12,WBAYAE_WBAYAK-T1,138/34.5 kV Transformador Bayasol,ElmTr2,0,,,,0
P12,WGIRAE_WGIRAK-T1,138/34.5 kV Transformador 1 Girasol,ElmTr2,0,,,,0
P12,WGIRAE_WGIRAK-T2,138/34.5 kV Transformador 2 Girasol,ElmTr2,0,,,,0
P12,WSANTE_WSANTK-T1,138/34.5 kV Transformador Santanasol,ElmTr2,0,,,,0
P12,WCALAE_WXCA1K-T1,138/34.5 kV Transformador PF Calabaza 1,ElmTr2,-8,,,,0
P12,WKQA1E_WPES1K-T1,138/34.5 kV Transformador Peravia Solar,ElmTr2,11,,,,0
P12,WKQA1E_WPES2K-T1,138/34.5 kV Transformador Peravia Sola2,ElmTr2,11,,,,0
P12,WMETEE_WMETEF-T1,138/69 kV S/E Móvil ETED,ElmTr2,14,,,,0
P12,WPAK5E_WXPA4K-T1,154/11 kV Powership Azua KPS56 T1,ElmTr2,10,,,,0
P12,WAHO1E_WAHONF-T1,138/69 kV Transformador Arroyo Hondo,ElmTr2,11,,,,0
P12,WHERRE_WHNVAF-T1,138/69 kV Transformador Herrera,ElmTr2,16,,,,0
P12,WDJAOE_WDJAOF-T1,138/69 kV Transformador Dajao,ElmTr2,6,,,,0
P12,WBCHIE_WBCHIF-T1,138/69 kV Transformador Boca Chica,ElmTr2,9,,,,0
P12,WHNSAE_WHNSAF-T1,138/69 kV Transformador Hainamosa,ElmTr2,10,,,,0
P12,WVDUAE_WVDUAF-T1,138/69 kV Transformador Villa Duarte,ElmTr2,5,,,,0
P12,WLMI6E_WLMI6K-T1,138/13.8 kV Transformador Los Mina 6,ElmTr2,2,,,,0
P12,WAANDE_WAANVK-T1,138/13.8 kV Transformador AES Andrés TV,ElmTr2,2,,,,0
P12,WAANDE_WAANGK-T1,138/19 kV Transformador AES Andrés TG,ElmTr2,2,,,,0
P12,WAANDE_WXBAAK-T1,138/4.16 kV BESS AES Andrés T1,ElmTr2,0,,,,0
P12,WMETAE_WMETAK-T1,138/13.2 kV Transformador METALDOM,ElmTr2,0,,,,0
P12,WTIM2E_WTIM2F-T1,138/69 kV Transformador Timbeque 2,ElmTr2,17,,,,0
P12,WLMI5E_WLMI5K-T1,138/13.8 kV Transformador Los Mina 5,ElmTr2,2,,,,0
P12,WPALAE_WPALBF-T1,138/69 kV Transformador 1 Palamara,ElmTr2,10,,,,0
P12,WPALAE_WPALAF-T1,138/69 kV Transformador 2 Palamara,ElmTr2,6,,,,0
P12,WEMA2E_WEMA2K-T1,138/13.8 kV Transformador EDM2,ElmTr2,0,,,,0
P12,WMP2AE_WXWC2K-T1,138/34.5 kV Transformador WCSP 2,ElmTr2,0,,,,0
P12,WMP2BE_WXWC3K-T1,138/34.5 kV Transformador WCSP 3,ElmTr2,0,,,,0
P12,WLMI7E_WLMI7K-T1,138/13.8 kV Transformador Los Mina 7,ElmTr2,2,,,,0
P12,WMETRE_WMETRF-T2,138/69 kV Transformador Metropolitano 2,ElmTr2,8,,,,0
P12,WHNS1E_WLVICK-T1,138/34.5 kV Transformador La Victoria,ElmTr2,0,,,,0
P12,WMIRAE_WMIRAK-T1,138/34.5 kV Transformador Mirasol,ElmTr2,0,,,,0
P12,WSIBAE_WXSI1K-T1,138/13.8 kV Trafo SIBA Grupo 1,ElmTr2,-2,,,,0
P12,WSIBAE_WXSI2K-T1,138/13.8 kV Trafo SIBA Grupo 2,ElmTr2,-2,,,,0
P12,WSIBAE_WXSI3K-T1,138/13.8 kV Trafo SIBA Grupo 3,ElmTr2,-2,,,,0
P12,WSIBAE_WXSI4K-T1,138/13.8 kV Trafo SIBA Grupo 4,ElmTr2,-2,,,,0
P12,WSIBBE_WXSI5K-T1,138/13.8 kV Trafo SIBA Grupo 5,ElmTr2,-2,,,,0
P12,WSIBAE_WXSI6K-T1,138/13.8 kV Trafo SIBA Grupo 6,ElmTr2,-2,,,,0
P12,WLMI6E_WXSALMK-T1,138/4.16 kV SA Parque Energ. Los Mina,ElmTr2,0,,,,0
P12,WPINAF_WPIN2K-T1,69/13.8 kV Transformador Pinalito 2,ElmTr2,0,,,,0
P12,WPINAF_WPIN1K-T1,69/13.8 kV Transformador Pinalito 1,ElmTr2,0,,,,0
P12,WRBLAF_WRBL2K-T1,69/13.8 kV Transformador Río Blanco 2,ElmTr2,1,,,,0
P12,WRBLAF_WRBL1K-T1,69/13.8 kV Transformador Río Blanco 1,ElmTr2,1,,,,0
P12,WRINCF_WRINCK-T1,69/12.5 kV Transformador Rincón,ElmTr2,0,,,,0
P12,WNAGUF_WRJCRK-T1,69/4.16 kV Transformador Rosa Julia Cruz,ElmTr2,0,,,,0
P12,WCONSF_WESALK-T1,69/12.5 kV Transformador El Salto,ElmTr2,0,,,,0
P12,WGVEBF_WLVE1K-T1,69/13.8 kV Transformador La Vega Grupo 1,ElmTr2,4,,,,0
P12,WGVEGF_WLVE2K-T1,69/13.8 kV Transformador La Vega Grupo 2,ElmTr2,4,,,,0
P12,WBPERF_WAVA1K-T1,69/12.5 kV Transformador Aniana Vargas,ElmTr2,0,,,,0
P12,WJIMEF_WJIMEK-T1,69/12.5 kV Transformador Jimenoa,ElmTr2,0,,,,0
P12,WHATIF_WHATIK-T1,69/12.5 kV Transformador Hatillo 1,ElmTr2,2,,,,0
P12,WHATIF_WHAT2K-T1,69/12.5 kV Transformador Hatillo 2,ElmTr2,0,,,,0
P12,WBDERF_WBDERK-T1,69/13.8 kV Transformador Brazo Derecho,ElmTr2,0,,,,0
P12,WPDORE_WPDORF-T1,138/69 kV Trafo Playa Dorada,ElmTr2,12,,,,0
P12,WEMA3F_WEMA3K-T1,66/13.8/13.8 kV Transformador EDM3,ElmTr3,,0,0,0,0
P12,WSFELE_WSFEGK-T1,138/13.8 kV Transformador San Felipe,ElmTr3,,-1,0,0,1
P12,WMETRE_WMETRF-T1,138/69 kV Transformador Metropolitano,ElmTr3,,0,0,0,1
P13,WMPSOF_WMPSOK-T1,69/20 kV Transformador Monte Plata Solar,ElmTr2,0,,,,0
P13,WGPALF_WPAL3K-T1,69/13.8 kV Transformador Palamara Grupo3,ElmTr2,0,,,,0
P13,WGPALF_WPAL2K-T1,69/13.8 kV Transformador Palamara Grupo2,ElmTr2,0,,,,0
P13,WGPALF_WPAL1K-T1,69/13.8 kV Transformador Palamara Grupo1,ElmTr2,0,,,,0
P13,WINCAF-WINCAK-T2,69/12.5 kV INCA km 22 T2,ElmTr2,-1,,,,0
P13,WEMA3F_WEMB3K-T1,66/13.8 kV Transformador EDM3,ElmTr2,0,,,,0
P13,WMPALF_WMPALK-T1,69/34.5 kV Transformador Mata de Palma,ElmTr2,8,,,,0
P13,WMARTF_WMARTK-T1,69/34.5 kV Transformador Martí,ElmTr2,3,,,,0
P13,WHNS1F_WMARAK-T1,69/13.8 kV Transformador Maranatha,ElmTr2,0,,,,0
P13,WINCAF-WINCAK-T1,69/12.5 kV INCA km 22 T1,ElmTr2,0,,,,0
P13,WJSAUD_WJSAUE-T1,345/138 kV Transformador 1 Julio Sauri,ElmTr2,8,,,,0
P13,WJSAUD_WJSAUE-T2,345/138 kV Transformador 2 Julio Sauri,ElmTr2,8,,,,0
P13,WNARAD_WNARAE-T2,345/138 kV Transformador 2 El Naranjo,ElmTr2,6,,,,0
P13,WNARAD_WNARAE-T1,345/138 kV Transformador 1 El Naranjo,ElmTr2,6,,,,0
P13,WQU11D_WQU21K-T1,230/13.8 kV Transformador Quisqueya 2 G1,ElmTr2,0,,,,0
P13,WQU11D_WQU22K-T2,230/13.8 kV Transformador Quisqueya 2 G2,ElmTr2,0,,,,0
P13,WQU11D_WQU23K-T3,230/13.8 kV Transformador Quisqueya 2 G3,ElmTr2,0,,,,0
P13,WQUISD_WQ1SPK-T1,230/13.8 kV Transformador Q1 San Pedro,ElmTr2,0,,,,0
P13,WQU21D_WQU12K-T2,230/13.8 kV Transformador Quisqueya 1 G2,ElmTr2,0,,,,0
P13,WQU21D_WQU13K-T3,230/13.8 kV Transformador Quisqueya 1 G3,ElmTr2,0,,,,0
P13,WPVDCD_WPVD1K-T1,230/34.5 kV Transformador 1 PVDC,ElmTr2,0,,,,0
P13,WPVDCD_WPVD2K-T1,230/34.5 kV Transformador 2 PVDC,ElmTr2,0,,,,0
P13,WPCA2D_WPCA1K-T1,345/22 kV Transformador Punta Catalina 1,ElmTr2,3,,,,0
P13,WPCA2D_WPCA2K-T1,345/22 kV Transformador Punta Catalina 2,ElmTr2,3,,,,0
P13,WBON3D_WBON3C-T1,345/230 kV Transformador 2 Bonao 3,ElmTr2,22,,,,0
P13,WBON3C_WBON3E-T2,230/138 kV Transformador 2 Bonao 3,ElmTr2,8,,,,0
P13,WGUERD_WGUERE-T1,345/138 kV Transformador 1 Guerra,ElmTr2,9,,,,0
P13,WGUERD_WGUERE-T2,345/138 kV Transformador 2 Guerra,ElmTr2,9,,,,0
P13,WSESTE_WSES1K-T1,138/13.8 kV Transformador Sultana Este 1,ElmTr2,0,,,,0
P13,WSESTE_WSES2K-T1,138/13.8 kV Transformador Sultana Este 2,ElmTr2,-2,,,,1
P13,WSESTE_WSES3K-T1,138/13.8 kV Transformador Sultana Este 3,ElmTr2,-10,,,,1
P13,WLROME_WLROMF-T1,138/69 kV Transformador La Romana,ElmTr2,13,,,,0
P13,WSPM2E_WCES3K-T1,138/13.8 kV Transformador CESPM 3,ElmTr2,0,,,,0
P13,WSPM2E_WCES2K-T1,138/13.8 kV Transformador CESPM 2,ElmTr2,0,,,,0
P13,WSPM2E_WCES1K-T1,138/13.8 kV Transformador CESPM 1,ElmTr2,0,,,,0
P13,WENE4E_WXEN4K-T1,138/13.8 kV Transformador ENERGAS 4 TG,ElmTr2,0,,,,0
P13,WENE4E_WXEV4K-T1,138/13.8 kV Transformador ENERGAS 4 TV,ElmTr2,0,,,,0
P13,WCEMEE_WCEMEK-T1,138/13.8 kV Transformador CEMEX,ElmTr2,0,,,,0
P13,WCEMEE_WCEMEK-T2,138/13.8 kV Trafo 2 CEMEX 40 MVA,ElmTr2,3,,,,0
P13,WCUMAE_WXCU1K-T1,138/34.5 kV Transformador PF Cumayasa 1,ElmTr2,0,,,,0
P13,WCUMBE_WXCU2K-T1,138/34.5 kV Transformador PF Cumayasa 2,ElmTr2,0,,,,0
P13,WCUMBE_WXCU4K-T1,138/34.5 kV Transformador PF Cumayasa 4,ElmTr2,1,,,,0
P13,WLORIE_WLORIK-T1,138/12.47 kV Transformador Los Orígenes,ElmTr2,1,,,,0
P13,WSPBEE_WSPB1K-T1,138/13.8 kV Transformador SP Bio-Energy,ElmTr2,5,,,,0
P13,WSPMAE_WSPMAF-T1,138/69 kV Transformador SPM,ElmTr2,9,,,,0
P13,WHMA2E_WHMA2F-T1,138/69 kV Transformador Hato Mayor 2,ElmTr2,11,,,,0
P13,WESOCE_WESOCK-T1,138/34.5 kV Transformador PS El Soco,ElmTr2,0,,,,0
P13,WCOTOE_WCSO1K-T1,138/34.5 kV Cotoperí T1,ElmTr2,0,,,,0
P13,WCOTOE_WCSO2K-T1,138/34.5 kV Cotoperí T2,ElmTr2,0,,,,0
P13,WCOTOE_WCSO3K-T1,138/34.5 kV Cotoperí T3,ElmTr2,0,,,,0
P13,WCOAPE_WCOA1K-T1,138/34.5 kV Transformador PF Coastal T1,ElmTr2,0,,,,0
P13,WCOAPE_WCOA2K-T1,138/34.5 kV Transformador PF Coastal T2,ElmTr2,0,,,,0
P13,WZSANE_WZSANF-T1,138/69 kV Transformador ZF Santiago,ElmTr2,9,,,,0
P13,WBON2E_WBON2F-T1,138/69 kV Transformador Bonao 2,ElmTr2,12,,,,0
P13,WZMONK_WCEMOK-T1,13.8/4.16 kV Transformador CE Monción,ElmTr2,0,,,,0
P13,WMONCE_WMONCK-T2,138/13.8 kV Transformador Monción 2,ElmTr2,2,,,,0
P13,WMONCE_WMONCK-T1,138/13.8 kV Transformador Monción 1,ElmTr2,2,,,,0
P13,WMONCK_WZMONK-T1,13.8/4.16 kV Transformador Zona Monción,ElmTr2,0,,,,0
P13,WPIMEE_WPIM3K-T1,138/13.8 kV Trafo Pimentel Grupo 3,ElmTr2,1,,,,0
P13,WPIMEE_WPIM2K-T1,138/13.8 kV Trafo Pimentel Grupo 2,ElmTr2,1,,,,0
P13,WPIMEE_WPIM1K-T1,138/13.8 kV Trafo Pimentel Grupo 1,ElmTr2,1,,,,0
P13,WCANAE_WCANBF-T2,138/69 kV Transformador 2 Canabacoa,ElmTr2,14,,,,0
P13,WCANAE_WCANBF-T1,138/69 kV Transformador Canabacoa,ElmTr2,16,,,,0
P13,WPPL2E_WPPL2F-T1,138/69 kV Trafo Puerto Plata 2,ElmTr2,20,,,,0
P13,WNAG2E_WNAG2F-T1,138/69 kV Transformador Nagua 2,ElmTr2,14,,,,0
P13,WLANGE_WLANGK-T1,138/13.8 Transformador López Angostura,ElmTr2,0,,,,0
P13,WFALCE_WFALCK-T1,138/34.5 kV Transformador FALCONDO,ElmTr2,5,,,,1
P13,WTAVBE_WBAI1K-T1,12.47/0.44 kV Transfomador 1 Baiguaque,ElmTr2,-3,,,,0
P13,WTAVBE_WBAI2K-T1,34.5/12.47 kV Trafo Jánico,ElmTr2,-3,,,,0
P13,WTAVBE_WTAV2K-T1,138/13.8 kV Transformador Tavera 2,ElmTr2,2,,,,0
P13,WTAVEE_WTAV1K-T1,138/13.8 kV Transformador Tavera 1,ElmTr2,2,,,,0
P13,WFALCF_WFALCK-T1,69/34.5 kV Transformador FALCONDO,ElmTr2,3,,,,1
P13,WSAJ1E_WSAJOK-T1,138/34.5 kV Transformador PF SAJOMA,ElmTr2,0,,,,0
P13,WGUAYE_WPFM1K-T1,138/20 kV Trafo Monte Cristi Solar G1,ElmTr2,3,,,,0
P13,WGUAYE_WPFM2K-T1,138/20 kV Trafo Monte Cristi Solar G2,ElmTr2,3,,,,0
P13,WACLAE_WACLAK-T1,138/34.5 kV Transformador Agua Clara,ElmTr2,2,,,,0
P13,WGNLLE_WGNLLK-T1,138/34.5 kV Transformador Guanillo,ElmTr2,0,,,,0
P13,WSFMAE_WSFMAF-T1,138/69 kV Transformador SFM,ElmTr2,15,,,,0
P13,WLGUZE_WLGUZK-T1,138/34.5 kV Trafo Los Guzmancito,ElmTr2,0,,,,0
P13,WLGUZE_WLGU2K-T1,138/34.5 kV Trafo 2 Guzmancito,ElmTr2,0,,,,0
P13,WMAT1E_WXMATK-T1,138/34.5 kV Transformador MATRISOL,ElmTr2,10,,,,0
P13,WESP1E_WXPS1K-T1,138/34.5 kV Transformador PS Esperanza,ElmTr2,-2,,,,0
P13,WPIMEE_WXPI4K-T1,138/13.8 kV Pimentel 4 T1,ElmTr2,0,,,,0
P13,WTAV2E_WTAVEK-T1,138/34.5 kV Tavera T1,ElmTr2,0,,,,0
P13,WLTOBF_WLTO1K-T1,69/6.9 kV Transformador Los Toros,ElmTr2,0,,,,0
P13,WSYEGF_WSYEGK-T1,69/13.8 kV Transformador Sabana Yegua,ElmTr2,1,,,,0
P13,WSABAF_WSABAK-T1,69/12.5 kV Transformador Sabaneta,ElmTr2,1,,,,0
P13,WMAGUF_WMAGUK-T1,69/22 kV Transformador Magueyal,ElmTr2,0,,,,0
P13,WLDAMF_WLDAMK-T1,69/12.5 kV Transformador Las Damas,ElmTr2,-1,,,,0
P13,WDRODK_WDRODL-T1,12.47/4.16 kV Trafo Domingo Rodríguez,ElmTr2,0,,,,0
P13,WDRODF_WDRODK-T1,69/12.47 kV Trafo Domingo Rodríguez,ElmTr2,0,,,,0
P13,WSCANF_WSCANK-T1,69/34.5 kV Transformador Canoa Solar,ElmTr2,-1,,,,0
P13,WYAGUF_WXNNAK-T1,69/12.47 kV Nizao-Najayo T1,ElmTr2,0,,,,0
P13,WPIZDF_WXLANK-T1,69/12.47 kV Pizarrete Distribución T1,ElmTr2,0,,,,0
P13,WLUCIF_WXLUCK-T1,69/34.5 kV PF Lucila T1,ElmTr2,2,,,,0
P13,WKQAZE_WKQAZF-T1,138/69 kV Transformador km 15 de Azua,ElmTr2,8,,,,0
P13,WHAINE_WHAIGK-T1,138/13.8 kV Transformador Haina TG,ElmTr2,-1,,,,0
P13,WHAINE_WHAINF-T1,138/69 kV Transformador Haina,ElmTr2,9,,,,0
P13,WVALDE_WVAL2K-T1,138/13.8 kV Transformador Valdesia 2,ElmTr2,1,,,,0
P13,WVALDE_WVAL1K-T1,138/13.8 kV Transformador Valdesia 1,ElmTr2,1,,,,0
P13,WVALDE_WLBARK-T1,138/13.8 kV Transformador Las Barias,ElmTr2,7,,,,0
P13,WBCARE_WBARCK-T1,138/13.8 kV Transformado Barahona Carbón,ElmTr2,-2,,,,0
P13,WBCARE_WBCARF-T1,138/69 kV Transformador Barahona Carbón,ElmTr2,2,,,,0
P13,WJIGUE_WJIG2K-T1,138/13.8 kV Transformador Jigüey 2,ElmTr2,0,,,,0
P13,WJIGBE_WJIG1K-T1,138/13.8 kV Transformador Jigüey 1,ElmTr2,0,,,,0
P13,WAGUBE_WAGU2K-T1,138/13.8 kV Transformador Aguacate 2,ElmTr2,2,,,,0
P13,WAGUAE_WAGU1K-T1,138/13.8 kV Transformador Aguacate 1,ElmTr2,2,,,,0
P13,WMRIOE_WMRI3K-T1,138/13.8 kV Transformador Monte Río G3,ElmTr2,-2,,,,0
P13,WMRIOE_WMRI2K-T1,138/13.8 kV Transformador Monte Río G2,ElmTr2,-2,,,,0
P13,WMRIOE_WMRI1K-T1,138/13.8 kV Transformador Monte Río G1,ElmTr2,-2,,,,0
P13,WITABE_WITA1K-T1,138/13.8 kV Transformador Itabo 1,ElmTr2,-2,,,,0
P13,WITABE_WITA2K-T1,138/13.8 kV Transformador Itabo 2,ElmTr2,-2,,,,0
P13,WITAGE_WSLORK-T1,138/13.8 kV Transformador San Lorenzo,ElmTr2,-2,,,,0
P13,WLCOCE_WLCOCK-T1,138/34.5 kV Transformador 1 Los Cocos,ElmTr2,0,,,,0
P13,WLCOCE_WLCOCK-T2,138/34.5 kV Transformador 2 Los Cocos,ElmTr2,0,,,,0
P13,WLCOCE_WLCOCK-T3,138/34.5 kV Transformador 3 Los Cocos,ElmTr2,0,,,,0
P13,WLCOCE_WLCOCK-T4,138/34.5 kV Transformador 4 Los Cocos,ElmTr2,0,,,,0
P13,WPLM1E_WPLM1K-T1,138/13.8 kV Transformador Palomino 1,ElmTr2,0,,,,0
P13,WPLM2E_WPLM2K-T1,138/13.8 kV Transformador Palomino 2,ElmTr2,0,,,,0
P13,WPAK2E_WXPA1K-T1,154/11 kV Transformador 1 Powership Azua,ElmTr2,-8,,,,0
P13,WPAK2E_WXPA2K-T1,154/11 kV Transformador 2 Powership Azua,ElmTr2,-8,,,,0
P13,WPAK6E_WXPA3K-T1,154/15 kV Transformador 1 Powership Azua,ElmTr2,-6,,,,0
P13,WPALBE_WPAQ2K-T1,138/4.16 kV Transformador 1 Palenque,ElmTr2,-1,,,,0
P13,WPALBE_WPAQ2K-T2,138/4.16 kV Transformador 2 Palenque,ElmTr2,0,,,,0
P13,WCC21E_WCCA2F-T1,138/69 kV Transformado Cruce de Cabral 2,ElmTr2,7,,,,0
P13,WSJU2E_WSJU2F-T1,138/69 kV Transformador San Juan 2,ElmTr2,8,,,,0
P13,WPIZAE_WPIZAF-T1,138/69 kV Transformador 1 Pizarrete,ElmTr2,8,,,,0
P13,WMTFNE_WMTFNK-T1,138/34.5 kV Transformador Matafongo,ElmTr2,0,,,,0
P13,WBAYAE_WBAYAK-T1,138/34.5 kV Transformador Bayasol,ElmTr2,0,,,,0
P13,WGIRAE_WGIRAK-T1,138/34.5 kV Transformador 1 Girasol,ElmTr2,0,,,,0
P13,WGIRAE_WGIRAK-T2,138/34.5 kV Transformador 2 Girasol,ElmTr2,0,,,,0
P13,WSANTE_WSANTK-T1,138/34.5 kV Transformador Santanasol,ElmTr2,0,,,,0
P13,WCALAE_WXCA1K-T1,138/34.5 kV Transformador PF Calabaza 1,ElmTr2,-8,,,,0
P13,WKQA1E_WPES1K-T1,138/34.5 kV Transformador Peravia Solar,ElmTr2,11,,,,0
P13,WKQA1E_WPES2K-T1,138/34.5 kV Transformador Peravia Sola2,ElmTr2,11,,,,0
P13,WMETEE_WMETEF-T1,138/69 kV S/E Móvil ETED,ElmTr2,14,,,,0
P13,WPAK5E_WXPA4K-T1,154/11 kV Powership Azua KPS56 T1,ElmTr2,10,,,,0
P13,WAHO1E_WAHONF-T1,138/69 kV Transformador Arroyo Hondo,ElmTr2,11,,,,0
P13,WHERRE_WHNVAF-T1,138/69 kV Transformador Herrera,ElmTr2,16,,,,0
P13,WDJAOE_WDJAOF-T1,138/69 kV Transformador Dajao,ElmTr2,4,,,,0
P13,WBCHIE_WBCHIF-T1,138/69 kV Transformador Boca Chica,ElmTr2,8,,,,0
P13,WHNSAE_WHNSAF-T1,138/69 kV Transformador Hainamosa,ElmTr2,10,,,,0
P13,WVDUAE_WVDUAF-T1,138/69 kV Transformador Villa Duarte,ElmTr2,4,,,,0
P13,WLMI6E_WLMI6K-T1,138/13.8 kV Transformador Los Mina 6,ElmTr2,2,,,,0
P13,WAANDE_WAANVK-T1,138/13.8 kV Transformador AES Andrés TV,ElmTr2,2,,,,0
P13,WAANDE_WAANGK-T1,138/19 kV Transformador AES Andrés TG,ElmTr2,2,,,,0
P13,WAANDE_WXBAAK-T1,138/4.16 kV BESS AES Andrés T1,ElmTr2,0,,,,0
P13,WMETAE_WMETAK-T1,138/13.2 kV Transformador METALDOM,ElmTr2,0,,,,0
P13,WTIM2E_WTIM2F-T1,138/69 kV Transformador Timbeque 2,ElmTr2,20,,,,0
P13,WLMI5E_WLMI5K-T1,138/13.8 kV Transformador Los Mina 5,ElmTr2,2,,,,0
P13,WPALAE_WPALBF-T1,138/69 kV Transformador 1 Palamara,ElmTr2,9,,,,0
P13,WPALAE_WPALAF-T1,138/69 kV Transformador 2 Palamara,ElmTr2,6,,,,0
P13,WEMA2E_WEMA2K-T1,138/13.8 kV Transformador EDM2,ElmTr2,0,,,,0
P13,WMP2AE_WXWC2K-T1,138/34.5 kV Transformador WCSP 2,ElmTr2,0,,,,0
P13,WMP2BE_WXWC3K-T1,138/34.5 kV Transformador WCSP 3,ElmTr2,0,,,,0
P13,WLMI7E_WLMI7K-T1,138/13.8 kV Transformador Los Mina 7,ElmTr2,2,,,,0
P13,WMETRE_WMETRF-T2,138/69 kV Transformador Metropolitano 2,ElmTr2,8,,,,0
P13,WHNS1E_WLVICK-T1,138/34.5 kV Transformador La Victoria,ElmTr2,0,,,,0
P13,WMIRAE_WMIRAK-T1,138/34.5 kV Transformador Mirasol,ElmTr2,0,,,,0
P13,WSIBAE_WXSI1K-T1,138/13.8 kV Trafo SIBA Grupo 1,ElmTr2,-2,,,,0
P13,WSIBAE_WXSI2K-T1,138/13.8 kV Trafo SIBA Grupo 2,ElmTr2,-2,,,,0
P13,WSIBAE_WXSI3K-T1,138/13.8 kV Trafo SIBA Grupo 3,ElmTr2,-2,,,,0
P13,WSIBAE_WXSI4K-T1,138/13.8 kV Trafo SIBA Grupo 4,ElmTr2,-2,,,,0
P13,WSIBBE_WXSI5K-T1,138/13.8 kV Trafo SIBA Grupo 5,ElmTr2,-2,,,,0
P13,WSIBAE_WXSI6K-T1,138/13.8 kV Trafo SIBA Grupo 6,ElmTr2,-2,,,,0
P13,WLMI6E_WXSALMK-T1,138/4.16 kV SA Parque Energ. Los Mina,ElmTr2,0,,,,0
P13,WPINAF_WPIN2K-T1,69/13.8 kV Transformador Pinalito 2,ElmTr2,0,,,,0
P13,WPINAF_WPIN1K-T1,69/13.8 kV Transformador Pinalito 1,ElmTr2,0,,,,0
P13,WRBLAF_WRBL2K-T1,69/13.8 kV Transformador Río Blanco 2,ElmTr2,1,,,,0
P13,WRBLAF_WRBL1K-T1,69/13.8 kV Transformador Río Blanco 1,ElmTr2,1,,,,0
P13,WRINCF_WRINCK-T1,69/12.5 kV Transformador Rincón,ElmTr2,0,,,,0
P13,WNAGUF_WRJCRK-T1,69/4.16 kV Transformador Rosa Julia Cruz,ElmTr2,0,,,,0
P13,WCONSF_WESALK-T1,69/12.5 kV Transformador El Salto,ElmTr2,0,,,,0
P13,WGVEBF_WLVE1K-T1,69/13.8 kV Transformador La Vega Grupo 1,ElmTr2,4,,,,0
P13,WGVEGF_WLVE2K-T1,69/13.8 kV Transformador La Vega Grupo 2,ElmTr2,4,,,,0
P13,WBPERF_WAVA1K-T1,69/12.5 kV Transformador Aniana Vargas,ElmTr2,0,,,,0
P13,WJIMEF_WJIMEK-T1,69/12.5 kV Transformador Jimenoa,ElmTr2,0,,,,0
P13,WHATIF_WHATIK-T1,69/12.5 kV Transformador Hatillo 1,ElmTr2,2,,,,0
P13,WHATIF_WHAT2K-T1,69/12.5 kV Transformador Hatillo 2,ElmTr2,0,,,,0
P13,WBDERF_WBDERK-T1,69/13.8 kV Transformador Brazo Derecho,ElmTr2,0,,,,0
P13,WPDORE_WPDORF-T1,138/69 kV Trafo Playa Dorada,ElmTr2,12,,,,0
P13,WEMA3F_WEMA3K-T1,66/13.8/13.8 kV Transformador EDM3,ElmTr3,,0,0,0,0
P13,WSFELE_WSFEGK-T1,138/13.8 kV Transformador San Felipe,ElmTr3,,-1,0,0,1
P13,WMETRE_WMETRF-T1,138/69 kV Transformador Metropolitano,ElmTr3,,0,0,0,1
P14,WMPSOF_WMPSOK-T1,69/20 kV Transformador Monte Plata Solar,ElmTr2,0,,,,0
P14,WGPALF_WPAL3K-T1,69/13.8 kV Transformador Palamara Grupo3,ElmTr2,0,,,,0
P14,WGPALF_WPAL2K-T1,69/13.8 kV Transformador Palamara Grupo2,ElmTr2,0,,,,0
P14,WGPALF_WPAL1K-T1,69/13.8 kV Transformador Palamara Grupo1,ElmTr2,0,,,,0
P14,WINCAF-WINCAK-T2,69/12.5 kV INCA km 22 T2,ElmTr2,-1,,,,0
P14,WEMA3F_WEMB3K-T1,66/13.8 kV Transformador EDM3,ElmTr2,0,,,,0
P14,WMPALF_WMPALK-T1,69/34.5 kV Transformador Mata de Palma,ElmTr2,8,,,,0
P14,WMARTF_WMARTK-T1,69/34.5 kV Transformador Martí,ElmTr2,3,,,,0
P14,WHNS1F_WMARAK-T1,69/13.8 kV Transformador Maranatha,ElmTr2,0,,,,0
P14,WINCAF-WINCAK-T1,69/12.5 kV INCA km 22 T1,ElmTr2,0,,,,0
P14,WJSAUD_WJSAUE-T1,345/138 kV Transformador 1 Julio Sauri,ElmTr2,14,,,,0
P14,WJSAUD_WJSAUE-T2,345/138 kV Transformador 2 Julio Sauri,ElmTr2,9,,,,0
P14,WNARAD_WNARAE-T2,345/138 kV Transformador 2 El Naranjo,ElmTr2,6,,,,0
P14,WNARAD_WNARAE-T1,345/138 kV Transformador 1 El Naranjo,ElmTr2,6,,,,0
P14,WQU11D_WQU21K-T1,230/13.8 kV Transformador Quisqueya 2 G1,ElmTr2,0,,,,0
P14,WQU11D_WQU22K-T2,230/13.8 kV Transformador Quisqueya 2 G2,ElmTr2,0,,,,0
P14,WQU11D_WQU23K-T3,230/13.8 kV Transformador Quisqueya 2 G3,ElmTr2,0,,,,0
P14,WQUISD_WQ1SPK-T1,230/13.8 kV Transformador Q1 San Pedro,ElmTr2,0,,,,0
P14,WQU21D_WQU12K-T2,230/13.8 kV Transformador Quisqueya 1 G2,ElmTr2,0,,,,0
P14,WQU21D_WQU13K-T3,230/13.8 kV Transformador Quisqueya 1 G3,ElmTr2,0,,,,0
P14,WPVDCD_WPVD1K-T1,230/34.5 kV Transformador 1 PVDC,ElmTr2,0,,,,0
P14,WPVDCD_WPVD2K-T1,230/34.5 kV Transformador 2 PVDC,ElmTr2,0,,,,0
P14,WPCA2D_WPCA1K-T1,345/22 kV Transformador Punta Catalina 1,ElmTr2,3,,,,0
P14,WPCA2D_WPCA2K-T1,345/22 kV Transformador Punta Catalina 2,ElmTr2,3,,,,0
P14,WBON3D_WBON3C-T1,345/230 kV Transformador 2 Bonao 3,ElmTr2,22,,,,0
P14,WBON3C_WBON3E-T2,230/138 kV Transformador 2 Bonao 3,ElmTr2,13,,,,0
P14,WGUERD_WGUERE-T1,345/138 kV Transformador 1 Guerra,ElmTr2,6,,,,0
P14,WGUERD_WGUERE-T2,345/138 kV Transformador 2 Guerra,ElmTr2,6,,,,0
P14,WSESTE_WSES1K-T1,138/13.8 kV Transformador Sultana Este 1,ElmTr2,0,,,,0
P14,WSESTE_WSES2K-T1,138/13.8 kV Transformador Sultana Este 2,ElmTr2,-2,,,,1
P14,WSESTE_WSES3K-T1,138/13.8 kV Transformador Sultana Este 3,ElmTr2,-10,,,,1
P14,WLROME_WLROMF-T1,138/69 kV Transformador La Romana,ElmTr2,13,,,,0
P14,WSPM2E_WCES3K-T1,138/13.8 kV Transformador CESPM 3,ElmTr2,0,,,,0
P14,WSPM2E_WCES2K-T1,138/13.8 kV Transformador CESPM 2,ElmTr2,0,,,,0
P14,WSPM2E_WCES1K-T1,138/13.8 kV Transformador CESPM 1,ElmTr2,0,,,,0
P14,WENE4E_WXEN4K-T1,138/13.8 kV Transformador ENERGAS 4 TG,ElmTr2,0,,,,0
P14,WENE4E_WXEV4K-T1,138/13.8 kV Transformador ENERGAS 4 TV,ElmTr2,0,,,,0
P14,WCEMEE_WCEMEK-T1,138/13.8 kV Transformador CEMEX,ElmTr2,0,,,,0
P14,WCEMEE_WCEMEK-T2,138/13.8 kV Trafo 2 CEMEX 40 MVA,ElmTr2,3,,,,0
P14,WCUMAE_WXCU1K-T1,138/34.5 kV Transformador PF Cumayasa 1,ElmTr2,0,,,,0
P14,WCUMBE_WXCU2K-T1,138/34.5 kV Transformador PF Cumayasa 2,ElmTr2,0,,,,0
P14,WCUMBE_WXCU4K-T1,138/34.5 kV Transformador PF Cumayasa 4,ElmTr2,1,,,,0
P14,WLORIE_WLORIK-T1,138/12.47 kV Transformador Los Orígenes,ElmTr2,1,,,,0
P14,WSPBEE_WSPB1K-T1,138/13.8 kV Transformador SP Bio-Energy,ElmTr2,5,,,,0
P14,WSPMAE_WSPMAF-T1,138/69 kV Transformador SPM,ElmTr2,9,,,,0
P14,WHMA2E_WHMA2F-T1,138/69 kV Transformador Hato Mayor 2,ElmTr2,11,,,,0
P14,WESOCE_WESOCK-T1,138/34.5 kV Transformador PS El Soco,ElmTr2,0,,,,0
P14,WCOTOE_WCSO1K-T1,138/34.5 kV Cotoperí T1,ElmTr2,0,,,,0
P14,WCOTOE_WCSO2K-T1,138/34.5 kV Cotoperí T2,ElmTr2,0,,,,0
P14,WCOTOE_WCSO3K-T1,138/34.5 kV Cotoperí T3,ElmTr2,0,,,,0
P14,WCOAPE_WCOA1K-T1,138/34.5 kV Transformador PF Coastal T1,ElmTr2,0,,,,0
P14,WCOAPE_WCOA2K-T1,138/34.5 kV Transformador PF Coastal T2,ElmTr2,0,,,,0
P14,WZSANE_WZSANF-T1,138/69 kV Transformador ZF Santiago,ElmTr2,9,,,,0
P14,WBON2E_WBON2F-T1,138/69 kV Transformador Bonao 2,ElmTr2,12,,,,0
P14,WZMONK_WCEMOK-T1,13.8/4.16 kV Transformador CE Monción,ElmTr2,0,,,,0
P14,WMONCE_WMONCK-T2,138/13.8 kV Transformador Monción 2,ElmTr2,2,,,,0
P14,WMONCE_WMONCK-T1,138/13.8 kV Transformador Monción 1,ElmTr2,2,,,,0
P14,WMONCK_WZMONK-T1,13.8/4.16 kV Transformador Zona Monción,ElmTr2,0,,,,0
P14,WPIMEE_WPIM3K-T1,138/13.8 kV Trafo Pimentel Grupo 3,ElmTr2,1,,,,0
P14,WPIMEE_WPIM2K-T1,138/13.8 kV Trafo Pimentel Grupo 2,ElmTr2,1,,,,0
P14,WPIMEE_WPIM1K-T1,138/13.8 kV Trafo Pimentel Grupo 1,ElmTr2,1,,,,0
P14,WCANAE_WCANBF-T2,138/69 kV Transformador 2 Canabacoa,ElmTr2,14,,,,0
P14,WCANAE_WCANBF-T1,138/69 kV Transformador Canabacoa,ElmTr2,16,,,,0
P14,WPPL2E_WPPL2F-T1,138/69 kV Trafo Puerto Plata 2,ElmTr2,15,,,,0
P14,WNAG2E_WNAG2F-T1,138/69 kV Transformador Nagua 2,ElmTr2,14,,,,0
P14,WLANGE_WLANGK-T1,138/13.8 Transformador López Angostura,ElmTr2,0,,,,0
P14,WFALCE_WFALCK-T1,138/34.5 kV Transformador FALCONDO,ElmTr2,5,,,,1
P14,WTAVBE_WBAI1K-T1,12.47/0.44 kV Transfomador 1 Baiguaque,ElmTr2,-3,,,,0
P14,WTAVBE_WBAI2K-T1,34.5/12.47 kV Trafo Jánico,ElmTr2,-3,,,,0
P14,WTAVBE_WTAV2K-T1,138/13.8 kV Transformador Tavera 2,ElmTr2,2,,,,0
P14,WTAVEE_WTAV1K-T1,138/13.8 kV Transformador Tavera 1,ElmTr2,2,,,,0
P14,WFALCF_WFALCK-T1,69/34.5 kV Transformador FALCONDO,ElmTr2,3,,,,1
P14,WSAJ1E_WSAJOK-T1,138/34.5 kV Transformador PF SAJOMA,ElmTr2,0,,,,0
P14,WGUAYE_WPFM1K-T1,138/20 kV Trafo Monte Cristi Solar G1,ElmTr2,3,,,,0
P14,WGUAYE_WPFM2K-T1,138/20 kV Trafo Monte Cristi Solar G2,ElmTr2,3,,,,0
P14,WACLAE_WACLAK-T1,138/34.5 kV Transformador Agua Clara,ElmTr2,2,,,,0
P14,WGNLLE_WGNLLK-T1,138/34.5 kV Transformador Guanillo,ElmTr2,0,,,,0
P14,WSFMAE_WSFMAF-T1,138/69 kV Transformador SFM,ElmTr2,14,,,,0
P14,WLGUZE_WLGUZK-T1,138/34.5 kV Trafo Los Guzmancito,ElmTr2,0,,,,0
P14,WLGUZE_WLGU2K-T1,138/34.5 kV Trafo 2 Guzmancito,ElmTr2,0,,,,0
P14,WMAT1E_WXMATK-T1,138/34.5 kV Transformador MATRISOL,ElmTr2,10,,,,0
P14,WESP1E_WXPS1K-T1,138/34.5 kV Transformador PS Esperanza,ElmTr2,-2,,,,0
P14,WPIMEE_WXPI4K-T1,138/13.8 kV Pimentel 4 T1,ElmTr2,0,,,,0
P14,WTAV2E_WTAVEK-T1,138/34.5 kV Tavera T1,ElmTr2,0,,,,0
P14,WLTOBF_WLTO1K-T1,69/6.9 kV Transformador Los Toros,ElmTr2,0,,,,0
P14,WSYEGF_WSYEGK-T1,69/13.8 kV Transformador Sabana Yegua,ElmTr2,1,,,,0
P14,WSABAF_WSABAK-T1,69/12.5 kV Transformador Sabaneta,ElmTr2,1,,,,0
P14,WMAGUF_WMAGUK-T1,69/22 kV Transformador Magueyal,ElmTr2,0,,,,0
P14,WLDAMF_WLDAMK-T1,69/12.5 kV Transformador Las Damas,ElmTr2,-1,,,,0
P14,WDRODK_WDRODL-T1,12.47/4.16 kV Trafo Domingo Rodríguez,ElmTr2,0,,,,0
P14,WDRODF_WDRODK-T1,69/12.47 kV Trafo Domingo Rodríguez,ElmTr2,0,,,,0
P14,WSCANF_WSCANK-T1,69/34.5 kV Transformador Canoa Solar,ElmTr2,-1,,,,0
P14,WYAGUF_WXNNAK-T1,69/12.47 kV Nizao-Najayo T1,ElmTr2,0,,,,0
P14,WPIZDF_WXLANK-T1,69/12.47 kV Pizarrete Distribución T1,ElmTr2,0,,,,0
P14,WLUCIF_WXLUCK-T1,69/34.5 kV PF Lucila T1,ElmTr2,2,,,,0
P14,WKQAZE_WKQAZF-T1,138/69 kV Transformador km 15 de Azua,ElmTr2,9,,,,0
P14,WHAINE_WHAIGK-T1,138/13.8 kV Transformador Haina TG,ElmTr2,-1,,,,0
P14,WHAINE_WHAINF-T1,138/69 kV Transformador Haina,ElmTr2,8,,,,0
P14,WVALDE_WVAL2K-T1,138/13.8 kV Transformador Valdesia 2,ElmTr2,1,,,,0
P14,WVALDE_WVAL1K-T1,138/13.8 kV Transformador Valdesia 1,ElmTr2,1,,,,0
P14,WVALDE_WLBARK-T1,138/13.8 kV Transformador Las Barias,ElmTr2,7,,,,0
P14,WBCARE_WBARCK-T1,138/13.8 kV Transformado Barahona Carbón,ElmTr2,-2,,,,0
P14,WBCARE_WBCARF-T1,138/69 kV Transformador Barahona Carbón,ElmTr2,2,,,,0
P14,WJIGUE_WJIG2K-T1,138/13.8 kV Transformador Jigüey 2,ElmTr2,0,,,,0
P14,WJIGBE_WJIG1K-T1,138/13.8 kV Transformador Jigüey 1,ElmTr2,0,,,,0
P14,WAGUBE_WAGU2K-T1,138/13.8 kV Transformador Aguacate 2,ElmTr2,2,,,,0
P14,WAGUAE_WAGU1K-T1,138/13.8 kV Transformador Aguacate 1,ElmTr2,2,,,,0
P14,WMRIOE_WMRI3K-T1,138/13.8 kV Transformador Monte Río G3,ElmTr2,-2,,,,0
P14,WMRIOE_WMRI2K-T1,138/13.8 kV Transformador Monte Río G2,ElmTr2,-2,,,,0
P14,WMRIOE_WMRI1K-T1,138/13.8 kV Transformador Monte Río G1,ElmTr2,-2,,,,0
P14,WITABE_WITA1K-T1,138/13.8 kV Transformador Itabo 1,ElmTr2,-2,,,,0
P14,WITABE_WITA2K-T1,138/13.8 kV Transformador Itabo 2,ElmTr2,-2,,,,0
P14,WITAGE_WSLORK-T1,138/13.8 kV Transformador San Lorenzo,ElmTr2,-2,,,,0
P14,WLCOCE_WLCOCK-T1,138/34.5 kV Transformador 1 Los Cocos,ElmTr2,0,,,,0
P14,WLCOCE_WLCOCK-T2,138/34.5 kV Transformador 2 Los Cocos,ElmTr2,0,,,,0
P14,WLCOCE_WLCOCK-T3,138/34.5 kV Transformador 3 Los Cocos,ElmTr2,0,,,,0
P14,WLCOCE_WLCOCK-T4,138/34.5 kV Transformador 4 Los Cocos,ElmTr2,0,,,,0
P14,WPLM1E_WPLM1K-T1,138/13.8 kV Transformador Palomino 1,ElmTr2,0,,,,0
P14,WPLM2E_WPLM2K-T1,138/13.8 kV Transformador Palomino 2,ElmTr2,0,,,,0
P14,WPAK2E_WXPA1K-T1,154/11 kV Transformador 1 Powership Azua,ElmTr2,-8,,,,0
P14,WPAK2E_WXPA2K-T1,154/11 kV Transformador 2 Powership Azua,ElmTr2,-8,,,,0
P14,WPAK6E_WXPA3K-T1,154/15 kV Transformador 1 Powership Azua,ElmTr2,-6,,,,0
P14,WPALBE_WPAQ2K-T1,138/4.16 kV Transformador 1 Palenque,ElmTr2,-1,,,,0
P14,WPALBE_WPAQ2K-T2,138/4.16 kV Transformador 2 Palenque,ElmTr2,0,,,,0
P14,WCC21E_WCCA2F-T1,138/69 kV Transformado Cruce de Cabral 2,ElmTr2,7,,,,0
P14,WSJU2E_WSJU2F-T1,138/69 kV Transformador San Juan 2,ElmTr2,9,,,,0
P14,WPIZAE_WPIZAF-T1,138/69 kV Transformador 1 Pizarrete,ElmTr2,8,,,,0
P14,WMTFNE_WMTFNK-T1,138/34.5 kV Transformador Matafongo,ElmTr2,0,,,,0
P14,WBAYAE_WBAYAK-T1,138/34.5 kV Transformador Bayasol,ElmTr2,0,,,,0
P14,WGIRAE_WGIRAK-T1,138/34.5 kV Transformador 1 Girasol,ElmTr2,0,,,,0
P14,WGIRAE_WGIRAK-T2,138/34.5 kV Transformador 2 Girasol,ElmTr2,0,,,,0
P14,WSANTE_WSANTK-T1,138/34.5 kV Transformador Santanasol,ElmTr2,0,,,,0
P14,WCALAE_WXCA1K-T1,138/34.5 kV Transformador PF Calabaza 1,ElmTr2,-8,,,,0
P14,WKQA1E_WPES1K-T1,138/34.5 kV Transformador Peravia Solar,ElmTr2,11,,,,0
P14,WKQA1E_WPES2K-T1,138/34.5 kV Transformador Peravia Sola2,ElmTr2,11,,,,0
P14,WMETEE_WMETEF-T1,138/69 kV S/E Móvil ETED,ElmTr2,14,,,,0
P14,WPAK5E_WXPA4K-T1,154/11 kV Powership Azua KPS56 T1,ElmTr2,10,,,,0
P14,WAHO1E_WAHONF-T1,138/69 kV Transformador Arroyo Hondo,ElmTr2,11,,,,0
P14,WHERRE_WHNVAF-T1,138/69 kV Transformador Herrera,ElmTr2,16,,,,0
P14,WDJAOE_WDJAOF-T1,138/69 kV Transformador Dajao,ElmTr2,3,,,,0
P14,WBCHIE_WBCHIF-T1,138/69 kV Transformador Boca Chica,ElmTr2,8,,,,0
P14,WHNSAE_WHNSAF-T1,138/69 kV Transformador Hainamosa,ElmTr2,10,,,,0
P14,WVDUAE_WVDUAF-T1,138/69 kV Transformador Villa Duarte,ElmTr2,3,,,,0
P14,WLMI6E_WLMI6K-T1,138/13.8 kV Transformador Los Mina 6,ElmTr2,2,,,,0
P14,WAANDE_WAANVK-T1,138/13.8 kV Transformador AES Andrés TV,ElmTr2,2,,,,0
P14,WAANDE_WAANGK-T1,138/19 kV Transformador AES Andrés TG,ElmTr2,2,,,,0
P14,WAANDE_WXBAAK-T1,138/4.16 kV BESS AES Andrés T1,ElmTr2,0,,,,0
P14,WMETAE_WMETAK-T1,138/13.2 kV Transformador METALDOM,ElmTr2,0,,,,0
P14,WTIM2E_WTIM2F-T1,138/69 kV Transformador Timbeque 2,ElmTr2,17,,,,0
P14,WLMI5E_WLMI5K-T1,138/13.8 kV Transformador Los Mina 5,ElmTr2,2,,,,0
P14,WPALAE_WPALBF-T1,138/69 kV Transformador 1 Palamara,ElmTr2,8,,,,0
P14,WPALAE_WPALAF-T1,138/69 kV Transformador 2 Palamara,ElmTr2,5,,,,0
P14,WEMA2E_WEMA2K-T1,138/13.8 kV Transformador EDM2,ElmTr2,0,,,,0
P14,WMP2AE_WXWC2K-T1,138/34.5 kV Transformador WCSP 2,ElmTr2,0,,,,0
P14,WMP2BE_WXWC3K-T1,138/34.5 kV Transformador WCSP 3,ElmTr2,0,,,,0
P14,WLMI7E_WLMI7K-T1,138/13.8 kV Transformador Los Mina 7,ElmTr2,2,,,,0
P14,WMETRE_WMETRF-T2,138/69 kV Transformador Metropolitano 2,ElmTr2,8,,,,0
P14,WHNS1E_WLVICK-T1,138/34.5 kV Transformador La Victoria,ElmTr2,0,,,,0
P14,WMIRAE_WMIRAK-T1,138/34.5 kV Transformador Mirasol,ElmTr2,0,,,,0
P14,WSIBAE_WXSI1K-T1,138/13.8 kV Trafo SIBA Grupo 1,ElmTr2,-2,,,,0
P14,WSIBAE_WXSI2K-T1,138/13.8 kV Trafo SIBA Grupo 2,ElmTr2,-2,,,,0
P14,WSIBAE_WXSI3K-T1,138/13.8 kV Trafo SIBA Grupo 3,ElmTr2,-2,,,,0
P14,WSIBAE_WXSI4K-T1,138/13.8 kV Trafo SIBA Grupo 4,ElmTr2,-2,,,,0
P14,WSIBBE_WXSI5K-T1,138/13.8 kV Trafo SIBA Grupo 5,ElmTr2,-2,,,,0
P14,WSIBAE_WXSI6K-T1,138/13.8 kV Trafo SIBA Grupo 6,ElmTr2,-2,,,,0
P14,WLMI6E_WXSALMK-T1,138/4.16 kV SA Parque Energ. Los Mina,ElmTr2,0,,,,0
P14,WPINAF_WPIN2K-T1,69/13.8 kV Transformador Pinalito 2,ElmTr2,0,,,,0
P14,WPINAF_WPIN1K-T1,69/13.8 kV Transformador Pinalito 1,ElmTr2,0,,,,0
P14,WRBLAF_WRBL2K-T1,69/13.8 kV Transformador Río Blanco 2,ElmTr2,1,,,,0
P14,WRBLAF_WRBL1K-T1,69/13.8 kV Transformador Río Blanco 1,ElmTr2,1,,,,0
P14,WRINCF_WRINCK-T1,69/12.5 kV Transformador Rincón,ElmTr2,0,,,,0
P14,WNAGUF_WRJCRK-T1,69/4.16 kV Transformador Rosa Julia Cruz,ElmTr2,0,,,,0
P14,WCONSF_WESALK-T1,69/12.5 kV Transformador El Salto,ElmTr2,0,,,,0
P14,WGVEBF_WLVE1K-T1,69/13.8 kV Transformador La Vega Grupo 1,ElmTr2,4,,,,0
P14,WGVEGF_WLVE2K-T1,69/13.8 kV Transformador La Vega Grupo 2,ElmTr2,4,,,,0
P14,WBPERF_WAVA1K-T1,69/12.5 kV Transformador Aniana Vargas,ElmTr2,0,,,,0
P14,WJIMEF_WJIMEK-T1,69/12.5 kV Transformador Jimenoa,ElmTr2,0,,,,0
P14,WHATIF_WHATIK-T1,69/12.5 kV Transformador Hatillo 1,ElmTr2,2,,,,0
P14,WHATIF_WHAT2K-T1,69/12.5 kV Transformador Hatillo 2,ElmTr2,0,,,,0
P14,WBDERF_WBDERK-T1,69/13.8 kV Transformador Brazo Derecho,ElmTr2,0,,,,0
P14,WPDORE_WPDORF-T1,138/69 kV Trafo Playa Dorada,ElmTr2,12,,,,0
P14,WEMA3F_WEMA3K-T1,66/13.8/13.8 kV Transformador EDM3,ElmTr3,,0,0,0,0
P14,WSFELE_WSFEGK-T1,138/13.8 kV Transformador San Felipe,ElmTr3,,-1,0,0,1
P14,WMETRE_WMETRF-T1,138/69 kV Transformador Metropolitano,ElmTr3,,0,0,0,1
P15,WMPSOF_WMPSOK-T1,69/20 kV Transformador Monte Plata Solar,ElmTr2,0,,,,0
P15,WGPALF_WPAL3K-T1,69/13.8 kV Transformador Palamara Grupo3,ElmTr2,0,,,,0
P15,WGPALF_WPAL2K-T1,69/13.8 kV Transformador Palamara Grupo2,ElmTr2,0,,,,0
P15,WGPALF_WPAL1K-T1,69/13.8 kV Transformador Palamara Grupo1,ElmTr2,0,,,,0
P15,WINCAF-WINCAK-T2,69/12.5 kV INCA km 22 T2,ElmTr2,-1,,,,0
P15,WEMA3F_WEMB3K-T1,66/13.8 kV Transformador EDM3,ElmTr2,0,,,,0
P15,WMPALF_WMPALK-T1,69/34.5 kV Transformador Mata de Palma,ElmTr2,8,,,,0
P15,WMARTF_WMARTK-T1,69/34.5 kV Transformador Martí,ElmTr2,3,,,,0
P15,WHNS1F_WMARAK-T1,69/13.8 kV Transformador Maranatha,ElmTr2,0,,,,0
P15,WINCAF-WINCAK-T1,69/12.5 kV INCA km 22 T1,ElmTr2,0,,,,0
P15,WJSAUD_WJSAUE-T1,345/138 kV Transformador 1 Julio Sauri,ElmTr2,11,,,,0
P15,WJSAUD_WJSAUE-T2,345/138 kV Transformador 2 Julio Sauri,ElmTr2,11,,,,0
P15,WNARAD_WNARAE-T2,345/138 kV Transformador 2 El Naranjo,ElmTr2,5,,,,0
P15,WNARAD_WNARAE-T1,345/138 kV Transformador 1 El Naranjo,ElmTr2,5,,,,0
P15,WQU11D_WQU21K-T1,230/13.8 kV Transformador Quisqueya 2 G1,ElmTr2,0,,,,0
P15,WQU11D_WQU22K-T2,230/13.8 kV Transformador Quisqueya 2 G2,ElmTr2,0,,,,0
P15,WQU11D_WQU23K-T3,230/13.8 kV Transformador Quisqueya 2 G3,ElmTr2,0,,,,0
P15,WQUISD_WQ1SPK-T1,230/13.8 kV Transformador Q1 San Pedro,ElmTr2,0,,,,0
P15,WQU21D_WQU12K-T2,230/13.8 kV Transformador Quisqueya 1 G2,ElmTr2,0,,,,0
P15,WQU21D_WQU13K-T3,230/13.8 kV Transformador Quisqueya 1 G3,ElmTr2,0,,,,0
P15,WPVDCD_WPVD1K-T1,230/34.5 kV Transformador 1 PVDC,ElmTr2,0,,,,0
P15,WPVDCD_WPVD2K-T1,230/34.5 kV Transformador 2 PVDC,ElmTr2,0,,,,0
P15,WPCA2D_WPCA1K-T1,345/22 kV Transformador Punta Catalina 1,ElmTr2,3,,,,0
P15,WPCA2D_WPCA2K-T1,345/22 kV Transformador Punta Catalina 2,ElmTr2,3,,,,0
P15,WBON3D_WBON3C-T1,345/230 kV Transformador 2 Bonao 3,ElmTr2,19,,,,0
P15,WBON3C_WBON3E-T2,230/138 kV Transformador 2 Bonao 3,ElmTr2,4,,,,0
P15,WGUERD_WGUERE-T1,345/138 kV Transformador 1 Guerra,ElmTr2,4,,,,0
P15,WGUERD_WGUERE-T2,345/138 kV Transformador 2 Guerra,ElmTr2,4,,,,0
P15,WSESTE_WSES1K-T1,138/13.8 kV Transformador Sultana Este 1,ElmTr2,0,,,,0
P15,WSESTE_WSES2K-T1,138/13.8 kV Transformador Sultana Este 2,ElmTr2,-2,,,,1
P15,WSESTE_WSES3K-T1,138/13.8 kV Transformador Sultana Este 3,ElmTr2,-10,,,,1
P15,WLROME_WLROMF-T1,138/69 kV Transformador La Romana,ElmTr2,13,,,,0
P15,WSPM2E_WCES3K-T1,138/13.8 kV Transformador CESPM 3,ElmTr2,0,,,,0
P15,WSPM2E_WCES2K-T1,138/13.8 kV Transformador CESPM 2,ElmTr2,0,,,,0
P15,WSPM2E_WCES1K-T1,138/13.8 kV Transformador CESPM 1,ElmTr2,0,,,,0
P15,WENE4E_WXEN4K-T1,138/13.8 kV Transformador ENERGAS 4 TG,ElmTr2,0,,,,0
P15,WENE4E_WXEV4K-T1,138/13.8 kV Transformador ENERGAS 4 TV,ElmTr2,0,,,,0
P15,WCEMEE_WCEMEK-T1,138/13.8 kV Transformador CEMEX,ElmTr2,0,,,,0
P15,WCEMEE_WCEMEK-T2,138/13.8 kV Trafo 2 CEMEX 40 MVA,ElmTr2,3,,,,0
P15,WCUMAE_WXCU1K-T1,138/34.5 kV Transformador PF Cumayasa 1,ElmTr2,0,,,,0
P15,WCUMBE_WXCU2K-T1,138/34.5 kV Transformador PF Cumayasa 2,ElmTr2,0,,,,0
P15,WCUMBE_WXCU4K-T1,138/34.5 kV Transformador PF Cumayasa 4,ElmTr2,1,,,,0
P15,WLORIE_WLORIK-T1,138/12.47 kV Transformador Los Orígenes,ElmTr2,1,,,,0
P15,WSPBEE_WSPB1K-T1,138/13.8 kV Transformador SP Bio-Energy,ElmTr2,5,,,,0
P15,WSPMAE_WSPMAF-T1,138/69 kV Transformador SPM,ElmTr2,10,,,,0
P15,WHMA2E_WHMA2F-T1,138/69 kV Transformador Hato Mayor 2,ElmTr2,11,,,,0
P15,WESOCE_WESOCK-T1,138/34.5 kV Transformador PS El Soco,ElmTr2,0,,,,0
P15,WCOTOE_WCSO1K-T1,138/34.5 kV Cotoperí T1,ElmTr2,0,,,,0
P15,WCOTOE_WCSO2K-T1,138/34.5 kV Cotoperí T2,ElmTr2,0,,,,0
P15,WCOTOE_WCSO3K-T1,138/34.5 kV Cotoperí T3,ElmTr2,0,,,,0
P15,WCOAPE_WCOA1K-T1,138/34.5 kV Transformador PF Coastal T1,ElmTr2,0,,,,0
P15,WCOAPE_WCOA2K-T1,138/34.5 kV Transformador PF Coastal T2,ElmTr2,0,,,,0
P15,WZSANE_WZSANF-T1,138/69 kV Transformador ZF Santiago,ElmTr2,9,,,,0
P15,WBON2E_WBON2F-T1,138/69 kV Transformador Bonao 2,ElmTr2,12,,,,0
P15,WZMONK_WCEMOK-T1,13.8/4.16 kV Transformador CE Monción,ElmTr2,0,,,,0
P15,WMONCE_WMONCK-T2,138/13.8 kV Transformador Monción 2,ElmTr2,2,,,,0
P15,WMONCE_WMONCK-T1,138/13.8 kV Transformador Monción 1,ElmTr2,2,,,,0
P15,WMONCK_WZMONK-T1,13.8/4.16 kV Transformador Zona Monción,ElmTr2,0,,,,0
P15,WPIMEE_WPIM3K-T1,138/13.8 kV Trafo Pimentel Grupo 3,ElmTr2,1,,,,0
P15,WPIMEE_WPIM2K-T1,138/13.8 kV Trafo Pimentel Grupo 2,ElmTr2,1,,,,0
P15,WPIMEE_WPIM1K-T1,138/13.8 kV Trafo Pimentel Grupo 1,ElmTr2,1,,,,0
P15,WCANAE_WCANBF-T2,138/69 kV Transformador 2 Canabacoa,ElmTr2,12,,,,0
P15,WCANAE_WCANBF-T1,138/69 kV Transformador Canabacoa,ElmTr2,16,,,,0
P15,WPPL2E_WPPL2F-T1,138/69 kV Trafo Puerto Plata 2,ElmTr2,16,,,,0
P15,WNAG2E_WNAG2F-T1,138/69 kV Transformador Nagua 2,ElmTr2,14,,,,0
P15,WLANGE_WLANGK-T1,138/13.8 Transformador López Angostura,ElmTr2,0,,,,0
P15,WFALCE_WFALCK-T1,138/34.5 kV Transformador FALCONDO,ElmTr2,5,,,,1
P15,WTAVBE_WBAI1K-T1,12.47/0.44 kV Transfomador 1 Baiguaque,ElmTr2,-3,,,,0
P15,WTAVBE_WBAI2K-T1,34.5/12.47 kV Trafo Jánico,ElmTr2,-3,,,,0
P15,WTAVBE_WTAV2K-T1,138/13.8 kV Transformador Tavera 2,ElmTr2,2,,,,0
P15,WTAVEE_WTAV1K-T1,138/13.8 kV Transformador Tavera 1,ElmTr2,2,,,,0
P15,WFALCF_WFALCK-T1,69/34.5 kV Transformador FALCONDO,ElmTr2,3,,,,1
P15,WSAJ1E_WSAJOK-T1,138/34.5 kV Transformador PF SAJOMA,ElmTr2,0,,,,0
P15,WGUAYE_WPFM1K-T1,138/20 kV Trafo Monte Cristi Solar G1,ElmTr2,3,,,,0
P15,WGUAYE_WPFM2K-T1,138/20 kV Trafo Monte Cristi Solar G2,ElmTr2,3,,,,0
P15,WACLAE_WACLAK-T1,138/34.5 kV Transformador Agua Clara,ElmTr2,2,,,,0
P15,WGNLLE_WGNLLK-T1,138/34.5 kV Transformador Guanillo,ElmTr2,0,,,,0
P15,WSFMAE_WSFMAF-T1,138/69 kV Transformador SFM,ElmTr2,14,,,,0
P15,WLGUZE_WLGUZK-T1,138/34.5 kV Trafo Los Guzmancito,ElmTr2,0,,,,0
P15,WLGUZE_WLGU2K-T1,138/34.5 kV Trafo 2 Guzmancito,ElmTr2,0,,,,0
P15,WMAT1E_WXMATK-T1,138/34.5 kV Transformador MATRISOL,ElmTr2,10,,,,0
P15,WESP1E_WXPS1K-T1,138/34.5 kV Transformador PS Esperanza,ElmTr2,-2,,,,0
P15,WPIMEE_WXPI4K-T1,138/13.8 kV Pimentel 4 T1,ElmTr2,0,,,,0
P15,WTAV2E_WTAVEK-T1,138/34.5 kV Tavera T1,ElmTr2,0,,,,0
P15,WLTOBF_WLTO1K-T1,69/6.9 kV Transformador Los Toros,ElmTr2,0,,,,0
P15,WSYEGF_WSYEGK-T1,69/13.8 kV Transformador Sabana Yegua,ElmTr2,1,,,,0
P15,WSABAF_WSABAK-T1,69/12.5 kV Transformador Sabaneta,ElmTr2,1,,,,0
P15,WMAGUF_WMAGUK-T1,69/22 kV Transformador Magueyal,ElmTr2,0,,,,0
P15,WLDAMF_WLDAMK-T1,69/12.5 kV Transformador Las Damas,ElmTr2,-1,,,,0
P15,WDRODK_WDRODL-T1,12.47/4.16 kV Trafo Domingo Rodríguez,ElmTr2,0,,,,0
P15,WDRODF_WDRODK-T1,69/12.47 kV Trafo Domingo Rodríguez,ElmTr2,0,,,,0
P15,WSCANF_WSCANK-T1,69/34.5 kV Transformador Canoa Solar,ElmTr2,-1,,,,0
P15,WYAGUF_WXNNAK-T1,69/12.47 kV Nizao-Najayo T1,ElmTr2,0,,,,0
P15,WPIZDF_WXLANK-T1,69/12.47 kV Pizarrete Distribución T1,ElmTr2,0,,,,0
P15,WLUCIF_WXLUCK-T1,69/34.5 kV PF Lucila T1,ElmTr2,2,,,,0
P15,WKQAZE_WKQAZF-T1,138/69 kV Transformador km 15 de Azua,ElmTr2,7,,,,0
P15,WHAINE_WHAIGK-T1,138/13.8 kV Transformador Haina TG,ElmTr2,-1,,,,0
P15,WHAINE_WHAINF-T1,138/69 kV Transformador Haina,ElmTr2,8,,,,0
P15,WVALDE_WVAL2K-T1,138/13.8 kV Transformador Valdesia 2,ElmTr2,1,,,,0
P15,WVALDE_WVAL1K-T1,138/13.8 kV Transformador Valdesia 1,ElmTr2,1,,,,0
P15,WVALDE_WLBARK-T1,138/13.8 kV Transformador Las Barias,ElmTr2,7,,,,0
P15,WBCARE_WBARCK-T1,138/13.8 kV Transformado Barahona Carbón,ElmTr2,-2,,,,0
P15,WBCARE_WBCARF-T1,138/69 kV Transformador Barahona Carbón,ElmTr2,2,,,,0
P15,WJIGUE_WJIG2K-T1,138/13.8 kV Transformador Jigüey 2,ElmTr2,0,,,,0
P15,WJIGBE_WJIG1K-T1,138/13.8 kV Transformador Jigüey 1,ElmTr2,0,,,,0
P15,WAGUBE_WAGU2K-T1,138/13.8 kV Transformador Aguacate 2,ElmTr2,2,,,,0
P15,WAGUAE_WAGU1K-T1,138/13.8 kV Transformador Aguacate 1,ElmTr2,2,,,,0
P15,WMRIOE_WMRI3K-T1,138/13.8 kV Transformador Monte Río G3,ElmTr2,-2,,,,0
P15,WMRIOE_WMRI2K-T1,138/13.8 kV Transformador Monte Río G2,ElmTr2,-2,,,,0
P15,WMRIOE_WMRI1K-T1,138/13.8 kV Transformador Monte Río G1,ElmTr2,-2,,,,0
P15,WITABE_WITA1K-T1,138/13.8 kV Transformador Itabo 1,ElmTr2,-2,,,,0
P15,WITABE_WITA2K-T1,138/13.8 kV Transformador Itabo 2,ElmTr2,-2,,,,0
P15,WITAGE_WSLORK-T1,138/13.8 kV Transformador San Lorenzo,ElmTr2,-2,,,,0
P15,WLCOCE_WLCOCK-T1,138/34.5 kV Transformador 1 Los Cocos,ElmTr2,0,,,,0
P15,WLCOCE_WLCOCK-T2,138/34.5 kV Transformador 2 Los Cocos,ElmTr2,0,,,,0
P15,WLCOCE_WLCOCK-T3,138/34.5 kV Transformador 3 Los Cocos,ElmTr2,0,,,,0
P15,WLCOCE_WLCOCK-T4,138/34.5 kV Transformador 4 Los Cocos,ElmTr2,0,,,,0
P15,WPLM1E_WPLM1K-T1,138/13.8 kV Transformador Palomino 1,ElmTr2,0,,,,0
P15,WPLM2E_WPLM2K-T1,138/13.8 kV Transformador Palomino 2,ElmTr2,0,,,,0
P15,WPAK2E_WXPA1K-T1,154/11 kV Transformador 1 Powership Azua,ElmTr2,-8,,,,0
P15,WPAK2E_WXPA2K-T1,154/11 kV Transformador 2 Powership Azua,ElmTr2,-8,,,,0
P15,WPAK6E_WXPA3K-T1,154/15 kV Transformador 1 Powership Azua,ElmTr2,-6,,,,0
P15,WPALBE_WPAQ2K-T1,138/4.16 kV Transformador 1 Palenque,ElmTr2,-1,,,,0
P15,WPALBE_WPAQ2K-T2,138/4.16 kV Transformador 2 Palenque,ElmTr2,0,,,,0
P15,WCC21E_WCCA2F-T1,138/69 kV Transformado Cruce de Cabral 2,ElmTr2,6,,,,0
P15,WSJU2E_WSJU2F-T1,138/69 kV Transformador San Juan 2,ElmTr2,8,,,,0
P15,WPIZAE_WPIZAF-T1,138/69 kV Transformador 1 Pizarrete,ElmTr2,8,,,,0
P15,WMTFNE_WMTFNK-T1,138/34.5 kV Transformador Matafongo,ElmTr2,0,,,,0
P15,WBAYAE_WBAYAK-T1,138/34.5 kV Transformador Bayasol,ElmTr2,0,,,,0
P15,WGIRAE_WGIRAK-T1,138/34.5 kV Transformador 1 Girasol,ElmTr2,0,,,,0
P15,WGIRAE_WGIRAK-T2,138/34.5 kV Transformador 2 Girasol,ElmTr2,0,,,,0
P15,WSANTE_WSANTK-T1,138/34.5 kV Transformador Santanasol,ElmTr2,0,,,,0
P15,WCALAE_WXCA1K-T1,138/34.5 kV Transformador PF Calabaza 1,ElmTr2,-8,,,,0
P15,WKQA1E_WPES1K-T1,138/34.5 kV Transformador Peravia Solar,ElmTr2,11,,,,0
P15,WKQA1E_WPES2K-T1,138/34.5 kV Transformador Peravia Sola2,ElmTr2,11,,,,0
P15,WMETEE_WMETEF-T1,138/69 kV S/E Móvil ETED,ElmTr2,14,,,,0
P15,WPAK5E_WXPA4K-T1,154/11 kV Powership Azua KPS56 T1,ElmTr2,10,,,,0
P15,WAHO1E_WAHONF-T1,138/69 kV Transformador Arroyo Hondo,ElmTr2,11,,,,0
P15,WHERRE_WHNVAF-T1,138/69 kV Transformador Herrera,ElmTr2,16,,,,0
P15,WDJAOE_WDJAOF-T1,138/69 kV Transformador Dajao,ElmTr2,4,,,,0
P15,WBCHIE_WBCHIF-T1,138/69 kV Transformador Boca Chica,ElmTr2,8,,,,0
P15,WHNSAE_WHNSAF-T1,138/69 kV Transformador Hainamosa,ElmTr2,10,,,,0
P15,WVDUAE_WVDUAF-T1,138/69 kV Transformador Villa Duarte,ElmTr2,5,,,,0
P15,WLMI6E_WLMI6K-T1,138/13.8 kV Transformador Los Mina 6,ElmTr2,2,,,,0
P15,WAANDE_WAANVK-T1,138/13.8 kV Transformador AES Andrés TV,ElmTr2,2,,,,0
P15,WAANDE_WAANGK-T1,138/19 kV Transformador AES Andrés TG,ElmTr2,2,,,,0
P15,WAANDE_WXBAAK-T1,138/4.16 kV BESS AES Andrés T1,ElmTr2,0,,,,0
P15,WMETAE_WMETAK-T1,138/13.2 kV Transformador METALDOM,ElmTr2,0,,,,0
P15,WTIM2E_WTIM2F-T1,138/69 kV Transformador Timbeque 2,ElmTr2,16,,,,0
P15,WLMI5E_WLMI5K-T1,138/13.8 kV Transformador Los Mina 5,ElmTr2,2,,,,0
P15,WPALAE_WPALBF-T1,138/69 kV Transformador 1 Palamara,ElmTr2,10,,,,0
P15,WPALAE_WPALAF-T1,138/69 kV Transformador 2 Palamara,ElmTr2,5,,,,0
P15,WEMA2E_WEMA2K-T1,138/13.8 kV Transformador EDM2,ElmTr2,0,,,,0
P15,WMP2AE_WXWC2K-T1,138/34.5 kV Transformador WCSP 2,ElmTr2,0,,,,0
P15,WMP2BE_WXWC3K-T1,138/34.5 kV Transformador WCSP 3,ElmTr2,0,,,,0
P15,WLMI7E_WLMI7K-T1,138/13.8 kV Transformador Los Mina 7,ElmTr2,2,,,,0
P15,WMETRE_WMETRF-T2,138/69 kV Transformador Metropolitano 2,ElmTr2,8,,,,0
P15,WHNS1E_WLVICK-T1,138/34.5 kV Transformador La Victoria,ElmTr2,0,,,,0
P15,WMIRAE_WMIRAK-T1,138/34.5 kV Transformador Mirasol,ElmTr2,0,,,,0
P15,WSIBAE_WXSI1K-T1,138/13.8 kV Trafo SIBA Grupo 1,ElmTr2,-2,,,,0
P15,WSIBAE_WXSI2K-T1,138/13.8 kV Trafo SIBA Grupo 2,ElmTr2,-2,,,,0
P15,WSIBAE_WXSI3K-T1,138/13.8 kV Trafo SIBA Grupo 3,ElmTr2,-2,,,,0
P15,WSIBAE_WXSI4K-T1,138/13.8 kV Trafo SIBA Grupo 4,ElmTr2,-2,,,,0
P15,WSIBBE_WXSI5K-T1,138/13.8 kV Trafo SIBA Grupo 5,ElmTr2,-2,,,,0
P15,WSIBAE_WXSI6K-T1,138/13.8 kV Trafo SIBA Grupo 6,ElmTr2,-2,,,,0
P15,WLMI6E_WXSALMK-T1,138/4.16 kV SA Parque Energ. Los Mina,ElmTr2,0,,,,0
P15,WPINAF_WPIN2K-T1,69/13.8 kV Transformador Pinalito 2,ElmTr2,0,,,,0
P15,WPINAF_WPIN1K-T1,69/13.8 kV Transformador Pinalito 1,ElmTr2,0,,,,0
P15,WRBLAF_WRBL2K-T1,69/13.8 kV Transformador Río Blanco 2,ElmTr2,1,,,,0
P15,WRBLAF_WRBL1K-T1,69/13.8 kV Transformador Río Blanco 1,ElmTr2,1,,,,0
P15,WRINCF_WRINCK-T1,69/12.5 kV Transformador Rincón,ElmTr2,0,,,,0
P15,WNAGUF_WRJCRK-T1,69/4.16 kV Transformador Rosa Julia Cruz,ElmTr2,0,,,,0
P15,WCONSF_WESALK-T1,69/12.5 kV Transformador El Salto,ElmTr2,0,,,,0
P15,WGVEBF_WLVE1K-T1,69/13.8 kV Transformador La Vega Grupo 1,ElmTr2,4,,,,0
P15,WGVEGF_WLVE2K-T1,69/13.8 kV Transformador La Vega Grupo 2,ElmTr2,4,,,,0
P15,WBPERF_WAVA1K-T1,69/12.5 kV Transformador Aniana Vargas,ElmTr2,0,,,,0
P15,WJIMEF_WJIMEK-T1,69/12.5 kV Transformador Jimenoa,ElmTr2,0,,,,0
P15,WHATIF_WHATIK-T1,69/12.5 kV Transformador Hatillo 1,ElmTr2,2,,,,0
P15,WHATIF_WHAT2K-T1,69/12.5 kV Transformador Hatillo 2,ElmTr2,0,,,,0
P15,WBDERF_WBDERK-T1,69/13.8 kV Transformador Brazo Derecho,ElmTr2,0,,,,0
P15,WPDORE_WPDORF-T1,138/69 kV Trafo Playa Dorada,ElmTr2,12,,,,0
P15,WEMA3F_WEMA3K-T1,66/13.8/13.8 kV Transformador EDM3,ElmTr3,,0,0,0,0
P15,WSFELE_WSFEGK-T1,138/13.8 kV Transformador San Felipe,ElmTr3,,-1,0,0,1
P15,WMETRE_WMETRF-T1,138/69 kV Transformador Metropolitano,ElmTr3,,0,0,0,1
P16,WMPSOF_WMPSOK-T1,69/20 kV Transformador Monte Plata Solar,ElmTr2,0,,,,0
P16,WGPALF_WPAL3K-T1,69/13.8 kV Transformador Palamara Grupo3,ElmTr2,0,,,,0
P16,WGPALF_WPAL2K-T1,69/13.8 kV Transformador Palamara Grupo2,ElmTr2,0,,,,0
P16,WGPALF_WPAL1K-T1,69/13.8 kV Transformador Palamara Grupo1,ElmTr2,0,,,,0
P16,WINCAF-WINCAK-T2,69/12.5 kV INCA km 22 T2,ElmTr2,-1,,,,0
P16,WEMA3F_WEMB3K-T1,66/13.8 kV Transformador EDM3,ElmTr2,0,,,,0
P16,WMPALF_WMPALK-T1,69/34.5 kV Transformador Mata de Palma,ElmTr2,8,,,,0
P16,WMARTF_WMARTK-T1,69/34.5 kV Transformador Martí,ElmTr2,3,,,,0
P16,WHNS1F_WMARAK-T1,69/13.8 kV Transformador Maranatha,ElmTr2,0,,,,0
P16,WINCAF-WINCAK-T1,69/12.5 kV INCA km 22 T1,ElmTr2,0,,,,0
P16,WJSAUD_WJSAUE-T1,345/138 kV Transformador 1 Julio Sauri,ElmTr2,11,,,,0
P16,WJSAUD_WJSAUE-T2,345/138 kV Transformador 2 Julio Sauri,ElmTr2,11,,,,0
P16,WNARAD_WNARAE-T2,345/138 kV Transformador 2 El Naranjo,ElmTr2,6,,,,0
P16,WNARAD_WNARAE-T1,345/138 kV Transformador 1 El Naranjo,ElmTr2,6,,,,0
P16,WQU11D_WQU21K-T1,230/13.8 kV Transformador Quisqueya 2 G1,ElmTr2,0,,,,0
P16,WQU11D_WQU22K-T2,230/13.8 kV Transformador Quisqueya 2 G2,ElmTr2,0,,,,0
P16,WQU11D_WQU23K-T3,230/13.8 kV Transformador Quisqueya 2 G3,ElmTr2,0,,,,0
P16,WQUISD_WQ1SPK-T1,230/13.8 kV Transformador Q1 San Pedro,ElmTr2,0,,,,0
P16,WQU21D_WQU12K-T2,230/13.8 kV Transformador Quisqueya 1 G2,ElmTr2,0,,,,0
P16,WQU21D_WQU13K-T3,230/13.8 kV Transformador Quisqueya 1 G3,ElmTr2,0,,,,0
P16,WPVDCD_WPVD1K-T1,230/34.5 kV Transformador 1 PVDC,ElmTr2,0,,,,0
P16,WPVDCD_WPVD2K-T1,230/34.5 kV Transformador 2 PVDC,ElmTr2,0,,,,0
P16,WPCA2D_WPCA1K-T1,345/22 kV Transformador Punta Catalina 1,ElmTr2,3,,,,0
P16,WPCA2D_WPCA2K-T1,345/22 kV Transformador Punta Catalina 2,ElmTr2,3,,,,0
P16,WBON3D_WBON3C-T1,345/230 kV Transformador 2 Bonao 3,ElmTr2,19,,,,0
P16,WBON3C_WBON3E-T2,230/138 kV Transformador 2 Bonao 3,ElmTr2,9,,,,0
P16,WGUERD_WGUERE-T1,345/138 kV Transformador 1 Guerra,ElmTr2,9,,,,0
P16,WGUERD_WGUERE-T2,345/138 kV Transformador 2 Guerra,ElmTr2,9,,,,0
P16,WSESTE_WSES1K-T1,138/13.8 kV Transformador Sultana Este 1,ElmTr2,0,,,,0
P16,WSESTE_WSES2K-T1,138/13.8 kV Transformador Sultana Este 2,ElmTr2,-2,,,,1
P16,WSESTE_WSES3K-T1,138/13.8 kV Transformador Sultana Este 3,ElmTr2,-10,,,,1
P16,WLROME_WLROMF-T1,138/69 kV Transformador La Romana,ElmTr2,13,,,,0
P16,WSPM2E_WCES3K-T1,138/13.8 kV Transformador CESPM 3,ElmTr2,0,,,,0
P16,WSPM2E_WCES2K-T1,138/13.8 kV Transformador CESPM 2,ElmTr2,0,,,,0
P16,WSPM2E_WCES1K-T1,138/13.8 kV Transformador CESPM 1,ElmTr2,0,,,,0
P16,WENE4E_WXEN4K-T1,138/13.8 kV Transformador ENERGAS 4 TG,ElmTr2,0,,,,0
P16,WENE4E_WXEV4K-T1,138/13.8 kV Transformador ENERGAS 4 TV,ElmTr2,0,,,,0
P16,WCEMEE_WCEMEK-T1,138/13.8 kV Transformador CEMEX,ElmTr2,0,,,,0
P16,WCEMEE_WCEMEK-T2,138/13.8 kV Trafo 2 CEMEX 40 MVA,ElmTr2,3,,,,0
P16,WCUMAE_WXCU1K-T1,138/34.5 kV Transformador PF Cumayasa 1,ElmTr2,0,,,,0
P16,WCUMBE_WXCU2K-T1,138/34.5 kV Transformador PF Cumayasa 2,ElmTr2,0,,,,0
P16,WCUMBE_WXCU4K-T1,138/34.5 kV Transformador PF Cumayasa 4,ElmTr2,1,,,,0
P16,WLORIE_WLORIK-T1,138/12.47 kV Transformador Los Orígenes,ElmTr2,1,,,,0
P16,WSPBEE_WSPB1K-T1,138/13.8 kV Transformador SP Bio-Energy,ElmTr2,5,,,,0
P16,WSPMAE_WSPMAF-T1,138/69 kV Transformador SPM,ElmTr2,9,,,,0
P16,WHMA2E_WHMA2F-T1,138/69 kV Transformador Hato Mayor 2,ElmTr2,11,,,,0
P16,WESOCE_WESOCK-T1,138/34.5 kV Transformador PS El Soco,ElmTr2,0,,,,0
P16,WCOTOE_WCSO1K-T1,138/34.5 kV Cotoperí T1,ElmTr2,0,,,,0
P16,WCOTOE_WCSO2K-T1,138/34.5 kV Cotoperí T2,ElmTr2,0,,,,0
P16,WCOTOE_WCSO3K-T1,138/34.5 kV Cotoperí T3,ElmTr2,0,,,,0
P16,WCOAPE_WCOA1K-T1,138/34.5 kV Transformador PF Coastal T1,ElmTr2,0,,,,0
P16,WCOAPE_WCOA2K-T1,138/34.5 kV Transformador PF Coastal T2,ElmTr2,0,,,,0
P16,WZSANE_WZSANF-T1,138/69 kV Transformador ZF Santiago,ElmTr2,9,,,,0
P16,WBON2E_WBON2F-T1,138/69 kV Transformador Bonao 2,ElmTr2,12,,,,0
P16,WZMONK_WCEMOK-T1,13.8/4.16 kV Transformador CE Monción,ElmTr2,0,,,,0
P16,WMONCE_WMONCK-T2,138/13.8 kV Transformador Monción 2,ElmTr2,2,,,,0
P16,WMONCE_WMONCK-T1,138/13.8 kV Transformador Monción 1,ElmTr2,2,,,,0
P16,WMONCK_WZMONK-T1,13.8/4.16 kV Transformador Zona Monción,ElmTr2,0,,,,0
P16,WPIMEE_WPIM3K-T1,138/13.8 kV Trafo Pimentel Grupo 3,ElmTr2,1,,,,0
P16,WPIMEE_WPIM2K-T1,138/13.8 kV Trafo Pimentel Grupo 2,ElmTr2,1,,,,0
P16,WPIMEE_WPIM1K-T1,138/13.8 kV Trafo Pimentel Grupo 1,ElmTr2,1,,,,0
P16,WCANAE_WCANBF-T2,138/69 kV Transformador 2 Canabacoa,ElmTr2,13,,,,0
P16,WCANAE_WCANBF-T1,138/69 kV Transformador Canabacoa,ElmTr2,16,,,,0
P16,WPPL2E_WPPL2F-T1,138/69 kV Trafo Puerto Plata 2,ElmTr2,14,,,,0
P16,WNAG2E_WNAG2F-T1,138/69 kV Transformador Nagua 2,ElmTr2,14,,,,0
P16,WLANGE_WLANGK-T1,138/13.8 Transformador López Angostura,ElmTr2,0,,,,0
P16,WFALCE_WFALCK-T1,138/34.5 kV Transformador FALCONDO,ElmTr2,5,,,,1
P16,WTAVBE_WBAI1K-T1,12.47/0.44 kV Transfomador 1 Baiguaque,ElmTr2,-3,,,,0
P16,WTAVBE_WBAI2K-T1,34.5/12.47 kV Trafo Jánico,ElmTr2,-3,,,,0
P16,WTAVBE_WTAV2K-T1,138/13.8 kV Transformador Tavera 2,ElmTr2,2,,,,0
P16,WTAVEE_WTAV1K-T1,138/13.8 kV Transformador Tavera 1,ElmTr2,2,,,,0
P16,WFALCF_WFALCK-T1,69/34.5 kV Transformador FALCONDO,ElmTr2,3,,,,1
P16,WSAJ1E_WSAJOK-T1,138/34.5 kV Transformador PF SAJOMA,ElmTr2,0,,,,0
P16,WGUAYE_WPFM1K-T1,138/20 kV Trafo Monte Cristi Solar G1,ElmTr2,3,,,,0
P16,WGUAYE_WPFM2K-T1,138/20 kV Trafo Monte Cristi Solar G2,ElmTr2,3,,,,0
P16,WACLAE_WACLAK-T1,138/34.5 kV Transformador Agua Clara,ElmTr2,2,,,,0
P16,WGNLLE_WGNLLK-T1,138/34.5 kV Transformador Guanillo,ElmTr2,0,,,,0
P16,WSFMAE_WSFMAF-T1,138/69 kV Transformador SFM,ElmTr2,16,,,,0
P16,WLGUZE_WLGUZK-T1,138/34.5 kV Trafo Los Guzmancito,ElmTr2,0,,,,0
P16,WLGUZE_WLGU2K-T1,138/34.5 kV Trafo 2 Guzmancito,ElmTr2,0,,,,0
P16,WMAT1E_WXMATK-T1,138/34.5 kV Transformador MATRISOL,ElmTr2,10,,,,0
P16,WESP1E_WXPS1K-T1,138/34.5 kV Transformador PS Esperanza,ElmTr2,-2,,,,0
P16,WPIMEE_WXPI4K-T1,138/13.8 kV Pimentel 4 T1,ElmTr2,0,,,,0
P16,WTAV2E_WTAVEK-T1,138/34.5 kV Tavera T1,ElmTr2,0,,,,0
P16,WLTOBF_WLTO1K-T1,69/6.9 kV Transformador Los Toros,ElmTr2,0,,,,0
P16,WSYEGF_WSYEGK-T1,69/13.8 kV Transformador Sabana Yegua,ElmTr2,1,,,,0
P16,WSABAF_WSABAK-T1,69/12.5 kV Transformador Sabaneta,ElmTr2,1,,,,0
P16,WMAGUF_WMAGUK-T1,69/22 kV Transformador Magueyal,ElmTr2,0,,,,0
P16,WLDAMF_WLDAMK-T1,69/12.5 kV Transformador Las Damas,ElmTr2,-1,,,,0
P16,WDRODK_WDRODL-T1,12.47/4.16 kV Trafo Domingo Rodríguez,ElmTr2,0,,,,0
P16,WDRODF_WDRODK-T1,69/12.47 kV Trafo Domingo Rodríguez,ElmTr2,0,,,,0
P16,WSCANF_WSCANK-T1,69/34.5 kV Transformador Canoa Solar,ElmTr2,-1,,,,0
P16,WYAGUF_WXNNAK-T1,69/12.47 kV Nizao-Najayo T1,ElmTr2,0,,,,0
P16,WPIZDF_WXLANK-T1,69/12.47 kV Pizarrete Distribución T1,ElmTr2,0,,,,0
P16,WLUCIF_WXLUCK-T1,69/34.5 kV PF Lucila T1,ElmTr2,2,,,,0
P16,WKQAZE_WKQAZF-T1,138/69 kV Transformador km 15 de Azua,ElmTr2,9,,,,0
P16,WHAINE_WHAIGK-T1,138/13.8 kV Transformador Haina TG,ElmTr2,-1,,,,0
P16,WHAINE_WHAINF-T1,138/69 kV Transformador Haina,ElmTr2,8,,,,0
P16,WVALDE_WVAL2K-T1,138/13.8 kV Transformador Valdesia 2,ElmTr2,1,,,,0
P16,WVALDE_WVAL1K-T1,138/13.8 kV Transformador Valdesia 1,ElmTr2,1,,,,0
P16,WVALDE_WLBARK-T1,138/13.8 kV Transformador Las Barias,ElmTr2,7,,,,0
P16,WBCARE_WBARCK-T1,138/13.8 kV Transformado Barahona Carbón,ElmTr2,-2,,,,0
P16,WBCARE_WBCARF-T1,138/69 kV Transformador Barahona Carbón,ElmTr2,2,,,,0
P16,WJIGUE_WJIG2K-T1,138/13.8 kV Transformador Jigüey 2,ElmTr2,0,,,,0
P16,WJIGBE_WJIG1K-T1,138/13.8 kV Transformador Jigüey 1,ElmTr2,0,,,,0
P16,WAGUBE_WAGU2K-T1,138/13.8 kV Transformador Aguacate 2,ElmTr2,2,,,,0
P16,WAGUAE_WAGU1K-T1,138/13.8 kV Transformador Aguacate 1,ElmTr2,2,,,,0
P16,WMRIOE_WMRI3K-T1,138/13.8 kV Transformador Monte Río G3,ElmTr2,-2,,,,0
P16,WMRIOE_WMRI2K-T1,138/13.8 kV Transformador Monte Río G2,ElmTr2,-2,,,,0
P16,WMRIOE_WMRI1K-T1,138/13.8 kV Transformador Monte Río G1,ElmTr2,-2,,,,0
P16,WITABE_WITA1K-T1,138/13.8 kV Transformador Itabo 1,ElmTr2,-2,,,,0
P16,WITABE_WITA2K-T1,138/13.8 kV Transformador Itabo 2,ElmTr2,-2,,,,0
P16,WITAGE_WSLORK-T1,138/13.8 kV Transformador San Lorenzo,ElmTr2,-2,,,,0
P16,WLCOCE_WLCOCK-T1,138/34.5 kV Transformador 1 Los Cocos,ElmTr2,0,,,,0
P16,WLCOCE_WLCOCK-T2,138/34.5 kV Transformador 2 Los Cocos,ElmTr2,0,,,,0
P16,WLCOCE_WLCOCK-T3,138/34.5 kV Transformador 3 Los Cocos,ElmTr2,0,,,,0
P16,WLCOCE_WLCOCK-T4,138/34.5 kV Transformador 4 Los Cocos,ElmTr2,0,,,,0
P16,WPLM1E_WPLM1K-T1,138/13.8 kV Transformador Palomino 1,ElmTr2,0,,,,0
P16,WPLM2E_WPLM2K-T1,138/13.8 kV Transformador Palomino 2,ElmTr2,0,,,,0
P16,WPAK2E_WXPA1K-T1,154/11 kV Transformador 1 Powership Azua,ElmTr2,-8,,,,0
P16,WPAK2E_WXPA2K-T1,154/11 kV Transformador 2 Powership Azua,ElmTr2,-8,,,,0
P16,WPAK6E_WXPA3K-T1,154/15 kV Transformador 1 Powership Azua,ElmTr2,-6,,,,0
P16,WPALBE_WPAQ2K-T1,138/4.16 kV Transformador 1 Palenque,ElmTr2,-1,,,,0
P16,WPALBE_WPAQ2K-T2,138/4.16 kV Transformador 2 Palenque,ElmTr2,0,,,,0
P16,WCC21E_WCCA2F-T1,138/69 kV Transformado Cruce de Cabral 2,ElmTr2,7,,,,0
P16,WSJU2E_WSJU2F-T1,138/69 kV Transformador San Juan 2,ElmTr2,8,,,,0
P16,WPIZAE_WPIZAF-T1,138/69 kV Transformador 1 Pizarrete,ElmTr2,7,,,,0
P16,WMTFNE_WMTFNK-T1,138/34.5 kV Transformador Matafongo,ElmTr2,0,,,,0
P16,WBAYAE_WBAYAK-T1,138/34.5 kV Transformador Bayasol,ElmTr2,0,,,,0
P16,WGIRAE_WGIRAK-T1,138/34.5 kV Transformador 1 Girasol,ElmTr2,0,,,,0
P16,WGIRAE_WGIRAK-T2,138/34.5 kV Transformador 2 Girasol,ElmTr2,0,,,,0
P16,WSANTE_WSANTK-T1,138/34.5 kV Transformador Santanasol,ElmTr2,0,,,,0
P16,WCALAE_WXCA1K-T1,138/34.5 kV Transformador PF Calabaza 1,ElmTr2,-8,,,,0
P16,WKQA1E_WPES1K-T1,138/34.5 kV Transformador Peravia Solar,ElmTr2,11,,,,0
P16,WKQA1E_WPES2K-T1,138/34.5 kV Transformador Peravia Sola2,ElmTr2,11,,,,0
P16,WMETEE_WMETEF-T1,138/69 kV S/E Móvil ETED,ElmTr2,14,,,,0
P16,WPAK5E_WXPA4K-T1,154/11 kV Powership Azua KPS56 T1,ElmTr2,10,,,,0
P16,WAHO1E_WAHONF-T1,138/69 kV Transformador Arroyo Hondo,ElmTr2,11,,,,0
P16,WHERRE_WHNVAF-T1,138/69 kV Transformador Herrera,ElmTr2,16,,,,0
P16,WDJAOE_WDJAOF-T1,138/69 kV Transformador Dajao,ElmTr2,3,,,,0
P16,WBCHIE_WBCHIF-T1,138/69 kV Transformador Boca Chica,ElmTr2,8,,,,0
P16,WHNSAE_WHNSAF-T1,138/69 kV Transformador Hainamosa,ElmTr2,10,,,,0
P16,WVDUAE_WVDUAF-T1,138/69 kV Transformador Villa Duarte,ElmTr2,5,,,,0
P16,WLMI6E_WLMI6K-T1,138/13.8 kV Transformador Los Mina 6,ElmTr2,2,,,,0
P16,WAANDE_WAANVK-T1,138/13.8 kV Transformador AES Andrés TV,ElmTr2,2,,,,0
P16,WAANDE_WAANGK-T1,138/19 kV Transformador AES Andrés TG,ElmTr2,2,,,,0
P16,WAANDE_WXBAAK-T1,138/4.16 kV BESS AES Andrés T1,ElmTr2,0,,,,0
P16,WMETAE_WMETAK-T1,138/13.2 kV Transformador METALDOM,ElmTr2,0,,,,0
P16,WTIM2E_WTIM2F-T1,138/69 kV Transformador Timbeque 2,ElmTr2,14,,,,0
P16,WLMI5E_WLMI5K-T1,138/13.8 kV Transformador Los Mina 5,ElmTr2,2,,,,0
P16,WPALAE_WPALBF-T1,138/69 kV Transformador 1 Palamara,ElmTr2,9,,,,0
P16,WPALAE_WPALAF-T1,138/69 kV Transformador 2 Palamara,ElmTr2,5,,,,0
P16,WEMA2E_WEMA2K-T1,138/13.8 kV Transformador EDM2,ElmTr2,0,,,,0
P16,WMP2AE_WXWC2K-T1,138/34.5 kV Transformador WCSP 2,ElmTr2,0,,,,0
P16,WMP2BE_WXWC3K-T1,138/34.5 kV Transformador WCSP 3,ElmTr2,0,,,,0
P16,WLMI7E_WLMI7K-T1,138/13.8 kV Transformador Los Mina 7,ElmTr2,2,,,,0
P16,WMETRE_WMETRF-T2,138/69 kV Transformador Metropolitano 2,ElmTr2,8,,,,0
P16,WHNS1E_WLVICK-T1,138/34.5 kV Transformador La Victoria,ElmTr2,0,,,,0
P16,WMIRAE_WMIRAK-T1,138/34.5 kV Transformador Mirasol,ElmTr2,0,,,,0
P16,WSIBAE_WXSI1K-T1,138/13.8 kV Trafo SIBA Grupo 1,ElmTr2,-2,,,,0
P16,WSIBAE_WXSI2K-T1,138/13.8 kV Trafo SIBA Grupo 2,ElmTr2,-2,,,,0
P16,WSIBAE_WXSI3K-T1,138/13.8 kV Trafo SIBA Grupo 3,ElmTr2,-2,,,,0
P16,WSIBAE_WXSI4K-T1,138/13.8 kV Trafo SIBA Grupo 4,ElmTr2,-2,,,,0
P16,WSIBBE_WXSI5K-T1,138/13.8 kV Trafo SIBA Grupo 5,ElmTr2,-2,,,,0
P16,WSIBAE_WXSI6K-T1,138/13.8 kV Trafo SIBA Grupo 6,ElmTr2,-2,,,,0
P16,WLMI6E_WXSALMK-T1,138/4.16 kV SA Parque Energ. Los Mina,ElmTr2,0,,,,0
P16,WPINAF_WPIN2K-T1,69/13.8 kV Transformador Pinalito 2,ElmTr2,0,,,,0
P16,WPINAF_WPIN1K-T1,69/13.8 kV Transformador Pinalito 1,ElmTr2,0,,,,0
P16,WRBLAF_WRBL2K-T1,69/13.8 kV Transformador Río Blanco 2,ElmTr2,1,,,,0
P16,WRBLAF_WRBL1K-T1,69/13.8 kV Transformador Río Blanco 1,ElmTr2,1,,,,0
P16,WRINCF_WRINCK-T1,69/12.5 kV Transformador Rincón,ElmTr2,0,,,,0
P16,WNAGUF_WRJCRK-T1,69/4.16 kV Transformador Rosa Julia Cruz,ElmTr2,0,,,,0
P16,WCONSF_WESALK-T1,69/12.5 kV Transformador El Salto,ElmTr2,0,,,,0
P16,WGVEBF_WLVE1K-T1,69/13.8 kV Transformador La Vega Grupo 1,ElmTr2,4,,,,0
P16,WGVEGF_WLVE2K-T1,69/13.8 kV Transformador La Vega Grupo 2,ElmTr2,4,,,,0
P16,WBPERF_WAVA1K-T1,69/12.5 kV Transformador Aniana Vargas,ElmTr2,0,,,,0
P16,WJIMEF_WJIMEK-T1,69/12.5 kV Transformador Jimenoa,ElmTr2,0,,,,0
P16,WHATIF_WHATIK-T1,69/12.5 kV Transformador Hatillo 1,ElmTr2,2,,,,0
P16,WHATIF_WHAT2K-T1,69/12.5 kV Transformador Hatillo 2,ElmTr2,0,,,,0
P16,WBDERF_WBDERK-T1,69/13.8 kV Transformador Brazo Derecho,ElmTr2,0,,,,0
P16,WPDORE_WPDORF-T1,138/69 kV Trafo Playa Dorada,ElmTr2,12,,,,0
P16,WEMA3F_WEMA3K-T1,66/13.8/13.8 kV Transformador EDM3,ElmTr3,,0,0,0,0
P16,WSFELE_WSFEGK-T1,138/13.8 kV Transformador San Felipe,ElmTr3,,-1,0,0,1
P16,WMETRE_WMETRF-T1,138/69 kV Transformador Metropolitano,ElmTr3,,0,0,0,1
P17,WMPSOF_WMPSOK-T1,69/20 kV Transformador Monte Plata Solar,ElmTr2,0,,,,0
P17,WGPALF_WPAL3K-T1,69/13.8 kV Transformador Palamara Grupo3,ElmTr2,0,,,,0
P17,WGPALF_WPAL2K-T1,69/13.8 kV Transformador Palamara Grupo2,ElmTr2,0,,,,0
P17,WGPALF_WPAL1K-T1,69/13.8 kV Transformador Palamara Grupo1,ElmTr2,0,,,,0
P17,WINCAF-WINCAK-T2,69/12.5 kV INCA km 22 T2,ElmTr2,-1,,,,0
P17,WEMA3F_WEMB3K-T1,66/13.8 kV Transformador EDM3,ElmTr2,0,,,,0
P17,WMPALF_WMPALK-T1,69/34.5 kV Transformador Mata de Palma,ElmTr2,8,,,,0
P17,WMARTF_WMARTK-T1,69/34.5 kV Transformador Martí,ElmTr2,3,,,,0
P17,WHNS1F_WMARAK-T1,69/13.8 kV Transformador Maranatha,ElmTr2,0,,,,0
P17,WINCAF-WINCAK-T1,69/12.5 kV INCA km 22 T1,ElmTr2,0,,,,0
P17,WJSAUD_WJSAUE-T1,345/138 kV Transformador 1 Julio Sauri,ElmTr2,13,,,,0
P17,WJSAUD_WJSAUE-T2,345/138 kV Transformador 2 Julio Sauri,ElmTr2,13,,,,0
P17,WNARAD_WNARAE-T2,345/138 kV Transformador 2 El Naranjo,ElmTr2,6,,,,0
P17,WNARAD_WNARAE-T1,345/138 kV Transformador 1 El Naranjo,ElmTr2,6,,,,0
P17,WQU11D_WQU21K-T1,230/13.8 kV Transformador Quisqueya 2 G1,ElmTr2,0,,,,0
P17,WQU11D_WQU22K-T2,230/13.8 kV Transformador Quisqueya 2 G2,ElmTr2,0,,,,0
P17,WQU11D_WQU23K-T3,230/13.8 kV Transformador Quisqueya 2 G3,ElmTr2,0,,,,0
P17,WQUISD_WQ1SPK-T1,230/13.8 kV Transformador Q1 San Pedro,ElmTr2,0,,,,0
P17,WQU21D_WQU12K-T2,230/13.8 kV Transformador Quisqueya 1 G2,ElmTr2,0,,,,0
P17,WQU21D_WQU13K-T3,230/13.8 kV Transformador Quisqueya 1 G3,ElmTr2,0,,,,0
P17,WPVDCD_WPVD1K-T1,230/34.5 kV Transformador 1 PVDC,ElmTr2,0,,,,0
P17,WPVDCD_WPVD2K-T1,230/34.5 kV Transformador 2 PVDC,ElmTr2,0,,,,0
P17,WPCA2D_WPCA1K-T1,345/22 kV Transformador Punta Catalina 1,ElmTr2,3,,,,0
P17,WPCA2D_WPCA2K-T1,345/22 kV Transformador Punta Catalina 2,ElmTr2,3,,,,0
P17,WBON3D_WBON3C-T1,345/230 kV Transformador 2 Bonao 3,ElmTr2,22,,,,0
P17,WBON3C_WBON3E-T2,230/138 kV Transformador 2 Bonao 3,ElmTr2,12,,,,0
P17,WGUERD_WGUERE-T1,345/138 kV Transformador 1 Guerra,ElmTr2,7,,,,0
P17,WGUERD_WGUERE-T2,345/138 kV Transformador 2 Guerra,ElmTr2,7,,,,0
P17,WSESTE_WSES1K-T1,138/13.8 kV Transformador Sultana Este 1,ElmTr2,0,,,,0
P17,WSESTE_WSES2K-T1,138/13.8 kV Transformador Sultana Este 2,ElmTr2,-2,,,,1
P17,WSESTE_WSES3K-T1,138/13.8 kV Transformador Sultana Este 3,ElmTr2,-10,,,,1
P17,WLROME_WLROMF-T1,138/69 kV Transformador La Romana,ElmTr2,13,,,,0
P17,WSPM2E_WCES3K-T1,138/13.8 kV Transformador CESPM 3,ElmTr2,0,,,,0
P17,WSPM2E_WCES2K-T1,138/13.8 kV Transformador CESPM 2,ElmTr2,0,,,,0
P17,WSPM2E_WCES1K-T1,138/13.8 kV Transformador CESPM 1,ElmTr2,0,,,,0
P17,WENE4E_WXEN4K-T1,138/13.8 kV Transformador ENERGAS 4 TG,ElmTr2,0,,,,0
P17,WENE4E_WXEV4K-T1,138/13.8 kV Transformador ENERGAS 4 TV,ElmTr2,0,,,,0
P17,WCEMEE_WCEMEK-T1,138/13.8 kV Transformador CEMEX,ElmTr2,0,,,,0
P17,WCEMEE_WCEMEK-T2,138/13.8 kV Trafo 2 CEMEX 40 MVA,ElmTr2,3,,,,0
P17,WCUMAE_WXCU1K-T1,138/34.5 kV Transformador PF Cumayasa 1,ElmTr2,0,,,,0
P17,WCUMBE_WXCU2K-T1,138/34.5 kV Transformador PF Cumayasa 2,ElmTr2,0,,,,0
P17,WCUMBE_WXCU4K-T1,138/34.5 kV Transformador PF Cumayasa 4,ElmTr2,1,,,,0
P17,WLORIE_WLORIK-T1,138/12.47 kV Transformador Los Orígenes,ElmTr2,1,,,,0
P17,WSPBEE_WSPB1K-T1,138/13.8 kV Transformador SP Bio-Energy,ElmTr2,5,,,,0
P17,WSPMAE_WSPMAF-T1,138/69 kV Transformador SPM,ElmTr2,9,,,,0
P17,WHMA2E_WHMA2F-T1,138/69 kV Transformador Hato Mayor 2,ElmTr2,11,,,,0
P17,WESOCE_WESOCK-T1,138/34.5 kV Transformador PS El Soco,ElmTr2,0,,,,0
P17,WCOTOE_WCSO1K-T1,138/34.5 kV Cotoperí T1,ElmTr2,0,,,,0
P17,WCOTOE_WCSO2K-T1,138/34.5 kV Cotoperí T2,ElmTr2,0,,,,0
P17,WCOTOE_WCSO3K-T1,138/34.5 kV Cotoperí T3,ElmTr2,0,,,,0
P17,WCOAPE_WCOA1K-T1,138/34.5 kV Transformador PF Coastal T1,ElmTr2,0,,,,0
P17,WCOAPE_WCOA2K-T1,138/34.5 kV Transformador PF Coastal T2,ElmTr2,0,,,,0
P17,WZSANE_WZSANF-T1,138/69 kV Transformador ZF Santiago,ElmTr2,9,,,,0
P17,WBON2E_WBON2F-T1,138/69 kV Transformador Bonao 2,ElmTr2,10,,,,0
P17,WZMONK_WCEMOK-T1,13.8/4.16 kV Transformador CE Monción,ElmTr2,0,,,,0
P17,WMONCE_WMONCK-T2,138/13.8 kV Transformador Monción 2,ElmTr2,2,,,,0
P17,WMONCE_WMONCK-T1,138/13.8 kV Transformador Monción 1,ElmTr2,2,,,,0
P17,WMONCK_WZMONK-T1,13.8/4.16 kV Transformador Zona Monción,ElmTr2,0,,,,0
P17,WPIMEE_WPIM3K-T1,138/13.8 kV Trafo Pimentel Grupo 3,ElmTr2,1,,,,0
P17,WPIMEE_WPIM2K-T1,138/13.8 kV Trafo Pimentel Grupo 2,ElmTr2,1,,,,0
P17,WPIMEE_WPIM1K-T1,138/13.8 kV Trafo Pimentel Grupo 1,ElmTr2,1,,,,0
P17,WCANAE_WCANBF-T2,138/69 kV Transformador 2 Canabacoa,ElmTr2,14,,,,0
P17,WCANAE_WCANBF-T1,138/69 kV Transformador Canabacoa,ElmTr2,16,,,,0
P17,WPPL2E_WPPL2F-T1,138/69 kV Trafo Puerto Plata 2,ElmTr2,14,,,,0
P17,WNAG2E_WNAG2F-T1,138/69 kV Transformador Nagua 2,ElmTr2,14,,,,0
P17,WLANGE_WLANGK-T1,138/13.8 Transformador López Angostura,ElmTr2,0,,,,0
P17,WFALCE_WFALCK-T1,138/34.5 kV Transformador FALCONDO,ElmTr2,5,,,,1
P17,WTAVBE_WBAI1K-T1,12.47/0.44 kV Transfomador 1 Baiguaque,ElmTr2,-3,,,,0
P17,WTAVBE_WBAI2K-T1,34.5/12.47 kV Trafo Jánico,ElmTr2,-3,,,,0
P17,WTAVBE_WTAV2K-T1,138/13.8 kV Transformador Tavera 2,ElmTr2,2,,,,0
P17,WTAVEE_WTAV1K-T1,138/13.8 kV Transformador Tavera 1,ElmTr2,2,,,,0
P17,WFALCF_WFALCK-T1,69/34.5 kV Transformador FALCONDO,ElmTr2,3,,,,1
P17,WSAJ1E_WSAJOK-T1,138/34.5 kV Transformador PF SAJOMA,ElmTr2,0,,,,0
P17,WGUAYE_WPFM1K-T1,138/20 kV Trafo Monte Cristi Solar G1,ElmTr2,3,,,,0
P17,WGUAYE_WPFM2K-T1,138/20 kV Trafo Monte Cristi Solar G2,ElmTr2,3,,,,0
P17,WACLAE_WACLAK-T1,138/34.5 kV Transformador Agua Clara,ElmTr2,2,,,,0
P17,WGNLLE_WGNLLK-T1,138/34.5 kV Transformador Guanillo,ElmTr2,0,,,,0
P17,WSFMAE_WSFMAF-T1,138/69 kV Transformador SFM,ElmTr2,10,,,,0
P17,WLGUZE_WLGUZK-T1,138/34.5 kV Trafo Los Guzmancito,ElmTr2,0,,,,0
P17,WLGUZE_WLGU2K-T1,138/34.5 kV Trafo 2 Guzmancito,ElmTr2,0,,,,0
P17,WMAT1E_WXMATK-T1,138/34.5 kV Transformador MATRISOL,ElmTr2,10,,,,0
P17,WESP1E_WXPS1K-T1,138/34.5 kV Transformador PS Esperanza,ElmTr2,-2,,,,0
P17,WPIMEE_WXPI4K-T1,138/13.8 kV Pimentel 4 T1,ElmTr2,0,,,,0
P17,WTAV2E_WTAVEK-T1,138/34.5 kV Tavera T1,ElmTr2,0,,,,0
P17,WLTOBF_WLTO1K-T1,69/6.9 kV Transformador Los Toros,ElmTr2,0,,,,0
P17,WSYEGF_WSYEGK-T1,69/13.8 kV Transformador Sabana Yegua,ElmTr2,1,,,,0
P17,WSABAF_WSABAK-T1,69/12.5 kV Transformador Sabaneta,ElmTr2,1,,,,0
P17,WMAGUF_WMAGUK-T1,69/22 kV Transformador Magueyal,ElmTr2,0,,,,0
P17,WLDAMF_WLDAMK-T1,69/12.5 kV Transformador Las Damas,ElmTr2,-1,,,,0
P17,WDRODK_WDRODL-T1,12.47/4.16 kV Trafo Domingo Rodríguez,ElmTr2,0,,,,0
P17,WDRODF_WDRODK-T1,69/12.47 kV Trafo Domingo Rodríguez,ElmTr2,0,,,,0
P17,WSCANF_WSCANK-T1,69/34.5 kV Transformador Canoa Solar,ElmTr2,-1,,,,0
P17,WYAGUF_WXNNAK-T1,69/12.47 kV Nizao-Najayo T1,ElmTr2,0,,,,0
P17,WPIZDF_WXLANK-T1,69/12.47 kV Pizarrete Distribución T1,ElmTr2,0,,,,0
P17,WLUCIF_WXLUCK-T1,69/34.5 kV PF Lucila T1,ElmTr2,2,,,,0
P17,WKQAZE_WKQAZF-T1,138/69 kV Transformador km 15 de Azua,ElmTr2,9,,,,0
P17,WHAINE_WHAIGK-T1,138/13.8 kV Transformador Haina TG,ElmTr2,-1,,,,0
P17,WHAINE_WHAINF-T1,138/69 kV Transformador Haina,ElmTr2,8,,,,0
P17,WVALDE_WVAL2K-T1,138/13.8 kV Transformador Valdesia 2,ElmTr2,1,,,,0
P17,WVALDE_WVAL1K-T1,138/13.8 kV Transformador Valdesia 1,ElmTr2,1,,,,0
P17,WVALDE_WLBARK-T1,138/13.8 kV Transformador Las Barias,ElmTr2,7,,,,0
P17,WBCARE_WBARCK-T1,138/13.8 kV Transformado Barahona Carbón,ElmTr2,-2,,,,0
P17,WBCARE_WBCARF-T1,138/69 kV Transformador Barahona Carbón,ElmTr2,2,,,,0
P17,WJIGUE_WJIG2K-T1,138/13.8 kV Transformador Jigüey 2,ElmTr2,0,,,,0
P17,WJIGBE_WJIG1K-T1,138/13.8 kV Transformador Jigüey 1,ElmTr2,0,,,,0
P17,WAGUBE_WAGU2K-T1,138/13.8 kV Transformador Aguacate 2,ElmTr2,2,,,,0
P17,WAGUAE_WAGU1K-T1,138/13.8 kV Transformador Aguacate 1,ElmTr2,2,,,,0
P17,WMRIOE_WMRI3K-T1,138/13.8 kV Transformador Monte Río G3,ElmTr2,-2,,,,0
P17,WMRIOE_WMRI2K-T1,138/13.8 kV Transformador Monte Río G2,ElmTr2,-2,,,,0
P17,WMRIOE_WMRI1K-T1,138/13.8 kV Transformador Monte Río G1,ElmTr2,-2,,,,0
P17,WITABE_WITA1K-T1,138/13.8 kV Transformador Itabo 1,ElmTr2,-2,,,,0
P17,WITABE_WITA2K-T1,138/13.8 kV Transformador Itabo 2,ElmTr2,-2,,,,0
P17,WITAGE_WSLORK-T1,138/13.8 kV Transformador San Lorenzo,ElmTr2,-2,,,,0
P17,WLCOCE_WLCOCK-T1,138/34.5 kV Transformador 1 Los Cocos,ElmTr2,0,,,,0
P17,WLCOCE_WLCOCK-T2,138/34.5 kV Transformador 2 Los Cocos,ElmTr2,0,,,,0
P17,WLCOCE_WLCOCK-T3,138/34.5 kV Transformador 3 Los Cocos,ElmTr2,0,,,,0
P17,WLCOCE_WLCOCK-T4,138/34.5 kV Transformador 4 Los Cocos,ElmTr2,0,,,,0
P17,WPLM1E_WPLM1K-T1,138/13.8 kV Transformador Palomino 1,ElmTr2,0,,,,0
P17,WPLM2E_WPLM2K-T1,138/13.8 kV Transformador Palomino 2,ElmTr2,0,,,,0
P17,WPAK2E_WXPA1K-T1,154/11 kV Transformador 1 Powership Azua,ElmTr2,-8,,,,0
P17,WPAK2E_WXPA2K-T1,154/11 kV Transformador 2 Powership Azua,ElmTr2,-8,,,,0
P17,WPAK6E_WXPA3K-T1,154/15 kV Transformador 1 Powership Azua,ElmTr2,-6,,,,0
P17,WPALBE_WPAQ2K-T1,138/4.16 kV Transformador 1 Palenque,ElmTr2,-1,,,,0
P17,WPALBE_WPAQ2K-T2,138/4.16 kV Transformador 2 Palenque,ElmTr2,0,,,,0
P17,WCC21E_WCCA2F-T1,138/69 kV Transformado Cruce de Cabral 2,ElmTr2,7,,,,0
P17,WSJU2E_WSJU2F-T1,138/69 kV Transformador San Juan 2,ElmTr2,10,,,,0
P17,WPIZAE_WPIZAF-T1,138/69 kV Transformador 1 Pizarrete,ElmTr2,8,,,,0
P17,WMTFNE_WMTFNK-T1,138/34.5 kV Transformador Matafongo,ElmTr2,0,,,,0
P17,WBAYAE_WBAYAK-T1,138/34.5 kV Transformador Bayasol,ElmTr2,0,,,,0
P17,WGIRAE_WGIRAK-T1,138/34.5 kV Transformador 1 Girasol,ElmTr2,0,,,,0
P17,WGIRAE_WGIRAK-T2,138/34.5 kV Transformador 2 Girasol,ElmTr2,0,,,,0
P17,WSANTE_WSANTK-T1,138/34.5 kV Transformador Santanasol,ElmTr2,0,,,,0
P17,WCALAE_WXCA1K-T1,138/34.5 kV Transformador PF Calabaza 1,ElmTr2,-8,,,,0
P17,WKQA1E_WPES1K-T1,138/34.5 kV Transformador Peravia Solar,ElmTr2,11,,,,0
P17,WKQA1E_WPES2K-T1,138/34.5 kV Transformador Peravia Sola2,ElmTr2,11,,,,0
P17,WMETEE_WMETEF-T1,138/69 kV S/E Móvil ETED,ElmTr2,14,,,,0
P17,WPAK5E_WXPA4K-T1,154/11 kV Powership Azua KPS56 T1,ElmTr2,10,,,,0
P17,WAHO1E_WAHONF-T1,138/69 kV Transformador Arroyo Hondo,ElmTr2,11,,,,0
P17,WHERRE_WHNVAF-T1,138/69 kV Transformador Herrera,ElmTr2,16,,,,0
P17,WDJAOE_WDJAOF-T1,138/69 kV Transformador Dajao,ElmTr2,2,,,,0
P17,WBCHIE_WBCHIF-T1,138/69 kV Transformador Boca Chica,ElmTr2,7,,,,0
P17,WHNSAE_WHNSAF-T1,138/69 kV Transformador Hainamosa,ElmTr2,11,,,,0
P17,WVDUAE_WVDUAF-T1,138/69 kV Transformador Villa Duarte,ElmTr2,5,,,,0
P17,WLMI6E_WLMI6K-T1,138/13.8 kV Transformador Los Mina 6,ElmTr2,2,,,,0
P17,WAANDE_WAANVK-T1,138/13.8 kV Transformador AES Andrés TV,ElmTr2,2,,,,0
P17,WAANDE_WAANGK-T1,138/19 kV Transformador AES Andrés TG,ElmTr2,2,,,,0
P17,WAANDE_WXBAAK-T1,138/4.16 kV BESS AES Andrés T1,ElmTr2,0,,,,0
P17,WMETAE_WMETAK-T1,138/13.2 kV Transformador METALDOM,ElmTr2,0,,,,0
P17,WTIM2E_WTIM2F-T1,138/69 kV Transformador Timbeque 2,ElmTr2,14,,,,0
P17,WLMI5E_WLMI5K-T1,138/13.8 kV Transformador Los Mina 5,ElmTr2,2,,,,0
P17,WPALAE_WPALBF-T1,138/69 kV Transformador 1 Palamara,ElmTr2,9,,,,0
P17,WPALAE_WPALAF-T1,138/69 kV Transformador 2 Palamara,ElmTr2,4,,,,0
P17,WEMA2E_WEMA2K-T1,138/13.8 kV Transformador EDM2,ElmTr2,0,,,,0
P17,WMP2AE_WXWC2K-T1,138/34.5 kV Transformador WCSP 2,ElmTr2,0,,,,0
P17,WMP2BE_WXWC3K-T1,138/34.5 kV Transformador WCSP 3,ElmTr2,0,,,,0
P17,WLMI7E_WLMI7K-T1,138/13.8 kV Transformador Los Mina 7,ElmTr2,2,,,,0
P17,WMETRE_WMETRF-T2,138/69 kV Transformador Metropolitano 2,ElmTr2,8,,,,0
P17,WHNS1E_WLVICK-T1,138/34.5 kV Transformador La Victoria,ElmTr2,0,,,,0
P17,WMIRAE_WMIRAK-T1,138/34.5 kV Transformador Mirasol,ElmTr2,0,,,,0
P17,WSIBAE_WXSI1K-T1,138/13.8 kV Trafo SIBA Grupo 1,ElmTr2,-2,,,,0
P17,WSIBAE_WXSI2K-T1,138/13.8 kV Trafo SIBA Grupo 2,ElmTr2,-2,,,,0
P17,WSIBAE_WXSI3K-T1,138/13.8 kV Trafo SIBA Grupo 3,ElmTr2,-2,,,,0
P17,WSIBAE_WXSI4K-T1,138/13.8 kV Trafo SIBA Grupo 4,ElmTr2,-2,,,,0
P17,WSIBBE_WXSI5K-T1,138/13.8 kV Trafo SIBA Grupo 5,ElmTr2,-2,,,,0
P17,WSIBAE_WXSI6K-T1,138/13.8 kV Trafo SIBA Grupo 6,ElmTr2,-2,,,,0
P17,WLMI6E_WXSALMK-T1,138/4.16 kV SA Parque Energ. Los Mina,ElmTr2,0,,,,0
P17,WPINAF_WPIN2K-T1,69/13.8 kV Transformador Pinalito 2,ElmTr2,0,,,,0
P17,WPINAF_WPIN1K-T1,69/13.8 kV Transformador Pinalito 1,ElmTr2,0,,,,0
P17,WRBLAF_WRBL2K-T1,69/13.8 kV Transformador Río Blanco 2,ElmTr2,1,,,,0
P17,WRBLAF_WRBL1K-T1,69/13.8 kV Transformador Río Blanco 1,ElmTr2,1,,,,0
P17,WRINCF_WRINCK-T1,69/12.5 kV Transformador Rincón,ElmTr2,0,,,,0
P17,WNAGUF_WRJCRK-T1,69/4.16 kV Transformador Rosa Julia Cruz,ElmTr2,0,,,,0
P17,WCONSF_WESALK-T1,69/12.5 kV Transformador El Salto,ElmTr2,0,,,,0
P17,WGVEBF_WLVE1K-T1,69/13.8 kV Transformador La Vega Grupo 1,ElmTr2,4,,,,0
P17,WGVEGF_WLVE2K-T1,69/13.8 kV Transformador La Vega Grupo 2,ElmTr2,4,,,,0
P17,WBPERF_WAVA1K-T1,69/12.5 kV Transformador Aniana Vargas,ElmTr2,0,,,,0
P17,WJIMEF_WJIMEK-T1,69/12.5 kV Transformador Jimenoa,ElmTr2,0,,,,0
P17,WHATIF_WHATIK-T1,69/12.5 kV Transformador Hatillo 1,ElmTr2,2,,,,0
P17,WHATIF_WHAT2K-T1,69/12.5 kV Transformador Hatillo 2,ElmTr2,0,,,,0
P17,WBDERF_WBDERK-T1,69/13.8 kV Transformador Brazo Derecho,ElmTr2,0,,,,0
P17,WPDORE_WPDORF-T1,138/69 kV Trafo Playa Dorada,ElmTr2,12,,,,0
P17,WEMA3F_WEMA3K-T1,66/13.8/13.8 kV Transformador EDM3,ElmTr3,,0,0,0,0
P17,WSFELE_WSFEGK-T1,138/13.8 kV Transformador San Felipe,ElmTr3,,-1,0,0,1
P17,WMETRE_WMETRF-T1,138/69 kV Transformador Metropolitano,ElmTr3,,0,0,0,1
P18,WMPSOF_WMPSOK-T1,69/20 kV Transformador Monte Plata Solar,ElmTr2,0,,,,0
P18,WGPALF_WPAL3K-T1,69/13.8 kV Transformador Palamara Grupo3,ElmTr2,0,,,,0
P18,WGPALF_WPAL2K-T1,69/13.8 kV Transformador Palamara Grupo2,ElmTr2,0,,,,0
P18,WGPALF_WPAL1K-T1,69/13.8 kV Transformador Palamara Grupo1,ElmTr2,0,,,,0
P18,WINCAF-WINCAK-T2,69/12.5 kV INCA km 22 T2,ElmTr2,-1,,,,0
P18,WEMA3F_WEMB3K-T1,66/13.8 kV Transformador EDM3,ElmTr2,0,,,,0
P18,WMPALF_WMPALK-T1,69/34.5 kV Transformador Mata de Palma,ElmTr2,8,,,,0
P18,WMARTF_WMARTK-T1,69/34.5 kV Transformador Martí,ElmTr2,3,,,,0
P18,WHNS1F_WMARAK-T1,69/13.8 kV Transformador Maranatha,ElmTr2,0,,,,0
P18,WINCAF-WINCAK-T1,69/12.5 kV INCA km 22 T1,ElmTr2,0,,,,0
P18,WJSAUD_WJSAUE-T1,345/138 kV Transformador 1 Julio Sauri,ElmTr2,11,,,,0
P18,WJSAUD_WJSAUE-T2,345/138 kV Transformador 2 Julio Sauri,ElmTr2,11,,,,0
P18,WNARAD_WNARAE-T2,345/138 kV Transformador 2 El Naranjo,ElmTr2,9,,,,0
P18,WNARAD_WNARAE-T1,345/138 kV Transformador 1 El Naranjo,ElmTr2,9,,,,0
P18,WQU11D_WQU21K-T1,230/13.8 kV Transformador Quisqueya 2 G1,ElmTr2,0,,,,0
P18,WQU11D_WQU22K-T2,230/13.8 kV Transformador Quisqueya 2 G2,ElmTr2,0,,,,0
P18,WQU11D_WQU23K-T3,230/13.8 kV Transformador Quisqueya 2 G3,ElmTr2,0,,,,0
P18,WQUISD_WQ1SPK-T1,230/13.8 kV Transformador Q1 San Pedro,ElmTr2,0,,,,0
P18,WQU21D_WQU12K-T2,230/13.8 kV Transformador Quisqueya 1 G2,ElmTr2,0,,,,0
P18,WQU21D_WQU13K-T3,230/13.8 kV Transformador Quisqueya 1 G3,ElmTr2,0,,,,0
P18,WPVDCD_WPVD1K-T1,230/34.5 kV Transformador 1 PVDC,ElmTr2,0,,,,0
P18,WPVDCD_WPVD2K-T1,230/34.5 kV Transformador 2 PVDC,ElmTr2,0,,,,0
P18,WPCA2D_WPCA1K-T1,345/22 kV Transformador Punta Catalina 1,ElmTr2,3,,,,0
P18,WPCA2D_WPCA2K-T1,345/22 kV Transformador Punta Catalina 2,ElmTr2,3,,,,0
P18,WBON3D_WBON3C-T1,345/230 kV Transformador 2 Bonao 3,ElmTr2,19,,,,0
P18,WBON3C_WBON3E-T2,230/138 kV Transformador 2 Bonao 3,ElmTr2,11,,,,0
P18,WGUERD_WGUERE-T1,345/138 kV Transformador 1 Guerra,ElmTr2,6,,,,0
P18,WGUERD_WGUERE-T2,345/138 kV Transformador 2 Guerra,ElmTr2,6,,,,0
P18,WSESTE_WSES1K-T1,138/13.8 kV Transformador Sultana Este 1,ElmTr2,0,,,,0
P18,WSESTE_WSES2K-T1,138/13.8 kV Transformador Sultana Este 2,ElmTr2,-2,,,,1
P18,WSESTE_WSES3K-T1,138/13.8 kV Transformador Sultana Este 3,ElmTr2,-10,,,,1
P18,WLROME_WLROMF-T1,138/69 kV Transformador La Romana,ElmTr2,13,,,,0
P18,WSPM2E_WCES3K-T1,138/13.8 kV Transformador CESPM 3,ElmTr2,0,,,,0
P18,WSPM2E_WCES2K-T1,138/13.8 kV Transformador CESPM 2,ElmTr2,0,,,,0
P18,WSPM2E_WCES1K-T1,138/13.8 kV Transformador CESPM 1,ElmTr2,0,,,,0
P18,WENE4E_WXEN4K-T1,138/13.8 kV Transformador ENERGAS 4 TG,ElmTr2,0,,,,0
P18,WENE4E_WXEV4K-T1,138/13.8 kV Transformador ENERGAS 4 TV,ElmTr2,0,,,,0
P18,WCEMEE_WCEMEK-T1,138/13.8 kV Transformador CEMEX,ElmTr2,0,,,,0
P18,WCEMEE_WCEMEK-T2,138/13.8 kV Trafo 2 CEMEX 40 MVA,ElmTr2,3,,,,0
P18,WCUMAE_WXCU1K-T1,138/34.5 kV Transformador PF Cumayasa 1,ElmTr2,0,,,,0
P18,WCUMBE_WXCU2K-T1,138/34.5 kV Transformador PF Cumayasa 2,ElmTr2,0,,,,0
P18,WCUMBE_WXCU4K-T1,138/34.5 kV Transformador PF Cumayasa 4,ElmTr2,1,,,,0
P18,WLORIE_WLORIK-T1,138/12.47 kV Transformador Los Orígenes,ElmTr2,1,,,,0
P18,WSPBEE_WSPB1K-T1,138/13.8 kV Transformador SP Bio-Energy,ElmTr2,5,,,,0
P18,WSPMAE_WSPMAF-T1,138/69 kV Transformador SPM,ElmTr2,7,,,,0
P18,WHMA2E_WHMA2F-T1,138/69 kV Transformador Hato Mayor 2,ElmTr2,11,,,,0
P18,WESOCE_WESOCK-T1,138/34.5 kV Transformador PS El Soco,ElmTr2,0,,,,0
P18,WCOTOE_WCSO1K-T1,138/34.5 kV Cotoperí T1,ElmTr2,0,,,,0
P18,WCOTOE_WCSO2K-T1,138/34.5 kV Cotoperí T2,ElmTr2,0,,,,0
P18,WCOTOE_WCSO3K-T1,138/34.5 kV Cotoperí T3,ElmTr2,0,,,,0
P18,WCOAPE_WCOA1K-T1,138/34.5 kV Transformador PF Coastal T1,ElmTr2,0,,,,0
P18,WCOAPE_WCOA2K-T1,138/34.5 kV Transformador PF Coastal T2,ElmTr2,0,,,,0
P18,WZSANE_WZSANF-T1,138/69 kV Transformador ZF Santiago,ElmTr2,9,,,,0
P18,WBON2E_WBON2F-T1,138/69 kV Transformador Bonao 2,ElmTr2,12,,,,0
P18,WZMONK_WCEMOK-T1,13.8/4.16 kV Transformador CE Monción,ElmTr2,0,,,,0
P18,WMONCE_WMONCK-T2,138/13.8 kV Transformador Monción 2,ElmTr2,2,,,,0
P18,WMONCE_WMONCK-T1,138/13.8 kV Transformador Monción 1,ElmTr2,2,,,,0
P18,WMONCK_WZMONK-T1,13.8/4.16 kV Transformador Zona Monción,ElmTr2,0,,,,0
P18,WPIMEE_WPIM3K-T1,138/13.8 kV Trafo Pimentel Grupo 3,ElmTr2,1,,,,0
P18,WPIMEE_WPIM2K-T1,138/13.8 kV Trafo Pimentel Grupo 2,ElmTr2,1,,,,0
P18,WPIMEE_WPIM1K-T1,138/13.8 kV Trafo Pimentel Grupo 1,ElmTr2,1,,,,0
P18,WCANAE_WCANBF-T2,138/69 kV Transformador 2 Canabacoa,ElmTr2,11,,,,0
P18,WCANAE_WCANBF-T1,138/69 kV Transformador Canabacoa,ElmTr2,16,,,,0
P18,WPPL2E_WPPL2F-T1,138/69 kV Trafo Puerto Plata 2,ElmTr2,9,,,,0
P18,WNAG2E_WNAG2F-T1,138/69 kV Transformador Nagua 2,ElmTr2,14,,,,0
P18,WLANGE_WLANGK-T1,138/13.8 Transformador López Angostura,ElmTr2,0,,,,0
P18,WFALCE_WFALCK-T1,138/34.5 kV Transformador FALCONDO,ElmTr2,5,,,,1
P18,WTAVBE_WBAI1K-T1,12.47/0.44 kV Transfomador 1 Baiguaque,ElmTr2,-3,,,,0
P18,WTAVBE_WBAI2K-T1,34.5/12.47 kV Trafo Jánico,ElmTr2,-3,,,,0
P18,WTAVBE_WTAV2K-T1,138/13.8 kV Transformador Tavera 2,ElmTr2,2,,,,0
P18,WTAVEE_WTAV1K-T1,138/13.8 kV Transformador Tavera 1,ElmTr2,2,,,,0
P18,WFALCF_WFALCK-T1,69/34.5 kV Transformador FALCONDO,ElmTr2,3,,,,1
P18,WSAJ1E_WSAJOK-T1,138/34.5 kV Transformador PF SAJOMA,ElmTr2,0,,,,0
P18,WGUAYE_WPFM1K-T1,138/20 kV Trafo Monte Cristi Solar G1,ElmTr2,3,,,,0
P18,WGUAYE_WPFM2K-T1,138/20 kV Trafo Monte Cristi Solar G2,ElmTr2,3,,,,0
P18,WACLAE_WACLAK-T1,138/34.5 kV Transformador Agua Clara,ElmTr2,2,,,,0
P18,WGNLLE_WGNLLK-T1,138/34.5 kV Transformador Guanillo,ElmTr2,0,,,,0
P18,WSFMAE_WSFMAF-T1,138/69 kV Transformador SFM,ElmTr2,12,,,,0
P18,WLGUZE_WLGUZK-T1,138/34.5 kV Trafo Los Guzmancito,ElmTr2,0,,,,0
P18,WLGUZE_WLGU2K-T1,138/34.5 kV Trafo 2 Guzmancito,ElmTr2,0,,,,0
P18,WMAT1E_WXMATK-T1,138/34.5 kV Transformador MATRISOL,ElmTr2,10,,,,0
P18,WESP1E_WXPS1K-T1,138/34.5 kV Transformador PS Esperanza,ElmTr2,-2,,,,0
P18,WPIMEE_WXPI4K-T1,138/13.8 kV Pimentel 4 T1,ElmTr2,0,,,,0
P18,WTAV2E_WTAVEK-T1,138/34.5 kV Tavera T1,ElmTr2,0,,,,0
P18,WLTOBF_WLTO1K-T1,69/6.9 kV Transformador Los Toros,ElmTr2,0,,,,0
P18,WSYEGF_WSYEGK-T1,69/13.8 kV Transformador Sabana Yegua,ElmTr2,1,,,,0
P18,WSABAF_WSABAK-T1,69/12.5 kV Transformador Sabaneta,ElmTr2,1,,,,0
P18,WMAGUF_WMAGUK-T1,69/22 kV Transformador Magueyal,ElmTr2,0,,,,0
P18,WLDAMF_WLDAMK-T1,69/12.5 kV Transformador Las Damas,ElmTr2,-1,,,,0
P18,WDRODK_WDRODL-T1,12.47/4.16 kV Trafo Domingo Rodríguez,ElmTr2,0,,,,0
P18,WDRODF_WDRODK-T1,69/12.47 kV Trafo Domingo Rodríguez,ElmTr2,0,,,,0
P18,WSCANF_WSCANK-T1,69/34.5 kV Transformador Canoa Solar,ElmTr2,-1,,,,0
P18,WYAGUF_WXNNAK-T1,69/12.47 kV Nizao-Najayo T1,ElmTr2,0,,,,0
P18,WPIZDF_WXLANK-T1,69/12.47 kV Pizarrete Distribución T1,ElmTr2,0,,,,0
P18,WLUCIF_WXLUCK-T1,69/34.5 kV PF Lucila T1,ElmTr2,2,,,,0
P18,WKQAZE_WKQAZF-T1,138/69 kV Transformador km 15 de Azua,ElmTr2,10,,,,0
P18,WHAINE_WHAIGK-T1,138/13.8 kV Transformador Haina TG,ElmTr2,-1,,,,0
P18,WHAINE_WHAINF-T1,138/69 kV Transformador Haina,ElmTr2,8,,,,0
P18,WVALDE_WVAL2K-T1,138/13.8 kV Transformador Valdesia 2,ElmTr2,1,,,,0
P18,WVALDE_WVAL1K-T1,138/13.8 kV Transformador Valdesia 1,ElmTr2,1,,,,0
P18,WVALDE_WLBARK-T1,138/13.8 kV Transformador Las Barias,ElmTr2,7,,,,0
P18,WBCARE_WBARCK-T1,138/13.8 kV Transformado Barahona Carbón,ElmTr2,-2,,,,0
P18,WBCARE_WBCARF-T1,138/69 kV Transformador Barahona Carbón,ElmTr2,2,,,,0
P18,WJIGUE_WJIG2K-T1,138/13.8 kV Transformador Jigüey 2,ElmTr2,0,,,,0
P18,WJIGBE_WJIG1K-T1,138/13.8 kV Transformador Jigüey 1,ElmTr2,0,,,,0
P18,WAGUBE_WAGU2K-T1,138/13.8 kV Transformador Aguacate 2,ElmTr2,2,,,,0
P18,WAGUAE_WAGU1K-T1,138/13.8 kV Transformador Aguacate 1,ElmTr2,2,,,,0
P18,WMRIOE_WMRI3K-T1,138/13.8 kV Transformador Monte Río G3,ElmTr2,-2,,,,0
P18,WMRIOE_WMRI2K-T1,138/13.8 kV Transformador Monte Río G2,ElmTr2,-2,,,,0
P18,WMRIOE_WMRI1K-T1,138/13.8 kV Transformador Monte Río G1,ElmTr2,-2,,,,0
P18,WITABE_WITA1K-T1,138/13.8 kV Transformador Itabo 1,ElmTr2,-2,,,,0
P18,WITABE_WITA2K-T1,138/13.8 kV Transformador Itabo 2,ElmTr2,-2,,,,0
P18,WITAGE_WSLORK-T1,138/13.8 kV Transformador San Lorenzo,ElmTr2,-2,,,,0
P18,WLCOCE_WLCOCK-T1,138/34.5 kV Transformador 1 Los Cocos,ElmTr2,0,,,,0
P18,WLCOCE_WLCOCK-T2,138/34.5 kV Transformador 2 Los Cocos,ElmTr2,0,,,,0
P18,WLCOCE_WLCOCK-T3,138/34.5 kV Transformador 3 Los Cocos,ElmTr2,0,,,,0
P18,WLCOCE_WLCOCK-T4,138/34.5 kV Transformador 4 Los Cocos,ElmTr2,0,,,,0
P18,WPLM1E_WPLM1K-T1,138/13.8 kV Transformador Palomino 1,ElmTr2,0,,,,0
P18,WPLM2E_WPLM2K-T1,138/13.8 kV Transformador Palomino 2,ElmTr2,0,,,,0
P18,WPAK2E_WXPA1K-T1,154/11 kV Transformador 1 Powership Azua,ElmTr2,-8,,,,0
P18,WPAK2E_WXPA2K-T1,154/11 kV Transformador 2 Powership Azua,ElmTr2,-8,,,,0
P18,WPAK6E_WXPA3K-T1,154/15 kV Transformador 1 Powership Azua,ElmTr2,-6,,,,0
P18,WPALBE_WPAQ2K-T1,138/4.16 kV Transformador 1 Palenque,ElmTr2,-1,,,,0
P18,WPALBE_WPAQ2K-T2,138/4.16 kV Transformador 2 Palenque,ElmTr2,0,,,,0
P18,WCC21E_WCCA2F-T1,138/69 kV Transformado Cruce de Cabral 2,ElmTr2,6,,,,0
P18,WSJU2E_WSJU2F-T1,138/69 kV Transformador San Juan 2,ElmTr2,8,,,,0
P18,WPIZAE_WPIZAF-T1,138/69 kV Transformador 1 Pizarrete,ElmTr2,9,,,,0
P18,WMTFNE_WMTFNK-T1,138/34.5 kV Transformador Matafongo,ElmTr2,0,,,,0
P18,WBAYAE_WBAYAK-T1,138/34.5 kV Transformador Bayasol,ElmTr2,0,,,,0
P18,WGIRAE_WGIRAK-T1,138/34.5 kV Transformador 1 Girasol,ElmTr2,0,,,,0
P18,WGIRAE_WGIRAK-T2,138/34.5 kV Transformador 2 Girasol,ElmTr2,0,,,,0
P18,WSANTE_WSANTK-T1,138/34.5 kV Transformador Santanasol,ElmTr2,0,,,,0
P18,WCALAE_WXCA1K-T1,138/34.5 kV Transformador PF Calabaza 1,ElmTr2,-8,,,,0
P18,WKQA1E_WPES1K-T1,138/34.5 kV Transformador Peravia Solar,ElmTr2,11,,,,0
P18,WKQA1E_WPES2K-T1,138/34.5 kV Transformador Peravia Sola2,ElmTr2,11,,,,0
P18,WMETEE_WMETEF-T1,138/69 kV S/E Móvil ETED,ElmTr2,14,,,,0
P18,WPAK5E_WXPA4K-T1,154/11 kV Powership Azua KPS56 T1,ElmTr2,10,,,,0
P18,WAHO1E_WAHONF-T1,138/69 kV Transformador Arroyo Hondo,ElmTr2,11,,,,0
P18,WHERRE_WHNVAF-T1,138/69 kV Transformador Herrera,ElmTr2,16,,,,0
P18,WDJAOE_WDJAOF-T1,138/69 kV Transformador Dajao,ElmTr2,2,,,,0
P18,WBCHIE_WBCHIF-T1,138/69 kV Transformador Boca Chica,ElmTr2,8,,,,0
P18,WHNSAE_WHNSAF-T1,138/69 kV Transformador Hainamosa,ElmTr2,11,,,,0
P18,WVDUAE_WVDUAF-T1,138/69 kV Transformador Villa Duarte,ElmTr2,4,,,,0
P18,WLMI6E_WLMI6K-T1,138/13.8 kV Transformador Los Mina 6,ElmTr2,2,,,,0
P18,WAANDE_WAANVK-T1,138/13.8 kV Transformador AES Andrés TV,ElmTr2,2,,,,0
P18,WAANDE_WAANGK-T1,138/19 kV Transformador AES Andrés TG,ElmTr2,2,,,,0
P18,WAANDE_WXBAAK-T1,138/4.16 kV BESS AES Andrés T1,ElmTr2,0,,,,0
P18,WMETAE_WMETAK-T1,138/13.2 kV Transformador METALDOM,ElmTr2,0,,,,0
P18,WTIM2E_WTIM2F-T1,138/69 kV Transformador Timbeque 2,ElmTr2,15,,,,0
P18,WLMI5E_WLMI5K-T1,138/13.8 kV Transformador Los Mina 5,ElmTr2,2,,,,0
P18,WPALAE_WPALBF-T1,138/69 kV Transformador 1 Palamara,ElmTr2,10,,,,0
P18,WPALAE_WPALAF-T1,138/69 kV Transformador 2 Palamara,ElmTr2,5,,,,0
P18,WEMA2E_WEMA2K-T1,138/13.8 kV Transformador EDM2,ElmTr2,0,,,,0
P18,WMP2AE_WXWC2K-T1,138/34.5 kV Transformador WCSP 2,ElmTr2,0,,,,0
P18,WMP2BE_WXWC3K-T1,138/34.5 kV Transformador WCSP 3,ElmTr2,0,,,,0
P18,WLMI7E_WLMI7K-T1,138/13.8 kV Transformador Los Mina 7,ElmTr2,2,,,,0
P18,WMETRE_WMETRF-T2,138/69 kV Transformador Metropolitano 2,ElmTr2,8,,,,0
P18,WHNS1E_WLVICK-T1,138/34.5 kV Transformador La Victoria,ElmTr2,0,,,,0
P18,WMIRAE_WMIRAK-T1,138/34.5 kV Transformador Mirasol,ElmTr2,0,,,,0
P18,WSIBAE_WXSI1K-T1,138/13.8 kV Trafo SIBA Grupo 1,ElmTr2,-2,,,,0
P18,WSIBAE_WXSI2K-T1,138/13.8 kV Trafo SIBA Grupo 2,ElmTr2,-2,,,,0
P18,WSIBAE_WXSI3K-T1,138/13.8 kV Trafo SIBA Grupo 3,ElmTr2,-2,,,,0
P18,WSIBAE_WXSI4K-T1,138/13.8 kV Trafo SIBA Grupo 4,ElmTr2,-2,,,,0
P18,WSIBBE_WXSI5K-T1,138/13.8 kV Trafo SIBA Grupo 5,ElmTr2,-2,,,,0
P18,WSIBAE_WXSI6K-T1,138/13.8 kV Trafo SIBA Grupo 6,ElmTr2,-2,,,,0
P18,WLMI6E_WXSALMK-T1,138/4.16 kV SA Parque Energ. Los Mina,ElmTr2,0,,,,0
P18,WPINAF_WPIN2K-T1,69/13.8 kV Transformador Pinalito 2,ElmTr2,0,,,,0
P18,WPINAF_WPIN1K-T1,69/13.8 kV Transformador Pinalito 1,ElmTr2,0,,,,0
P18,WRBLAF_WRBL2K-T1,69/13.8 kV Transformador Río Blanco 2,ElmTr2,1,,,,0
P18,WRBLAF_WRBL1K-T1,69/13.8 kV Transformador Río Blanco 1,ElmTr2,1,,,,0
P18,WRINCF_WRINCK-T1,69/12.5 kV Transformador Rincón,ElmTr2,0,,,,0
P18,WNAGUF_WRJCRK-T1,69/4.16 kV Transformador Rosa Julia Cruz,ElmTr2,0,,,,0
P18,WCONSF_WESALK-T1,69/12.5 kV Transformador El Salto,ElmTr2,0,,,,0
P18,WGVEBF_WLVE1K-T1,69/13.8 kV Transformador La Vega Grupo 1,ElmTr2,4,,,,0
P18,WGVEGF_WLVE2K-T1,69/13.8 kV Transformador La Vega Grupo 2,ElmTr2,4,,,,0
P18,WBPERF_WAVA1K-T1,69/12.5 kV Transformador Aniana Vargas,ElmTr2,0,,,,0
P18,WJIMEF_WJIMEK-T1,69/12.5 kV Transformador Jimenoa,ElmTr2,0,,,,0
P18,WHATIF_WHATIK-T1,69/12.5 kV Transformador Hatillo 1,ElmTr2,2,,,,0
P18,WHATIF_WHAT2K-T1,69/12.5 kV Transformador Hatillo 2,ElmTr2,0,,,,0
P18,WBDERF_WBDERK-T1,69/13.8 kV Transformador Brazo Derecho,ElmTr2,0,,,,0
P18,WPDORE_WPDORF-T1,138/69 kV Trafo Playa Dorada,ElmTr2,12,,,,0
P18,WEMA3F_WEMA3K-T1,66/13.8/13.8 kV Transformador EDM3,ElmTr3,,0,0,0,0
P18,WSFELE_WSFEGK-T1,138/13.8 kV Transformador San Felipe,ElmTr3,,-1,0,0,1
P18,WMETRE_WMETRF-T1,138/69 kV Transformador Metropolitano,ElmTr3,,0,0,0,1
P19,WMPSOF_WMPSOK-T1,69/20 kV Transformador Monte Plata Solar,ElmTr2,0,,,,0
P19,WGPALF_WPAL3K-T1,69/13.8 kV Transformador Palamara Grupo3,ElmTr2,0,,,,0
P19,WGPALF_WPAL2K-T1,69/13.8 kV Transformador Palamara Grupo2,ElmTr2,0,,,,0
P19,WGPALF_WPAL1K-T1,69/13.8 kV Transformador Palamara Grupo1,ElmTr2,0,,,,0
P19,WINCAF-WINCAK-T2,69/12.5 kV INCA km 22 T2,ElmTr2,-1,,,,0
P19,WEMA3F_WEMB3K-T1,66/13.8 kV Transformador EDM3,ElmTr2,0,,,,0
P19,WMPALF_WMPALK-T1,69/34.5 kV Transformador Mata de Palma,ElmTr2,8,,,,0
P19,WMARTF_WMARTK-T1,69/34.5 kV Transformador Martí,ElmTr2,3,,,,0
P19,WHNS1F_WMARAK-T1,69/13.8 kV Transformador Maranatha,ElmTr2,0,,,,0
P19,WINCAF-WINCAK-T1,69/12.5 kV INCA km 22 T1,ElmTr2,0,,,,0
P19,WJSAUD_WJSAUE-T1,345/138 kV Transformador 1 Julio Sauri,ElmTr2,9,,,,0
P19,WJSAUD_WJSAUE-T2,345/138 kV Transformador 2 Julio Sauri,ElmTr2,9,,,,0
P19,WNARAD_WNARAE-T2,345/138 kV Transformador 2 El Naranjo,ElmTr2,6,,,,0
P19,WNARAD_WNARAE-T1,345/138 kV Transformador 1 El Naranjo,ElmTr2,6,,,,0
P19,WQU11D_WQU21K-T1,230/13.8 kV Transformador Quisqueya 2 G1,ElmTr2,0,,,,0
P19,WQU11D_WQU22K-T2,230/13.8 kV Transformador Quisqueya 2 G2,ElmTr2,0,,,,0
P19,WQU11D_WQU23K-T3,230/13.8 kV Transformador Quisqueya 2 G3,ElmTr2,0,,,,0
P19,WQUISD_WQ1SPK-T1,230/13.8 kV Transformador Q1 San Pedro,ElmTr2,0,,,,0
P19,WQU21D_WQU12K-T2,230/13.8 kV Transformador Quisqueya 1 G2,ElmTr2,0,,,,0
P19,WQU21D_WQU13K-T3,230/13.8 kV Transformador Quisqueya 1 G3,ElmTr2,0,,,,0
P19,WPVDCD_WPVD1K-T1,230/34.5 kV Transformador 1 PVDC,ElmTr2,0,,,,0
P19,WPVDCD_WPVD2K-T1,230/34.5 kV Transformador 2 PVDC,ElmTr2,0,,,,0
P19,WPCA2D_WPCA1K-T1,345/22 kV Transformador Punta Catalina 1,ElmTr2,3,,,,0
P19,WPCA2D_WPCA2K-T1,345/22 kV Transformador Punta Catalina 2,ElmTr2,3,,,,0
P19,WBON3D_WBON3C-T1,345/230 kV Transformador 2 Bonao 3,ElmTr2,18,,,,0
P19,WBON3C_WBON3E-T2,230/138 kV Transformador 2 Bonao 3,ElmTr2,13,,,,0
P19,WGUERD_WGUERE-T1,345/138 kV Transformador 1 Guerra,ElmTr2,6,,,,0
P19,WGUERD_WGUERE-T2,345/138 kV Transformador 2 Guerra,ElmTr2,6,,,,0
P19,WSESTE_WSES1K-T1,138/13.8 kV Transformador Sultana Este 1,ElmTr2,0,,,,0
P19,WSESTE_WSES2K-T1,138/13.8 kV Transformador Sultana Este 2,ElmTr2,-2,,,,1
P19,WSESTE_WSES3K-T1,138/13.8 kV Transformador Sultana Este 3,ElmTr2,-10,,,,1
P19,WLROME_WLROMF-T1,138/69 kV Transformador La Romana,ElmTr2,13,,,,0
P19,WSPM2E_WCES3K-T1,138/13.8 kV Transformador CESPM 3,ElmTr2,0,,,,0
P19,WSPM2E_WCES2K-T1,138/13.8 kV Transformador CESPM 2,ElmTr2,0,,,,0
P19,WSPM2E_WCES1K-T1,138/13.8 kV Transformador CESPM 1,ElmTr2,0,,,,0
P19,WENE4E_WXEN4K-T1,138/13.8 kV Transformador ENERGAS 4 TG,ElmTr2,0,,,,0
P19,WENE4E_WXEV4K-T1,138/13.8 kV Transformador ENERGAS 4 TV,ElmTr2,0,,,,0
P19,WCEMEE_WCEMEK-T1,138/13.8 kV Transformador CEMEX,ElmTr2,0,,,,0
P19,WCEMEE_WCEMEK-T2,138/13.8 kV Trafo 2 CEMEX 40 MVA,ElmTr2,3,,,,0
P19,WCUMAE_WXCU1K-T1,138/34.5 kV Transformador PF Cumayasa 1,ElmTr2,0,,,,0
P19,WCUMBE_WXCU2K-T1,138/34.5 kV Transformador PF Cumayasa 2,ElmTr2,0,,,,0
P19,WCUMBE_WXCU4K-T1,138/34.5 kV Transformador PF Cumayasa 4,ElmTr2,1,,,,0
P19,WLORIE_WLORIK-T1,138/12.47 kV Transformador Los Orígenes,ElmTr2,1,,,,0
P19,WSPBEE_WSPB1K-T1,138/13.8 kV Transformador SP Bio-Energy,ElmTr2,5,,,,0
P19,WSPMAE_WSPMAF-T1,138/69 kV Transformador SPM,ElmTr2,10,,,,0
P19,WHMA2E_WHMA2F-T1,138/69 kV Transformador Hato Mayor 2,ElmTr2,11,,,,0
P19,WESOCE_WESOCK-T1,138/34.5 kV Transformador PS El Soco,ElmTr2,0,,,,0
P19,WCOTOE_WCSO1K-T1,138/34.5 kV Cotoperí T1,ElmTr2,0,,,,0
P19,WCOTOE_WCSO2K-T1,138/34.5 kV Cotoperí T2,ElmTr2,0,,,,0
P19,WCOTOE_WCSO3K-T1,138/34.5 kV Cotoperí T3,ElmTr2,0,,,,0
P19,WCOAPE_WCOA1K-T1,138/34.5 kV Transformador PF Coastal T1,ElmTr2,0,,,,0
P19,WCOAPE_WCOA2K-T1,138/34.5 kV Transformador PF Coastal T2,ElmTr2,0,,,,0
P19,WZSANE_WZSANF-T1,138/69 kV Transformador ZF Santiago,ElmTr2,9,,,,0
P19,WBON2E_WBON2F-T1,138/69 kV Transformador Bonao 2,ElmTr2,12,,,,0
P19,WZMONK_WCEMOK-T1,13.8/4.16 kV Transformador CE Monción,ElmTr2,0,,,,0
P19,WMONCE_WMONCK-T2,138/13.8 kV Transformador Monción 2,ElmTr2,2,,,,0
P19,WMONCE_WMONCK-T1,138/13.8 kV Transformador Monción 1,ElmTr2,2,,,,0
P19,WMONCK_WZMONK-T1,13.8/4.16 kV Transformador Zona Monción,ElmTr2,0,,,,0
P19,WPIMEE_WPIM3K-T1,138/13.8 kV Trafo Pimentel Grupo 3,ElmTr2,1,,,,0
P19,WPIMEE_WPIM2K-T1,138/13.8 kV Trafo Pimentel Grupo 2,ElmTr2,1,,,,0
P19,WPIMEE_WPIM1K-T1,138/13.8 kV Trafo Pimentel Grupo 1,ElmTr2,1,,,,0
P19,WCANAE_WCANBF-T2,138/69 kV Transformador 2 Canabacoa,ElmTr2,14,,,,0
P19,WCANAE_WCANBF-T1,138/69 kV Transformador Canabacoa,ElmTr2,16,,,,0
P19,WPPL2E_WPPL2F-T1,138/69 kV Trafo Puerto Plata 2,ElmTr2,12,,,,0
P19,WNAG2E_WNAG2F-T1,138/69 kV Transformador Nagua 2,ElmTr2,14,,,,0
P19,WLANGE_WLANGK-T1,138/13.8 Transformador López Angostura,ElmTr2,0,,,,0
P19,WFALCE_WFALCK-T1,138/34.5 kV Transformador FALCONDO,ElmTr2,5,,,,1
P19,WTAVBE_WBAI1K-T1,12.47/0.44 kV Transfomador 1 Baiguaque,ElmTr2,-3,,,,0
P19,WTAVBE_WBAI2K-T1,34.5/12.47 kV Trafo Jánico,ElmTr2,-3,,,,0
P19,WTAVBE_WTAV2K-T1,138/13.8 kV Transformador Tavera 2,ElmTr2,2,,,,0
P19,WTAVEE_WTAV1K-T1,138/13.8 kV Transformador Tavera 1,ElmTr2,2,,,,0
P19,WFALCF_WFALCK-T1,69/34.5 kV Transformador FALCONDO,ElmTr2,3,,,,1
P19,WSAJ1E_WSAJOK-T1,138/34.5 kV Transformador PF SAJOMA,ElmTr2,0,,,,0
P19,WGUAYE_WPFM1K-T1,138/20 kV Trafo Monte Cristi Solar G1,ElmTr2,3,,,,0
P19,WGUAYE_WPFM2K-T1,138/20 kV Trafo Monte Cristi Solar G2,ElmTr2,3,,,,0
P19,WACLAE_WACLAK-T1,138/34.5 kV Transformador Agua Clara,ElmTr2,2,,,,0
P19,WGNLLE_WGNLLK-T1,138/34.5 kV Transformador Guanillo,ElmTr2,0,,,,0
P19,WSFMAE_WSFMAF-T1,138/69 kV Transformador SFM,ElmTr2,11,,,,0
P19,WLGUZE_WLGUZK-T1,138/34.5 kV Trafo Los Guzmancito,ElmTr2,0,,,,0
P19,WLGUZE_WLGU2K-T1,138/34.5 kV Trafo 2 Guzmancito,ElmTr2,0,,,,0
P19,WMAT1E_WXMATK-T1,138/34.5 kV Transformador MATRISOL,ElmTr2,10,,,,0
P19,WESP1E_WXPS1K-T1,138/34.5 kV Transformador PS Esperanza,ElmTr2,-2,,,,0
P19,WPIMEE_WXPI4K-T1,138/13.8 kV Pimentel 4 T1,ElmTr2,0,,,,0
P19,WTAV2E_WTAVEK-T1,138/34.5 kV Tavera T1,ElmTr2,0,,,,0
P19,WLTOBF_WLTO1K-T1,69/6.9 kV Transformador Los Toros,ElmTr2,0,,,,0
P19,WSYEGF_WSYEGK-T1,69/13.8 kV Transformador Sabana Yegua,ElmTr2,1,,,,0
P19,WSABAF_WSABAK-T1,69/12.5 kV Transformador Sabaneta,ElmTr2,1,,,,0
P19,WMAGUF_WMAGUK-T1,69/22 kV Transformador Magueyal,ElmTr2,0,,,,0
P19,WLDAMF_WLDAMK-T1,69/12.5 kV Transformador Las Damas,ElmTr2,-1,,,,0
P19,WDRODK_WDRODL-T1,12.47/4.16 kV Trafo Domingo Rodríguez,ElmTr2,0,,,,0
P19,WDRODF_WDRODK-T1,69/12.47 kV Trafo Domingo Rodríguez,ElmTr2,0,,,,0
P19,WSCANF_WSCANK-T1,69/34.5 kV Transformador Canoa Solar,ElmTr2,-1,,,,0
P19,WYAGUF_WXNNAK-T1,69/12.47 kV Nizao-Najayo T1,ElmTr2,0,,,,0
P19,WPIZDF_WXLANK-T1,69/12.47 kV Pizarrete Distribución T1,ElmTr2,0,,,,0
P19,WLUCIF_WXLUCK-T1,69/34.5 kV PF Lucila T1,ElmTr2,2,,,,0
P19,WKQAZE_WKQAZF-T1,138/69 kV Transformador km 15 de Azua,ElmTr2,7,,,,0
P19,WHAINE_WHAIGK-T1,138/13.8 kV Transformador Haina TG,ElmTr2,-1,,,,0
P19,WHAINE_WHAINF-T1,138/69 kV Transformador Haina,ElmTr2,8,,,,0
P19,WVALDE_WVAL2K-T1,138/13.8 kV Transformador Valdesia 2,ElmTr2,1,,,,0
P19,WVALDE_WVAL1K-T1,138/13.8 kV Transformador Valdesia 1,ElmTr2,1,,,,0
P19,WVALDE_WLBARK-T1,138/13.8 kV Transformador Las Barias,ElmTr2,7,,,,0
P19,WBCARE_WBARCK-T1,138/13.8 kV Transformado Barahona Carbón,ElmTr2,-2,,,,0
P19,WBCARE_WBCARF-T1,138/69 kV Transformador Barahona Carbón,ElmTr2,2,,,,0
P19,WJIGUE_WJIG2K-T1,138/13.8 kV Transformador Jigüey 2,ElmTr2,0,,,,0
P19,WJIGBE_WJIG1K-T1,138/13.8 kV Transformador Jigüey 1,ElmTr2,0,,,,0
P19,WAGUBE_WAGU2K-T1,138/13.8 kV Transformador Aguacate 2,ElmTr2,2,,,,0
P19,WAGUAE_WAGU1K-T1,138/13.8 kV Transformador Aguacate 1,ElmTr2,2,,,,0
P19,WMRIOE_WMRI3K-T1,138/13.8 kV Transformador Monte Río G3,ElmTr2,-2,,,,0
P19,WMRIOE_WMRI2K-T1,138/13.8 kV Transformador Monte Río G2,ElmTr2,-2,,,,0
P19,WMRIOE_WMRI1K-T1,138/13.8 kV Transformador Monte Río G1,ElmTr2,-2,,,,0
P19,WITABE_WITA1K-T1,138/13.8 kV Transformador Itabo 1,ElmTr2,-2,,,,0
P19,WITABE_WITA2K-T1,138/13.8 kV Transformador Itabo 2,ElmTr2,-2,,,,0
P19,WITAGE_WSLORK-T1,138/13.8 kV Transformador San Lorenzo,ElmTr2,-2,,,,0
P19,WLCOCE_WLCOCK-T1,138/34.5 kV Transformador 1 Los Cocos,ElmTr2,0,,,,0
P19,WLCOCE_WLCOCK-T2,138/34.5 kV Transformador 2 Los Cocos,ElmTr2,0,,,,0
P19,WLCOCE_WLCOCK-T3,138/34.5 kV Transformador 3 Los Cocos,ElmTr2,0,,,,0
P19,WLCOCE_WLCOCK-T4,138/34.5 kV Transformador 4 Los Cocos,ElmTr2,0,,,,0
P19,WPLM1E_WPLM1K-T1,138/13.8 kV Transformador Palomino 1,ElmTr2,0,,,,0
P19,WPLM2E_WPLM2K-T1,138/13.8 kV Transformador Palomino 2,ElmTr2,0,,,,0
P19,WPAK2E_WXPA1K-T1,154/11 kV Transformador 1 Powership Azua,ElmTr2,-8,,,,0
P19,WPAK2E_WXPA2K-T1,154/11 kV Transformador 2 Powership Azua,ElmTr2,-8,,,,0
P19,WPAK6E_WXPA3K-T1,154/15 kV Transformador 1 Powership Azua,ElmTr2,-6,,,,0
P19,WPALBE_WPAQ2K-T1,138/4.16 kV Transformador 1 Palenque,ElmTr2,-1,,,,0
P19,WPALBE_WPAQ2K-T2,138/4.16 kV Transformador 2 Palenque,ElmTr2,1,,,,0
P19,WCC21E_WCCA2F-T1,138/69 kV Transformado Cruce de Cabral 2,ElmTr2,7,,,,0
P19,WSJU2E_WSJU2F-T1,138/69 kV Transformador San Juan 2,ElmTr2,10,,,,0
P19,WPIZAE_WPIZAF-T1,138/69 kV Transformador 1 Pizarrete,ElmTr2,9,,,,0
P19,WMTFNE_WMTFNK-T1,138/34.5 kV Transformador Matafongo,ElmTr2,0,,,,0
P19,WBAYAE_WBAYAK-T1,138/34.5 kV Transformador Bayasol,ElmTr2,0,,,,0
P19,WGIRAE_WGIRAK-T1,138/34.5 kV Transformador 1 Girasol,ElmTr2,0,,,,0
P19,WGIRAE_WGIRAK-T2,138/34.5 kV Transformador 2 Girasol,ElmTr2,0,,,,0
P19,WSANTE_WSANTK-T1,138/34.5 kV Transformador Santanasol,ElmTr2,0,,,,0
P19,WCALAE_WXCA1K-T1,138/34.5 kV Transformador PF Calabaza 1,ElmTr2,-8,,,,0
P19,WKQA1E_WPES1K-T1,138/34.5 kV Transformador Peravia Solar,ElmTr2,11,,,,0
P19,WKQA1E_WPES2K-T1,138/34.5 kV Transformador Peravia Sola2,ElmTr2,11,,,,0
P19,WMETEE_WMETEF-T1,138/69 kV S/E Móvil ETED,ElmTr2,14,,,,0
P19,WPAK5E_WXPA4K-T1,154/11 kV Powership Azua KPS56 T1,ElmTr2,10,,,,0
P19,WAHO1E_WAHONF-T1,138/69 kV Transformador Arroyo Hondo,ElmTr2,11,,,,0
P19,WHERRE_WHNVAF-T1,138/69 kV Transformador Herrera,ElmTr2,16,,,,0
P19,WDJAOE_WDJAOF-T1,138/69 kV Transformador Dajao,ElmTr2,1,,,,0
P19,WBCHIE_WBCHIF-T1,138/69 kV Transformador Boca Chica,ElmTr2,7,,,,0
P19,WHNSAE_WHNSAF-T1,138/69 kV Transformador Hainamosa,ElmTr2,11,,,,0
P19,WVDUAE_WVDUAF-T1,138/69 kV Transformador Villa Duarte,ElmTr2,5,,,,0
P19,WLMI6E_WLMI6K-T1,138/13.8 kV Transformador Los Mina 6,ElmTr2,2,,,,0
P19,WAANDE_WAANVK-T1,138/13.8 kV Transformador AES Andrés TV,ElmTr2,2,,,,0
P19,WAANDE_WAANGK-T1,138/19 kV Transformador AES Andrés TG,ElmTr2,2,,,,0
P19,WAANDE_WXBAAK-T1,138/4.16 kV BESS AES Andrés T1,ElmTr2,0,,,,0
P19,WMETAE_WMETAK-T1,138/13.2 kV Transformador METALDOM,ElmTr2,0,,,,0
P19,WTIM2E_WTIM2F-T1,138/69 kV Transformador Timbeque 2,ElmTr2,14,,,,0
P19,WLMI5E_WLMI5K-T1,138/13.8 kV Transformador Los Mina 5,ElmTr2,2,,,,0
P19,WPALAE_WPALBF-T1,138/69 kV Transformador 1 Palamara,ElmTr2,10,,,,0
P19,WPALAE_WPALAF-T1,138/69 kV Transformador 2 Palamara,ElmTr2,4,,,,0
P19,WEMA2E_WEMA2K-T1,138/13.8 kV Transformador EDM2,ElmTr2,0,,,,0
P19,WMP2AE_WXWC2K-T1,138/34.5 kV Transformador WCSP 2,ElmTr2,0,,,,0
P19,WMP2BE_WXWC3K-T1,138/34.5 kV Transformador WCSP 3,ElmTr2,0,,,,0
P19,WLMI7E_WLMI7K-T1,138/13.8 kV Transformador Los Mina 7,ElmTr2,2,,,,0
P19,WMETRE_WMETRF-T2,138/69 kV Transformador Metropolitano 2,ElmTr2,10,,,,0
P19,WHNS1E_WLVICK-T1,138/34.5 kV Transformador La Victoria,ElmTr2,0,,,,0
P19,WMIRAE_WMIRAK-T1,138/34.5 kV Transformador Mirasol,ElmTr2,0,,,,0
P19,WSIBAE_WXSI1K-T1,138/13.8 kV Trafo SIBA Grupo 1,ElmTr2,-2,,,,0
P19,WSIBAE_WXSI2K-T1,138/13.8 kV Trafo SIBA Grupo 2,ElmTr2,-2,,,,0
P19,WSIBAE_WXSI3K-T1,138/13.8 kV Trafo SIBA Grupo 3,ElmTr2,-2,,,,0
P19,WSIBAE_WXSI4K-T1,138/13.8 kV Trafo SIBA Grupo 4,ElmTr2,-2,,,,0
P19,WSIBBE_WXSI5K-T1,138/13.8 kV Trafo SIBA Grupo 5,ElmTr2,-2,,,,0
P19,WSIBAE_WXSI6K-T1,138/13.8 kV Trafo SIBA Grupo 6,ElmTr2,-2,,,,0
P19,WLMI6E_WXSALMK-T1,138/4.16 kV SA Parque Energ. Los Mina,ElmTr2,0,,,,0
P19,WPINAF_WPIN2K-T1,69/13.8 kV Transformador Pinalito 2,ElmTr2,0,,,,0
P19,WPINAF_WPIN1K-T1,69/13.8 kV Transformador Pinalito 1,ElmTr2,0,,,,0
P19,WRBLAF_WRBL2K-T1,69/13.8 kV Transformador Río Blanco 2,ElmTr2,1,,,,0
P19,WRBLAF_WRBL1K-T1,69/13.8 kV Transformador Río Blanco 1,ElmTr2,1,,,,0
P19,WRINCF_WRINCK-T1,69/12.5 kV Transformador Rincón,ElmTr2,0,,,,0
P19,WNAGUF_WRJCRK-T1,69/4.16 kV Transformador Rosa Julia Cruz,ElmTr2,0,,,,0
P19,WCONSF_WESALK-T1,69/12.5 kV Transformador El Salto,ElmTr2,0,,,,0
P19,WGVEBF_WLVE1K-T1,69/13.8 kV Transformador La Vega Grupo 1,ElmTr2,4,,,,0
P19,WGVEGF_WLVE2K-T1,69/13.8 kV Transformador La Vega Grupo 2,ElmTr2,4,,,,0
P19,WBPERF_WAVA1K-T1,69/12.5 kV Transformador Aniana Vargas,ElmTr2,0,,,,0
P19,WJIMEF_WJIMEK-T1,69/12.5 kV Transformador Jimenoa,ElmTr2,0,,,,0
P19,WHATIF_WHATIK-T1,69/12.5 kV Transformador Hatillo 1,ElmTr2,2,,,,0
P19,WHATIF_WHAT2K-T1,69/12.5 kV Transformador Hatillo 2,ElmTr2,0,,,,0
P19,WBDERF_WBDERK-T1,69/13.8 kV Transformador Brazo Derecho,ElmTr2,0,,,,0
P19,WPDORE_WPDORF-T1,138/69 kV Trafo Playa Dorada,ElmTr2,12,,,,0
P19,WEMA3F_WEMA3K-T1,66/13.8/13.8 kV Transformador EDM3,ElmTr3,,0,0,0,0
P19,WSFELE_WSFEGK-T1,138/13.8 kV Transformador San Felipe,ElmTr3,,-1,0,0,1
P19,WMETRE_WMETRF-T1,138/69 kV Transformador Metropolitano,ElmTr3,,0,0,0,1
P20,WMPSOF_WMPSOK-T1,69/20 kV Transformador Monte Plata Solar,ElmTr2,0,,,,0
P20,WGPALF_WPAL3K-T1,69/13.8 kV Transformador Palamara Grupo3,ElmTr2,0,,,,0
P20,WGPALF_WPAL2K-T1,69/13.8 kV Transformador Palamara Grupo2,ElmTr2,0,,,,0
P20,WGPALF_WPAL1K-T1,69/13.8 kV Transformador Palamara Grupo1,ElmTr2,0,,,,0
P20,WINCAF-WINCAK-T2,69/12.5 kV INCA km 22 T2,ElmTr2,-1,,,,0
P20,WEMA3F_WEMB3K-T1,66/13.8 kV Transformador EDM3,ElmTr2,0,,,,0
P20,WMPALF_WMPALK-T1,69/34.5 kV Transformador Mata de Palma,ElmTr2,8,,,,0
P20,WMARTF_WMARTK-T1,69/34.5 kV Transformador Martí,ElmTr2,3,,,,0
P20,WHNS1F_WMARAK-T1,69/13.8 kV Transformador Maranatha,ElmTr2,0,,,,0
P20,WINCAF-WINCAK-T1,69/12.5 kV INCA km 22 T1,ElmTr2,0,,,,0
P20,WJSAUD_WJSAUE-T1,345/138 kV Transformador 1 Julio Sauri,ElmTr2,12,,,,0
P20,WJSAUD_WJSAUE-T2,345/138 kV Transformador 2 Julio Sauri,ElmTr2,12,,,,0
P20,WNARAD_WNARAE-T2,345/138 kV Transformador 2 El Naranjo,ElmTr2,7,,,,0
P20,WNARAD_WNARAE-T1,345/138 kV Transformador 1 El Naranjo,ElmTr2,7,,,,0
P20,WQU11D_WQU21K-T1,230/13.8 kV Transformador Quisqueya 2 G1,ElmTr2,0,,,,0
P20,WQU11D_WQU22K-T2,230/13.8 kV Transformador Quisqueya 2 G2,ElmTr2,0,,,,0
P20,WQU11D_WQU23K-T3,230/13.8 kV Transformador Quisqueya 2 G3,ElmTr2,0,,,,0
P20,WQUISD_WQ1SPK-T1,230/13.8 kV Transformador Q1 San Pedro,ElmTr2,0,,,,0
P20,WQU21D_WQU12K-T2,230/13.8 kV Transformador Quisqueya 1 G2,ElmTr2,0,,,,0
P20,WQU21D_WQU13K-T3,230/13.8 kV Transformador Quisqueya 1 G3,ElmTr2,0,,,,0
P20,WPVDCD_WPVD1K-T1,230/34.5 kV Transformador 1 PVDC,ElmTr2,0,,,,0
P20,WPVDCD_WPVD2K-T1,230/34.5 kV Transformador 2 PVDC,ElmTr2,0,,,,0
P20,WPCA2D_WPCA1K-T1,345/22 kV Transformador Punta Catalina 1,ElmTr2,3,,,,0
P20,WPCA2D_WPCA2K-T1,345/22 kV Transformador Punta Catalina 2,ElmTr2,3,,,,0
P20,WBON3D_WBON3C-T1,345/230 kV Transformador 2 Bonao 3,ElmTr2,22,,,,0
P20,WBON3C_WBON3E-T2,230/138 kV Transformador 2 Bonao 3,ElmTr2,10,,,,0
P20,WGUERD_WGUERE-T1,345/138 kV Transformador 1 Guerra,ElmTr2,5,,,,0
P20,WGUERD_WGUERE-T2,345/138 kV Transformador 2 Guerra,ElmTr2,5,,,,0
P20,WSESTE_WSES1K-T1,138/13.8 kV Transformador Sultana Este 1,ElmTr2,0,,,,0
P20,WSESTE_WSES2K-T1,138/13.8 kV Transformador Sultana Este 2,ElmTr2,-2,,,,1
P20,WSESTE_WSES3K-T1,138/13.8 kV Transformador Sultana Este 3,ElmTr2,-10,,,,1
P20,WLROME_WLROMF-T1,138/69 kV Transformador La Romana,ElmTr2,13,,,,0
P20,WSPM2E_WCES3K-T1,138/13.8 kV Transformador CESPM 3,ElmTr2,0,,,,0
P20,WSPM2E_WCES2K-T1,138/13.8 kV Transformador CESPM 2,ElmTr2,0,,,,0
P20,WSPM2E_WCES1K-T1,138/13.8 kV Transformador CESPM 1,ElmTr2,0,,,,0
P20,WENE4E_WXEN4K-T1,138/13.8 kV Transformador ENERGAS 4 TG,ElmTr2,0,,,,0
P20,WENE4E_WXEV4K-T1,138/13.8 kV Transformador ENERGAS 4 TV,ElmTr2,0,,,,0
P20,WCEMEE_WCEMEK-T1,138/13.8 kV Transformador CEMEX,ElmTr2,0,,,,0
P20,WCEMEE_WCEMEK-T2,138/13.8 kV Trafo 2 CEMEX 40 MVA,ElmTr2,3,,,,0
P20,WCUMAE_WXCU1K-T1,138/34.5 kV Transformador PF Cumayasa 1,ElmTr2,0,,,,0
P20,WCUMBE_WXCU2K-T1,138/34.5 kV Transformador PF Cumayasa 2,ElmTr2,0,,,,0
P20,WCUMBE_WXCU4K-T1,138/34.5 kV Transformador PF Cumayasa 4,ElmTr2,1,,,,0
P20,WLORIE_WLORIK-T1,138/12.47 kV Transformador Los Orígenes,ElmTr2,1,,,,0
P20,WSPBEE_WSPB1K-T1,138/13.8 kV Transformador SP Bio-Energy,ElmTr2,5,,,,0
P20,WSPMAE_WSPMAF-T1,138/69 kV Transformador SPM,ElmTr2,9,,,,0
P20,WHMA2E_WHMA2F-T1,138/69 kV Transformador Hato Mayor 2,ElmTr2,11,,,,0
P20,WESOCE_WESOCK-T1,138/34.5 kV Transformador PS El Soco,ElmTr2,0,,,,0
P20,WCOTOE_WCSO1K-T1,138/34.5 kV Cotoperí T1,ElmTr2,0,,,,0
P20,WCOTOE_WCSO2K-T1,138/34.5 kV Cotoperí T2,ElmTr2,0,,,,0
P20,WCOTOE_WCSO3K-T1,138/34.5 kV Cotoperí T3,ElmTr2,0,,,,0
P20,WCOAPE_WCOA1K-T1,138/34.5 kV Transformador PF Coastal T1,ElmTr2,0,,,,0
P20,WCOAPE_WCOA2K-T1,138/34.5 kV Transformador PF Coastal T2,ElmTr2,0,,,,0
P20,WZSANE_WZSANF-T1,138/69 kV Transformador ZF Santiago,ElmTr2,9,,,,0
P20,WBON2E_WBON2F-T1,138/69 kV Transformador Bonao 2,ElmTr2,12,,,,0
P20,WZMONK_WCEMOK-T1,13.8/4.16 kV Transformador CE Monción,ElmTr2,0,,,,0
P20,WMONCE_WMONCK-T2,138/13.8 kV Transformador Monción 2,ElmTr2,2,,,,0
P20,WMONCE_WMONCK-T1,138/13.8 kV Transformador Monción 1,ElmTr2,2,,,,0
P20,WMONCK_WZMONK-T1,13.8/4.16 kV Transformador Zona Monción,ElmTr2,0,,,,0
P20,WPIMEE_WPIM3K-T1,138/13.8 kV Trafo Pimentel Grupo 3,ElmTr2,1,,,,0
P20,WPIMEE_WPIM2K-T1,138/13.8 kV Trafo Pimentel Grupo 2,ElmTr2,1,,,,0
P20,WPIMEE_WPIM1K-T1,138/13.8 kV Trafo Pimentel Grupo 1,ElmTr2,1,,,,0
P20,WCANAE_WCANBF-T2,138/69 kV Transformador 2 Canabacoa,ElmTr2,13,,,,0
P20,WCANAE_WCANBF-T1,138/69 kV Transformador Canabacoa,ElmTr2,16,,,,0
P20,WPPL2E_WPPL2F-T1,138/69 kV Trafo Puerto Plata 2,ElmTr2,13,,,,0
P20,WNAG2E_WNAG2F-T1,138/69 kV Transformador Nagua 2,ElmTr2,14,,,,0
P20,WLANGE_WLANGK-T1,138/13.8 Transformador López Angostura,ElmTr2,0,,,,0
P20,WFALCE_WFALCK-T1,138/34.5 kV Transformador FALCONDO,ElmTr2,5,,,,1
P20,WTAVBE_WBAI1K-T1,12.47/0.44 kV Transfomador 1 Baiguaque,ElmTr2,-3,,,,0
P20,WTAVBE_WBAI2K-T1,34.5/12.47 kV Trafo Jánico,ElmTr2,-3,,,,0
P20,WTAVBE_WTAV2K-T1,138/13.8 kV Transformador Tavera 2,ElmTr2,2,,,,0
P20,WTAVEE_WTAV1K-T1,138/13.8 kV Transformador Tavera 1,ElmTr2,2,,,,0
P20,WFALCF_WFALCK-T1,69/34.5 kV Transformador FALCONDO,ElmTr2,3,,,,1
P20,WSAJ1E_WSAJOK-T1,138/34.5 kV Transformador PF SAJOMA,ElmTr2,0,,,,0
P20,WGUAYE_WPFM1K-T1,138/20 kV Trafo Monte Cristi Solar G1,ElmTr2,3,,,,0
P20,WGUAYE_WPFM2K-T1,138/20 kV Trafo Monte Cristi Solar G2,ElmTr2,3,,,,0
P20,WACLAE_WACLAK-T1,138/34.5 kV Transformador Agua Clara,ElmTr2,2,,,,0
P20,WGNLLE_WGNLLK-T1,138/34.5 kV Transformador Guanillo,ElmTr2,0,,,,0
P20,WSFMAE_WSFMAF-T1,138/69 kV Transformador SFM,ElmTr2,17,,,,0
P20,WLGUZE_WLGUZK-T1,138/34.5 kV Trafo Los Guzmancito,ElmTr2,0,,,,0
P20,WLGUZE_WLGU2K-T1,138/34.5 kV Trafo 2 Guzmancito,ElmTr2,0,,,,0
P20,WMAT1E_WXMATK-T1,138/34.5 kV Transformador MATRISOL,ElmTr2,10,,,,0
P20,WESP1E_WXPS1K-T1,138/34.5 kV Transformador PS Esperanza,ElmTr2,-2,,,,0
P20,WPIMEE_WXPI4K-T1,138/13.8 kV Pimentel 4 T1,ElmTr2,0,,,,0
P20,WTAV2E_WTAVEK-T1,138/34.5 kV Tavera T1,ElmTr2,0,,,,0
P20,WLTOBF_WLTO1K-T1,69/6.9 kV Transformador Los Toros,ElmTr2,0,,,,0
P20,WSYEGF_WSYEGK-T1,69/13.8 kV Transformador Sabana Yegua,ElmTr2,1,,,,0
P20,WSABAF_WSABAK-T1,69/12.5 kV Transformador Sabaneta,ElmTr2,1,,,,0
P20,WMAGUF_WMAGUK-T1,69/22 kV Transformador Magueyal,ElmTr2,0,,,,0
P20,WLDAMF_WLDAMK-T1,69/12.5 kV Transformador Las Damas,ElmTr2,-1,,,,0
P20,WDRODK_WDRODL-T1,12.47/4.16 kV Trafo Domingo Rodríguez,ElmTr2,0,,,,0
P20,WDRODF_WDRODK-T1,69/12.47 kV Trafo Domingo Rodríguez,ElmTr2,0,,,,0
P20,WSCANF_WSCANK-T1,69/34.5 kV Transformador Canoa Solar,ElmTr2,-1,,,,0
P20,WYAGUF_WXNNAK-T1,69/12.47 kV Nizao-Najayo T1,ElmTr2,0,,,,0
P20,WPIZDF_WXLANK-T1,69/12.47 kV Pizarrete Distribución T1,ElmTr2,0,,,,0
P20,WLUCIF_WXLUCK-T1,69/34.5 kV PF Lucila T1,ElmTr2,2,,,,0
P20,WKQAZE_WKQAZF-T1,138/69 kV Transformador km 15 de Azua,ElmTr2,7,,,,0
P20,WHAINE_WHAIGK-T1,138/13.8 kV Transformador Haina TG,ElmTr2,-1,,,,0
P20,WHAINE_WHAINF-T1,138/69 kV Transformador Haina,ElmTr2,8,,,,0
P20,WVALDE_WVAL2K-T1,138/13.8 kV Transformador Valdesia 2,ElmTr2,1,,,,0
P20,WVALDE_WVAL1K-T1,138/13.8 kV Transformador Valdesia 1,ElmTr2,1,,,,0
P20,WVALDE_WLBARK-T1,138/13.8 kV Transformador Las Barias,ElmTr2,7,,,,0
P20,WBCARE_WBARCK-T1,138/13.8 kV Transformado Barahona Carbón,ElmTr2,-2,,,,0
P20,WBCARE_WBCARF-T1,138/69 kV Transformador Barahona Carbón,ElmTr2,2,,,,0
P20,WJIGUE_WJIG2K-T1,138/13.8 kV Transformador Jigüey 2,ElmTr2,0,,,,0
P20,WJIGBE_WJIG1K-T1,138/13.8 kV Transformador Jigüey 1,ElmTr2,0,,,,0
P20,WAGUBE_WAGU2K-T1,138/13.8 kV Transformador Aguacate 2,ElmTr2,2,,,,0
P20,WAGUAE_WAGU1K-T1,138/13.8 kV Transformador Aguacate 1,ElmTr2,2,,,,0
P20,WMRIOE_WMRI3K-T1,138/13.8 kV Transformador Monte Río G3,ElmTr2,-2,,,,0
P20,WMRIOE_WMRI2K-T1,138/13.8 kV Transformador Monte Río G2,ElmTr2,-2,,,,0
P20,WMRIOE_WMRI1K-T1,138/13.8 kV Transformador Monte Río G1,ElmTr2,-2,,,,0
P20,WITABE_WITA1K-T1,138/13.8 kV Transformador Itabo 1,ElmTr2,-2,,,,0
P20,WITABE_WITA2K-T1,138/13.8 kV Transformador Itabo 2,ElmTr2,-2,,,,0
P20,WITAGE_WSLORK-T1,138/13.8 kV Transformador San Lorenzo,ElmTr2,-2,,,,0
P20,WLCOCE_WLCOCK-T1,138/34.5 kV Transformador 1 Los Cocos,ElmTr2,0,,,,0
P20,WLCOCE_WLCOCK-T2,138/34.5 kV Transformador 2 Los Cocos,ElmTr2,0,,,,0
P20,WLCOCE_WLCOCK-T3,138/34.5 kV Transformador 3 Los Cocos,ElmTr2,0,,,,0
P20,WLCOCE_WLCOCK-T4,138/34.5 kV Transformador 4 Los Cocos,ElmTr2,0,,,,0
P20,WPLM1E_WPLM1K-T1,138/13.8 kV Transformador Palomino 1,ElmTr2,0,,,,0
P20,WPLM2E_WPLM2K-T1,138/13.8 kV Transformador Palomino 2,ElmTr2,0,,,,0
P20,WPAK2E_WXPA1K-T1,154/11 kV Transformador 1 Powership Azua,ElmTr2,-8,,,,0
P20,WPAK2E_WXPA2K-T1,154/11 kV Transformador 2 Powership Azua,ElmTr2,-8,,,,0
P20,WPAK6E_WXPA3K-T1,154/15 kV Transformador 1 Powership Azua,ElmTr2,-6,,,,0
P20,WPALBE_WPAQ2K-T1,138/4.16 kV Transformador 1 Palenque,ElmTr2,-1,,,,0
P20,WPALBE_WPAQ2K-T2,138/4.16 kV Transformador 2 Palenque,ElmTr2,2,,,,0
P20,WCC21E_WCCA2F-T1,138/69 kV Transformado Cruce de Cabral 2,ElmTr2,6,,,,0
P20,WSJU2E_WSJU2F-T1,138/69 kV Transformador San Juan 2,ElmTr2,8,,,,0
P20,WPIZAE_WPIZAF-T1,138/69 kV Transformador 1 Pizarrete,ElmTr2,8,,,,0
P20,WMTFNE_WMTFNK-T1,138/34.5 kV Transformador Matafongo,ElmTr2,0,,,,0
P20,WBAYAE_WBAYAK-T1,138/34.5 kV Transformador Bayasol,ElmTr2,0,,,,0
P20,WGIRAE_WGIRAK-T1,138/34.5 kV Transformador 1 Girasol,ElmTr2,0,,,,0
P20,WGIRAE_WGIRAK-T2,138/34.5 kV Transformador 2 Girasol,ElmTr2,0,,,,0
P20,WSANTE_WSANTK-T1,138/34.5 kV Transformador Santanasol,ElmTr2,0,,,,0
P20,WCALAE_WXCA1K-T1,138/34.5 kV Transformador PF Calabaza 1,ElmTr2,-8,,,,0
P20,WKQA1E_WPES1K-T1,138/34.5 kV Transformador Peravia Solar,ElmTr2,11,,,,0
P20,WKQA1E_WPES2K-T1,138/34.5 kV Transformador Peravia Sola2,ElmTr2,11,,,,0
P20,WMETEE_WMETEF-T1,138/69 kV S/E Móvil ETED,ElmTr2,14,,,,0
P20,WPAK5E_WXPA4K-T1,154/11 kV Powership Azua KPS56 T1,ElmTr2,10,,,,0
P20,WAHO1E_WAHONF-T1,138/69 kV Transformador Arroyo Hondo,ElmTr2,11,,,,0
P20,WHERRE_WHNVAF-T1,138/69 kV Transformador Herrera,ElmTr2,16,,,,0
P20,WDJAOE_WDJAOF-T1,138/69 kV Transformador Dajao,ElmTr2,1,,,,0
P20,WBCHIE_WBCHIF-T1,138/69 kV Transformador Boca Chica,ElmTr2,7,,,,0
P20,WHNSAE_WHNSAF-T1,138/69 kV Transformador Hainamosa,ElmTr2,13,,,,0
P20,WVDUAE_WVDUAF-T1,138/69 kV Transformador Villa Duarte,ElmTr2,5,,,,0
P20,WLMI6E_WLMI6K-T1,138/13.8 kV Transformador Los Mina 6,ElmTr2,2,,,,0
P20,WAANDE_WAANVK-T1,138/13.8 kV Transformador AES Andrés TV,ElmTr2,2,,,,0
P20,WAANDE_WAANGK-T1,138/19 kV Transformador AES Andrés TG,ElmTr2,2,,,,0
P20,WAANDE_WXBAAK-T1,138/4.16 kV BESS AES Andrés T1,ElmTr2,0,,,,0
P20,WMETAE_WMETAK-T1,138/13.2 kV Transformador METALDOM,ElmTr2,0,,,,0
P20,WTIM2E_WTIM2F-T1,138/69 kV Transformador Timbeque 2,ElmTr2,15,,,,0
P20,WLMI5E_WLMI5K-T1,138/13.8 kV Transformador Los Mina 5,ElmTr2,2,,,,0
P20,WPALAE_WPALBF-T1,138/69 kV Transformador 1 Palamara,ElmTr2,11,,,,0
P20,WPALAE_WPALAF-T1,138/69 kV Transformador 2 Palamara,ElmTr2,5,,,,0
P20,WEMA2E_WEMA2K-T1,138/13.8 kV Transformador EDM2,ElmTr2,0,,,,0
P20,WMP2AE_WXWC2K-T1,138/34.5 kV Transformador WCSP 2,ElmTr2,0,,,,0
P20,WMP2BE_WXWC3K-T1,138/34.5 kV Transformador WCSP 3,ElmTr2,0,,,,0
P20,WLMI7E_WLMI7K-T1,138/13.8 kV Transformador Los Mina 7,ElmTr2,2,,,,0
P20,WMETRE_WMETRF-T2,138/69 kV Transformador Metropolitano 2,ElmTr2,10,,,,0
P20,WHNS1E_WLVICK-T1,138/34.5 kV Transformador La Victoria,ElmTr2,0,,,,0
P20,WMIRAE_WMIRAK-T1,138/34.5 kV Transformador Mirasol,ElmTr2,0,,,,0
P20,WSIBAE_WXSI1K-T1,138/13.8 kV Trafo SIBA Grupo 1,ElmTr2,-2,,,,0
P20,WSIBAE_WXSI2K-T1,138/13.8 kV Trafo SIBA Grupo 2,ElmTr2,-2,,,,0
P20,WSIBAE_WXSI3K-T1,138/13.8 kV Trafo SIBA Grupo 3,ElmTr2,-2,,,,0
P20,WSIBAE_WXSI4K-T1,138/13.8 kV Trafo SIBA Grupo 4,ElmTr2,-2,,,,0
P20,WSIBBE_WXSI5K-T1,138/13.8 kV Trafo SIBA Grupo 5,ElmTr2,-2,,,,0
P20,WSIBAE_WXSI6K-T1,138/13.8 kV Trafo SIBA Grupo 6,ElmTr2,-2,,,,0
P20,WLMI6E_WXSALMK-T1,138/4.16 kV SA Parque Energ. Los Mina,ElmTr2,0,,,,0
P20,WPINAF_WPIN2K-T1,69/13.8 kV Transformador Pinalito 2,ElmTr2,0,,,,0
P20,WPINAF_WPIN1K-T1,69/13.8 kV Transformador Pinalito 1,ElmTr2,0,,,,0
P20,WRBLAF_WRBL2K-T1,69/13.8 kV Transformador Río Blanco 2,ElmTr2,1,,,,0
P20,WRBLAF_WRBL1K-T1,69/13.8 kV Transformador Río Blanco 1,ElmTr2,1,,,,0
P20,WRINCF_WRINCK-T1,69/12.5 kV Transformador Rincón,ElmTr2,0,,,,0
P20,WNAGUF_WRJCRK-T1,69/4.16 kV Transformador Rosa Julia Cruz,ElmTr2,0,,,,0
P20,WCONSF_WESALK-T1,69/12.5 kV Transformador El Salto,ElmTr2,0,,,,0
P20,WGVEBF_WLVE1K-T1,69/13.8 kV Transformador La Vega Grupo 1,ElmTr2,4,,,,0
P20,WGVEGF_WLVE2K-T1,69/13.8 kV Transformador La Vega Grupo 2,ElmTr2,4,,,,0
P20,WBPERF_WAVA1K-T1,69/12.5 kV Transformador Aniana Vargas,ElmTr2,0,,,,0
P20,WJIMEF_WJIMEK-T1,69/12.5 kV Transformador Jimenoa,ElmTr2,0,,,,0
P20,WHATIF_WHATIK-T1,69/12.5 kV Transformador Hatillo 1,ElmTr2,2,,,,0
P20,WHATIF_WHAT2K-T1,69/12.5 kV Transformador Hatillo 2,ElmTr2,0,,,,0
P20,WBDERF_WBDERK-T1,69/13.8 kV Transformador Brazo Derecho,ElmTr2,0,,,,0
P20,WPDORE_WPDORF-T1,138/69 kV Trafo Playa Dorada,ElmTr2,12,,,,0
P20,WEMA3F_WEMA3K-T1,66/13.8/13.8 kV Transformador EDM3,ElmTr3,,0,0,0,0
P20,WSFELE_WSFEGK-T1,138/13.8 kV Transformador San Felipe,ElmTr3,,-1,0,0,1
P20,WMETRE_WMETRF-T1,138/69 kV Transformador Metropolitano,ElmTr3,,0,0,0,1
P21,WMPSOF_WMPSOK-T1,69/20 kV Transformador Monte Plata Solar,ElmTr2,0,,,,0
P21,WGPALF_WPAL3K-T1,69/13.8 kV Transformador Palamara Grupo3,ElmTr2,0,,,,0
P21,WGPALF_WPAL2K-T1,69/13.8 kV Transformador Palamara Grupo2,ElmTr2,0,,,,0
P21,WGPALF_WPAL1K-T1,69/13.8 kV Transformador Palamara Grupo1,ElmTr2,0,,,,0
P21,WINCAF-WINCAK-T2,69/12.5 kV INCA km 22 T2,ElmTr2,-1,,,,0
P21,WEMA3F_WEMB3K-T1,66/13.8 kV Transformador EDM3,ElmTr2,0,,,,0
P21,WMPALF_WMPALK-T1,69/34.5 kV Transformador Mata de Palma,ElmTr2,8,,,,0
P21,WMARTF_WMARTK-T1,69/34.5 kV Transformador Martí,ElmTr2,3,,,,0
P21,WHNS1F_WMARAK-T1,69/13.8 kV Transformador Maranatha,ElmTr2,0,,,,0
P21,WINCAF-WINCAK-T1,69/12.5 kV INCA km 22 T1,ElmTr2,0,,,,0
P21,WJSAUD_WJSAUE-T1,345/138 kV Transformador 1 Julio Sauri,ElmTr2,13,,,,0
P21,WJSAUD_WJSAUE-T2,345/138 kV Transformador 2 Julio Sauri,ElmTr2,13,,,,0
P21,WNARAD_WNARAE-T2,345/138 kV Transformador 2 El Naranjo,ElmTr2,7,,,,0
P21,WNARAD_WNARAE-T1,345/138 kV Transformador 1 El Naranjo,ElmTr2,7,,,,0
P21,WQU11D_WQU21K-T1,230/13.8 kV Transformador Quisqueya 2 G1,ElmTr2,0,,,,0
P21,WQU11D_WQU22K-T2,230/13.8 kV Transformador Quisqueya 2 G2,ElmTr2,0,,,,0
P21,WQU11D_WQU23K-T3,230/13.8 kV Transformador Quisqueya 2 G3,ElmTr2,0,,,,0
P21,WQUISD_WQ1SPK-T1,230/13.8 kV Transformador Q1 San Pedro,ElmTr2,0,,,,0
P21,WQU21D_WQU12K-T2,230/13.8 kV Transformador Quisqueya 1 G2,ElmTr2,0,,,,0
P21,WQU21D_WQU13K-T3,230/13.8 kV Transformador Quisqueya 1 G3,ElmTr2,0,,,,0
P21,WPVDCD_WPVD1K-T1,230/34.5 kV Transformador 1 PVDC,ElmTr2,0,,,,0
P21,WPVDCD_WPVD2K-T1,230/34.5 kV Transformador 2 PVDC,ElmTr2,0,,,,0
P21,WPCA2D_WPCA1K-T1,345/22 kV Transformador Punta Catalina 1,ElmTr2,3,,,,0
P21,WPCA2D_WPCA2K-T1,345/22 kV Transformador Punta Catalina 2,ElmTr2,3,,,,0
P21,WBON3D_WBON3C-T1,345/230 kV Transformador 2 Bonao 3,ElmTr2,22,,,,0
P21,WBON3C_WBON3E-T2,230/138 kV Transformador 2 Bonao 3,ElmTr2,10,,,,0
P21,WGUERD_WGUERE-T1,345/138 kV Transformador 1 Guerra,ElmTr2,4,,,,0
P21,WGUERD_WGUERE-T2,345/138 kV Transformador 2 Guerra,ElmTr2,4,,,,0
P21,WSESTE_WSES1K-T1,138/13.8 kV Transformador Sultana Este 1,ElmTr2,0,,,,0
P21,WSESTE_WSES2K-T1,138/13.8 kV Transformador Sultana Este 2,ElmTr2,-2,,,,1
P21,WSESTE_WSES3K-T1,138/13.8 kV Transformador Sultana Este 3,ElmTr2,-10,,,,1
P21,WLROME_WLROMF-T1,138/69 kV Transformador La Romana,ElmTr2,13,,,,0
P21,WSPM2E_WCES3K-T1,138/13.8 kV Transformador CESPM 3,ElmTr2,0,,,,0
P21,WSPM2E_WCES2K-T1,138/13.8 kV Transformador CESPM 2,ElmTr2,0,,,,0
P21,WSPM2E_WCES1K-T1,138/13.8 kV Transformador CESPM 1,ElmTr2,0,,,,0
P21,WENE4E_WXEN4K-T1,138/13.8 kV Transformador ENERGAS 4 TG,ElmTr2,0,,,,0
P21,WENE4E_WXEV4K-T1,138/13.8 kV Transformador ENERGAS 4 TV,ElmTr2,0,,,,0
P21,WCEMEE_WCEMEK-T1,138/13.8 kV Transformador CEMEX,ElmTr2,0,,,,0
P21,WCEMEE_WCEMEK-T2,138/13.8 kV Trafo 2 CEMEX 40 MVA,ElmTr2,3,,,,0
P21,WCUMAE_WXCU1K-T1,138/34.5 kV Transformador PF Cumayasa 1,ElmTr2,0,,,,0
P21,WCUMBE_WXCU2K-T1,138/34.5 kV Transformador PF Cumayasa 2,ElmTr2,0,,,,0
P21,WCUMBE_WXCU4K-T1,138/34.5 kV Transformador PF Cumayasa 4,ElmTr2,1,,,,0
P21,WLORIE_WLORIK-T1,138/12.47 kV Transformador Los Orígenes,ElmTr2,1,,,,0
P21,WSPBEE_WSPB1K-T1,138/13.8 kV Transformador SP Bio-Energy,ElmTr2,5,,,,0
P21,WSPMAE_WSPMAF-T1,138/69 kV Transformador SPM,ElmTr2,9,,,,0
P21,WHMA2E_WHMA2F-T1,138/69 kV Transformador Hato Mayor 2,ElmTr2,11,,,,0
P21,WESOCE_WESOCK-T1,138/34.5 kV Transformador PS El Soco,ElmTr2,0,,,,0
P21,WCOTOE_WCSO1K-T1,138/34.5 kV Cotoperí T1,ElmTr2,0,,,,0
P21,WCOTOE_WCSO2K-T1,138/34.5 kV Cotoperí T2,ElmTr2,0,,,,0
P21,WCOTOE_WCSO3K-T1,138/34.5 kV Cotoperí T3,ElmTr2,0,,,,0
P21,WCOAPE_WCOA1K-T1,138/34.5 kV Transformador PF Coastal T1,ElmTr2,0,,,,0
P21,WCOAPE_WCOA2K-T1,138/34.5 kV Transformador PF Coastal T2,ElmTr2,0,,,,0
P21,WZSANE_WZSANF-T1,138/69 kV Transformador ZF Santiago,ElmTr2,9,,,,0
P21,WBON2E_WBON2F-T1,138/69 kV Transformador Bonao 2,ElmTr2,12,,,,0
P21,WZMONK_WCEMOK-T1,13.8/4.16 kV Transformador CE Monción,ElmTr2,0,,,,0
P21,WMONCE_WMONCK-T2,138/13.8 kV Transformador Monción 2,ElmTr2,2,,,,0
P21,WMONCE_WMONCK-T1,138/13.8 kV Transformador Monción 1,ElmTr2,2,,,,0
P21,WMONCK_WZMONK-T1,13.8/4.16 kV Transformador Zona Monción,ElmTr2,0,,,,0
P21,WPIMEE_WPIM3K-T1,138/13.8 kV Trafo Pimentel Grupo 3,ElmTr2,1,,,,0
P21,WPIMEE_WPIM2K-T1,138/13.8 kV Trafo Pimentel Grupo 2,ElmTr2,1,,,,0
P21,WPIMEE_WPIM1K-T1,138/13.8 kV Trafo Pimentel Grupo 1,ElmTr2,1,,,,0
P21,WCANAE_WCANBF-T2,138/69 kV Transformador 2 Canabacoa,ElmTr2,12,,,,0
P21,WCANAE_WCANBF-T1,138/69 kV Transformador Canabacoa,ElmTr2,16,,,,0
P21,WPPL2E_WPPL2F-T1,138/69 kV Trafo Puerto Plata 2,ElmTr2,11,,,,0
P21,WNAG2E_WNAG2F-T1,138/69 kV Transformador Nagua 2,ElmTr2,14,,,,0
P21,WLANGE_WLANGK-T1,138/13.8 Transformador López Angostura,ElmTr2,0,,,,0
P21,WFALCE_WFALCK-T1,138/34.5 kV Transformador FALCONDO,ElmTr2,5,,,,1
P21,WTAVBE_WBAI1K-T1,12.47/0.44 kV Transfomador 1 Baiguaque,ElmTr2,-3,,,,0
P21,WTAVBE_WBAI2K-T1,34.5/12.47 kV Trafo Jánico,ElmTr2,-3,,,,0
P21,WTAVBE_WTAV2K-T1,138/13.8 kV Transformador Tavera 2,ElmTr2,2,,,,0
P21,WTAVEE_WTAV1K-T1,138/13.8 kV Transformador Tavera 1,ElmTr2,2,,,,0
P21,WFALCF_WFALCK-T1,69/34.5 kV Transformador FALCONDO,ElmTr2,3,,,,1
P21,WSAJ1E_WSAJOK-T1,138/34.5 kV Transformador PF SAJOMA,ElmTr2,0,,,,0
P21,WGUAYE_WPFM1K-T1,138/20 kV Trafo Monte Cristi Solar G1,ElmTr2,3,,,,0
P21,WGUAYE_WPFM2K-T1,138/20 kV Trafo Monte Cristi Solar G2,ElmTr2,3,,,,0
P21,WACLAE_WACLAK-T1,138/34.5 kV Transformador Agua Clara,ElmTr2,2,,,,0
P21,WGNLLE_WGNLLK-T1,138/34.5 kV Transformador Guanillo,ElmTr2,0,,,,0
P21,WSFMAE_WSFMAF-T1,138/69 kV Transformador SFM,ElmTr2,15,,,,0
P21,WLGUZE_WLGUZK-T1,138/34.5 kV Trafo Los Guzmancito,ElmTr2,0,,,,0
P21,WLGUZE_WLGU2K-T1,138/34.5 kV Trafo 2 Guzmancito,ElmTr2,0,,,,0
P21,WMAT1E_WXMATK-T1,138/34.5 kV Transformador MATRISOL,ElmTr2,10,,,,0
P21,WESP1E_WXPS1K-T1,138/34.5 kV Transformador PS Esperanza,ElmTr2,-2,,,,0
P21,WPIMEE_WXPI4K-T1,138/13.8 kV Pimentel 4 T1,ElmTr2,0,,,,0
P21,WTAV2E_WTAVEK-T1,138/34.5 kV Tavera T1,ElmTr2,0,,,,0
P21,WLTOBF_WLTO1K-T1,69/6.9 kV Transformador Los Toros,ElmTr2,0,,,,0
P21,WSYEGF_WSYEGK-T1,69/13.8 kV Transformador Sabana Yegua,ElmTr2,1,,,,0
P21,WSABAF_WSABAK-T1,69/12.5 kV Transformador Sabaneta,ElmTr2,1,,,,0
P21,WMAGUF_WMAGUK-T1,69/22 kV Transformador Magueyal,ElmTr2,0,,,,0
P21,WLDAMF_WLDAMK-T1,69/12.5 kV Transformador Las Damas,ElmTr2,-1,,,,0
P21,WDRODK_WDRODL-T1,12.47/4.16 kV Trafo Domingo Rodríguez,ElmTr2,0,,,,0
P21,WDRODF_WDRODK-T1,69/12.47 kV Trafo Domingo Rodríguez,ElmTr2,0,,,,0
P21,WSCANF_WSCANK-T1,69/34.5 kV Transformador Canoa Solar,ElmTr2,-1,,,,0
P21,WYAGUF_WXNNAK-T1,69/12.47 kV Nizao-Najayo T1,ElmTr2,0,,,,0
P21,WPIZDF_WXLANK-T1,69/12.47 kV Pizarrete Distribución T1,ElmTr2,0,,,,0
P21,WLUCIF_WXLUCK-T1,69/34.5 kV PF Lucila T1,ElmTr2,2,,,,0
P21,WKQAZE_WKQAZF-T1,138/69 kV Transformador km 15 de Azua,ElmTr2,6,,,,0
P21,WHAINE_WHAIGK-T1,138/13.8 kV Transformador Haina TG,ElmTr2,-1,,,,0
P21,WHAINE_WHAINF-T1,138/69 kV Transformador Haina,ElmTr2,8,,,,0
P21,WVALDE_WVAL2K-T1,138/13.8 kV Transformador Valdesia 2,ElmTr2,1,,,,0
P21,WVALDE_WVAL1K-T1,138/13.8 kV Transformador Valdesia 1,ElmTr2,1,,,,0
P21,WVALDE_WLBARK-T1,138/13.8 kV Transformador Las Barias,ElmTr2,7,,,,0
P21,WBCARE_WBARCK-T1,138/13.8 kV Transformado Barahona Carbón,ElmTr2,-2,,,,0
P21,WBCARE_WBCARF-T1,138/69 kV Transformador Barahona Carbón,ElmTr2,2,,,,0
P21,WJIGUE_WJIG2K-T1,138/13.8 kV Transformador Jigüey 2,ElmTr2,0,,,,0
P21,WJIGBE_WJIG1K-T1,138/13.8 kV Transformador Jigüey 1,ElmTr2,0,,,,0
P21,WAGUBE_WAGU2K-T1,138/13.8 kV Transformador Aguacate 2,ElmTr2,2,,,,0
P21,WAGUAE_WAGU1K-T1,138/13.8 kV Transformador Aguacate 1,ElmTr2,2,,,,0
P21,WMRIOE_WMRI3K-T1,138/13.8 kV Transformador Monte Río G3,ElmTr2,-2,,,,0
P21,WMRIOE_WMRI2K-T1,138/13.8 kV Transformador Monte Río G2,ElmTr2,-2,,,,0
P21,WMRIOE_WMRI1K-T1,138/13.8 kV Transformador Monte Río G1,ElmTr2,-2,,,,0
P21,WITABE_WITA1K-T1,138/13.8 kV Transformador Itabo 1,ElmTr2,-2,,,,0
P21,WITABE_WITA2K-T1,138/13.8 kV Transformador Itabo 2,ElmTr2,-2,,,,0
P21,WITAGE_WSLORK-T1,138/13.8 kV Transformador San Lorenzo,ElmTr2,-2,,,,0
P21,WLCOCE_WLCOCK-T1,138/34.5 kV Transformador 1 Los Cocos,ElmTr2,0,,,,0
P21,WLCOCE_WLCOCK-T2,138/34.5 kV Transformador 2 Los Cocos,ElmTr2,0,,,,0
P21,WLCOCE_WLCOCK-T3,138/34.5 kV Transformador 3 Los Cocos,ElmTr2,0,,,,0
P21,WLCOCE_WLCOCK-T4,138/34.5 kV Transformador 4 Los Cocos,ElmTr2,0,,,,0
P21,WPLM1E_WPLM1K-T1,138/13.8 kV Transformador Palomino 1,ElmTr2,0,,,,0
P21,WPLM2E_WPLM2K-T1,138/13.8 kV Transformador Palomino 2,ElmTr2,0,,,,0
P21,WPAK2E_WXPA1K-T1,154/11 kV Transformador 1 Powership Azua,ElmTr2,-8,,,,0
P21,WPAK2E_WXPA2K-T1,154/11 kV Transformador 2 Powership Azua,ElmTr2,-8,,,,0
P21,WPAK6E_WXPA3K-T1,154/15 kV Transformador 1 Powership Azua,ElmTr2,-6,,,,0
P21,WPALBE_WPAQ2K-T1,138/4.16 kV Transformador 1 Palenque,ElmTr2,-1,,,,0
P21,WPALBE_WPAQ2K-T2,138/4.16 kV Transformador 2 Palenque,ElmTr2,2,,,,0
P21,WCC21E_WCCA2F-T1,138/69 kV Transformado Cruce de Cabral 2,ElmTr2,6,,,,0
P21,WSJU2E_WSJU2F-T1,138/69 kV Transformador San Juan 2,ElmTr2,9,,,,0
P21,WPIZAE_WPIZAF-T1,138/69 kV Transformador 1 Pizarrete,ElmTr2,7,,,,0
P21,WMTFNE_WMTFNK-T1,138/34.5 kV Transformador Matafongo,ElmTr2,0,,,,0
P21,WBAYAE_WBAYAK-T1,138/34.5 kV Transformador Bayasol,ElmTr2,0,,,,0
P21,WGIRAE_WGIRAK-T1,138/34.5 kV Transformador 1 Girasol,ElmTr2,0,,,,0
P21,WGIRAE_WGIRAK-T2,138/34.5 kV Transformador 2 Girasol,ElmTr2,0,,,,0
P21,WSANTE_WSANTK-T1,138/34.5 kV Transformador Santanasol,ElmTr2,0,,,,0
P21,WCALAE_WXCA1K-T1,138/34.5 kV Transformador PF Calabaza 1,ElmTr2,-8,,,,0
P21,WKQA1E_WPES1K-T1,138/34.5 kV Transformador Peravia Solar,ElmTr2,11,,,,0
P21,WKQA1E_WPES2K-T1,138/34.5 kV Transformador Peravia Sola2,ElmTr2,11,,,,0
P21,WMETEE_WMETEF-T1,138/69 kV S/E Móvil ETED,ElmTr2,14,,,,0
P21,WPAK5E_WXPA4K-T1,154/11 kV Powership Azua KPS56 T1,ElmTr2,10,,,,0
P21,WAHO1E_WAHONF-T1,138/69 kV Transformador Arroyo Hondo,ElmTr2,11,,,,0
P21,WHERRE_WHNVAF-T1,138/69 kV Transformador Herrera,ElmTr2,16,,,,0
P21,WDJAOE_WDJAOF-T1,138/69 kV Transformador Dajao,ElmTr2,2,,,,0
P21,WBCHIE_WBCHIF-T1,138/69 kV Transformador Boca Chica,ElmTr2,8,,,,0
P21,WHNSAE_WHNSAF-T1,138/69 kV Transformador Hainamosa,ElmTr2,12,,,,0
P21,WVDUAE_WVDUAF-T1,138/69 kV Transformador Villa Duarte,ElmTr2,5,,,,0
P21,WLMI6E_WLMI6K-T1,138/13.8 kV Transformador Los Mina 6,ElmTr2,2,,,,0
P21,WAANDE_WAANVK-T1,138/13.8 kV Transformador AES Andrés TV,ElmTr2,2,,,,0
P21,WAANDE_WAANGK-T1,138/19 kV Transformador AES Andrés TG,ElmTr2,2,,,,0
P21,WAANDE_WXBAAK-T1,138/4.16 kV BESS AES Andrés T1,ElmTr2,0,,,,0
P21,WMETAE_WMETAK-T1,138/13.2 kV Transformador METALDOM,ElmTr2,0,,,,0
P21,WTIM2E_WTIM2F-T1,138/69 kV Transformador Timbeque 2,ElmTr2,16,,,,0
P21,WLMI5E_WLMI5K-T1,138/13.8 kV Transformador Los Mina 5,ElmTr2,2,,,,0
P21,WPALAE_WPALBF-T1,138/69 kV Transformador 1 Palamara,ElmTr2,10,,,,0
P21,WPALAE_WPALAF-T1,138/69 kV Transformador 2 Palamara,ElmTr2,5,,,,0
P21,WEMA2E_WEMA2K-T1,138/13.8 kV Transformador EDM2,ElmTr2,0,,,,0
P21,WMP2AE_WXWC2K-T1,138/34.5 kV Transformador WCSP 2,ElmTr2,0,,,,0
P21,WMP2BE_WXWC3K-T1,138/34.5 kV Transformador WCSP 3,ElmTr2,0,,,,0
P21,WLMI7E_WLMI7K-T1,138/13.8 kV Transformador Los Mina 7,ElmTr2,2,,,,0
P21,WMETRE_WMETRF-T2,138/69 kV Transformador Metropolitano 2,ElmTr2,8,,,,0
P21,WHNS1E_WLVICK-T1,138/34.5 kV Transformador La Victoria,ElmTr2,0,,,,0
P21,WMIRAE_WMIRAK-T1,138/34.5 kV Transformador Mirasol,ElmTr2,0,,,,0
P21,WSIBAE_WXSI1K-T1,138/13.8 kV Trafo SIBA Grupo 1,ElmTr2,-2,,,,0
P21,WSIBAE_WXSI2K-T1,138/13.8 kV Trafo SIBA Grupo 2,ElmTr2,-2,,,,0
P21,WSIBAE_WXSI3K-T1,138/13.8 kV Trafo SIBA Grupo 3,ElmTr2,-2,,,,0
P21,WSIBAE_WXSI4K-T1,138/13.8 kV Trafo SIBA Grupo 4,ElmTr2,-2,,,,0
P21,WSIBBE_WXSI5K-T1,138/13.8 kV Trafo SIBA Grupo 5,ElmTr2,-2,,,,0
P21,WSIBAE_WXSI6K-T1,138/13.8 kV Trafo SIBA Grupo 6,ElmTr2,-2,,,,0
P21,WLMI6E_WXSALMK-T1,138/4.16 kV SA Parque Energ. Los Mina,ElmTr2,0,,,,0
P21,WPINAF_WPIN2K-T1,69/13.8 kV Transformador Pinalito 2,ElmTr2,0,,,,0
P21,WPINAF_WPIN1K-T1,69/13.8 kV Transformador Pinalito 1,ElmTr2,0,,,,0
P21,WRBLAF_WRBL2K-T1,69/13.8 kV Transformador Río Blanco 2,ElmTr2,1,,,,0
P21,WRBLAF_WRBL1K-T1,69/13.8 kV Transformador Río Blanco 1,ElmTr2,1,,,,0
P21,WRINCF_WRINCK-T1,69/12.5 kV Transformador Rincón,ElmTr2,0,,,,0
P21,WNAGUF_WRJCRK-T1,69/4.16 kV Transformador Rosa Julia Cruz,ElmTr2,0,,,,0
P21,WCONSF_WESALK-T1,69/12.5 kV Transformador El Salto,ElmTr2,0,,,,0
P21,WGVEBF_WLVE1K-T1,69/13.8 kV Transformador La Vega Grupo 1,ElmTr2,4,,,,0
P21,WGVEGF_WLVE2K-T1,69/13.8 kV Transformador La Vega Grupo 2,ElmTr2,4,,,,0
P21,WBPERF_WAVA1K-T1,69/12.5 kV Transformador Aniana Vargas,ElmTr2,0,,,,0
P21,WJIMEF_WJIMEK-T1,69/12.5 kV Transformador Jimenoa,ElmTr2,0,,,,0
P21,WHATIF_WHATIK-T1,69/12.5 kV Transformador Hatillo 1,ElmTr2,2,,,,0
P21,WHATIF_WHAT2K-T1,69/12.5 kV Transformador Hatillo 2,ElmTr2,0,,,,0
P21,WBDERF_WBDERK-T1,69/13.8 kV Transformador Brazo Derecho,ElmTr2,0,,,,0
P21,WPDORE_WPDORF-T1,138/69 kV Trafo Playa Dorada,ElmTr2,12,,,,0
P21,WEMA3F_WEMA3K-T1,66/13.8/13.8 kV Transformador EDM3,ElmTr3,,0,0,0,0
P21,WSFELE_WSFEGK-T1,138/13.8 kV Transformador San Felipe,ElmTr3,,-1,0,0,1
P21,WMETRE_WMETRF-T1,138/69 kV Transformador Metropolitano,ElmTr3,,0,0,0,1
P22,WMPSOF_WMPSOK-T1,69/20 kV Transformador Monte Plata Solar,ElmTr2,0,,,,0
P22,WGPALF_WPAL3K-T1,69/13.8 kV Transformador Palamara Grupo3,ElmTr2,0,,,,0
P22,WGPALF_WPAL2K-T1,69/13.8 kV Transformador Palamara Grupo2,ElmTr2,0,,,,0
P22,WGPALF_WPAL1K-T1,69/13.8 kV Transformador Palamara Grupo1,ElmTr2,0,,,,0
P22,WINCAF-WINCAK-T2,69/12.5 kV INCA km 22 T2,ElmTr2,-1,,,,0
P22,WEMA3F_WEMB3K-T1,66/13.8 kV Transformador EDM3,ElmTr2,0,,,,0
P22,WMPALF_WMPALK-T1,69/34.5 kV Transformador Mata de Palma,ElmTr2,8,,,,0
P22,WMARTF_WMARTK-T1,69/34.5 kV Transformador Martí,ElmTr2,3,,,,0
P22,WHNS1F_WMARAK-T1,69/13.8 kV Transformador Maranatha,ElmTr2,0,,,,0
P22,WINCAF-WINCAK-T1,69/12.5 kV INCA km 22 T1,ElmTr2,0,,,,0
P22,WJSAUD_WJSAUE-T1,345/138 kV Transformador 1 Julio Sauri,ElmTr2,14,,,,0
P22,WJSAUD_WJSAUE-T2,345/138 kV Transformador 2 Julio Sauri,ElmTr2,14,,,,0
P22,WNARAD_WNARAE-T2,345/138 kV Transformador 2 El Naranjo,ElmTr2,9,,,,0
P22,WNARAD_WNARAE-T1,345/138 kV Transformador 1 El Naranjo,ElmTr2,9,,,,0
P22,WQU11D_WQU21K-T1,230/13.8 kV Transformador Quisqueya 2 G1,ElmTr2,0,,,,0
P22,WQU11D_WQU22K-T2,230/13.8 kV Transformador Quisqueya 2 G2,ElmTr2,0,,,,0
P22,WQU11D_WQU23K-T3,230/13.8 kV Transformador Quisqueya 2 G3,ElmTr2,0,,,,0
P22,WQUISD_WQ1SPK-T1,230/13.8 kV Transformador Q1 San Pedro,ElmTr2,0,,,,0
P22,WQU21D_WQU12K-T2,230/13.8 kV Transformador Quisqueya 1 G2,ElmTr2,0,,,,0
P22,WQU21D_WQU13K-T3,230/13.8 kV Transformador Quisqueya 1 G3,ElmTr2,0,,,,0
P22,WPVDCD_WPVD1K-T1,230/34.5 kV Transformador 1 PVDC,ElmTr2,0,,,,0
P22,WPVDCD_WPVD2K-T1,230/34.5 kV Transformador 2 PVDC,ElmTr2,0,,,,0
P22,WPCA2D_WPCA1K-T1,345/22 kV Transformador Punta Catalina 1,ElmTr2,3,,,,0
P22,WPCA2D_WPCA2K-T1,345/22 kV Transformador Punta Catalina 2,ElmTr2,3,,,,0
P22,WBON3D_WBON3C-T1,345/230 kV Transformador 2 Bonao 3,ElmTr2,19,,,,0
P22,WBON3C_WBON3E-T2,230/138 kV Transformador 2 Bonao 3,ElmTr2,9,,,,0
P22,WGUERD_WGUERE-T1,345/138 kV Transformador 1 Guerra,ElmTr2,5,,,,0
P22,WGUERD_WGUERE-T2,345/138 kV Transformador 2 Guerra,ElmTr2,5,,,,0
P22,WSESTE_WSES1K-T1,138/13.8 kV Transformador Sultana Este 1,ElmTr2,0,,,,0
P22,WSESTE_WSES2K-T1,138/13.8 kV Transformador Sultana Este 2,ElmTr2,-2,,,,1
P22,WSESTE_WSES3K-T1,138/13.8 kV Transformador Sultana Este 3,ElmTr2,-10,,,,1
P22,WLROME_WLROMF-T1,138/69 kV Transformador La Romana,ElmTr2,13,,,,0
P22,WSPM2E_WCES3K-T1,138/13.8 kV Transformador CESPM 3,ElmTr2,0,,,,0
P22,WSPM2E_WCES2K-T1,138/13.8 kV Transformador CESPM 2,ElmTr2,0,,,,0
P22,WSPM2E_WCES1K-T1,138/13.8 kV Transformador CESPM 1,ElmTr2,0,,,,0
P22,WENE4E_WXEN4K-T1,138/13.8 kV Transformador ENERGAS 4 TG,ElmTr2,0,,,,0
P22,WENE4E_WXEV4K-T1,138/13.8 kV Transformador ENERGAS 4 TV,ElmTr2,0,,,,0
P22,WCEMEE_WCEMEK-T1,138/13.8 kV Transformador CEMEX,ElmTr2,0,,,,0
P22,WCEMEE_WCEMEK-T2,138/13.8 kV Trafo 2 CEMEX 40 MVA,ElmTr2,3,,,,0
P22,WCUMAE_WXCU1K-T1,138/34.5 kV Transformador PF Cumayasa 1,ElmTr2,0,,,,0
P22,WCUMBE_WXCU2K-T1,138/34.5 kV Transformador PF Cumayasa 2,ElmTr2,0,,,,0
P22,WCUMBE_WXCU4K-T1,138/34.5 kV Transformador PF Cumayasa 4,ElmTr2,1,,,,0
P22,WLORIE_WLORIK-T1,138/12.47 kV Transformador Los Orígenes,ElmTr2,1,,,,0
P22,WSPBEE_WSPB1K-T1,138/13.8 kV Transformador SP Bio-Energy,ElmTr2,5,,,,0
P22,WSPMAE_WSPMAF-T1,138/69 kV Transformador SPM,ElmTr2,9,,,,0
P22,WHMA2E_WHMA2F-T1,138/69 kV Transformador Hato Mayor 2,ElmTr2,11,,,,0
P22,WESOCE_WESOCK-T1,138/34.5 kV Transformador PS El Soco,ElmTr2,0,,,,0
P22,WCOTOE_WCSO1K-T1,138/34.5 kV Cotoperí T1,ElmTr2,0,,,,0
P22,WCOTOE_WCSO2K-T1,138/34.5 kV Cotoperí T2,ElmTr2,0,,,,0
P22,WCOTOE_WCSO3K-T1,138/34.5 kV Cotoperí T3,ElmTr2,0,,,,0
P22,WCOAPE_WCOA1K-T1,138/34.5 kV Transformador PF Coastal T1,ElmTr2,0,,,,0
P22,WCOAPE_WCOA2K-T1,138/34.5 kV Transformador PF Coastal T2,ElmTr2,0,,,,0
P22,WZSANE_WZSANF-T1,138/69 kV Transformador ZF Santiago,ElmTr2,9,,,,0
P22,WBON2E_WBON2F-T1,138/69 kV Transformador Bonao 2,ElmTr2,12,,,,0
P22,WZMONK_WCEMOK-T1,13.8/4.16 kV Transformador CE Monción,ElmTr2,0,,,,0
P22,WMONCE_WMONCK-T2,138/13.8 kV Transformador Monción 2,ElmTr2,2,,,,0
P22,WMONCE_WMONCK-T1,138/13.8 kV Transformador Monción 1,ElmTr2,2,,,,0
P22,WMONCK_WZMONK-T1,13.8/4.16 kV Transformador Zona Monción,ElmTr2,0,,,,0
P22,WPIMEE_WPIM3K-T1,138/13.8 kV Trafo Pimentel Grupo 3,ElmTr2,1,,,,0
P22,WPIMEE_WPIM2K-T1,138/13.8 kV Trafo Pimentel Grupo 2,ElmTr2,1,,,,0
P22,WPIMEE_WPIM1K-T1,138/13.8 kV Trafo Pimentel Grupo 1,ElmTr2,1,,,,0
P22,WCANAE_WCANBF-T2,138/69 kV Transformador 2 Canabacoa,ElmTr2,13,,,,0
P22,WCANAE_WCANBF-T1,138/69 kV Transformador Canabacoa,ElmTr2,16,,,,0
P22,WPPL2E_WPPL2F-T1,138/69 kV Trafo Puerto Plata 2,ElmTr2,9,,,,0
P22,WNAG2E_WNAG2F-T1,138/69 kV Transformador Nagua 2,ElmTr2,14,,,,0
P22,WLANGE_WLANGK-T1,138/13.8 Transformador López Angostura,ElmTr2,0,,,,0
P22,WFALCE_WFALCK-T1,138/34.5 kV Transformador FALCONDO,ElmTr2,5,,,,1
P22,WTAVBE_WBAI1K-T1,12.47/0.44 kV Transfomador 1 Baiguaque,ElmTr2,-3,,,,0
P22,WTAVBE_WBAI2K-T1,34.5/12.47 kV Trafo Jánico,ElmTr2,-3,,,,0
P22,WTAVBE_WTAV2K-T1,138/13.8 kV Transformador Tavera 2,ElmTr2,2,,,,0
P22,WTAVEE_WTAV1K-T1,138/13.8 kV Transformador Tavera 1,ElmTr2,2,,,,0
P22,WFALCF_WFALCK-T1,69/34.5 kV Transformador FALCONDO,ElmTr2,3,,,,1
P22,WSAJ1E_WSAJOK-T1,138/34.5 kV Transformador PF SAJOMA,ElmTr2,0,,,,0
P22,WGUAYE_WPFM1K-T1,138/20 kV Trafo Monte Cristi Solar G1,ElmTr2,3,,,,0
P22,WGUAYE_WPFM2K-T1,138/20 kV Trafo Monte Cristi Solar G2,ElmTr2,3,,,,0
P22,WACLAE_WACLAK-T1,138/34.5 kV Transformador Agua Clara,ElmTr2,2,,,,0
P22,WGNLLE_WGNLLK-T1,138/34.5 kV Transformador Guanillo,ElmTr2,0,,,,0
P22,WSFMAE_WSFMAF-T1,138/69 kV Transformador SFM,ElmTr2,16,,,,0
P22,WLGUZE_WLGUZK-T1,138/34.5 kV Trafo Los Guzmancito,ElmTr2,0,,,,0
P22,WLGUZE_WLGU2K-T1,138/34.5 kV Trafo 2 Guzmancito,ElmTr2,0,,,,0
P22,WMAT1E_WXMATK-T1,138/34.5 kV Transformador MATRISOL,ElmTr2,10,,,,0
P22,WESP1E_WXPS1K-T1,138/34.5 kV Transformador PS Esperanza,ElmTr2,-2,,,,0
P22,WPIMEE_WXPI4K-T1,138/13.8 kV Pimentel 4 T1,ElmTr2,0,,,,0
P22,WTAV2E_WTAVEK-T1,138/34.5 kV Tavera T1,ElmTr2,0,,,,0
P22,WLTOBF_WLTO1K-T1,69/6.9 kV Transformador Los Toros,ElmTr2,0,,,,0
P22,WSYEGF_WSYEGK-T1,69/13.8 kV Transformador Sabana Yegua,ElmTr2,1,,,,0
P22,WSABAF_WSABAK-T1,69/12.5 kV Transformador Sabaneta,ElmTr2,1,,,,0
P22,WMAGUF_WMAGUK-T1,69/22 kV Transformador Magueyal,ElmTr2,0,,,,0
P22,WLDAMF_WLDAMK-T1,69/12.5 kV Transformador Las Damas,ElmTr2,-1,,,,0
P22,WDRODK_WDRODL-T1,12.47/4.16 kV Trafo Domingo Rodríguez,ElmTr2,0,,,,0
P22,WDRODF_WDRODK-T1,69/12.47 kV Trafo Domingo Rodríguez,ElmTr2,0,,,,0
P22,WSCANF_WSCANK-T1,69/34.5 kV Transformador Canoa Solar,ElmTr2,-1,,,,0
P22,WYAGUF_WXNNAK-T1,69/12.47 kV Nizao-Najayo T1,ElmTr2,0,,,,0
P22,WPIZDF_WXLANK-T1,69/12.47 kV Pizarrete Distribución T1,ElmTr2,0,,,,0
P22,WLUCIF_WXLUCK-T1,69/34.5 kV PF Lucila T1,ElmTr2,2,,,,0
P22,WKQAZE_WKQAZF-T1,138/69 kV Transformador km 15 de Azua,ElmTr2,5,,,,0
P22,WHAINE_WHAIGK-T1,138/13.8 kV Transformador Haina TG,ElmTr2,-1,,,,0
P22,WHAINE_WHAINF-T1,138/69 kV Transformador Haina,ElmTr2,8,,,,0
P22,WVALDE_WVAL2K-T1,138/13.8 kV Transformador Valdesia 2,ElmTr2,1,,,,0
P22,WVALDE_WVAL1K-T1,138/13.8 kV Transformador Valdesia 1,ElmTr2,1,,,,0
P22,WVALDE_WLBARK-T1,138/13.8 kV Transformador Las Barias,ElmTr2,7,,,,0
P22,WBCARE_WBARCK-T1,138/13.8 kV Transformado Barahona Carbón,ElmTr2,-2,,,,0
P22,WBCARE_WBCARF-T1,138/69 kV Transformador Barahona Carbón,ElmTr2,2,,,,0
P22,WJIGUE_WJIG2K-T1,138/13.8 kV Transformador Jigüey 2,ElmTr2,0,,,,0
P22,WJIGBE_WJIG1K-T1,138/13.8 kV Transformador Jigüey 1,ElmTr2,0,,,,0
P22,WAGUBE_WAGU2K-T1,138/13.8 kV Transformador Aguacate 2,ElmTr2,2,,,,0
P22,WAGUAE_WAGU1K-T1,138/13.8 kV Transformador Aguacate 1,ElmTr2,2,,,,0
P22,WMRIOE_WMRI3K-T1,138/13.8 kV Transformador Monte Río G3,ElmTr2,-2,,,,0
P22,WMRIOE_WMRI2K-T1,138/13.8 kV Transformador Monte Río G2,ElmTr2,-2,,,,0
P22,WMRIOE_WMRI1K-T1,138/13.8 kV Transformador Monte Río G1,ElmTr2,-2,,,,0
P22,WITABE_WITA1K-T1,138/13.8 kV Transformador Itabo 1,ElmTr2,-2,,,,0
P22,WITABE_WITA2K-T1,138/13.8 kV Transformador Itabo 2,ElmTr2,-2,,,,0
P22,WITAGE_WSLORK-T1,138/13.8 kV Transformador San Lorenzo,ElmTr2,-2,,,,0
P22,WLCOCE_WLCOCK-T1,138/34.5 kV Transformador 1 Los Cocos,ElmTr2,0,,,,0
P22,WLCOCE_WLCOCK-T2,138/34.5 kV Transformador 2 Los Cocos,ElmTr2,0,,,,0
P22,WLCOCE_WLCOCK-T3,138/34.5 kV Transformador 3 Los Cocos,ElmTr2,0,,,,0
P22,WLCOCE_WLCOCK-T4,138/34.5 kV Transformador 4 Los Cocos,ElmTr2,0,,,,0
P22,WPLM1E_WPLM1K-T1,138/13.8 kV Transformador Palomino 1,ElmTr2,0,,,,0
P22,WPLM2E_WPLM2K-T1,138/13.8 kV Transformador Palomino 2,ElmTr2,0,,,,0
P22,WPAK2E_WXPA1K-T1,154/11 kV Transformador 1 Powership Azua,ElmTr2,-8,,,,0
P22,WPAK2E_WXPA2K-T1,154/11 kV Transformador 2 Powership Azua,ElmTr2,-8,,,,0
P22,WPAK6E_WXPA3K-T1,154/15 kV Transformador 1 Powership Azua,ElmTr2,-6,,,,0
P22,WPALBE_WPAQ2K-T1,138/4.16 kV Transformador 1 Palenque,ElmTr2,-1,,,,0
P22,WPALBE_WPAQ2K-T2,138/4.16 kV Transformador 2 Palenque,ElmTr2,1,,,,0
P22,WCC21E_WCCA2F-T1,138/69 kV Transformado Cruce de Cabral 2,ElmTr2,6,,,,0
P22,WSJU2E_WSJU2F-T1,138/69 kV Transformador San Juan 2,ElmTr2,9,,,,0
P22,WPIZAE_WPIZAF-T1,138/69 kV Transformador 1 Pizarrete,ElmTr2,8,,,,0
P22,WMTFNE_WMTFNK-T1,138/34.5 kV Transformador Matafongo,ElmTr2,0,,,,0
P22,WBAYAE_WBAYAK-T1,138/34.5 kV Transformador Bayasol,ElmTr2,0,,,,0
P22,WGIRAE_WGIRAK-T1,138/34.5 kV Transformador 1 Girasol,ElmTr2,0,,,,0
P22,WGIRAE_WGIRAK-T2,138/34.5 kV Transformador 2 Girasol,ElmTr2,0,,,,0
P22,WSANTE_WSANTK-T1,138/34.5 kV Transformador Santanasol,ElmTr2,0,,,,0
P22,WCALAE_WXCA1K-T1,138/34.5 kV Transformador PF Calabaza 1,ElmTr2,-8,,,,0
P22,WKQA1E_WPES1K-T1,138/34.5 kV Transformador Peravia Solar,ElmTr2,11,,,,0
P22,WKQA1E_WPES2K-T1,138/34.5 kV Transformador Peravia Sola2,ElmTr2,11,,,,0
P22,WMETEE_WMETEF-T1,138/69 kV S/E Móvil ETED,ElmTr2,14,,,,0
P22,WPAK5E_WXPA4K-T1,154/11 kV Powership Azua KPS56 T1,ElmTr2,10,,,,0
P22,WAHO1E_WAHONF-T1,138/69 kV Transformador Arroyo Hondo,ElmTr2,11,,,,0
P22,WHERRE_WHNVAF-T1,138/69 kV Transformador Herrera,ElmTr2,16,,,,0
P22,WDJAOE_WDJAOF-T1,138/69 kV Transformador Dajao,ElmTr2,2,,,,0
P22,WBCHIE_WBCHIF-T1,138/69 kV Transformador Boca Chica,ElmTr2,8,,,,0
P22,WHNSAE_WHNSAF-T1,138/69 kV Transformador Hainamosa,ElmTr2,10,,,,0
P22,WVDUAE_WVDUAF-T1,138/69 kV Transformador Villa Duarte,ElmTr2,5,,,,0
P22,WLMI6E_WLMI6K-T1,138/13.8 kV Transformador Los Mina 6,ElmTr2,2,,,,0
P22,WAANDE_WAANVK-T1,138/13.8 kV Transformador AES Andrés TV,ElmTr2,2,,,,0
P22,WAANDE_WAANGK-T1,138/19 kV Transformador AES Andrés TG,ElmTr2,2,,,,0
P22,WAANDE_WXBAAK-T1,138/4.16 kV BESS AES Andrés T1,ElmTr2,0,,,,0
P22,WMETAE_WMETAK-T1,138/13.2 kV Transformador METALDOM,ElmTr2,0,,,,0
P22,WTIM2E_WTIM2F-T1,138/69 kV Transformador Timbeque 2,ElmTr2,16,,,,0
P22,WLMI5E_WLMI5K-T1,138/13.8 kV Transformador Los Mina 5,ElmTr2,2,,,,0
P22,WPALAE_WPALBF-T1,138/69 kV Transformador 1 Palamara,ElmTr2,8,,,,0
P22,WPALAE_WPALAF-T1,138/69 kV Transformador 2 Palamara,ElmTr2,5,,,,0
P22,WEMA2E_WEMA2K-T1,138/13.8 kV Transformador EDM2,ElmTr2,0,,,,0
P22,WMP2AE_WXWC2K-T1,138/34.5 kV Transformador WCSP 2,ElmTr2,0,,,,0
P22,WMP2BE_WXWC3K-T1,138/34.5 kV Transformador WCSP 3,ElmTr2,0,,,,0
P22,WLMI7E_WLMI7K-T1,138/13.8 kV Transformador Los Mina 7,ElmTr2,2,,,,0
P22,WMETRE_WMETRF-T2,138/69 kV Transformador Metropolitano 2,ElmTr2,8,,,,0
P22,WHNS1E_WLVICK-T1,138/34.5 kV Transformador La Victoria,ElmTr2,0,,,,0
P22,WMIRAE_WMIRAK-T1,138/34.5 kV Transformador Mirasol,ElmTr2,0,,,,0
P22,WSIBAE_WXSI1K-T1,138/13.8 kV Trafo SIBA Grupo 1,ElmTr2,-2,,,,0
P22,WSIBAE_WXSI2K-T1,138/13.8 kV Trafo SIBA Grupo 2,ElmTr2,-2,,,,0
P22,WSIBAE_WXSI3K-T1,138/13.8 kV Trafo SIBA Grupo 3,ElmTr2,-2,,,,0
P22,WSIBAE_WXSI4K-T1,138/13.8 kV Trafo SIBA Grupo 4,ElmTr2,-2,,,,0
P22,WSIBBE_WXSI5K-T1,138/13.8 kV Trafo SIBA Grupo 5,ElmTr2,-2,,,,0
P22,WSIBAE_WXSI6K-T1,138/13.8 kV Trafo SIBA Grupo 6,ElmTr2,-2,,,,0
P22,WLMI6E_WXSALMK-T1,138/4.16 kV SA Parque Energ. Los Mina,ElmTr2,0,,,,0
P22,WPINAF_WPIN2K-T1,69/13.8 kV Transformador Pinalito 2,ElmTr2,0,,,,0
P22,WPINAF_WPIN1K-T1,69/13.8 kV Transformador Pinalito 1,ElmTr2,0,,,,0
P22,WRBLAF_WRBL2K-T1,69/13.8 kV Transformador Río Blanco 2,ElmTr2,1,,,,0
P22,WRBLAF_WRBL1K-T1,69/13.8 kV Transformador Río Blanco 1,ElmTr2,1,,,,0
P22,WRINCF_WRINCK-T1,69/12.5 kV Transformador Rincón,ElmTr2,0,,,,0
P22,WNAGUF_WRJCRK-T1,69/4.16 kV Transformador Rosa Julia Cruz,ElmTr2,0,,,,0
P22,WCONSF_WESALK-T1,69/12.5 kV Transformador El Salto,ElmTr2,0,,,,0
P22,WGVEBF_WLVE1K-T1,69/13.8 kV Transformador La Vega Grupo 1,ElmTr2,4,,,,0
P22,WGVEGF_WLVE2K-T1,69/13.8 kV Transformador La Vega Grupo 2,ElmTr2,4,,,,0
P22,WBPERF_WAVA1K-T1,69/12.5 kV Transformador Aniana Vargas,ElmTr2,0,,,,0
P22,WJIMEF_WJIMEK-T1,69/12.5 kV Transformador Jimenoa,ElmTr2,0,,,,0
P22,WHATIF_WHATIK-T1,69/12.5 kV Transformador Hatillo 1,ElmTr2,2,,,,0
P22,WHATIF_WHAT2K-T1,69/12.5 kV Transformador Hatillo 2,ElmTr2,0,,,,0
P22,WBDERF_WBDERK-T1,69/13.8 kV Transformador Brazo Derecho,ElmTr2,0,,,,0
P22,WPDORE_WPDORF-T1,138/69 kV Trafo Playa Dorada,ElmTr2,12,,,,0
P22,WEMA3F_WEMA3K-T1,66/13.8/13.8 kV Transformador EDM3,ElmTr3,,0,0,0,0
P22,WSFELE_WSFEGK-T1,138/13.8 kV Transformador San Felipe,ElmTr3,,-1,0,0,1
P22,WMETRE_WMETRF-T1,138/69 kV Transformador Metropolitano,ElmTr3,,0,0,0,1
P23,WMPSOF_WMPSOK-T1,69/20 kV Transformador Monte Plata Solar,ElmTr2,0,,,,0
P23,WGPALF_WPAL3K-T1,69/13.8 kV Transformador Palamara Grupo3,ElmTr2,0,,,,0
P23,WGPALF_WPAL2K-T1,69/13.8 kV Transformador Palamara Grupo2,ElmTr2,0,,,,0
P23,WGPALF_WPAL1K-T1,69/13.8 kV Transformador Palamara Grupo1,ElmTr2,0,,,,0
P23,WINCAF-WINCAK-T2,69/12.5 kV INCA km 22 T2,ElmTr2,-1,,,,0
P23,WEMA3F_WEMB3K-T1,66/13.8 kV Transformador EDM3,ElmTr2,0,,,,0
P23,WMPALF_WMPALK-T1,69/34.5 kV Transformador Mata de Palma,ElmTr2,8,,,,0
P23,WMARTF_WMARTK-T1,69/34.5 kV Transformador Martí,ElmTr2,3,,,,0
P23,WHNS1F_WMARAK-T1,69/13.8 kV Transformador Maranatha,ElmTr2,0,,,,0
P23,WINCAF-WINCAK-T1,69/12.5 kV INCA km 22 T1,ElmTr2,0,,,,0
P23,WJSAUD_WJSAUE-T1,345/138 kV Transformador 1 Julio Sauri,ElmTr2,12,,,,0
P23,WJSAUD_WJSAUE-T2,345/138 kV Transformador 2 Julio Sauri,ElmTr2,12,,,,0
P23,WNARAD_WNARAE-T2,345/138 kV Transformador 2 El Naranjo,ElmTr2,6,,,,0
P23,WNARAD_WNARAE-T1,345/138 kV Transformador 1 El Naranjo,ElmTr2,6,,,,0
P23,WQU11D_WQU21K-T1,230/13.8 kV Transformador Quisqueya 2 G1,ElmTr2,0,,,,0
P23,WQU11D_WQU22K-T2,230/13.8 kV Transformador Quisqueya 2 G2,ElmTr2,0,,,,0
P23,WQU11D_WQU23K-T3,230/13.8 kV Transformador Quisqueya 2 G3,ElmTr2,0,,,,0
P23,WQUISD_WQ1SPK-T1,230/13.8 kV Transformador Q1 San Pedro,ElmTr2,0,,,,0
P23,WQU21D_WQU12K-T2,230/13.8 kV Transformador Quisqueya 1 G2,ElmTr2,0,,,,0
P23,WQU21D_WQU13K-T3,230/13.8 kV Transformador Quisqueya 1 G3,ElmTr2,0,,,,0
P23,WPVDCD_WPVD1K-T1,230/34.5 kV Transformador 1 PVDC,ElmTr2,0,,,,0
P23,WPVDCD_WPVD2K-T1,230/34.5 kV Transformador 2 PVDC,ElmTr2,0,,,,0
P23,WPCA2D_WPCA1K-T1,345/22 kV Transformador Punta Catalina 1,ElmTr2,3,,,,0
P23,WPCA2D_WPCA2K-T1,345/22 kV Transformador Punta Catalina 2,ElmTr2,3,,,,0
P23,WBON3D_WBON3C-T1,345/230 kV Transformador 2 Bonao 3,ElmTr2,22,,,,0
P23,WBON3C_WBON3E-T2,230/138 kV Transformador 2 Bonao 3,ElmTr2,8,,,,0
P23,WGUERD_WGUERE-T1,345/138 kV Transformador 1 Guerra,ElmTr2,8,,,,0
P23,WGUERD_WGUERE-T2,345/138 kV Transformador 2 Guerra,ElmTr2,8,,,,0
P23,WSESTE_WSES1K-T1,138/13.8 kV Transformador Sultana Este 1,ElmTr2,0,,,,0
P23,WSESTE_WSES2K-T1,138/13.8 kV Transformador Sultana Este 2,ElmTr2,-2,,,,1
P23,WSESTE_WSES3K-T1,138/13.8 kV Transformador Sultana Este 3,ElmTr2,-10,,,,1
P23,WLROME_WLROMF-T1,138/69 kV Transformador La Romana,ElmTr2,13,,,,0
P23,WSPM2E_WCES3K-T1,138/13.8 kV Transformador CESPM 3,ElmTr2,0,,,,0
P23,WSPM2E_WCES2K-T1,138/13.8 kV Transformador CESPM 2,ElmTr2,0,,,,0
P23,WSPM2E_WCES1K-T1,138/13.8 kV Transformador CESPM 1,ElmTr2,0,,,,0
P23,WENE4E_WXEN4K-T1,138/13.8 kV Transformador ENERGAS 4 TG,ElmTr2,0,,,,0
P23,WENE4E_WXEV4K-T1,138/13.8 kV Transformador ENERGAS 4 TV,ElmTr2,0,,,,0
P23,WCEMEE_WCEMEK-T1,138/13.8 kV Transformador CEMEX,ElmTr2,0,,,,0
P23,WCEMEE_WCEMEK-T2,138/13.8 kV Trafo 2 CEMEX 40 MVA,ElmTr2,3,,,,0
P23,WCUMAE_WXCU1K-T1,138/34.5 kV Transformador PF Cumayasa 1,ElmTr2,0,,,,0
P23,WCUMBE_WXCU2K-T1,138/34.5 kV Transformador PF Cumayasa 2,ElmTr2,0,,,,0
P23,WCUMBE_WXCU4K-T1,138/34.5 kV Transformador PF Cumayasa 4,ElmTr2,1,,,,0
P23,WLORIE_WLORIK-T1,138/12.47 kV Transformador Los Orígenes,ElmTr2,2,,,,0
P23,WSPBEE_WSPB1K-T1,138/13.8 kV Transformador SP Bio-Energy,ElmTr2,5,,,,0
P23,WSPMAE_WSPMAF-T1,138/69 kV Transformador SPM,ElmTr2,10,,,,0
P23,WHMA2E_WHMA2F-T1,138/69 kV Transformador Hato Mayor 2,ElmTr2,11,,,,0
P23,WESOCE_WESOCK-T1,138/34.5 kV Transformador PS El Soco,ElmTr2,0,,,,0
P23,WCOTOE_WCSO1K-T1,138/34.5 kV Cotoperí T1,ElmTr2,0,,,,0
P23,WCOTOE_WCSO2K-T1,138/34.5 kV Cotoperí T2,ElmTr2,0,,,,0
P23,WCOTOE_WCSO3K-T1,138/34.5 kV Cotoperí T3,ElmTr2,0,,,,0
P23,WCOAPE_WCOA1K-T1,138/34.5 kV Transformador PF Coastal T1,ElmTr2,0,,,,0
P23,WCOAPE_WCOA2K-T1,138/34.5 kV Transformador PF Coastal T2,ElmTr2,0,,,,0
P23,WZSANE_WZSANF-T1,138/69 kV Transformador ZF Santiago,ElmTr2,9,,,,0
P23,WBON2E_WBON2F-T1,138/69 kV Transformador Bonao 2,ElmTr2,12,,,,0
P23,WZMONK_WCEMOK-T1,13.8/4.16 kV Transformador CE Monción,ElmTr2,0,,,,0
P23,WMONCE_WMONCK-T2,138/13.8 kV Transformador Monción 2,ElmTr2,2,,,,0
P23,WMONCE_WMONCK-T1,138/13.8 kV Transformador Monción 1,ElmTr2,2,,,,0
P23,WMONCK_WZMONK-T1,13.8/4.16 kV Transformador Zona Monción,ElmTr2,0,,,,0
P23,WPIMEE_WPIM3K-T1,138/13.8 kV Trafo Pimentel Grupo 3,ElmTr2,1,,,,0
P23,WPIMEE_WPIM2K-T1,138/13.8 kV Trafo Pimentel Grupo 2,ElmTr2,1,,,,0
P23,WPIMEE_WPIM1K-T1,138/13.8 kV Trafo Pimentel Grupo 1,ElmTr2,1,,,,0
P23,WCANAE_WCANBF-T2,138/69 kV Transformador 2 Canabacoa,ElmTr2,14,,,,0
P23,WCANAE_WCANBF-T1,138/69 kV Transformador Canabacoa,ElmTr2,16,,,,0
P23,WPPL2E_WPPL2F-T1,138/69 kV Trafo Puerto Plata 2,ElmTr2,11,,,,0
P23,WNAG2E_WNAG2F-T1,138/69 kV Transformador Nagua 2,ElmTr2,14,,,,0
P23,WLANGE_WLANGK-T1,138/13.8 Transformador López Angostura,ElmTr2,0,,,,0
P23,WFALCE_WFALCK-T1,138/34.5 kV Transformador FALCONDO,ElmTr2,5,,,,1
P23,WTAVBE_WBAI1K-T1,12.47/0.44 kV Transfomador 1 Baiguaque,ElmTr2,-3,,,,0
P23,WTAVBE_WBAI2K-T1,34.5/12.47 kV Trafo Jánico,ElmTr2,-3,,,,0
P23,WTAVBE_WTAV2K-T1,138/13.8 kV Transformador Tavera 2,ElmTr2,2,,,,0
P23,WTAVEE_WTAV1K-T1,138/13.8 kV Transformador Tavera 1,ElmTr2,2,,,,0
P23,WFALCF_WFALCK-T1,69/34.5 kV Transformador FALCONDO,ElmTr2,3,,,,1
P23,WSAJ1E_WSAJOK-T1,138/34.5 kV Transformador PF SAJOMA,ElmTr2,0,,,,0
P23,WGUAYE_WPFM1K-T1,138/20 kV Trafo Monte Cristi Solar G1,ElmTr2,3,,,,0
P23,WGUAYE_WPFM2K-T1,138/20 kV Trafo Monte Cristi Solar G2,ElmTr2,3,,,,0
P23,WACLAE_WACLAK-T1,138/34.5 kV Transformador Agua Clara,ElmTr2,2,,,,0
P23,WGNLLE_WGNLLK-T1,138/34.5 kV Transformador Guanillo,ElmTr2,0,,,,0
P23,WSFMAE_WSFMAF-T1,138/69 kV Transformador SFM,ElmTr2,14,,,,0
P23,WLGUZE_WLGUZK-T1,138/34.5 kV Trafo Los Guzmancito,ElmTr2,0,,,,0
P23,WLGUZE_WLGU2K-T1,138/34.5 kV Trafo 2 Guzmancito,ElmTr2,0,,,,0
P23,WMAT1E_WXMATK-T1,138/34.5 kV Transformador MATRISOL,ElmTr2,10,,,,0
P23,WESP1E_WXPS1K-T1,138/34.5 kV Transformador PS Esperanza,ElmTr2,-2,,,,0
P23,WPIMEE_WXPI4K-T1,138/13.8 kV Pimentel 4 T1,ElmTr2,0,,,,0
P23,WTAV2E_WTAVEK-T1,138/34.5 kV Tavera T1,ElmTr2,0,,,,0
P23,WLTOBF_WLTO1K-T1,69/6.9 kV Transformador Los Toros,ElmTr2,0,,,,0
P23,WSYEGF_WSYEGK-T1,69/13.8 kV Transformador Sabana Yegua,ElmTr2,1,,,,0
P23,WSABAF_WSABAK-T1,69/12.5 kV Transformador Sabaneta,ElmTr2,1,,,,0
P23,WMAGUF_WMAGUK-T1,69/22 kV Transformador Magueyal,ElmTr2,0,,,,0
P23,WLDAMF_WLDAMK-T1,69/12.5 kV Transformador Las Damas,ElmTr2,-1,,,,0
P23,WDRODK_WDRODL-T1,12.47/4.16 kV Trafo Domingo Rodríguez,ElmTr2,0,,,,0
P23,WDRODF_WDRODK-T1,69/12.47 kV Trafo Domingo Rodríguez,ElmTr2,0,,,,0
P23,WSCANF_WSCANK-T1,69/34.5 kV Transformador Canoa Solar,ElmTr2,-1,,,,0
P23,WYAGUF_WXNNAK-T1,69/12.47 kV Nizao-Najayo T1,ElmTr2,0,,,,0
P23,WPIZDF_WXLANK-T1,69/12.47 kV Pizarrete Distribución T1,ElmTr2,0,,,,0
P23,WLUCIF_WXLUCK-T1,69/34.5 kV PF Lucila T1,ElmTr2,2,,,,0
P23,WKQAZE_WKQAZF-T1,138/69 kV Transformador km 15 de Azua,ElmTr2,6,,,,0
P23,WHAINE_WHAIGK-T1,138/13.8 kV Transformador Haina TG,ElmTr2,-1,,,,0
P23,WHAINE_WHAINF-T1,138/69 kV Transformador Haina,ElmTr2,8,,,,0
P23,WVALDE_WVAL2K-T1,138/13.8 kV Transformador Valdesia 2,ElmTr2,1,,,,0
P23,WVALDE_WVAL1K-T1,138/13.8 kV Transformador Valdesia 1,ElmTr2,1,,,,0
P23,WVALDE_WLBARK-T1,138/13.8 kV Transformador Las Barias,ElmTr2,7,,,,0
P23,WBCARE_WBARCK-T1,138/13.8 kV Transformado Barahona Carbón,ElmTr2,-2,,,,0
P23,WBCARE_WBCARF-T1,138/69 kV Transformador Barahona Carbón,ElmTr2,2,,,,0
P23,WJIGUE_WJIG2K-T1,138/13.8 kV Transformador Jigüey 2,ElmTr2,0,,,,0
P23,WJIGBE_WJIG1K-T1,138/13.8 kV Transformador Jigüey 1,ElmTr2,0,,,,0
P23,WAGUBE_WAGU2K-T1,138/13.8 kV Transformador Aguacate 2,ElmTr2,2,,,,0
P23,WAGUAE_WAGU1K-T1,138/13.8 kV Transformador Aguacate 1,ElmTr2,2,,,,0
P23,WMRIOE_WMRI3K-T1,138/13.8 kV Transformador Monte Río G3,ElmTr2,-2,,,,0
P23,WMRIOE_WMRI2K-T1,138/13.8 kV Transformador Monte Río G2,ElmTr2,-2,,,,0
P23,WMRIOE_WMRI1K-T1,138/13.8 kV Transformador Monte Río G1,ElmTr2,-2,,,,0
P23,WITABE_WITA1K-T1,138/13.8 kV Transformador Itabo 1,ElmTr2,-2,,,,0
P23,WITABE_WITA2K-T1,138/13.8 kV Transformador Itabo 2,ElmTr2,-2,,,,0
P23,WITAGE_WSLORK-T1,138/13.8 kV Transformador San Lorenzo,ElmTr2,-2,,,,0
P23,WLCOCE_WLCOCK-T1,138/34.5 kV Transformador 1 Los Cocos,ElmTr2,0,,,,0
P23,WLCOCE_WLCOCK-T2,138/34.5 kV Transformador 2 Los Cocos,ElmTr2,0,,,,0
P23,WLCOCE_WLCOCK-T3,138/34.5 kV Transformador 3 Los Cocos,ElmTr2,0,,,,0
P23,WLCOCE_WLCOCK-T4,138/34.5 kV Transformador 4 Los Cocos,ElmTr2,0,,,,0
P23,WPLM1E_WPLM1K-T1,138/13.8 kV Transformador Palomino 1,ElmTr2,0,,,,0
P23,WPLM2E_WPLM2K-T1,138/13.8 kV Transformador Palomino 2,ElmTr2,0,,,,0
P23,WPAK2E_WXPA1K-T1,154/11 kV Transformador 1 Powership Azua,ElmTr2,-8,,,,0
P23,WPAK2E_WXPA2K-T1,154/11 kV Transformador 2 Powership Azua,ElmTr2,-8,,,,0
P23,WPAK6E_WXPA3K-T1,154/15 kV Transformador 1 Powership Azua,ElmTr2,-6,,,,0
P23,WPALBE_WPAQ2K-T1,138/4.16 kV Transformador 1 Palenque,ElmTr2,-1,,,,0
P23,WPALBE_WPAQ2K-T2,138/4.16 kV Transformador 2 Palenque,ElmTr2,1,,,,0
P23,WCC21E_WCCA2F-T1,138/69 kV Transformado Cruce de Cabral 2,ElmTr2,6,,,,0
P23,WSJU2E_WSJU2F-T1,138/69 kV Transformador San Juan 2,ElmTr2,7,,,,0
P23,WPIZAE_WPIZAF-T1,138/69 kV Transformador 1 Pizarrete,ElmTr2,6,,,,0
P23,WMTFNE_WMTFNK-T1,138/34.5 kV Transformador Matafongo,ElmTr2,0,,,,0
P23,WBAYAE_WBAYAK-T1,138/34.5 kV Transformador Bayasol,ElmTr2,0,,,,0
P23,WGIRAE_WGIRAK-T1,138/34.5 kV Transformador 1 Girasol,ElmTr2,0,,,,0
P23,WGIRAE_WGIRAK-T2,138/34.5 kV Transformador 2 Girasol,ElmTr2,0,,,,0
P23,WSANTE_WSANTK-T1,138/34.5 kV Transformador Santanasol,ElmTr2,0,,,,0
P23,WCALAE_WXCA1K-T1,138/34.5 kV Transformador PF Calabaza 1,ElmTr2,-8,,,,0
P23,WKQA1E_WPES1K-T1,138/34.5 kV Transformador Peravia Solar,ElmTr2,11,,,,0
P23,WKQA1E_WPES2K-T1,138/34.5 kV Transformador Peravia Sola2,ElmTr2,11,,,,0
P23,WMETEE_WMETEF-T1,138/69 kV S/E Móvil ETED,ElmTr2,14,,,,0
P23,WPAK5E_WXPA4K-T1,154/11 kV Powership Azua KPS56 T1,ElmTr2,10,,,,0
P23,WAHO1E_WAHONF-T1,138/69 kV Transformador Arroyo Hondo,ElmTr2,10,,,,0
P23,WHERRE_WHNVAF-T1,138/69 kV Transformador Herrera,ElmTr2,16,,,,0
P23,WDJAOE_WDJAOF-T1,138/69 kV Transformador Dajao,ElmTr2,2,,,,0
P23,WBCHIE_WBCHIF-T1,138/69 kV Transformador Boca Chica,ElmTr2,8,,,,0
P23,WHNSAE_WHNSAF-T1,138/69 kV Transformador Hainamosa,ElmTr2,10,,,,0
P23,WVDUAE_WVDUAF-T1,138/69 kV Transformador Villa Duarte,ElmTr2,4,,,,0
P23,WLMI6E_WLMI6K-T1,138/13.8 kV Transformador Los Mina 6,ElmTr2,2,,,,0
P23,WAANDE_WAANVK-T1,138/13.8 kV Transformador AES Andrés TV,ElmTr2,2,,,,0
P23,WAANDE_WAANGK-T1,138/19 kV Transformador AES Andrés TG,ElmTr2,2,,,,0
P23,WAANDE_WXBAAK-T1,138/4.16 kV BESS AES Andrés T1,ElmTr2,0,,,,0
P23,WMETAE_WMETAK-T1,138/13.2 kV Transformador METALDOM,ElmTr2,0,,,,0
P23,WTIM2E_WTIM2F-T1,138/69 kV Transformador Timbeque 2,ElmTr2,18,,,,0
P23,WLMI5E_WLMI5K-T1,138/13.8 kV Transformador Los Mina 5,ElmTr2,2,,,,0
P23,WPALAE_WPALBF-T1,138/69 kV Transformador 1 Palamara,ElmTr2,9,,,,0
P23,WPALAE_WPALAF-T1,138/69 kV Transformador 2 Palamara,ElmTr2,5,,,,0
P23,WEMA2E_WEMA2K-T1,138/13.8 kV Transformador EDM2,ElmTr2,0,,,,0
P23,WMP2AE_WXWC2K-T1,138/34.5 kV Transformador WCSP 2,ElmTr2,0,,,,0
P23,WMP2BE_WXWC3K-T1,138/34.5 kV Transformador WCSP 3,ElmTr2,0,,,,0
P23,WLMI7E_WLMI7K-T1,138/13.8 kV Transformador Los Mina 7,ElmTr2,2,,,,0
P23,WMETRE_WMETRF-T2,138/69 kV Transformador Metropolitano 2,ElmTr2,8,,,,0
P23,WHNS1E_WLVICK-T1,138/34.5 kV Transformador La Victoria,ElmTr2,0,,,,0
P23,WMIRAE_WMIRAK-T1,138/34.5 kV Transformador Mirasol,ElmTr2,0,,,,0
P23,WSIBAE_WXSI1K-T1,138/13.8 kV Trafo SIBA Grupo 1,ElmTr2,-2,,,,0
P23,WSIBAE_WXSI2K-T1,138/13.8 kV Trafo SIBA Grupo 2,ElmTr2,-2,,,,0
P23,WSIBAE_WXSI3K-T1,138/13.8 kV Trafo SIBA Grupo 3,ElmTr2,-2,,,,0
P23,WSIBAE_WXSI4K-T1,138/13.8 kV Trafo SIBA Grupo 4,ElmTr2,-2,,,,0
P23,WSIBBE_WXSI5K-T1,138/13.8 kV Trafo SIBA Grupo 5,ElmTr2,-2,,,,0
P23,WSIBAE_WXSI6K-T1,138/13.8 kV Trafo SIBA Grupo 6,ElmTr2,-2,,,,0
P23,WLMI6E_WXSALMK-T1,138/4.16 kV SA Parque Energ. Los Mina,ElmTr2,0,,,,0
P23,WPINAF_WPIN2K-T1,69/13.8 kV Transformador Pinalito 2,ElmTr2,0,,,,0
P23,WPINAF_WPIN1K-T1,69/13.8 kV Transformador Pinalito 1,ElmTr2,0,,,,0
P23,WRBLAF_WRBL2K-T1,69/13.8 kV Transformador Río Blanco 2,ElmTr2,1,,,,0
P23,WRBLAF_WRBL1K-T1,69/13.8 kV Transformador Río Blanco 1,ElmTr2,1,,,,0
P23,WRINCF_WRINCK-T1,69/12.5 kV Transformador Rincón,ElmTr2,0,,,,0
P23,WNAGUF_WRJCRK-T1,69/4.16 kV Transformador Rosa Julia Cruz,ElmTr2,0,,,,0
P23,WCONSF_WESALK-T1,69/12.5 kV Transformador El Salto,ElmTr2,0,,,,0
P23,WGVEBF_WLVE1K-T1,69/13.8 kV Transformador La Vega Grupo 1,ElmTr2,4,,,,0
P23,WGVEGF_WLVE2K-T1,69/13.8 kV Transformador La Vega Grupo 2,ElmTr2,4,,,,0
P23,WBPERF_WAVA1K-T1,69/12.5 kV Transformador Aniana Vargas,ElmTr2,0,,,,0
P23,WJIMEF_WJIMEK-T1,69/12.5 kV Transformador Jimenoa,ElmTr2,0,,,,0
P23,WHATIF_WHATIK-T1,69/12.5 kV Transformador Hatillo 1,ElmTr2,2,,,,0
P23,WHATIF_WHAT2K-T1,69/12.5 kV Transformador Hatillo 2,ElmTr2,0,,,,0
P23,WBDERF_WBDERK-T1,69/13.8 kV Transformador Brazo Derecho,ElmTr2,0,,,,0
P23,WPDORE_WPDORF-T1,138/69 kV Trafo Playa Dorada,ElmTr2,12,,,,0
P23,WEMA3F_WEMA3K-T1,66/13.8/13.8 kV Transformador EDM3,ElmTr3,,0,0,0,0
P23,WSFELE_WSFEGK-T1,138/13.8 kV Transformador San Felipe,ElmTr3,,-1,0,0,1
P23,WMETRE_WMETRF-T1,138/69 kV Transformador Metropolitano,ElmTr3,,0,0,0,1
P24,WMPSOF_WMPSOK-T1,69/20 kV Transformador Monte Plata Solar,ElmTr2,0,,,,0
P24,WGPALF_WPAL3K-T1,69/13.8 kV Transformador Palamara Grupo3,ElmTr2,0,,,,0
P24,WGPALF_WPAL2K-T1,69/13.8 kV Transformador Palamara Grupo2,ElmTr2,0,,,,0
P24,WGPALF_WPAL1K-T1,69/13.8 kV Transformador Palamara Grupo1,ElmTr2,0,,,,0
P24,WINCAF-WINCAK-T2,69/12.5 kV INCA km 22 T2,ElmTr2,-1,,,,0
P24,WEMA3F_WEMB3K-T1,66/13.8 kV Transformador EDM3,ElmTr2,0,,,,0
P24,WMPALF_WMPALK-T1,69/34.5 kV Transformador Mata de Palma,ElmTr2,8,,,,0
P24,WMARTF_WMARTK-T1,69/34.5 kV Transformador Martí,ElmTr2,3,,,,0
P24,WHNS1F_WMARAK-T1,69/13.8 kV Transformador Maranatha,ElmTr2,0,,,,0
P24,WINCAF-WINCAK-T1,69/12.5 kV INCA km 22 T1,ElmTr2,0,,,,0
P24,WJSAUD_WJSAUE-T1,345/138 kV Transformador 1 Julio Sauri,ElmTr2,11,,,,0
P24,WJSAUD_WJSAUE-T2,345/138 kV Transformador 2 Julio Sauri,ElmTr2,11,,,,0
P24,WNARAD_WNARAE-T2,345/138 kV Transformador 2 El Naranjo,ElmTr2,8,,,,0
P24,WNARAD_WNARAE-T1,345/138 kV Transformador 1 El Naranjo,ElmTr2,8,,,,0
P24,WQU11D_WQU21K-T1,230/13.8 kV Transformador Quisqueya 2 G1,ElmTr2,0,,,,0
P24,WQU11D_WQU22K-T2,230/13.8 kV Transformador Quisqueya 2 G2,ElmTr2,0,,,,0
P24,WQU11D_WQU23K-T3,230/13.8 kV Transformador Quisqueya 2 G3,ElmTr2,0,,,,0
P24,WQUISD_WQ1SPK-T1,230/13.8 kV Transformador Q1 San Pedro,ElmTr2,0,,,,0
P24,WQU21D_WQU12K-T2,230/13.8 kV Transformador Quisqueya 1 G2,ElmTr2,0,,,,0
P24,WQU21D_WQU13K-T3,230/13.8 kV Transformador Quisqueya 1 G3,ElmTr2,0,,,,0
P24,WPVDCD_WPVD1K-T1,230/34.5 kV Transformador 1 PVDC,ElmTr2,0,,,,0
P24,WPVDCD_WPVD2K-T1,230/34.5 kV Transformador 2 PVDC,ElmTr2,0,,,,0
P24,WPCA2D_WPCA1K-T1,345/22 kV Transformador Punta Catalina 1,ElmTr2,3,,,,0
P24,WPCA2D_WPCA2K-T1,345/22 kV Transformador Punta Catalina 2,ElmTr2,3,,,,0
P24,WBON3D_WBON3C-T1,345/230 kV Transformador 2 Bonao 3,ElmTr2,25,,,,0
P24,WBON3C_WBON3E-T2,230/138 kV Transformador 2 Bonao 3,ElmTr2,9,,,,0
P24,WGUERD_WGUERE-T1,345/138 kV Transformador 1 Guerra,ElmTr2,9,,,,0
P24,WGUERD_WGUERE-T2,345/138 kV Transformador 2 Guerra,ElmTr2,9,,,,0
P24,WSESTE_WSES1K-T1,138/13.8 kV Transformador Sultana Este 1,ElmTr2,0,,,,0
P24,WSESTE_WSES2K-T1,138/13.8 kV Transformador Sultana Este 2,ElmTr2,-2,,,,1
P24,WSESTE_WSES3K-T1,138/13.8 kV Transformador Sultana Este 3,ElmTr2,-10,,,,1
P24,WLROME_WLROMF-T1,138/69 kV Transformador La Romana,ElmTr2,13,,,,0
P24,WSPM2E_WCES3K-T1,138/13.8 kV Transformador CESPM 3,ElmTr2,0,,,,0
P24,WSPM2E_WCES2K-T1,138/13.8 kV Transformador CESPM 2,ElmTr2,0,,,,0
P24,WSPM2E_WCES1K-T1,138/13.8 kV Transformador CESPM 1,ElmTr2,0,,,,0
P24,WENE4E_WXEN4K-T1,138/13.8 kV Transformador ENERGAS 4 TG,ElmTr2,0,,,,0
P24,WENE4E_WXEV4K-T1,138/13.8 kV Transformador ENERGAS 4 TV,ElmTr2,0,,,,0
P24,WCEMEE_WCEMEK-T1,138/13.8 kV Transformador CEMEX,ElmTr2,0,,,,0
P24,WCEMEE_WCEMEK-T2,138/13.8 kV Trafo 2 CEMEX 40 MVA,ElmTr2,3,,,,0
P24,WCUMAE_WXCU1K-T1,138/34.5 kV Transformador PF Cumayasa 1,ElmTr2,0,,,,0
P24,WCUMBE_WXCU2K-T1,138/34.5 kV Transformador PF Cumayasa 2,ElmTr2,0,,,,0
P24,WCUMBE_WXCU4K-T1,138/34.5 kV Transformador PF Cumayasa 4,ElmTr2,1,,,,0
P24,WLORIE_WLORIK-T1,138/12.47 kV Transformador Los Orígenes,ElmTr2,1,,,,0
P24,WSPBEE_WSPB1K-T1,138/13.8 kV Transformador SP Bio-Energy,ElmTr2,5,,,,0
P24,WSPMAE_WSPMAF-T1,138/69 kV Transformador SPM,ElmTr2,11,,,,0
P24,WHMA2E_WHMA2F-T1,138/69 kV Transformador Hato Mayor 2,ElmTr2,11,,,,0
P24,WESOCE_WESOCK-T1,138/34.5 kV Transformador PS El Soco,ElmTr2,0,,,,0
P24,WCOTOE_WCSO1K-T1,138/34.5 kV Cotoperí T1,ElmTr2,0,,,,0
P24,WCOTOE_WCSO2K-T1,138/34.5 kV Cotoperí T2,ElmTr2,0,,,,0
P24,WCOTOE_WCSO3K-T1,138/34.5 kV Cotoperí T3,ElmTr2,0,,,,0
P24,WCOAPE_WCOA1K-T1,138/34.5 kV Transformador PF Coastal T1,ElmTr2,0,,,,0
P24,WCOAPE_WCOA2K-T1,138/34.5 kV Transformador PF Coastal T2,ElmTr2,0,,,,0
P24,WZSANE_WZSANF-T1,138/69 kV Transformador ZF Santiago,ElmTr2,9,,,,0
P24,WBON2E_WBON2F-T1,138/69 kV Transformador Bonao 2,ElmTr2,12,,,,0
P24,WZMONK_WCEMOK-T1,13.8/4.16 kV Transformador CE Monción,ElmTr2,0,,,,0
P24,WMONCE_WMONCK-T2,138/13.8 kV Transformador Monción 2,ElmTr2,2,,,,0
P24,WMONCE_WMONCK-T1,138/13.8 kV Transformador Monción 1,ElmTr2,2,,,,0
P24,WMONCK_WZMONK-T1,13.8/4.16 kV Transformador Zona Monción,ElmTr2,0,,,,0
P24,WPIMEE_WPIM3K-T1,138/13.8 kV Trafo Pimentel Grupo 3,ElmTr2,1,,,,0
P24,WPIMEE_WPIM2K-T1,138/13.8 kV Trafo Pimentel Grupo 2,ElmTr2,1,,,,0
P24,WPIMEE_WPIM1K-T1,138/13.8 kV Trafo Pimentel Grupo 1,ElmTr2,1,,,,0
P24,WCANAE_WCANBF-T2,138/69 kV Transformador 2 Canabacoa,ElmTr2,13,,,,0
P24,WCANAE_WCANBF-T1,138/69 kV Transformador Canabacoa,ElmTr2,16,,,,0
P24,WPPL2E_WPPL2F-T1,138/69 kV Trafo Puerto Plata 2,ElmTr2,10,,,,0
P24,WNAG2E_WNAG2F-T1,138/69 kV Transformador Nagua 2,ElmTr2,14,,,,0
P24,WLANGE_WLANGK-T1,138/13.8 Transformador López Angostura,ElmTr2,0,,,,0
P24,WFALCE_WFALCK-T1,138/34.5 kV Transformador FALCONDO,ElmTr2,5,,,,1
P24,WTAVBE_WBAI1K-T1,12.47/0.44 kV Transfomador 1 Baiguaque,ElmTr2,-3,,,,0
P24,WTAVBE_WBAI2K-T1,34.5/12.47 kV Trafo Jánico,ElmTr2,-3,,,,0
P24,WTAVBE_WTAV2K-T1,138/13.8 kV Transformador Tavera 2,ElmTr2,2,,,,0
P24,WTAVEE_WTAV1K-T1,138/13.8 kV Transformador Tavera 1,ElmTr2,2,,,,0
P24,WFALCF_WFALCK-T1,69/34.5 kV Transformador FALCONDO,ElmTr2,3,,,,1
P24,WSAJ1E_WSAJOK-T1,138/34.5 kV Transformador PF SAJOMA,ElmTr2,0,,,,0
P24,WGUAYE_WPFM1K-T1,138/20 kV Trafo Monte Cristi Solar G1,ElmTr2,3,,,,0
P24,WGUAYE_WPFM2K-T1,138/20 kV Trafo Monte Cristi Solar G2,ElmTr2,3,,,,0
P24,WACLAE_WACLAK-T1,138/34.5 kV Transformador Agua Clara,ElmTr2,2,,,,0
P24,WGNLLE_WGNLLK-T1,138/34.5 kV Transformador Guanillo,ElmTr2,0,,,,0
P24,WSFMAE_WSFMAF-T1,138/69 kV Transformador SFM,ElmTr2,16,,,,0
P24,WLGUZE_WLGUZK-T1,138/34.5 kV Trafo Los Guzmancito,ElmTr2,0,,,,0
P24,WLGUZE_WLGU2K-T1,138/34.5 kV Trafo 2 Guzmancito,ElmTr2,0,,,,0
P24,WMAT1E_WXMATK-T1,138/34.5 kV Transformador MATRISOL,ElmTr2,10,,,,0
P24,WESP1E_WXPS1K-T1,138/34.5 kV Transformador PS Esperanza,ElmTr2,-2,,,,0
P24,WPIMEE_WXPI4K-T1,138/13.8 kV Pimentel 4 T1,ElmTr2,0,,,,0
P24,WTAV2E_WTAVEK-T1,138/34.5 kV Tavera T1,ElmTr2,0,,,,0
P24,WLTOBF_WLTO1K-T1,69/6.9 kV Transformador Los Toros,ElmTr2,0,,,,0
P24,WSYEGF_WSYEGK-T1,69/13.8 kV Transformador Sabana Yegua,ElmTr2,1,,,,0
P24,WSABAF_WSABAK-T1,69/12.5 kV Transformador Sabaneta,ElmTr2,1,,,,0
P24,WMAGUF_WMAGUK-T1,69/22 kV Transformador Magueyal,ElmTr2,0,,,,0
P24,WLDAMF_WLDAMK-T1,69/12.5 kV Transformador Las Damas,ElmTr2,-1,,,,0
P24,WDRODK_WDRODL-T1,12.47/4.16 kV Trafo Domingo Rodríguez,ElmTr2,0,,,,0
P24,WDRODF_WDRODK-T1,69/12.47 kV Trafo Domingo Rodríguez,ElmTr2,0,,,,0
P24,WSCANF_WSCANK-T1,69/34.5 kV Transformador Canoa Solar,ElmTr2,-1,,,,0
P24,WYAGUF_WXNNAK-T1,69/12.47 kV Nizao-Najayo T1,ElmTr2,0,,,,0
P24,WPIZDF_WXLANK-T1,69/12.47 kV Pizarrete Distribución T1,ElmTr2,0,,,,0
P24,WLUCIF_WXLUCK-T1,69/34.5 kV PF Lucila T1,ElmTr2,2,,,,0
P24,WKQAZE_WKQAZF-T1,138/69 kV Transformador km 15 de Azua,ElmTr2,11,,,,0
P24,WHAINE_WHAIGK-T1,138/13.8 kV Transformador Haina TG,ElmTr2,-1,,,,0
P24,WHAINE_WHAINF-T1,138/69 kV Transformador Haina,ElmTr2,8,,,,0
P24,WVALDE_WVAL2K-T1,138/13.8 kV Transformador Valdesia 2,ElmTr2,1,,,,0
P24,WVALDE_WVAL1K-T1,138/13.8 kV Transformador Valdesia 1,ElmTr2,1,,,,0
P24,WVALDE_WLBARK-T1,138/13.8 kV Transformador Las Barias,ElmTr2,7,,,,0
P24,WBCARE_WBARCK-T1,138/13.8 kV Transformado Barahona Carbón,ElmTr2,-2,,,,0
P24,WBCARE_WBCARF-T1,138/69 kV Transformador Barahona Carbón,ElmTr2,2,,,,0
P24,WJIGUE_WJIG2K-T1,138/13.8 kV Transformador Jigüey 2,ElmTr2,0,,,,0
P24,WJIGBE_WJIG1K-T1,138/13.8 kV Transformador Jigüey 1,ElmTr2,0,,,,0
P24,WAGUBE_WAGU2K-T1,138/13.8 kV Transformador Aguacate 2,ElmTr2,2,,,,0
P24,WAGUAE_WAGU1K-T1,138/13.8 kV Transformador Aguacate 1,ElmTr2,2,,,,0
P24,WMRIOE_WMRI3K-T1,138/13.8 kV Transformador Monte Río G3,ElmTr2,-2,,,,0
P24,WMRIOE_WMRI2K-T1,138/13.8 kV Transformador Monte Río G2,ElmTr2,-2,,,,0
P24,WMRIOE_WMRI1K-T1,138/13.8 kV Transformador Monte Río G1,ElmTr2,-2,,,,0
P24,WITABE_WITA1K-T1,138/13.8 kV Transformador Itabo 1,ElmTr2,-2,,,,0
P24,WITABE_WITA2K-T1,138/13.8 kV Transformador Itabo 2,ElmTr2,-2,,,,0
P24,WITAGE_WSLORK-T1,138/13.8 kV Transformador San Lorenzo,ElmTr2,-2,,,,0
P24,WLCOCE_WLCOCK-T1,138/34.5 kV Transformador 1 Los Cocos,ElmTr2,0,,,,0
P24,WLCOCE_WLCOCK-T2,138/34.5 kV Transformador 2 Los Cocos,ElmTr2,0,,,,0
P24,WLCOCE_WLCOCK-T3,138/34.5 kV Transformador 3 Los Cocos,ElmTr2,0,,,,0
P24,WLCOCE_WLCOCK-T4,138/34.5 kV Transformador 4 Los Cocos,ElmTr2,0,,,,0
P24,WPLM1E_WPLM1K-T1,138/13.8 kV Transformador Palomino 1,ElmTr2,0,,,,0
P24,WPLM2E_WPLM2K-T1,138/13.8 kV Transformador Palomino 2,ElmTr2,0,,,,0
P24,WPAK2E_WXPA1K-T1,154/11 kV Transformador 1 Powership Azua,ElmTr2,-8,,,,0
P24,WPAK2E_WXPA2K-T1,154/11 kV Transformador 2 Powership Azua,ElmTr2,-8,,,,0
P24,WPAK6E_WXPA3K-T1,154/15 kV Transformador 1 Powership Azua,ElmTr2,-6,,,,0
P24,WPALBE_WPAQ2K-T1,138/4.16 kV Transformador 1 Palenque,ElmTr2,-1,,,,0
P24,WPALBE_WPAQ2K-T2,138/4.16 kV Transformador 2 Palenque,ElmTr2,1,,,,0
P24,WCC21E_WCCA2F-T1,138/69 kV Transformado Cruce de Cabral 2,ElmTr2,7,,,,0
P24,WSJU2E_WSJU2F-T1,138/69 kV Transformador San Juan 2,ElmTr2,8,,,,0
P24,WPIZAE_WPIZAF-T1,138/69 kV Transformador 1 Pizarrete,ElmTr2,7,,,,0
P24,WMTFNE_WMTFNK-T1,138/34.5 kV Transformador Matafongo,ElmTr2,0,,,,0
P24,WBAYAE_WBAYAK-T1,138/34.5 kV Transformador Bayasol,ElmTr2,0,,,,0
P24,WGIRAE_WGIRAK-T1,138/34.5 kV Transformador 1 Girasol,ElmTr2,0,,,,0
P24,WGIRAE_WGIRAK-T2,138/34.5 kV Transformador 2 Girasol,ElmTr2,0,,,,0
P24,WSANTE_WSANTK-T1,138/34.5 kV Transformador Santanasol,ElmTr2,0,,,,0
P24,WCALAE_WXCA1K-T1,138/34.5 kV Transformador PF Calabaza 1,ElmTr2,-8,,,,0
P24,WKQA1E_WPES1K-T1,138/34.5 kV Transformador Peravia Solar,ElmTr2,11,,,,0
P24,WKQA1E_WPES2K-T1,138/34.5 kV Transformador Peravia Sola2,ElmTr2,11,,,,0
P24,WMETEE_WMETEF-T1,138/69 kV S/E Móvil ETED,ElmTr2,14,,,,0
P24,WPAK5E_WXPA4K-T1,154/11 kV Powership Azua KPS56 T1,ElmTr2,10,,,,0
P24,WAHO1E_WAHONF-T1,138/69 kV Transformador Arroyo Hondo,ElmTr2,10,,,,0
P24,WHERRE_WHNVAF-T1,138/69 kV Transformador Herrera,ElmTr2,16,,,,0
P24,WDJAOE_WDJAOF-T1,138/69 kV Transformador Dajao,ElmTr2,1,,,,0
P24,WBCHIE_WBCHIF-T1,138/69 kV Transformador Boca Chica,ElmTr2,9,,,,0
P24,WHNSAE_WHNSAF-T1,138/69 kV Transformador Hainamosa,ElmTr2,13,,,,0
P24,WVDUAE_WVDUAF-T1,138/69 kV Transformador Villa Duarte,ElmTr2,4,,,,0
P24,WLMI6E_WLMI6K-T1,138/13.8 kV Transformador Los Mina 6,ElmTr2,2,,,,0
P24,WAANDE_WAANVK-T1,138/13.8 kV Transformador AES Andrés TV,ElmTr2,2,,,,0
P24,WAANDE_WAANGK-T1,138/19 kV Transformador AES Andrés TG,ElmTr2,2,,,,0
P24,WAANDE_WXBAAK-T1,138/4.16 kV BESS AES Andrés T1,ElmTr2,0,,,,0
P24,WMETAE_WMETAK-T1,138/13.2 kV Transformador METALDOM,ElmTr2,0,,,,0
P24,WTIM2E_WTIM2F-T1,138/69 kV Transformador Timbeque 2,ElmTr2,18,,,,0
P24,WLMI5E_WLMI5K-T1,138/13.8 kV Transformador Los Mina 5,ElmTr2,2,,,,0
P24,WPALAE_WPALBF-T1,138/69 kV Transformador 1 Palamara,ElmTr2,10,,,,0
P24,WPALAE_WPALAF-T1,138/69 kV Transformador 2 Palamara,ElmTr2,5,,,,0
P24,WEMA2E_WEMA2K-T1,138/13.8 kV Transformador EDM2,ElmTr2,0,,,,0
P24,WMP2AE_WXWC2K-T1,138/34.5 kV Transformador WCSP 2,ElmTr2,0,,,,0
P24,WMP2BE_WXWC3K-T1,138/34.5 kV Transformador WCSP 3,ElmTr2,0,,,,0
P24,WLMI7E_WLMI7K-T1,138/13.8 kV Transformador Los Mina 7,ElmTr2,2,,,,0
P24,WMETRE_WMETRF-T2,138/69 kV Transformador Metropolitano 2,ElmTr2,8,,,,0
P24,WHNS1E_WLVICK-T1,138/34.5 kV Transformador La Victoria,ElmTr2,0,,,,0
P24,WMIRAE_WMIRAK-T1,138/34.5 kV Transformador Mirasol,ElmTr2,0,,,,0
P24,WSIBAE_WXSI1K-T1,138/13.8 kV Trafo SIBA Grupo 1,ElmTr2,-2,,,,0
P24,WSIBAE_WXSI2K-T1,138/13.8 kV Trafo SIBA Grupo 2,ElmTr2,-2,,,,0
P24,WSIBAE_WXSI3K-T1,138/13.8 kV Trafo SIBA Grupo 3,ElmTr2,-2,,,,0
P24,WSIBAE_WXSI4K-T1,138/13.8 kV Trafo SIBA Grupo 4,ElmTr2,-2,,,,0
P24,WSIBBE_WXSI5K-T1,138/13.8 kV Trafo SIBA Grupo 5,ElmTr2,-2,,,,0
P24,WSIBAE_WXSI6K-T1,138/13.8 kV Trafo SIBA Grupo 6,ElmTr2,-2,,,,0
P24,WLMI6E_WXSALMK-T1,138/4.16 kV SA Parque Energ. Los Mina,ElmTr2,0,,,,0
P24,WPINAF_WPIN2K-T1,69/13.8 kV Transformador Pinalito 2,ElmTr2,0,,,,0
P24,WPINAF_WPIN1K-T1,69/13.8 kV Transformador Pinalito 1,ElmTr2,0,,,,0
P24,WRBLAF_WRBL2K-T1,69/13.8 kV Transformador Río Blanco 2,ElmTr2,1,,,,0
P24,WRBLAF_WRBL1K-T1,69/13.8 kV Transformador Río Blanco 1,ElmTr2,1,,,,0
P24,WRINCF_WRINCK-T1,69/12.5 kV Transformador Rincón,ElmTr2,0,,,,0
P24,WNAGUF_WRJCRK-T1,69/4.16 kV Transformador Rosa Julia Cruz,ElmTr2,0,,,,0
P24,WCONSF_WESALK-T1,69/12.5 kV Transformador El Salto,ElmTr2,0,,,,0
P24,WGVEBF_WLVE1K-T1,69/13.8 kV Transformador La Vega Grupo 1,ElmTr2,4,,,,0
P24,WGVEGF_WLVE2K-T1,69/13.8 kV Transformador La Vega Grupo 2,ElmTr2,4,,,,0
P24,WBPERF_WAVA1K-T1,69/12.5 kV Transformador Aniana Vargas,ElmTr2,0,,,,0
P24,WJIMEF_WJIMEK-T1,69/12.5 kV Transformador Jimenoa,ElmTr2,0,,,,0
P24,WHATIF_WHATIK-T1,69/12.5 kV Transformador Hatillo 1,ElmTr2,2,,,,0
P24,WHATIF_WHAT2K-T1,69/12.5 kV Transformador Hatillo 2,ElmTr2,0,,,,0
P24,WBDERF_WBDERK-T1,69/13.8 kV Transformador Brazo Derecho,ElmTr2,0,,,,0
P24,WPDORE_WPDORF-T1,138/69 kV Trafo Playa Dorada,ElmTr2,12,,,,0
P24,WEMA3F_WEMA3K-T1,66/13.8/13.8 kV Transformador EDM3,ElmTr3,,0,0,0,0
P24,WSFELE_WSFEGK-T1,138/13.8 kV Transformador San Felipe,ElmTr3,,-1,0,0,1
P24,WMETRE_WMETRF-T1,138/69 kV Transformador Metropolitano,ElmTr3,,0,0,0,1
